ISO-10303-21;
HEADER;

/* File generated by HOOPS Exchange Version 25.8.0 */

FILE_DESCRIPTION(('HOOPS Exchange Step'),'2;1');

FILE_NAME('C:\\Programs\\Yandex.Disk\\share\\3D Lab\\3D models\\SM30\\Step\\SM30-body.stp',
'2026-04-06T15:51:10+03:00',
('Ergohaven_user_28'),
('Unknown organisation'),
'HOOPS Exchange 2025.8',
'HOOPS Exchange',
'Unknown authorisation');

FILE_SCHEMA( ('AP203_CONFIGURATION_CONTROLLED_3D_DESIGN_OF_MECHANICAL_PARTS_AND_ASSEMBLIES_MIM_LF') );

ENDSEC;

DATA;
#3=(NAMED_UNIT(*)PLANE_ANGLE_UNIT()SI_UNIT($,.RADIAN.));
#4=PLANE_ANGLE_MEASURE_WITH_UNIT(PLANE_ANGLE_MEASURE(0.0174532925),#3);
#5=(CONVERSION_BASED_UNIT('DEGREE',#4)NAMED_UNIT(#6)PLANE_ANGLE_UNIT());
#6=DIMENSIONAL_EXPONENTS(0.,0.,0.,0.,0.,0.,0.);
#7=(NAMED_UNIT(*)SI_UNIT($,.STERADIAN.)SOLID_ANGLE_UNIT());
#8=(LENGTH_UNIT()NAMED_UNIT(*)SI_UNIT(.MILLI.,.METRE.));
#9=UNCERTAINTY_MEASURE_WITH_UNIT(LENGTH_MEASURE(1.000000E-05),#8,'DISTANCE_ACCURACY_VALUE','Maximum Tolerance applied to model');
#10=(GEOMETRIC_REPRESENTATION_CONTEXT(3)GLOBAL_UNCERTAINTY_ASSIGNED_CONTEXT((#9))GLOBAL_UNIT_ASSIGNED_CONTEXT((#8,#5,#7))REPRESENTATION_CONTEXT('','root'));
#12=CARTESIAN_POINT('',(0.,0.,0.));
#13=DIRECTION('',(0.,0.,1.));
#14=DIRECTION('',(1.,0.,0.));
#15=AXIS2_PLACEMENT_3D('',#12,#13,#14);
#27=CARTESIAN_POINT('',(-147.38022606,84.669227838,2.9900254));
#28=DIRECTION('',(0.,0.,1.));
#29=DIRECTION('',(0.,-1.,0.));
#30=AXIS2_PLACEMENT_3D('',#27,#28,#29);
#31=PLANE('',#30);
#32=CARTESIAN_POINT('',(-54.612734019,5.513637199,2.9900254));
#33=VERTEX_POINT('',#32);
#34=CARTESIAN_POINT('',(-48.704342233,5.513637199,2.9900254));
#35=VERTEX_POINT('',#34);
#36=CARTESIAN_POINT('',(-54.612734019,5.513637199,2.9900254));
#37=CARTESIAN_POINT('',(-48.704342233,5.513637199,2.9900254));
#38=B_SPLINE_CURVE_WITH_KNOTS('',1,(#36,#37),.UNSPECIFIED.,.F.,.F.,(2,2),(0.092767492,0.098675884),.UNSPECIFIED.);
#39=EDGE_CURVE('',#33,#35,#38,.T.);
#40=ORIENTED_EDGE('',*,*,#39,.F.);
#41=CARTESIAN_POINT('',(-50.236350739,4.741962749,2.9900254));
#42=VERTEX_POINT('',#41);
#43=CARTESIAN_POINT('',(-50.236350739,4.741962749,2.9900254));
#44=DIRECTION('',(-0.984807753,0.173648178,-0.));
#45=VECTOR('',#44,4.443896046);
#46=LINE('',#43,#45);
#47=EDGE_CURVE('',#42,#33,#46,.T.);
#48=ORIENTED_EDGE('',*,*,#47,.F.);
#49=CARTESIAN_POINT('',(-38.450313143,1.583903493,2.9900254));
#50=VERTEX_POINT('',#49);
#51=CARTESIAN_POINT('',(-62.391723176,-64.194579962,2.9900254));
#52=DIRECTION('',(0.,0.,1.));
#53=DIRECTION('',(0.,-1.,0.));
#54=AXIS2_PLACEMENT_3D('',#51,#52,#53);
#55=CIRCLE('',#54,70.);
#56=EDGE_CURVE('',#50,#42,#55,.T.);
#57=ORIENTED_EDGE('',*,*,#56,.F.);
#58=CARTESIAN_POINT('',(-27.328082493,-2.464257402,2.9900254));
#59=VERTEX_POINT('',#58);
#60=CARTESIAN_POINT('',(-27.328082493,-2.464257402,2.9900254));
#61=DIRECTION('',(-0.939692621,0.342020143,-0.));
#62=VECTOR('',#61,11.836030638);
#63=LINE('',#60,#62);
#64=EDGE_CURVE('',#59,#50,#63,.T.);
#65=ORIENTED_EDGE('',*,*,#64,.F.);
#66=CARTESIAN_POINT('',(-26.98606235,-2.524564781,2.9900254));
#67=VERTEX_POINT('',#66);
#68=CARTESIAN_POINT('',(-26.98606235,-1.524564781,2.9900254));
#69=DIRECTION('',(-0.,-0.,-1.));
#70=DIRECTION('',(0.,-1.,0.));
#71=AXIS2_PLACEMENT_3D('',#68,#69,#70);
#72=CIRCLE('',#71,1.);
#73=EDGE_CURVE('',#67,#59,#72,.T.);
#74=ORIENTED_EDGE('',*,*,#73,.F.);
#75=CARTESIAN_POINT('',(-26.046369729,-1.866584924,2.9900254));
#76=VERTEX_POINT('',#75);
#77=CARTESIAN_POINT('',(-26.98606235,-1.524564781,2.9900254));
#78=DIRECTION('',(-0.,-0.,-1.));
#79=DIRECTION('',(0.,-1.,0.));
#80=AXIS2_PLACEMENT_3D('',#77,#78,#79);
#81=CIRCLE('',#80,1.);
#82=EDGE_CURVE('',#76,#67,#81,.T.);
#83=ORIENTED_EDGE('',*,*,#82,.F.);
#84=CARTESIAN_POINT('',(-23.360188554,5.513637199,2.9900254));
#85=VERTEX_POINT('',#84);
#86=CARTESIAN_POINT('',(-23.360188554,5.513637199,2.9900254));
#87=DIRECTION('',(-0.342020143,-0.939692621,0.));
#88=VECTOR('',#87,7.85386834);
#89=LINE('',#86,#88);
#90=EDGE_CURVE('',#85,#76,#89,.T.);
#91=ORIENTED_EDGE('',*,*,#90,.F.);
#92=CARTESIAN_POINT('',(-24.952460899,5.513637199,2.9900254));
#93=VERTEX_POINT('',#92);
#94=CARTESIAN_POINT('',(-24.952460899,5.513637199,2.9900254));
#95=CARTESIAN_POINT('',(-23.360188554,5.513637199,2.9900254));
#96=B_SPLINE_CURVE_WITH_KNOTS('',1,(#94,#95),.UNSPECIFIED.,.F.,.F.,(2,2),(0.122427765,0.124020038),.UNSPECIFIED.);
#97=EDGE_CURVE('',#93,#85,#96,.T.);
#98=ORIENTED_EDGE('',*,*,#97,.F.);
#99=CARTESIAN_POINT('',(-27.099376203,-0.330743349,2.9900254));
#100=VERTEX_POINT('',#99);
#101=CARTESIAN_POINT('',(-27.099376203,-0.330743349,2.9900254));
#102=DIRECTION('',(0.344817463,0.93866976,-0.));
#103=VECTOR('',#102,6.226237172);
#104=LINE('',#101,#103);
#105=EDGE_CURVE('',#100,#93,#104,.T.);
#106=ORIENTED_EDGE('',*,*,#105,.F.);
#107=CARTESIAN_POINT('',(-28.441602612,-0.959138425,2.9900254));
#108=VERTEX_POINT('',#107);
#109=CARTESIAN_POINT('',(-28.087533933,0.032253368,2.9900254));
#110=DIRECTION('',(0.,0.,1.));
#111=DIRECTION('',(0.,-1.,0.));
#112=AXIS2_PLACEMENT_3D('',#109,#110,#111);
#113=CIRCLE('',#112,1.052721386);
#114=EDGE_CURVE('',#108,#100,#113,.T.);
#115=ORIENTED_EDGE('',*,*,#114,.F.);
#116=CARTESIAN_POINT('',(-44.043640198,4.613020708,2.9900254));
#117=VERTEX_POINT('',#116);
#118=CARTESIAN_POINT('',(-28.441602612,-0.959138425,2.9900254));
#119=DIRECTION('',(-0.941741857,0.33633655,-0.));
#120=VECTOR('',#119,16.567212627);
#121=LINE('',#118,#120);
#122=EDGE_CURVE('',#108,#117,#121,.T.);
#123=ORIENTED_EDGE('',*,*,#122,.T.);
#124=CARTESIAN_POINT('',(-44.043640198,4.613020708,2.9900254));
#125=DIRECTION('',(-0.981836984,0.189726478,-0.));
#126=VECTOR('',#125,4.746920425);
#127=LINE('',#124,#126);
#128=EDGE_CURVE('',#117,#35,#127,.T.);
#129=ORIENTED_EDGE('',*,*,#128,.T.);
#130=EDGE_LOOP('',(#40,#48,#57,#65,#74,#83,#91,#98,#106,#115,#123,#129));
#131=FACE_BOUND('',#130,.T.);
#132=ADVANCED_FACE('',(#131),#31,.T.);
#133=CARTESIAN_POINT('',(-147.38022606,84.669227838,2.9900254));
#134=DIRECTION('',(0.,0.,1.));
#135=DIRECTION('',(0.,-1.,0.));
#136=AXIS2_PLACEMENT_3D('',#133,#134,#135);
#137=PLANE('',#136);
#138=CARTESIAN_POINT('',(-19.930290888,19.185100006,2.9900254));
#139=VERTEX_POINT('',#138);
#140=CARTESIAN_POINT('',(-24.952460899,5.513637199,2.9900254));
#141=DIRECTION('',(0.344817463,0.93866976,-0.));
#142=VECTOR('',#141,14.564720625);
#143=LINE('',#140,#142);
#144=EDGE_CURVE('',#93,#139,#143,.T.);
#145=ORIENTED_EDGE('',*,*,#144,.F.);
#146=ORIENTED_EDGE('',*,*,#97,.T.);
#147=CARTESIAN_POINT('',(-20.197815722,14.202185146,2.9900254));
#148=VERTEX_POINT('',#147);
#149=CARTESIAN_POINT('',(-20.197815722,14.202185146,2.9900254));
#150=DIRECTION('',(-0.342020143,-0.939692621,0.));
#151=VECTOR('',#150,9.2461596);
#152=LINE('',#149,#151);
#153=EDGE_CURVE('',#148,#85,#152,.T.);
#154=ORIENTED_EDGE('',*,*,#153,.F.);
#155=CARTESIAN_POINT('',(-19.258123101,14.860165003,2.9900254));
#156=VERTEX_POINT('',#155);
#157=CARTESIAN_POINT('',(-19.258123101,13.860165003,2.9900254));
#158=DIRECTION('',(0.,0.,1.));
#159=DIRECTION('',(0.,-1.,0.));
#160=AXIS2_PLACEMENT_3D('',#157,#158,#159);
#161=CIRCLE('',#160,1.);
#162=EDGE_CURVE('',#156,#148,#161,.T.);
#163=ORIENTED_EDGE('',*,*,#162,.F.);
#164=CARTESIAN_POINT('',(-18.916102958,14.799857624,2.9900254));
#165=VERTEX_POINT('',#164);
#166=CARTESIAN_POINT('',(-19.258123101,13.860165003,2.9900254));
#167=DIRECTION('',(0.,0.,1.));
#168=DIRECTION('',(0.,-1.,0.));
#169=AXIS2_PLACEMENT_3D('',#166,#167,#168);
#170=CIRCLE('',#169,1.);
#171=EDGE_CURVE('',#165,#156,#170,.T.);
#172=ORIENTED_EDGE('',*,*,#171,.F.);
#173=CARTESIAN_POINT('',(-7.492616856,10.642048711,2.9900254));
#174=VERTEX_POINT('',#173);
#175=CARTESIAN_POINT('',(-7.492616856,10.642048711,2.9900254));
#176=DIRECTION('',(-0.939692621,0.342020143,-0.));
#177=VECTOR('',#176,12.156619994);
#178=LINE('',#175,#177);
#179=EDGE_CURVE('',#174,#165,#178,.T.);
#180=ORIENTED_EDGE('',*,*,#179,.F.);
#181=CARTESIAN_POINT('',(-6.210904092,11.239721188,2.9900254));
#182=VERTEX_POINT('',#181);
#183=CARTESIAN_POINT('',(-7.150596713,11.581741332,2.9900254));
#184=DIRECTION('',(-0.,-0.,-1.));
#185=DIRECTION('',(0.,-1.,0.));
#186=AXIS2_PLACEMENT_3D('',#183,#184,#185);
#187=CIRCLE('',#186,1.);
#188=EDGE_CURVE('',#182,#174,#187,.T.);
#189=ORIENTED_EDGE('',*,*,#188,.F.);
#190=CARTESIAN_POINT('',(0.510230253,29.705886034,2.9900254));
#191=VERTEX_POINT('',#190);
#192=CARTESIAN_POINT('',(0.510230253,29.705886034,2.9900254));
#193=DIRECTION('',(-0.342020143,-0.939692621,0.));
#194=VECTOR('',#193,19.651282172);
#195=LINE('',#192,#194);
#196=EDGE_CURVE('',#191,#182,#195,.T.);
#197=ORIENTED_EDGE('',*,*,#196,.F.);
#198=CARTESIAN_POINT('',(1.897299975,37.572349331,2.9900254));
#199=VERTEX_POINT('',#198);
#200=CARTESIAN_POINT('',(-21.102700025,37.572349331,2.9900254));
#201=DIRECTION('',(-0.,-0.,-1.));
#202=DIRECTION('',(0.,-1.,0.));
#203=AXIS2_PLACEMENT_3D('',#200,#201,#202);
#204=CIRCLE('',#203,23.);
#205=EDGE_CURVE('',#199,#191,#204,.T.);
#206=ORIENTED_EDGE('',*,*,#205,.F.);
#207=CARTESIAN_POINT('',(1.897299975,43.866566818,2.9900254));
#208=VERTEX_POINT('',#207);
#209=CARTESIAN_POINT('',(1.897299975,37.572349331,2.9900254));
#210=DIRECTION('',(0.,1.,-0.));
#211=VECTOR('',#210,6.294217488);
#212=LINE('',#209,#211);
#213=EDGE_CURVE('',#199,#208,#212,.T.);
#214=ORIENTED_EDGE('',*,*,#213,.T.);
#215=CARTESIAN_POINT('',(-1.493446753,43.866566818,2.9900254));
#216=VERTEX_POINT('',#215);
#217=CARTESIAN_POINT('',(-1.493446753,43.866566818,2.9900254));
#218=DIRECTION('',(1.,-0.,-0.));
#219=VECTOR('',#218,3.390746728);
#220=LINE('',#217,#219);
#221=EDGE_CURVE('',#216,#208,#220,.T.);
#222=ORIENTED_EDGE('',*,*,#221,.F.);
#223=CARTESIAN_POINT('',(-11.935643407,20.225627376,2.9900254));
#224=VERTEX_POINT('',#223);
#225=CARTESIAN_POINT('',(-57.42821091,54.446309785,2.9900254));
#226=DIRECTION('',(0.,0.,1.));
#227=DIRECTION('',(0.,-1.,0.));
#228=AXIS2_PLACEMENT_3D('',#225,#226,#227);
#229=CIRCLE('',#228,56.926521082);
#230=EDGE_CURVE('',#224,#216,#229,.T.);
#231=ORIENTED_EDGE('',*,*,#230,.F.);
#232=CARTESIAN_POINT('',(-12.776917983,19.805740411,2.9900254));
#233=VERTEX_POINT('',#232);
#234=CARTESIAN_POINT('',(-12.776917983,20.858461798,2.9900254));
#235=DIRECTION('',(0.,0.,1.));
#236=DIRECTION('',(0.,-1.,0.));
#237=AXIS2_PLACEMENT_3D('',#234,#235,#236);
#238=CIRCLE('',#237,1.052721386);
#239=EDGE_CURVE('',#233,#224,#238,.T.);
#240=ORIENTED_EDGE('',*,*,#239,.F.);
#241=CARTESIAN_POINT('',(-19.0411091,19.805740411,2.9900254));
#242=VERTEX_POINT('',#241);
#243=CARTESIAN_POINT('',(-19.0411091,19.805740411,2.9900254));
#244=DIRECTION('',(1.,0.,-0.));
#245=VECTOR('',#244,6.264191117);
#246=LINE('',#243,#245);
#247=EDGE_CURVE('',#242,#233,#246,.T.);
#248=ORIENTED_EDGE('',*,*,#247,.F.);
#249=CARTESIAN_POINT('',(-19.0411091,18.858461798,2.9900254));
#250=DIRECTION('',(0.,0.,1.));
#251=DIRECTION('',(0.,-1.,0.));
#252=AXIS2_PLACEMENT_3D('',#249,#250,#251);
#253=CIRCLE('',#252,0.947278614);
#254=EDGE_CURVE('',#242,#139,#253,.T.);
#255=ORIENTED_EDGE('',*,*,#254,.T.);
#256=EDGE_LOOP('',(#145,#146,#154,#163,#172,#180,#189,#197,#206,#214,#222,#231,#240,#248,#255));
#257=FACE_BOUND('',#256,.T.);
#258=ADVANCED_FACE('',(#257),#137,.T.);
#259=CARTESIAN_POINT('',(-147.38022606,84.669227838,2.9900254));
#260=DIRECTION('',(0.,0.,1.));
#261=DIRECTION('',(0.,-1.,0.));
#262=AXIS2_PLACEMENT_3D('',#259,#260,#261);
#263=PLANE('',#262);
#264=CARTESIAN_POINT('',(-63.62723014,102.701092495,2.9900254));
#265=VERTEX_POINT('',#264);
#266=CARTESIAN_POINT('',(-63.299747851,101.962178957,2.9900254));
#267=VERTEX_POINT('',#266);
#268=CARTESIAN_POINT('',(-62.627230822,102.702260605,2.9900254));
#269=DIRECTION('',(0.,0.,1.));
#270=DIRECTION('',(0.,-1.,0.));
#271=AXIS2_PLACEMENT_3D('',#268,#269,#270);
#272=CIRCLE('',#271,1.);
#273=EDGE_CURVE('',#265,#267,#272,.T.);
#274=ORIENTED_EDGE('',*,*,#273,.F.);
#275=CARTESIAN_POINT('',(-65.614550499,101.378297471,2.9900254));
#276=DIRECTION('',(0.,0.,1.));
#277=DIRECTION('',(0.,-1.,0.));
#278=AXIS2_PLACEMENT_3D('',#275,#276,#277);
#279=CIRCLE('',#278,2.38730578);
#280=EDGE_CURVE('',#267,#265,#279,.T.);
#281=ORIENTED_EDGE('',*,*,#280,.F.);
#282=EDGE_LOOP('',(#274,#281));
#283=FACE_BOUND('',#282,.T.);
#284=ADVANCED_FACE('',(#283),#263,.F.);
#285=CARTESIAN_POINT('',(-65.614550499,101.378297471,-0.9999746));
#286=DIRECTION('',(0.,0.,1.));
#287=DIRECTION('',(1.,0.,-0.));
#288=AXIS2_PLACEMENT_3D('',#285,#286,#287);
#289=CYLINDRICAL_SURFACE('',#288,2.38730578);
#290=CARTESIAN_POINT('',(-63.227244719,101.378284942,2.9900254));
#291=VERTEX_POINT('',#290);
#292=CARTESIAN_POINT('',(-65.614550499,101.378297471,2.9900254));
#293=DIRECTION('',(0.,0.,1.));
#294=DIRECTION('',(0.,-1.,0.));
#295=AXIS2_PLACEMENT_3D('',#292,#293,#294);
#296=CIRCLE('',#295,2.38730578);
#297=EDGE_CURVE('',#291,#267,#296,.T.);
#298=ORIENTED_EDGE('',*,*,#297,.T.);
#299=ORIENTED_EDGE('',*,*,#280,.T.);
#300=CARTESIAN_POINT('',(-65.614550499,103.765603251,2.9900254));
#301=VERTEX_POINT('',#300);
#302=CARTESIAN_POINT('',(-65.614550499,101.378297471,2.9900254));
#303=DIRECTION('',(0.,0.,1.));
#304=DIRECTION('',(0.,-1.,0.));
#305=AXIS2_PLACEMENT_3D('',#302,#303,#304);
#306=CIRCLE('',#305,2.38730578);
#307=EDGE_CURVE('',#265,#301,#306,.T.);
#308=ORIENTED_EDGE('',*,*,#307,.T.);
#309=CARTESIAN_POINT('',(-65.614550499,103.765603251,-2.0999746));
#310=VERTEX_POINT('',#309);
#311=CARTESIAN_POINT('',(-65.614550499,103.765603251,-2.0999746));
#312=DIRECTION('',(0.,0.,1.));
#313=VECTOR('',#312,5.09);
#314=LINE('',#311,#313);
#315=EDGE_CURVE('',#310,#301,#314,.T.);
#316=ORIENTED_EDGE('',*,*,#315,.F.);
#317=CARTESIAN_POINT('',(-63.227244719,101.378272413,-2.0999746));
#318=VERTEX_POINT('',#317);
#319=CARTESIAN_POINT('',(-65.614550499,101.378297471,-2.0999746));
#320=DIRECTION('',(-0.,-0.,-1.));
#321=DIRECTION('',(0.,-1.,0.));
#322=AXIS2_PLACEMENT_3D('',#319,#320,#321);
#323=CIRCLE('',#322,2.38730578);
#324=EDGE_CURVE('',#310,#318,#323,.T.);
#325=ORIENTED_EDGE('',*,*,#324,.T.);
#326=CARTESIAN_POINT('',(-63.227244719,101.378272413,-2.0999746));
#327=DIRECTION('',(0.,0.,1.));
#328=VECTOR('',#327,5.09);
#329=LINE('',#326,#328);
#330=EDGE_CURVE('',#318,#291,#329,.T.);
#331=ORIENTED_EDGE('',*,*,#330,.T.);
#332=EDGE_LOOP('',(#298,#299,#308,#316,#325,#331));
#333=FACE_BOUND('',#332,.T.);
#334=ADVANCED_FACE('',(#333),#289,.F.);
#335=CARTESIAN_POINT('',(-147.38022606,84.669227838,2.9900254));
#336=DIRECTION('',(0.,0.,1.));
#337=DIRECTION('',(0.,-1.,0.));
#338=AXIS2_PLACEMENT_3D('',#335,#336,#337);
#339=PLANE('',#338);
#340=CARTESIAN_POINT('',(-82.297893556,105.213804347,2.9900254));
#341=VERTEX_POINT('',#340);
#342=CARTESIAN_POINT('',(-82.039040195,104.684740076,2.9900254));
#343=VERTEX_POINT('',#342);
#344=CARTESIAN_POINT('',(-81.310051619,105.369265939,2.9900254));
#345=DIRECTION('',(0.,0.,1.));
#346=DIRECTION('',(0.,-1.,0.));
#347=AXIS2_PLACEMENT_3D('',#344,#345,#346);
#348=CIRCLE('',#347,1.);
#349=EDGE_CURVE('',#341,#343,#348,.T.);
#350=ORIENTED_EDGE('',*,*,#349,.F.);
#351=CARTESIAN_POINT('',(-84.296486705,103.908103648,2.9900254));
#352=DIRECTION('',(0.,0.,1.));
#353=DIRECTION('',(0.,-1.,0.));
#354=AXIS2_PLACEMENT_3D('',#351,#352,#353);
#355=CIRCLE('',#354,2.38730578);
#356=EDGE_CURVE('',#343,#341,#355,.T.);
#357=ORIENTED_EDGE('',*,*,#356,.F.);
#358=EDGE_LOOP('',(#350,#357));
#359=FACE_BOUND('',#358,.T.);
#360=ADVANCED_FACE('',(#359),#339,.F.);
#361=CARTESIAN_POINT('',(-84.296486705,103.908103648,-0.9999746));
#362=DIRECTION('',(0.,0.,1.));
#363=DIRECTION('',(1.,0.,-0.));
#364=AXIS2_PLACEMENT_3D('',#361,#362,#363);
#365=CYLINDRICAL_SURFACE('',#364,2.38730578);
#366=CARTESIAN_POINT('',(-81.909181349,103.90952709,2.9900254));
#367=VERTEX_POINT('',#366);
#368=CARTESIAN_POINT('',(-84.296486705,103.908103648,2.9900254));
#369=DIRECTION('',(0.,0.,1.));
#370=DIRECTION('',(0.,-1.,0.));
#371=AXIS2_PLACEMENT_3D('',#368,#369,#370);
#372=CIRCLE('',#371,2.38730578);
#373=EDGE_CURVE('',#367,#343,#372,.T.);
#374=ORIENTED_EDGE('',*,*,#373,.T.);
#375=ORIENTED_EDGE('',*,*,#356,.T.);
#376=CARTESIAN_POINT('',(-84.297498037,106.295409214,2.9900254));
#377=VERTEX_POINT('',#376);
#378=CARTESIAN_POINT('',(-84.296486705,103.908103648,2.9900254));
#379=DIRECTION('',(0.,0.,1.));
#380=DIRECTION('',(0.,-1.,0.));
#381=AXIS2_PLACEMENT_3D('',#378,#379,#380);
#382=CIRCLE('',#381,2.38730578);
#383=EDGE_CURVE('',#341,#377,#382,.T.);
#384=ORIENTED_EDGE('',*,*,#383,.T.);
#385=CARTESIAN_POINT('',(-84.297498037,106.295409214,-2.0999746));
#386=VERTEX_POINT('',#385);
#387=CARTESIAN_POINT('',(-84.297498037,106.295409214,-2.0999746));
#388=DIRECTION('',(-0.,-0.,1.));
#389=VECTOR('',#388,5.09);
#390=LINE('',#387,#389);
#391=EDGE_CURVE('',#386,#377,#390,.T.);
#392=ORIENTED_EDGE('',*,*,#391,.F.);
#393=CARTESIAN_POINT('',(-81.909181349,103.90952709,-2.0999746));
#394=VERTEX_POINT('',#393);
#395=CARTESIAN_POINT('',(-84.296486705,103.908103648,-2.0999746));
#396=DIRECTION('',(-0.,-0.,-1.));
#397=DIRECTION('',(0.,-1.,0.));
#398=AXIS2_PLACEMENT_3D('',#395,#396,#397);
#399=CIRCLE('',#398,2.38730578);
#400=EDGE_CURVE('',#386,#394,#399,.T.);
#401=ORIENTED_EDGE('',*,*,#400,.T.);
#402=CARTESIAN_POINT('',(-81.909181349,103.90952709,-2.0999746));
#403=DIRECTION('',(0.,0.,1.));
#404=VECTOR('',#403,5.09);
#405=LINE('',#402,#404);
#406=EDGE_CURVE('',#394,#367,#405,.T.);
#407=ORIENTED_EDGE('',*,*,#406,.T.);
#408=EDGE_LOOP('',(#374,#375,#384,#392,#401,#407));
#409=FACE_BOUND('',#408,.T.);
#410=ADVANCED_FACE('',(#409),#365,.F.);
#411=CARTESIAN_POINT('',(-147.38022606,84.669227838,2.9900254));
#412=DIRECTION('',(0.,0.,1.));
#413=DIRECTION('',(0.,-1.,0.));
#414=AXIS2_PLACEMENT_3D('',#411,#412,#413);
#415=PLANE('',#414);
#416=CARTESIAN_POINT('',(-99.575048213,4.613243011,2.9900254));
#417=VERTEX_POINT('',#416);
#418=CARTESIAN_POINT('',(-98.416592282,3.802083435,2.9900254));
#419=VERTEX_POINT('',#418);
#420=CARTESIAN_POINT('',(-98.59024046,4.786891188,2.9900254));
#421=DIRECTION('',(0.,0.,1.));
#422=DIRECTION('',(0.,-1.,0.));
#423=AXIS2_PLACEMENT_3D('',#420,#421,#422);
#424=CIRCLE('',#423,1.);
#425=EDGE_CURVE('',#417,#419,#424,.T.);
#426=ORIENTED_EDGE('',*,*,#425,.T.);
#427=CARTESIAN_POINT('',(-86.71949121,5.86459795,2.9900254));
#428=VERTEX_POINT('',#427);
#429=CARTESIAN_POINT('',(-86.71949121,5.86459795,2.9900254));
#430=DIRECTION('',(-0.984807753,-0.173648178,0.));
#431=VECTOR('',#430,11.877547711);
#432=LINE('',#429,#431);
#433=EDGE_CURVE('',#428,#419,#432,.T.);
#434=ORIENTED_EDGE('',*,*,#433,.F.);
#435=CARTESIAN_POINT('',(-74.564118773,6.92805524,2.9900254));
#436=VERTEX_POINT('',#435);
#437=CARTESIAN_POINT('',(-74.564118773,-63.07194476,2.9900254));
#438=DIRECTION('',(0.,0.,1.));
#439=DIRECTION('',(0.,-1.,0.));
#440=AXIS2_PLACEMENT_3D('',#437,#438,#439);
#441=CIRCLE('',#440,70.);
#442=EDGE_CURVE('',#436,#428,#441,.T.);
#443=ORIENTED_EDGE('',*,*,#442,.F.);
#444=CARTESIAN_POINT('',(-68.758503783,6.92805524,2.9900254));
#445=VERTEX_POINT('',#444);
#446=CARTESIAN_POINT('',(-68.758503783,6.92805524,2.9900254));
#447=DIRECTION('',(-1.,-0.,0.));
#448=VECTOR('',#447,5.80561499);
#449=LINE('',#446,#448);
#450=EDGE_CURVE('',#445,#436,#449,.T.);
#451=ORIENTED_EDGE('',*,*,#450,.F.);
#452=CARTESIAN_POINT('',(-56.603131346,5.86459795,2.9900254));
#453=VERTEX_POINT('',#452);
#454=CARTESIAN_POINT('',(-68.758503783,-63.07194476,2.9900254));
#455=DIRECTION('',(0.,0.,1.));
#456=DIRECTION('',(0.,-1.,0.));
#457=AXIS2_PLACEMENT_3D('',#454,#455,#456);
#458=CIRCLE('',#457,70.);
#459=EDGE_CURVE('',#453,#445,#458,.T.);
#460=ORIENTED_EDGE('',*,*,#459,.F.);
#461=CARTESIAN_POINT('',(-54.612734019,5.513637199,2.9900254));
#462=DIRECTION('',(-0.984807753,0.173648178,-0.));
#463=VECTOR('',#462,2.021102414);
#464=LINE('',#461,#463);
#465=EDGE_CURVE('',#33,#453,#464,.T.);
#466=ORIENTED_EDGE('',*,*,#465,.F.);
#467=ORIENTED_EDGE('',*,*,#39,.T.);
#468=CARTESIAN_POINT('',(-62.190691773,8.119688544,2.9900254));
#469=VERTEX_POINT('',#468);
#470=CARTESIAN_POINT('',(-48.704342233,5.513637199,2.9900254));
#471=DIRECTION('',(-0.981836984,0.189726478,-0.));
#472=VECTOR('',#471,13.735833703);
#473=LINE('',#470,#472);
#474=EDGE_CURVE('',#35,#469,#473,.T.);
#475=ORIENTED_EDGE('',*,*,#474,.T.);
#476=CARTESIAN_POINT('',(-80.686076039,8.119918264,2.9900254));
#477=VERTEX_POINT('',#476);
#478=CARTESIAN_POINT('',(-62.190691773,8.119688544,2.9900254));
#479=DIRECTION('',(-1.,0.00001242,-0.));
#480=VECTOR('',#479,18.495384268);
#481=LINE('',#478,#480);
#482=EDGE_CURVE('',#469,#477,#481,.T.);
#483=ORIENTED_EDGE('',*,*,#482,.T.);
#484=CARTESIAN_POINT('',(-98.090037855,4.901435958,2.9900254));
#485=VERTEX_POINT('',#484);
#486=CARTESIAN_POINT('',(-80.686076039,8.119918264,2.9900254));
#487=DIRECTION('',(-0.98332723,-0.181844877,0.));
#488=VECTOR('',#487,17.699054077);
#489=LINE('',#486,#488);
#490=EDGE_CURVE('',#477,#485,#489,.T.);
#491=ORIENTED_EDGE('',*,*,#490,.T.);
#492=CARTESIAN_POINT('',(-99.840016799,6.115954536,2.9900254));
#493=VERTEX_POINT('',#492);
#494=CARTESIAN_POINT('',(-98.36280517,6.376426803,2.9900254));
#495=DIRECTION('',(-0.,-0.,-1.));
#496=DIRECTION('',(0.,-1.,0.));
#497=AXIS2_PLACEMENT_3D('',#494,#495,#496);
#498=CIRCLE('',#497,1.5);
#499=EDGE_CURVE('',#485,#493,#498,.T.);
#500=ORIENTED_EDGE('',*,*,#499,.T.);
#501=CARTESIAN_POINT('',(-99.575048213,4.613243011,2.9900254));
#502=DIRECTION('',(-0.173648178,0.984807753,-0.));
#503=VECTOR('',#502,1.525893273);
#504=LINE('',#501,#503);
#505=EDGE_CURVE('',#417,#493,#504,.T.);
#506=ORIENTED_EDGE('',*,*,#505,.F.);
#507=EDGE_LOOP('',(#426,#434,#443,#451,#460,#466,#467,#475,#483,#491,#500,#506));
#508=FACE_BOUND('',#507,.T.);
#509=ADVANCED_FACE('',(#508),#415,.T.);
#510=CARTESIAN_POINT('',(-147.38022606,84.669227838,2.9900254));
#511=DIRECTION('',(0.,0.,1.));
#512=DIRECTION('',(0.,-1.,0.));
#513=AXIS2_PLACEMENT_3D('',#510,#511,#512);
#514=PLANE('',#513);
#515=CARTESIAN_POINT('',(-81.310051619,104.369265939,2.9900254));
#516=VERTEX_POINT('',#515);
#517=CARTESIAN_POINT('',(-81.310051619,105.369265939,2.9900254));
#518=DIRECTION('',(0.,0.,1.));
#519=DIRECTION('',(0.,-1.,0.));
#520=AXIS2_PLACEMENT_3D('',#517,#518,#519);
#521=CIRCLE('',#520,1.);
#522=EDGE_CURVE('',#343,#516,#521,.T.);
#523=ORIENTED_EDGE('',*,*,#522,.F.);
#524=ORIENTED_EDGE('',*,*,#373,.F.);
#525=CARTESIAN_POINT('',(-81.909095534,103.765603251,2.9900254));
#526=VERTEX_POINT('',#525);
#527=CARTESIAN_POINT('',(-81.909181349,103.90952709,2.9900254));
#528=DIRECTION('',(0.000596255,-0.999999822,0.));
#529=VECTOR('',#528,0.143923865);
#530=LINE('',#527,#529);
#531=EDGE_CURVE('',#367,#526,#530,.T.);
#532=ORIENTED_EDGE('',*,*,#531,.T.);
#533=CARTESIAN_POINT('',(-81.909095534,103.765603251,2.9900254));
#534=DIRECTION('',(1.,-0.,-0.));
#535=VECTOR('',#534,16.294545034);
#536=LINE('',#533,#535);
#537=EDGE_CURVE('',#526,#301,#536,.T.);
#538=ORIENTED_EDGE('',*,*,#537,.T.);
#539=ORIENTED_EDGE('',*,*,#307,.F.);
#540=CARTESIAN_POINT('',(-63.627230822,102.702271101,2.9900254));
#541=VERTEX_POINT('',#540);
#542=CARTESIAN_POINT('',(-62.627230822,102.702260605,2.9900254));
#543=DIRECTION('',(0.,0.,1.));
#544=DIRECTION('',(0.,-1.,0.));
#545=AXIS2_PLACEMENT_3D('',#542,#543,#544);
#546=CIRCLE('',#545,1.);
#547=EDGE_CURVE('',#541,#265,#546,.T.);
#548=ORIENTED_EDGE('',*,*,#547,.F.);
#549=CARTESIAN_POINT('',(-63.627223821,103.369255442,2.9900254));
#550=VERTEX_POINT('',#549);
#551=CARTESIAN_POINT('',(-63.627223821,103.369255442,2.9900254));
#552=DIRECTION('',(-0.000010496,-1.,0.));
#553=VECTOR('',#552,0.666984341);
#554=LINE('',#551,#553);
#555=EDGE_CURVE('',#550,#541,#554,.T.);
#556=ORIENTED_EDGE('',*,*,#555,.F.);
#557=CARTESIAN_POINT('',(-64.627223821,104.369265939,2.9900254));
#558=VERTEX_POINT('',#557);
#559=CARTESIAN_POINT('',(-64.627223821,103.369265939,2.9900254));
#560=DIRECTION('',(0.,0.,1.));
#561=DIRECTION('',(0.,-1.,0.));
#562=AXIS2_PLACEMENT_3D('',#559,#560,#561);
#563=CIRCLE('',#562,1.);
#564=EDGE_CURVE('',#550,#558,#563,.T.);
#565=ORIENTED_EDGE('',*,*,#564,.T.);
#566=CARTESIAN_POINT('',(-81.310051619,104.369265939,2.9900254));
#567=DIRECTION('',(1.,-0.,-0.));
#568=VECTOR('',#567,16.682827798);
#569=LINE('',#566,#568);
#570=EDGE_CURVE('',#516,#558,#569,.T.);
#571=ORIENTED_EDGE('',*,*,#570,.F.);
#572=EDGE_LOOP('',(#523,#524,#532,#538,#539,#548,#556,#565,#571));
#573=FACE_BOUND('',#572,.T.);
#574=ADVANCED_FACE('',(#573),#514,.T.);
#575=CARTESIAN_POINT('',(-77.50849115,104.369265939,0.642373652));
#576=DIRECTION('',(0.,-1.,0.));
#577=DIRECTION('',(0.,-0.,-1.));
#578=AXIS2_PLACEMENT_3D('',#575,#576,#577);
#579=PLANE('',#578);
#580=CARTESIAN_POINT('',(-81.310051619,104.369265939,10.8000254));
#581=VERTEX_POINT('',#580);
#582=CARTESIAN_POINT('',(-81.310051619,104.369265939,10.8000254));
#583=DIRECTION('',(-0.,-0.,-1.));
#584=VECTOR('',#583,7.81);
#585=LINE('',#582,#584);
#586=EDGE_CURVE('',#581,#516,#585,.T.);
#587=ORIENTED_EDGE('',*,*,#586,.T.);
#588=ORIENTED_EDGE('',*,*,#570,.T.);
#589=CARTESIAN_POINT('',(-64.627223821,104.369265939,10.8000254));
#590=VERTEX_POINT('',#589);
#591=CARTESIAN_POINT('',(-64.627223821,104.369265939,2.9900254));
#592=DIRECTION('',(0.,0.,1.));
#593=VECTOR('',#592,7.81);
#594=LINE('',#591,#593);
#595=EDGE_CURVE('',#558,#590,#594,.T.);
#596=ORIENTED_EDGE('',*,*,#595,.T.);
#597=CARTESIAN_POINT('',(-81.310051619,104.369265939,10.8000254));
#598=DIRECTION('',(1.,0.,-0.));
#599=VECTOR('',#598,16.682827798);
#600=LINE('',#597,#599);
#601=EDGE_CURVE('',#581,#590,#600,.T.);
#602=ORIENTED_EDGE('',*,*,#601,.F.);
#603=EDGE_LOOP('',(#587,#588,#596,#602));
#604=FACE_BOUND('',#603,.T.);
#605=CARTESIAN_POINT('',(-75.992114194,104.369265939,5.514477539));
#606=VERTEX_POINT('',#605);
#607=CARTESIAN_POINT('',(-69.797720084,104.369265939,5.515528372));
#608=VERTEX_POINT('',#607);
#609=CARTESIAN_POINT('',(1039.861870607,104.369265939,4.502790987));
#610=DIRECTION('',(-0.,1.,-0.));
#611=DIRECTION('',(-1.,-0.,-0.));
#612=AXIS2_PLACEMENT_3D('',#609,#610,#611);
#613=ELLIPSE('',#612,2806.735753659,1.102565603);
#614=EDGE_CURVE('',#606,#608,#613,.T.);
#615=ORIENTED_EDGE('',*,*,#614,.T.);
#616=CARTESIAN_POINT('',(-69.797720084,104.369265939,3.011024341));
#617=VERTEX_POINT('',#616);
#618=CARTESIAN_POINT('',(-69.797720084,104.369265939,5.515528372));
#619=DIRECTION('',(0.,-0.,-1.));
#620=VECTOR('',#619,2.50450403);
#621=LINE('',#618,#620);
#622=EDGE_CURVE('',#608,#617,#621,.T.);
#623=ORIENTED_EDGE('',*,*,#622,.T.);
#624=CARTESIAN_POINT('',(-75.992114194,104.369265939,3.012191969));
#625=VERTEX_POINT('',#624);
#626=CARTESIAN_POINT('',(1039.861870607,104.369265939,3.922570541));
#627=DIRECTION('',(-0.,1.,-0.));
#628=DIRECTION('',(-1.,-0.,-0.));
#629=AXIS2_PLACEMENT_3D('',#626,#627,#628);
#630=ELLIPSE('',#629,2572.143234104,1.010410991);
#631=EDGE_CURVE('',#617,#625,#630,.T.);
#632=ORIENTED_EDGE('',*,*,#631,.T.);
#633=CARTESIAN_POINT('',(-75.992114194,104.369265939,5.514477539));
#634=DIRECTION('',(0.,-0.,-1.));
#635=VECTOR('',#634,2.50228557);
#636=LINE('',#633,#635);
#637=EDGE_CURVE('',#606,#625,#636,.T.);
#638=ORIENTED_EDGE('',*,*,#637,.F.);
#639=EDGE_LOOP('',(#615,#623,#632,#638));
#640=FACE_BOUND('',#639,.T.);
#641=ADVANCED_FACE('',(#604,#640),#579,.T.);
#642=CARTESIAN_POINT('',(-68.758503783,-63.07194476,0.642373652));
#643=DIRECTION('',(0.,0.,1.));
#644=DIRECTION('',(0.,-1.,0.));
#645=AXIS2_PLACEMENT_3D('',#642,#643,#644);
#646=CYLINDRICAL_SURFACE('',#645,70.);
#647=CARTESIAN_POINT('',(-68.528992699,6.927678986,5.490983579));
#648=VERTEX_POINT('',#647);
#649=CARTESIAN_POINT('',(-68.528992699,6.927678986,3.038373695));
#650=VERTEX_POINT('',#649);
#651=CARTESIAN_POINT('',(-68.528992699,6.927678986,5.490983579));
#652=DIRECTION('',(-0.,-0.,-1.));
#653=VECTOR('',#652,2.452609884);
#654=LINE('',#651,#653);
#655=EDGE_CURVE('',#648,#650,#654,.T.);
#656=ORIENTED_EDGE('',*,*,#655,.F.);
#657=CARTESIAN_POINT('',(-68.758503783,6.92805524,5.491214245));
#658=VERTEX_POINT('',#657);
#659=CARTESIAN_POINT('',(-68.528992699,6.927678986,5.490983579));
#660=CARTESIAN_POINT('',(-68.605496126,6.927929822,5.491122576));
#661=CARTESIAN_POINT('',(-68.68199982,6.92805524,5.491199391));
#662=CARTESIAN_POINT('',(-68.758503783,6.92805524,5.491214245));
#663=B_SPLINE_CURVE_WITH_KNOTS('',3,(#659,#660,#661,#662),.UNSPECIFIED.,.F.,.F.,(4,4),(0.,0.000229512),.UNSPECIFIED.);
#664=EDGE_CURVE('',#648,#658,#663,.T.);
#665=ORIENTED_EDGE('',*,*,#664,.T.);
#666=CARTESIAN_POINT('',(-68.758503783,6.92805524,10.8000254));
#667=VERTEX_POINT('',#666);
#668=CARTESIAN_POINT('',(-68.758503783,6.92805524,10.8000254));
#669=DIRECTION('',(-0.,-0.,-1.));
#670=VECTOR('',#669,5.308811155);
#671=LINE('',#668,#670);
#672=EDGE_CURVE('',#667,#658,#671,.T.);
#673=ORIENTED_EDGE('',*,*,#672,.F.);
#674=CARTESIAN_POINT('',(-56.603131346,5.86459795,10.8000254));
#675=VERTEX_POINT('',#674);
#676=CARTESIAN_POINT('',(-68.758503783,-63.07194476,10.8000254));
#677=DIRECTION('',(-0.,-0.,1.));
#678=DIRECTION('',(-1.,0.,0.));
#679=AXIS2_PLACEMENT_3D('',#676,#677,#678);
#680=CIRCLE('',#679,70.);
#681=EDGE_CURVE('',#675,#667,#680,.T.);
#682=ORIENTED_EDGE('',*,*,#681,.F.);
#683=CARTESIAN_POINT('',(-56.603131346,5.86459795,2.9900254));
#684=DIRECTION('',(0.,0.,1.));
#685=VECTOR('',#684,7.81);
#686=LINE('',#683,#685);
#687=EDGE_CURVE('',#453,#675,#686,.T.);
#688=ORIENTED_EDGE('',*,*,#687,.F.);
#689=ORIENTED_EDGE('',*,*,#459,.T.);
#690=CARTESIAN_POINT('',(-68.758503783,6.92805524,3.038115906));
#691=VERTEX_POINT('',#690);
#692=CARTESIAN_POINT('',(-68.758503783,6.92805524,3.038115906));
#693=DIRECTION('',(-0.,-0.,-1.));
#694=VECTOR('',#693,0.048090506);
#695=LINE('',#692,#694);
#696=EDGE_CURVE('',#691,#445,#695,.T.);
#697=ORIENTED_EDGE('',*,*,#696,.F.);
#698=CARTESIAN_POINT('',(-68.758503783,6.92805524,3.038115906));
#699=CARTESIAN_POINT('',(-68.681999805,6.92805524,3.038132506));
#700=CARTESIAN_POINT('',(-68.60549611,6.927929822,3.03821835));
#701=CARTESIAN_POINT('',(-68.528992699,6.927678986,3.038373695));
#702=B_SPLINE_CURVE_WITH_KNOTS('',3,(#698,#699,#700,#701),.UNSPECIFIED.,.F.,.F.,(4,4),(0.,0.000229512),.UNSPECIFIED.);
#703=EDGE_CURVE('',#691,#650,#702,.T.);
#704=ORIENTED_EDGE('',*,*,#703,.T.);
#705=EDGE_LOOP('',(#656,#665,#673,#682,#688,#689,#697,#704));
#706=FACE_BOUND('',#705,.T.);
#707=ADVANCED_FACE('',(#706),#646,.T.);
#708=CARTESIAN_POINT('',(-74.564118773,-63.07194476,0.642373652));
#709=DIRECTION('',(0.,0.,1.));
#710=DIRECTION('',(0.,-1.,0.));
#711=AXIS2_PLACEMENT_3D('',#708,#709,#710);
#712=CYLINDRICAL_SURFACE('',#711,70.);
#713=CARTESIAN_POINT('',(-74.564118773,6.92805524,5.492338192));
#714=VERTEX_POINT('',#713);
#715=CARTESIAN_POINT('',(-74.564118773,6.92805524,10.8000254));
#716=VERTEX_POINT('',#715);
#717=CARTESIAN_POINT('',(-74.564118773,6.92805524,5.492338192));
#718=DIRECTION('',(0.,0.,1.));
#719=VECTOR('',#718,5.307687208);
#720=LINE('',#717,#719);
#721=EDGE_CURVE('',#714,#716,#720,.T.);
#722=ORIENTED_EDGE('',*,*,#721,.F.);
#723=CARTESIAN_POINT('',(-74.723386886,6.927874051,5.492279892));
#724=VERTEX_POINT('',#723);
#725=CARTESIAN_POINT('',(-74.564118773,6.92805524,5.492338192));
#726=CARTESIAN_POINT('',(-74.617208224,6.92805524,5.49234844));
#727=CARTESIAN_POINT('',(-74.670297594,6.927994843,5.492329015));
#728=CARTESIAN_POINT('',(-74.723386886,6.927874051,5.492279892));
#729=B_SPLINE_CURVE_WITH_KNOTS('',3,(#725,#726,#727,#728),.UNSPECIFIED.,.F.,.F.,(4,4),(0.,0.000159268),.UNSPECIFIED.);
#730=EDGE_CURVE('',#714,#724,#729,.T.);
#731=ORIENTED_EDGE('',*,*,#730,.T.);
#732=CARTESIAN_POINT('',(-74.723386886,6.927874051,3.036925151));
#733=VERTEX_POINT('',#732);
#734=CARTESIAN_POINT('',(-74.723386886,6.927874051,5.492279892));
#735=DIRECTION('',(-0.,-0.,-1.));
#736=VECTOR('',#735,2.455354741);
#737=LINE('',#734,#736);
#738=EDGE_CURVE('',#724,#733,#737,.T.);
#739=ORIENTED_EDGE('',*,*,#738,.T.);
#740=CARTESIAN_POINT('',(-74.564118773,6.92805524,3.036860016));
#741=VERTEX_POINT('',#740);
#742=CARTESIAN_POINT('',(-74.723386886,6.927874051,3.036925151));
#743=CARTESIAN_POINT('',(-74.670297597,6.927994843,3.036870267));
#744=CARTESIAN_POINT('',(-74.617208226,6.92805524,3.036848566));
#745=CARTESIAN_POINT('',(-74.564118773,6.92805524,3.036860016));
#746=B_SPLINE_CURVE_WITH_KNOTS('',3,(#742,#743,#744,#745),.UNSPECIFIED.,.F.,.F.,(4,4),(0.,0.000159268),.UNSPECIFIED.);
#747=EDGE_CURVE('',#733,#741,#746,.T.);
#748=ORIENTED_EDGE('',*,*,#747,.T.);
#749=CARTESIAN_POINT('',(-74.564118773,6.92805524,2.9900254));
#750=DIRECTION('',(0.,0.,1.));
#751=VECTOR('',#750,0.046834616);
#752=LINE('',#749,#751);
#753=EDGE_CURVE('',#436,#741,#752,.T.);
#754=ORIENTED_EDGE('',*,*,#753,.F.);
#755=ORIENTED_EDGE('',*,*,#442,.T.);
#756=CARTESIAN_POINT('',(-86.71949121,5.86459795,10.8000254));
#757=VERTEX_POINT('',#756);
#758=CARTESIAN_POINT('',(-86.71949121,5.86459795,10.8000254));
#759=DIRECTION('',(0.,-0.,-1.));
#760=VECTOR('',#759,7.81);
#761=LINE('',#758,#760);
#762=EDGE_CURVE('',#757,#428,#761,.T.);
#763=ORIENTED_EDGE('',*,*,#762,.F.);
#764=CARTESIAN_POINT('',(-74.564118773,-63.07194476,10.8000254));
#765=DIRECTION('',(-0.,-0.,1.));
#766=DIRECTION('',(-1.,0.,0.));
#767=AXIS2_PLACEMENT_3D('',#764,#765,#766);
#768=CIRCLE('',#767,70.);
#769=EDGE_CURVE('',#716,#757,#768,.T.);
#770=ORIENTED_EDGE('',*,*,#769,.F.);
#771=EDGE_LOOP('',(#722,#731,#739,#748,#754,#755,#763,#770));
#772=FACE_BOUND('',#771,.T.);
#773=ADVANCED_FACE('',(#772),#712,.T.);
#774=CARTESIAN_POINT('',(-95.688621257,10.429412449,3.1000254));
#775=DIRECTION('',(0.,0.,-1.));
#776=DIRECTION('',(-1.,0.,0.));
#777=AXIS2_PLACEMENT_3D('',#774,#775,#776);
#778=PLANE('',#777);
#779=CARTESIAN_POINT('',(-100.51065429,9.110608733,3.1000254));
#780=VERTEX_POINT('',#779);
#781=CARTESIAN_POINT('',(-100.233431186,8.347118398,3.1000254));
#782=VERTEX_POINT('',#781);
#783=CARTESIAN_POINT('',(-95.688621257,10.429412449,3.1000254));
#784=DIRECTION('',(-0.,-0.,1.));
#785=DIRECTION('',(-1.,0.,0.));
#786=AXIS2_PLACEMENT_3D('',#783,#784,#785);
#787=CIRCLE('',#786,4.999124504);
#788=EDGE_CURVE('',#780,#782,#787,.T.);
#789=ORIENTED_EDGE('',*,*,#788,.F.);
#790=CARTESIAN_POINT('',(-100.28361687,8.631735554,3.1000254));
#791=VERTEX_POINT('',#790);
#792=CARTESIAN_POINT('',(-101.268424623,8.458087376,3.1000254));
#793=DIRECTION('',(0.,0.,-1.));
#794=DIRECTION('',(-1.,0.,0.));
#795=AXIS2_PLACEMENT_3D('',#792,#793,#794);
#796=CIRCLE('',#795,1.);
#797=EDGE_CURVE('',#780,#791,#796,.T.);
#798=ORIENTED_EDGE('',*,*,#797,.T.);
#799=CARTESIAN_POINT('',(-100.233431186,8.347118398,3.1000254));
#800=DIRECTION('',(-0.173648178,0.984807753,-0.));
#801=VECTOR('',#800,0.289007834);
#802=LINE('',#799,#801);
#803=EDGE_CURVE('',#782,#791,#802,.T.);
#804=ORIENTED_EDGE('',*,*,#803,.F.);
#805=EDGE_LOOP('',(#789,#798,#804));
#806=FACE_BOUND('',#805,.T.);
#807=ADVANCED_FACE('',(#806),#778,.T.);
#808=CARTESIAN_POINT('',(-147.38022606,84.669227838,3.1000254));
#809=DIRECTION('',(0.,0.,1.));
#810=DIRECTION('',(0.,-1.,0.));
#811=AXIS2_PLACEMENT_3D('',#808,#809,#810);
#812=PLANE('',#811);
#813=CARTESIAN_POINT('',(-119.961714691,104.695949742,3.1000254));
#814=VERTEX_POINT('',#813);
#815=CARTESIAN_POINT('',(-119.71710546,105.190898118,3.1000254));
#816=VERTEX_POINT('',#815);
#817=CARTESIAN_POINT('',(-120.701069342,105.369265939,3.1000254));
#818=DIRECTION('',(0.,0.,1.));
#819=DIRECTION('',(0.,-1.,0.));
#820=AXIS2_PLACEMENT_3D('',#817,#818,#819);
#821=CIRCLE('',#820,1.);
#822=EDGE_CURVE('',#814,#816,#821,.T.);
#823=ORIENTED_EDGE('',*,*,#822,.F.);
#824=CARTESIAN_POINT('',(-117.711700963,103.891885396,3.1000254));
#825=DIRECTION('',(0.,0.,1.));
#826=DIRECTION('',(0.,-1.,0.));
#827=AXIS2_PLACEMENT_3D('',#824,#825,#826);
#828=CIRCLE('',#827,2.389368379);
#829=EDGE_CURVE('',#816,#814,#828,.T.);
#830=ORIENTED_EDGE('',*,*,#829,.F.);
#831=EDGE_LOOP('',(#823,#830));
#832=FACE_BOUND('',#831,.T.);
#833=ADVANCED_FACE('',(#832),#812,.F.);
#834=CARTESIAN_POINT('',(-117.711700963,103.891885396,0.));
#835=DIRECTION('',(0.,0.,1.));
#836=DIRECTION('',(1.,0.,-0.));
#837=AXIS2_PLACEMENT_3D('',#834,#835,#836);
#838=CYLINDRICAL_SURFACE('',#837,2.389368379);
#839=CARTESIAN_POINT('',(-117.712713168,106.281253561,2.9900254));
#840=VERTEX_POINT('',#839);
#841=CARTESIAN_POINT('',(-119.71710546,105.190898118,2.9900254));
#842=VERTEX_POINT('',#841);
#843=CARTESIAN_POINT('',(-117.711700963,103.891885396,2.9900254));
#844=DIRECTION('',(0.,0.,1.));
#845=DIRECTION('',(0.,-1.,0.));
#846=AXIS2_PLACEMENT_3D('',#843,#844,#845);
#847=CIRCLE('',#846,2.389368379);
#848=EDGE_CURVE('',#840,#842,#847,.T.);
#849=ORIENTED_EDGE('',*,*,#848,.T.);
#850=CARTESIAN_POINT('',(-119.71710546,105.190898118,3.1000254));
#851=DIRECTION('',(-0.,-0.,-1.));
#852=VECTOR('',#851,0.11);
#853=LINE('',#850,#852);
#854=EDGE_CURVE('',#816,#842,#853,.T.);
#855=ORIENTED_EDGE('',*,*,#854,.F.);
#856=ORIENTED_EDGE('',*,*,#829,.T.);
#857=CARTESIAN_POINT('',(-119.961714691,104.695949742,2.9900254));
#858=VERTEX_POINT('',#857);
#859=CARTESIAN_POINT('',(-119.961714691,104.695949742,3.1000254));
#860=DIRECTION('',(-0.,-0.,-1.));
#861=VECTOR('',#860,0.11);
#862=LINE('',#859,#861);
#863=EDGE_CURVE('',#814,#858,#862,.T.);
#864=ORIENTED_EDGE('',*,*,#863,.T.);
#865=CARTESIAN_POINT('',(-120.101069342,103.891885396,2.9900254));
#866=VERTEX_POINT('',#865);
#867=CARTESIAN_POINT('',(-117.711700963,103.891885396,2.9900254));
#868=DIRECTION('',(0.,0.,1.));
#869=DIRECTION('',(0.,-1.,0.));
#870=AXIS2_PLACEMENT_3D('',#867,#868,#869);
#871=CIRCLE('',#870,2.389368379);
#872=EDGE_CURVE('',#858,#866,#871,.T.);
#873=ORIENTED_EDGE('',*,*,#872,.T.);
#874=CARTESIAN_POINT('',(-120.101069342,103.891885396,0.));
#875=VERTEX_POINT('',#874);
#876=CARTESIAN_POINT('',(-120.101069342,103.891885396,2.9900254));
#877=DIRECTION('',(-0.,-0.,-1.));
#878=VECTOR('',#877,2.9900254);
#879=LINE('',#876,#878);
#880=EDGE_CURVE('',#866,#875,#879,.T.);
#881=ORIENTED_EDGE('',*,*,#880,.T.);
#882=CARTESIAN_POINT('',(-117.712713168,106.281253561,-0.));
#883=VERTEX_POINT('',#882);
#884=CARTESIAN_POINT('',(-117.712713168,106.281253561,-0.));
#885=CARTESIAN_POINT('',(-118.025396379,106.281121099,-0.));
#886=CARTESIAN_POINT('',(-118.337930364,106.218833783,-0.));
#887=CARTESIAN_POINT('',(-118.626773976,106.09908331,-0.));
#888=CARTESIAN_POINT('',(-118.915617588,105.979332837,-0.));
#889=CARTESIAN_POINT('',(-119.180543776,105.802213339,-0.));
#890=CARTESIAN_POINT('',(-119.401597377,105.581066073,-0.));
#891=CARTESIAN_POINT('',(-119.622650979,105.359918807,-0.));
#892=CARTESIAN_POINT('',(-119.79965823,105.09491761,-0.));
#893=CARTESIAN_POINT('',(-119.91928633,104.806023294,-0.));
#894=CARTESIAN_POINT('',(-120.03891443,104.517128978,-0.));
#895=CARTESIAN_POINT('',(-120.101069342,104.204568635,-0.));
#896=CARTESIAN_POINT('',(-120.101069342,103.891885396,-0.));
#897=B_SPLINE_CURVE_WITH_KNOTS('',3,(#884,#885,#886,#887,#888,#889,#890,#891,#892,#893,#894,#895,#896),.UNSPECIFIED.,.F.,.F.,(4,3,3,3,4),(1.571219956,1.96381313,2.356406305,2.748999479,3.141592654),.UNSPECIFIED.);
#898=EDGE_CURVE('',#883,#875,#897,.T.);
#899=ORIENTED_EDGE('',*,*,#898,.F.);
#900=CARTESIAN_POINT('',(-117.712713168,106.281253561,-0.));
#901=DIRECTION('',(0.,0.,1.));
#902=VECTOR('',#901,2.9900254);
#903=LINE('',#900,#902);
#904=EDGE_CURVE('',#883,#840,#903,.T.);
#905=ORIENTED_EDGE('',*,*,#904,.T.);
#906=EDGE_LOOP('',(#849,#855,#856,#864,#873,#881,#899,#905));
#907=FACE_BOUND('',#906,.T.);
#908=ADVANCED_FACE('',(#907),#838,.F.);
#909=CARTESIAN_POINT('',(-77.50849115,6.92805524,0.642373652));
#910=DIRECTION('',(0.,1.,-0.));
#911=DIRECTION('',(0.,0.,1.));
#912=AXIS2_PLACEMENT_3D('',#909,#910,#911);
#913=PLANE('',#912);
#914=ORIENTED_EDGE('',*,*,#672,.T.);
#915=CARTESIAN_POINT('',(-1312.403256429,6.92805524,4.502790987));
#916=DIRECTION('',(-0.,-1.,0.));
#917=DIRECTION('',(1.,-0.,-0.));
#918=AXIS2_PLACEMENT_3D('',#915,#916,#917);
#919=ELLIPSE('',#918,2806.735753659,1.102565603);
#920=EDGE_CURVE('',#658,#714,#919,.T.);
#921=ORIENTED_EDGE('',*,*,#920,.T.);
#922=ORIENTED_EDGE('',*,*,#721,.T.);
#923=CARTESIAN_POINT('',(-68.758503783,6.92805524,10.8000254));
#924=DIRECTION('',(-1.,-0.,0.));
#925=VECTOR('',#924,5.80561499);
#926=LINE('',#923,#925);
#927=EDGE_CURVE('',#667,#716,#926,.T.);
#928=ORIENTED_EDGE('',*,*,#927,.F.);
#929=EDGE_LOOP('',(#914,#921,#922,#928));
#930=FACE_BOUND('',#929,.T.);
#931=ADVANCED_FACE('',(#930),#913,.T.);
#932=CARTESIAN_POINT('',(-95.688621257,10.429412449,-0.9999746));
#933=DIRECTION('',(0.,0.,1.));
#934=DIRECTION('',(1.,0.,-0.));
#935=AXIS2_PLACEMENT_3D('',#932,#933,#934);
#936=CYLINDRICAL_SURFACE('',#935,4.999124504);
#937=CARTESIAN_POINT('',(-100.65606129,9.867464654,-2.0999746));
#938=VERTEX_POINT('',#937);
#939=CARTESIAN_POINT('',(-100.65606129,9.867464654,2.9900254));
#940=VERTEX_POINT('',#939);
#941=CARTESIAN_POINT('',(-100.65606129,9.867464654,-2.0999746));
#942=DIRECTION('',(0.,0.,1.));
#943=VECTOR('',#942,5.09);
#944=LINE('',#941,#943);
#945=EDGE_CURVE('',#938,#940,#944,.T.);
#946=ORIENTED_EDGE('',*,*,#945,.T.);
#947=CARTESIAN_POINT('',(-100.51065429,9.110608733,2.9900254));
#948=VERTEX_POINT('',#947);
#949=CARTESIAN_POINT('',(-95.688621257,10.429412449,2.9900254));
#950=DIRECTION('',(0.,0.,1.));
#951=DIRECTION('',(0.,-1.,0.));
#952=AXIS2_PLACEMENT_3D('',#949,#950,#951);
#953=CIRCLE('',#952,4.999124504);
#954=EDGE_CURVE('',#940,#948,#953,.T.);
#955=ORIENTED_EDGE('',*,*,#954,.T.);
#956=CARTESIAN_POINT('',(-100.51065429,9.110608733,3.1000254));
#957=DIRECTION('',(-0.,-0.,-1.));
#958=VECTOR('',#957,0.11);
#959=LINE('',#956,#958);
#960=EDGE_CURVE('',#780,#948,#959,.T.);
#961=ORIENTED_EDGE('',*,*,#960,.F.);
#962=ORIENTED_EDGE('',*,*,#788,.T.);
#963=CARTESIAN_POINT('',(-100.233431186,8.347118398,-2.0999746));
#964=VERTEX_POINT('',#963);
#965=CARTESIAN_POINT('',(-100.233431186,8.347118398,3.1000254));
#966=DIRECTION('',(-0.,-0.,-1.));
#967=VECTOR('',#966,5.2);
#968=LINE('',#965,#967);
#969=EDGE_CURVE('',#782,#964,#968,.T.);
#970=ORIENTED_EDGE('',*,*,#969,.T.);
#971=CARTESIAN_POINT('',(-95.688621257,10.429412449,-2.0999746));
#972=DIRECTION('',(-0.,-0.,-1.));
#973=DIRECTION('',(0.,-1.,0.));
#974=AXIS2_PLACEMENT_3D('',#971,#972,#973);
#975=CIRCLE('',#974,4.999124504);
#976=EDGE_CURVE('',#964,#938,#975,.T.);
#977=ORIENTED_EDGE('',*,*,#976,.T.);
#978=EDGE_LOOP('',(#946,#955,#961,#962,#970,#977));
#979=FACE_BOUND('',#978,.T.);
#980=ADVANCED_FACE('',(#979),#936,.F.);
#981=CARTESIAN_POINT('',(-101.268424623,8.458087376,0.642373652));
#982=DIRECTION('',(0.,0.,1.));
#983=DIRECTION('',(0.,-1.,0.));
#984=AXIS2_PLACEMENT_3D('',#981,#982,#983);
#985=CYLINDRICAL_SURFACE('',#984,1.);
#986=CARTESIAN_POINT('',(-100.28361687,8.631735554,10.8000254));
#987=VERTEX_POINT('',#986);
#988=CARTESIAN_POINT('',(-101.268424623,9.458087376,10.8000254));
#989=VERTEX_POINT('',#988);
#990=CARTESIAN_POINT('',(-101.268424623,8.458087376,10.8000254));
#991=DIRECTION('',(-0.,-0.,1.));
#992=DIRECTION('',(-1.,0.,0.));
#993=AXIS2_PLACEMENT_3D('',#990,#991,#992);
#994=CIRCLE('',#993,1.);
#995=EDGE_CURVE('',#987,#989,#994,.T.);
#996=ORIENTED_EDGE('',*,*,#995,.F.);
#997=CARTESIAN_POINT('',(-100.28361687,8.631735554,3.1000254));
#998=DIRECTION('',(0.,0.,1.));
#999=VECTOR('',#998,7.7);
#1000=LINE('',#997,#999);
#1001=EDGE_CURVE('',#791,#987,#1000,.T.);
#1002=ORIENTED_EDGE('',*,*,#1001,.F.);
#1003=ORIENTED_EDGE('',*,*,#797,.F.);
#1004=ORIENTED_EDGE('',*,*,#960,.T.);
#1005=CARTESIAN_POINT('',(-101.268424623,9.458087376,2.9900254));
#1006=VERTEX_POINT('',#1005);
#1007=CARTESIAN_POINT('',(-101.268424623,8.458087376,2.9900254));
#1008=DIRECTION('',(0.,0.,1.));
#1009=DIRECTION('',(0.,-1.,0.));
#1010=AXIS2_PLACEMENT_3D('',#1007,#1008,#1009);
#1011=CIRCLE('',#1010,1.);
#1012=EDGE_CURVE('',#948,#1006,#1011,.T.);
#1013=ORIENTED_EDGE('',*,*,#1012,.T.);
#1014=CARTESIAN_POINT('',(-101.268424623,9.458087376,10.8000254));
#1015=DIRECTION('',(0.,-0.,-1.));
#1016=VECTOR('',#1015,7.81);
#1017=LINE('',#1014,#1016);
#1018=EDGE_CURVE('',#989,#1006,#1017,.T.);
#1019=ORIENTED_EDGE('',*,*,#1018,.F.);
#1020=EDGE_LOOP('',(#996,#1002,#1003,#1004,#1013,#1019));
#1021=FACE_BOUND('',#1020,.T.);
#1022=ADVANCED_FACE('',(#1021),#985,.T.);
#1023=CARTESIAN_POINT('',(-107.656586848,50.445926144,0.642373652));
#1024=DIRECTION('',(0.984807753,0.173648178,-0.));
#1025=DIRECTION('',(-0.173648178,0.984807753,0.));
#1026=AXIS2_PLACEMENT_3D('',#1023,#1024,#1025);
#1027=PLANE('',#1026);
#1028=ORIENTED_EDGE('',*,*,#505,.T.);
#1029=CARTESIAN_POINT('',(-99.840016799,6.115954536,-2.0999746));
#1030=VERTEX_POINT('',#1029);
#1031=CARTESIAN_POINT('',(-99.840016799,6.115954536,2.9900254));
#1032=DIRECTION('',(-0.,-0.,-1.));
#1033=VECTOR('',#1032,5.09);
#1034=LINE('',#1031,#1033);
#1035=EDGE_CURVE('',#493,#1030,#1034,.T.);
#1036=ORIENTED_EDGE('',*,*,#1035,.T.);
#1037=CARTESIAN_POINT('',(-99.840016799,6.115954536,-2.0999746));
#1038=DIRECTION('',(-0.173648178,0.984807753,-0.));
#1039=VECTOR('',#1038,2.265583161);
#1040=LINE('',#1037,#1039);
#1041=EDGE_CURVE('',#1030,#964,#1040,.T.);
#1042=ORIENTED_EDGE('',*,*,#1041,.T.);
#1043=ORIENTED_EDGE('',*,*,#969,.F.);
#1044=ORIENTED_EDGE('',*,*,#803,.T.);
#1045=ORIENTED_EDGE('',*,*,#1001,.T.);
#1046=CARTESIAN_POINT('',(-99.575048213,4.613243011,10.8000254));
#1047=VERTEX_POINT('',#1046);
#1048=CARTESIAN_POINT('',(-99.575048213,4.613243011,10.8000254));
#1049=DIRECTION('',(-0.173648178,0.984807753,-0.));
#1050=VECTOR('',#1049,4.080484268);
#1051=LINE('',#1048,#1050);
#1052=EDGE_CURVE('',#1047,#987,#1051,.T.);
#1053=ORIENTED_EDGE('',*,*,#1052,.F.);
#1054=CARTESIAN_POINT('',(-99.575048213,4.613243011,10.8000254));
#1055=DIRECTION('',(0.,-0.,-1.));
#1056=VECTOR('',#1055,7.81);
#1057=LINE('',#1054,#1056);
#1058=EDGE_CURVE('',#1047,#417,#1057,.T.);
#1059=ORIENTED_EDGE('',*,*,#1058,.T.);
#1060=EDGE_LOOP('',(#1028,#1036,#1042,#1043,#1044,#1045,#1053,#1059));
#1061=FACE_BOUND('',#1060,.T.);
#1062=ADVANCED_FACE('',(#1061),#1027,.T.);
#1063=CARTESIAN_POINT('',(-147.38022606,84.669227838,2.9900254));
#1064=DIRECTION('',(0.,0.,1.));
#1065=DIRECTION('',(0.,-1.,0.));
#1066=AXIS2_PLACEMENT_3D('',#1063,#1064,#1065);
#1067=PLANE('',#1066);
#1068=ORIENTED_EDGE('',*,*,#1012,.F.);
#1069=ORIENTED_EDGE('',*,*,#954,.F.);
#1070=CARTESIAN_POINT('',(-101.596361513,10.708254174,2.9900254));
#1071=VERTEX_POINT('',#1070);
#1072=CARTESIAN_POINT('',(-101.597335401,9.760976061,2.9900254));
#1073=DIRECTION('',(0.,0.,1.));
#1074=DIRECTION('',(0.,-1.,0.));
#1075=AXIS2_PLACEMENT_3D('',#1072,#1073,#1074);
#1076=CIRCLE('',#1075,0.947278614);
#1077=EDGE_CURVE('',#940,#1071,#1076,.T.);
#1078=ORIENTED_EDGE('',*,*,#1077,.T.);
#1079=CARTESIAN_POINT('',(-148.38022606,10.756352212,2.9900254));
#1080=VERTEX_POINT('',#1079);
#1081=CARTESIAN_POINT('',(-101.596361513,10.708254174,2.9900254));
#1082=DIRECTION('',(-0.999999472,0.00102809,-0.));
#1083=VECTOR('',#1082,46.783889271);
#1084=LINE('',#1081,#1083);
#1085=EDGE_CURVE('',#1071,#1080,#1084,.T.);
#1086=ORIENTED_EDGE('',*,*,#1085,.T.);
#1087=CARTESIAN_POINT('',(-148.38022606,10.458087376,2.9900254));
#1088=VERTEX_POINT('',#1087);
#1089=CARTESIAN_POINT('',(-148.38022606,10.458087376,2.9900254));
#1090=DIRECTION('',(-0.,1.,-0.));
#1091=VECTOR('',#1090,0.298264836);
#1092=LINE('',#1089,#1091);
#1093=EDGE_CURVE('',#1088,#1080,#1092,.T.);
#1094=ORIENTED_EDGE('',*,*,#1093,.F.);
#1095=CARTESIAN_POINT('',(-147.38022606,9.458087376,2.9900254));
#1096=VERTEX_POINT('',#1095);
#1097=CARTESIAN_POINT('',(-147.38022606,10.458087376,2.9900254));
#1098=DIRECTION('',(-0.,-0.,-1.));
#1099=DIRECTION('',(0.,-1.,0.));
#1100=AXIS2_PLACEMENT_3D('',#1097,#1098,#1099);
#1101=CIRCLE('',#1100,1.);
#1102=EDGE_CURVE('',#1096,#1088,#1101,.T.);
#1103=ORIENTED_EDGE('',*,*,#1102,.F.);
#1104=CARTESIAN_POINT('',(-101.268424623,9.458087376,2.9900254));
#1105=DIRECTION('',(-1.,0.,-0.));
#1106=VECTOR('',#1105,46.111801437);
#1107=LINE('',#1104,#1106);
#1108=EDGE_CURVE('',#1006,#1096,#1107,.T.);
#1109=ORIENTED_EDGE('',*,*,#1108,.F.);
#1110=EDGE_LOOP('',(#1068,#1069,#1078,#1086,#1094,#1103,#1109));
#1111=FACE_BOUND('',#1110,.T.);
#1112=ADVANCED_FACE('',(#1111),#1067,.T.);
#1113=CARTESIAN_POINT('',(-77.50849115,55.761848833,10.8000254));
#1114=DIRECTION('',(0.,0.,-1.));
#1115=DIRECTION('',(-1.,0.,0.));
#1116=AXIS2_PLACEMENT_3D('',#1113,#1114,#1115);
#1117=PLANE('',#1116);
#1118=ORIENTED_EDGE('',*,*,#1052,.T.);
#1119=ORIENTED_EDGE('',*,*,#995,.T.);
#1120=CARTESIAN_POINT('',(-147.38022606,9.458087376,10.8000254));
#1121=VERTEX_POINT('',#1120);
#1122=CARTESIAN_POINT('',(-101.268424623,9.458087376,10.8000254));
#1123=DIRECTION('',(-1.,0.,0.));
#1124=VECTOR('',#1123,46.111801437);
#1125=LINE('',#1122,#1124);
#1126=EDGE_CURVE('',#989,#1121,#1125,.T.);
#1127=ORIENTED_EDGE('',*,*,#1126,.T.);
#1128=CARTESIAN_POINT('',(-148.38022606,10.458087376,10.8000254));
#1129=VERTEX_POINT('',#1128);
#1130=CARTESIAN_POINT('',(-147.38022606,10.458087376,10.8000254));
#1131=DIRECTION('',(0.,0.,-1.));
#1132=DIRECTION('',(-1.,0.,0.));
#1133=AXIS2_PLACEMENT_3D('',#1130,#1131,#1132);
#1134=CIRCLE('',#1133,1.);
#1135=EDGE_CURVE('',#1121,#1129,#1134,.T.);
#1136=ORIENTED_EDGE('',*,*,#1135,.T.);
#1137=CARTESIAN_POINT('',(-148.38022606,84.669227838,10.8000254));
#1138=VERTEX_POINT('',#1137);
#1139=CARTESIAN_POINT('',(-148.38022606,10.458087376,10.8000254));
#1140=DIRECTION('',(-0.,1.,-0.));
#1141=VECTOR('',#1140,74.211140462);
#1142=LINE('',#1139,#1141);
#1143=EDGE_CURVE('',#1129,#1138,#1142,.T.);
#1144=ORIENTED_EDGE('',*,*,#1143,.T.);
#1145=CARTESIAN_POINT('',(-147.38022606,85.669227838,10.8000254));
#1146=VERTEX_POINT('',#1145);
#1147=CARTESIAN_POINT('',(-147.38022606,84.669227838,10.8000254));
#1148=DIRECTION('',(0.,0.,-1.));
#1149=DIRECTION('',(-1.,0.,0.));
#1150=AXIS2_PLACEMENT_3D('',#1147,#1148,#1149);
#1151=CIRCLE('',#1150,1.);
#1152=EDGE_CURVE('',#1138,#1146,#1151,.T.);
#1153=ORIENTED_EDGE('',*,*,#1152,.T.);
#1154=CARTESIAN_POINT('',(-140.032207264,85.669227838,10.8000254));
#1155=VERTEX_POINT('',#1154);
#1156=CARTESIAN_POINT('',(-147.38022606,85.669227838,10.8000254));
#1157=DIRECTION('',(1.,-0.,-0.));
#1158=VECTOR('',#1157,7.348018796);
#1159=LINE('',#1156,#1158);
#1160=EDGE_CURVE('',#1146,#1155,#1159,.T.);
#1161=ORIENTED_EDGE('',*,*,#1160,.T.);
#1162=CARTESIAN_POINT('',(-139.032207264,86.669227838,10.8000254));
#1163=VERTEX_POINT('',#1162);
#1164=CARTESIAN_POINT('',(-140.032207264,86.669227838,10.8000254));
#1165=DIRECTION('',(-0.,-0.,1.));
#1166=DIRECTION('',(-1.,0.,0.));
#1167=AXIS2_PLACEMENT_3D('',#1164,#1165,#1166);
#1168=CIRCLE('',#1167,1.);
#1169=EDGE_CURVE('',#1155,#1163,#1168,.T.);
#1170=ORIENTED_EDGE('',*,*,#1169,.T.);
#1171=CARTESIAN_POINT('',(-139.032207264,103.369265939,10.8000254));
#1172=VERTEX_POINT('',#1171);
#1173=CARTESIAN_POINT('',(-139.032207264,86.669227838,10.8000254));
#1174=DIRECTION('',(0.,1.,0.));
#1175=VECTOR('',#1174,16.7000381);
#1176=LINE('',#1173,#1175);
#1177=EDGE_CURVE('',#1163,#1172,#1176,.T.);
#1178=ORIENTED_EDGE('',*,*,#1177,.T.);
#1179=CARTESIAN_POINT('',(-138.032207264,104.369265939,10.8000254));
#1180=VERTEX_POINT('',#1179);
#1181=CARTESIAN_POINT('',(-138.032207264,103.369265939,10.8000254));
#1182=DIRECTION('',(0.,0.,-1.));
#1183=DIRECTION('',(-1.,0.,0.));
#1184=AXIS2_PLACEMENT_3D('',#1181,#1182,#1183);
#1185=CIRCLE('',#1184,1.);
#1186=EDGE_CURVE('',#1172,#1180,#1185,.T.);
#1187=ORIENTED_EDGE('',*,*,#1186,.T.);
#1188=CARTESIAN_POINT('',(-120.701069342,104.369265939,10.8000254));
#1189=VERTEX_POINT('',#1188);
#1190=CARTESIAN_POINT('',(-138.032207264,104.369265939,10.8000254));
#1191=DIRECTION('',(1.,-0.,-0.));
#1192=VECTOR('',#1191,17.331137922);
#1193=LINE('',#1190,#1192);
#1194=EDGE_CURVE('',#1180,#1189,#1193,.T.);
#1195=ORIENTED_EDGE('',*,*,#1194,.T.);
#1196=CARTESIAN_POINT('',(-119.701069342,105.369265939,10.8000254));
#1197=VERTEX_POINT('',#1196);
#1198=CARTESIAN_POINT('',(-120.701069342,105.369265939,10.8000254));
#1199=DIRECTION('',(-0.,-0.,1.));
#1200=DIRECTION('',(-1.,0.,0.));
#1201=AXIS2_PLACEMENT_3D('',#1198,#1199,#1200);
#1202=CIRCLE('',#1201,1.);
#1203=EDGE_CURVE('',#1189,#1197,#1202,.T.);
#1204=ORIENTED_EDGE('',*,*,#1203,.T.);
#1205=CARTESIAN_POINT('',(-119.701069342,105.936271273,10.8000254));
#1206=VERTEX_POINT('',#1205);
#1207=CARTESIAN_POINT('',(-119.701069342,105.369265939,10.8000254));
#1208=DIRECTION('',(0.,1.,0.));
#1209=VECTOR('',#1208,0.567005334);
#1210=LINE('',#1207,#1209);
#1211=EDGE_CURVE('',#1197,#1206,#1210,.T.);
#1212=ORIENTED_EDGE('',*,*,#1211,.T.);
#1213=CARTESIAN_POINT('',(-118.701069342,106.936271273,10.8000254));
#1214=VERTEX_POINT('',#1213);
#1215=CARTESIAN_POINT('',(-118.701069342,105.936271273,10.8000254));
#1216=DIRECTION('',(0.,0.,-1.));
#1217=DIRECTION('',(-1.,0.,0.));
#1218=AXIS2_PLACEMENT_3D('',#1215,#1216,#1217);
#1219=CIRCLE('',#1218,1.);
#1220=EDGE_CURVE('',#1206,#1214,#1219,.T.);
#1221=ORIENTED_EDGE('',*,*,#1220,.T.);
#1222=CARTESIAN_POINT('',(-83.310390054,106.936271273,10.8000254));
#1223=VERTEX_POINT('',#1222);
#1224=CARTESIAN_POINT('',(-118.701069342,106.936271273,10.8000254));
#1225=DIRECTION('',(1.,-0.,-0.));
#1226=VECTOR('',#1225,35.390679288);
#1227=LINE('',#1224,#1226);
#1228=EDGE_CURVE('',#1214,#1223,#1227,.T.);
#1229=ORIENTED_EDGE('',*,*,#1228,.T.);
#1230=CARTESIAN_POINT('',(-82.310390232,105.936867527,10.8000254));
#1231=VERTEX_POINT('',#1230);
#1232=CARTESIAN_POINT('',(-83.310390054,105.936271273,10.8000254));
#1233=DIRECTION('',(0.,0.,-1.));
#1234=DIRECTION('',(-1.,0.,0.));
#1235=AXIS2_PLACEMENT_3D('',#1232,#1233,#1234);
#1236=CIRCLE('',#1235,1.);
#1237=EDGE_CURVE('',#1223,#1231,#1236,.T.);
#1238=ORIENTED_EDGE('',*,*,#1237,.T.);
#1239=CARTESIAN_POINT('',(-82.310051441,105.368669684,10.8000254));
#1240=VERTEX_POINT('',#1239);
#1241=CARTESIAN_POINT('',(-82.310390232,105.936867527,10.8000254));
#1242=DIRECTION('',(0.000596255,-0.999999822,0.));
#1243=VECTOR('',#1242,0.568197945);
#1244=LINE('',#1241,#1243);
#1245=EDGE_CURVE('',#1231,#1240,#1244,.T.);
#1246=ORIENTED_EDGE('',*,*,#1245,.T.);
#1247=CARTESIAN_POINT('',(-81.310051619,105.369265939,10.8000254));
#1248=DIRECTION('',(-0.,-0.,1.));
#1249=DIRECTION('',(-1.,0.,0.));
#1250=AXIS2_PLACEMENT_3D('',#1247,#1248,#1249);
#1251=CIRCLE('',#1250,1.);
#1252=EDGE_CURVE('',#1240,#581,#1251,.T.);
#1253=ORIENTED_EDGE('',*,*,#1252,.T.);
#1254=ORIENTED_EDGE('',*,*,#601,.T.);
#1255=CARTESIAN_POINT('',(-63.627223821,103.369255442,10.8000254));
#1256=VERTEX_POINT('',#1255);
#1257=CARTESIAN_POINT('',(-64.627223821,103.369265939,10.8000254));
#1258=DIRECTION('',(0.,0.,-1.));
#1259=DIRECTION('',(-1.,0.,0.));
#1260=AXIS2_PLACEMENT_3D('',#1257,#1258,#1259);
#1261=CIRCLE('',#1260,1.);
#1262=EDGE_CURVE('',#590,#1256,#1261,.T.);
#1263=ORIENTED_EDGE('',*,*,#1262,.T.);
#1264=CARTESIAN_POINT('',(-63.627230822,102.702271101,10.8000254));
#1265=VERTEX_POINT('',#1264);
#1266=CARTESIAN_POINT('',(-63.627223821,103.369255442,10.8000254));
#1267=DIRECTION('',(-0.000010496,-1.,0.));
#1268=VECTOR('',#1267,0.666984341);
#1269=LINE('',#1266,#1268);
#1270=EDGE_CURVE('',#1256,#1265,#1269,.T.);
#1271=ORIENTED_EDGE('',*,*,#1270,.T.);
#1272=CARTESIAN_POINT('',(-62.627230822,101.702260605,10.8000254));
#1273=VERTEX_POINT('',#1272);
#1274=CARTESIAN_POINT('',(-62.627230822,102.702260605,10.8000254));
#1275=DIRECTION('',(-0.,-0.,1.));
#1276=DIRECTION('',(-1.,0.,0.));
#1277=AXIS2_PLACEMENT_3D('',#1274,#1275,#1276);
#1278=CIRCLE('',#1277,1.);
#1279=EDGE_CURVE('',#1265,#1273,#1278,.T.);
#1280=ORIENTED_EDGE('',*,*,#1279,.T.);
#1281=CARTESIAN_POINT('',(-32.50679938,101.702260605,10.8000254));
#1282=VERTEX_POINT('',#1281);
#1283=CARTESIAN_POINT('',(-62.627230822,101.702260605,10.8000254));
#1284=DIRECTION('',(1.,0.,-0.));
#1285=VECTOR('',#1284,30.120431442);
#1286=LINE('',#1283,#1285);
#1287=EDGE_CURVE('',#1273,#1282,#1286,.T.);
#1288=ORIENTED_EDGE('',*,*,#1287,.T.);
#1289=CARTESIAN_POINT('',(-6.360101777,101.702260605,10.8000254));
#1290=VERTEX_POINT('',#1289);
#1291=CARTESIAN_POINT('',(-6.360101777,101.702260605,10.8000254));
#1292=DIRECTION('',(-1.,0.,0.));
#1293=VECTOR('',#1292,26.146697603);
#1294=LINE('',#1291,#1293);
#1295=EDGE_CURVE('',#1290,#1282,#1294,.T.);
#1296=ORIENTED_EDGE('',*,*,#1295,.F.);
#1297=CARTESIAN_POINT('',(-2.027870669,99.201045809,10.8000254));
#1298=VERTEX_POINT('',#1297);
#1299=CARTESIAN_POINT('',(-6.360101777,96.699831013,10.8000254));
#1300=DIRECTION('',(0.,0.,-1.));
#1301=DIRECTION('',(-1.,0.,0.));
#1302=AXIS2_PLACEMENT_3D('',#1299,#1300,#1301);
#1303=CIRCLE('',#1302,5.002429592);
#1304=EDGE_CURVE('',#1290,#1298,#1303,.T.);
#1305=ORIENTED_EDGE('',*,*,#1304,.T.);
#1306=CARTESIAN_POINT('',(0.518239623,94.791053421,10.8000254));
#1307=VERTEX_POINT('',#1306);
#1308=CARTESIAN_POINT('',(-2.027870669,99.201045809,10.8000254));
#1309=DIRECTION('',(0.5,-0.866025404,-0.));
#1310=VECTOR('',#1309,5.092220584);
#1311=LINE('',#1308,#1310);
#1312=EDGE_CURVE('',#1298,#1307,#1311,.T.);
#1313=ORIENTED_EDGE('',*,*,#1312,.T.);
#1314=CARTESIAN_POINT('',(1.897299975,89.644330121,10.8000254));
#1315=VERTEX_POINT('',#1314);
#1316=CARTESIAN_POINT('',(-8.396146627,89.644330121,10.8000254));
#1317=DIRECTION('',(0.,0.,-1.));
#1318=DIRECTION('',(-1.,0.,0.));
#1319=AXIS2_PLACEMENT_3D('',#1316,#1317,#1318);
#1320=CIRCLE('',#1319,10.293446601);
#1321=EDGE_CURVE('',#1307,#1315,#1320,.T.);
#1322=ORIENTED_EDGE('',*,*,#1321,.T.);
#1323=CARTESIAN_POINT('',(1.897299975,37.572349331,10.8000254));
#1324=VERTEX_POINT('',#1323);
#1325=CARTESIAN_POINT('',(1.897299975,89.644330121,10.8000254));
#1326=DIRECTION('',(-0.,-1.,0.));
#1327=VECTOR('',#1326,52.07198079);
#1328=LINE('',#1325,#1327);
#1329=EDGE_CURVE('',#1315,#1324,#1328,.T.);
#1330=ORIENTED_EDGE('',*,*,#1329,.T.);
#1331=CARTESIAN_POINT('',(0.510230253,29.705886034,10.8000254));
#1332=VERTEX_POINT('',#1331);
#1333=CARTESIAN_POINT('',(-21.102700025,37.572349331,10.8000254));
#1334=DIRECTION('',(0.,0.,-1.));
#1335=DIRECTION('',(-1.,0.,0.));
#1336=AXIS2_PLACEMENT_3D('',#1333,#1334,#1335);
#1337=CIRCLE('',#1336,23.);
#1338=EDGE_CURVE('',#1324,#1332,#1337,.T.);
#1339=ORIENTED_EDGE('',*,*,#1338,.T.);
#1340=CARTESIAN_POINT('',(-6.210904092,11.239721188,10.8000254));
#1341=VERTEX_POINT('',#1340);
#1342=CARTESIAN_POINT('',(0.510230253,29.705886034,10.8000254));
#1343=DIRECTION('',(-0.342020143,-0.939692621,-0.));
#1344=VECTOR('',#1343,19.651282172);
#1345=LINE('',#1342,#1344);
#1346=EDGE_CURVE('',#1332,#1341,#1345,.T.);
#1347=ORIENTED_EDGE('',*,*,#1346,.T.);
#1348=CARTESIAN_POINT('',(-7.492616856,10.642048711,10.8000254));
#1349=VERTEX_POINT('',#1348);
#1350=CARTESIAN_POINT('',(-7.150596713,11.581741332,10.8000254));
#1351=DIRECTION('',(0.,0.,-1.));
#1352=DIRECTION('',(-1.,0.,0.));
#1353=AXIS2_PLACEMENT_3D('',#1350,#1351,#1352);
#1354=CIRCLE('',#1353,1.);
#1355=EDGE_CURVE('',#1341,#1349,#1354,.T.);
#1356=ORIENTED_EDGE('',*,*,#1355,.T.);
#1357=CARTESIAN_POINT('',(-18.916106147,14.799858784,10.8000254));
#1358=VERTEX_POINT('',#1357);
#1359=CARTESIAN_POINT('',(-18.916106147,14.799858784,10.8000254));
#1360=DIRECTION('',(0.939692621,-0.342020143,-0.));
#1361=VECTOR('',#1360,12.156623387);
#1362=LINE('',#1359,#1361);
#1363=EDGE_CURVE('',#1358,#1349,#1362,.T.);
#1364=ORIENTED_EDGE('',*,*,#1363,.F.);
#1365=CARTESIAN_POINT('',(-19.258123101,14.860165003,10.8000254));
#1366=VERTEX_POINT('',#1365);
#1367=CARTESIAN_POINT('',(-19.258123101,13.860165003,10.8000254));
#1368=DIRECTION('',(-0.,-0.,1.));
#1369=DIRECTION('',(-1.,0.,0.));
#1370=AXIS2_PLACEMENT_3D('',#1367,#1368,#1369);
#1371=CIRCLE('',#1370,1.);
#1372=EDGE_CURVE('',#1358,#1366,#1371,.T.);
#1373=ORIENTED_EDGE('',*,*,#1372,.T.);
#1374=CARTESIAN_POINT('',(-20.197815722,14.202185146,10.8000254));
#1375=VERTEX_POINT('',#1374);
#1376=CARTESIAN_POINT('',(-19.258123101,13.860165003,10.8000254));
#1377=DIRECTION('',(-0.,-0.,1.));
#1378=DIRECTION('',(-1.,0.,0.));
#1379=AXIS2_PLACEMENT_3D('',#1376,#1377,#1378);
#1380=CIRCLE('',#1379,1.);
#1381=EDGE_CURVE('',#1366,#1375,#1380,.T.);
#1382=ORIENTED_EDGE('',*,*,#1381,.T.);
#1383=CARTESIAN_POINT('',(-26.046369729,-1.866584924,10.8000254));
#1384=VERTEX_POINT('',#1383);
#1385=CARTESIAN_POINT('',(-20.197815722,14.202185146,10.8000254));
#1386=DIRECTION('',(-0.342020143,-0.939692621,-0.));
#1387=VECTOR('',#1386,17.10002794);
#1388=LINE('',#1385,#1387);
#1389=EDGE_CURVE('',#1375,#1384,#1388,.T.);
#1390=ORIENTED_EDGE('',*,*,#1389,.T.);
#1391=CARTESIAN_POINT('',(-26.98606235,-2.524564781,10.8000254));
#1392=VERTEX_POINT('',#1391);
#1393=CARTESIAN_POINT('',(-26.98606235,-1.524564781,10.8000254));
#1394=DIRECTION('',(0.,0.,-1.));
#1395=DIRECTION('',(-1.,0.,0.));
#1396=AXIS2_PLACEMENT_3D('',#1393,#1394,#1395);
#1397=CIRCLE('',#1396,1.);
#1398=EDGE_CURVE('',#1384,#1392,#1397,.T.);
#1399=ORIENTED_EDGE('',*,*,#1398,.T.);
#1400=CARTESIAN_POINT('',(-27.328082493,-2.464257402,10.8000254));
#1401=VERTEX_POINT('',#1400);
#1402=CARTESIAN_POINT('',(-26.98606235,-1.524564781,10.8000254));
#1403=DIRECTION('',(0.,0.,-1.));
#1404=DIRECTION('',(-1.,0.,0.));
#1405=AXIS2_PLACEMENT_3D('',#1402,#1403,#1404);
#1406=CIRCLE('',#1405,1.);
#1407=EDGE_CURVE('',#1392,#1401,#1406,.T.);
#1408=ORIENTED_EDGE('',*,*,#1407,.T.);
#1409=CARTESIAN_POINT('',(-38.450313143,1.583903493,10.8000254));
#1410=VERTEX_POINT('',#1409);
#1411=CARTESIAN_POINT('',(-27.328082493,-2.464257402,10.8000254));
#1412=DIRECTION('',(-0.939692621,0.342020143,-0.));
#1413=VECTOR('',#1412,11.836030638);
#1414=LINE('',#1411,#1413);
#1415=EDGE_CURVE('',#1401,#1410,#1414,.T.);
#1416=ORIENTED_EDGE('',*,*,#1415,.T.);
#1417=CARTESIAN_POINT('',(-50.236350739,4.741962749,10.8000254));
#1418=VERTEX_POINT('',#1417);
#1419=CARTESIAN_POINT('',(-62.391723176,-64.194579962,10.8000254));
#1420=DIRECTION('',(-0.,-0.,1.));
#1421=DIRECTION('',(-1.,0.,0.));
#1422=AXIS2_PLACEMENT_3D('',#1419,#1420,#1421);
#1423=CIRCLE('',#1422,70.);
#1424=EDGE_CURVE('',#1410,#1418,#1423,.T.);
#1425=ORIENTED_EDGE('',*,*,#1424,.T.);
#1426=CARTESIAN_POINT('',(-50.236350739,4.741962749,10.8000254));
#1427=DIRECTION('',(-0.984807753,0.173648178,-0.));
#1428=VECTOR('',#1427,6.46499846);
#1429=LINE('',#1426,#1428);
#1430=EDGE_CURVE('',#1418,#675,#1429,.T.);
#1431=ORIENTED_EDGE('',*,*,#1430,.T.);
#1432=ORIENTED_EDGE('',*,*,#681,.T.);
#1433=ORIENTED_EDGE('',*,*,#927,.T.);
#1434=ORIENTED_EDGE('',*,*,#769,.T.);
#1435=CARTESIAN_POINT('',(-98.416592282,3.802083435,10.8000254));
#1436=VERTEX_POINT('',#1435);
#1437=CARTESIAN_POINT('',(-86.71949121,5.86459795,10.8000254));
#1438=DIRECTION('',(-0.984807753,-0.173648178,-0.));
#1439=VECTOR('',#1438,11.877547711);
#1440=LINE('',#1437,#1439);
#1441=EDGE_CURVE('',#757,#1436,#1440,.T.);
#1442=ORIENTED_EDGE('',*,*,#1441,.T.);
#1443=CARTESIAN_POINT('',(-98.59024046,4.786891188,10.8000254));
#1444=DIRECTION('',(0.,0.,-1.));
#1445=DIRECTION('',(-1.,0.,0.));
#1446=AXIS2_PLACEMENT_3D('',#1443,#1444,#1445);
#1447=CIRCLE('',#1446,1.);
#1448=EDGE_CURVE('',#1436,#1047,#1447,.T.);
#1449=ORIENTED_EDGE('',*,*,#1448,.T.);
#1450=EDGE_LOOP('',(#1118,#1119,#1127,#1136,#1144,#1153,#1161,#1170,#1178,#1187,#1195,#1204,#1212,#1221,#1229,#1238,#1246,#1253,#1254,#1263,#1271,#1280,#1288,#1296,#1305,#1313,
#1322,#1330,#1339,#1347,#1356,#1364,#1373,#1382,#1390,#1399,#1408,#1416,#1425,#1431,#1432,#1433,#1434,#1442,#1449));
#1451=FACE_BOUND('',#1450,.T.);
#1452=CARTESIAN_POINT('',(-150.635692972,82.652153838,10.8000254));
#1453=VERTEX_POINT('',#1452);
#1454=CARTESIAN_POINT('',(-150.635692972,11.279094365,10.8000254));
#1455=VERTEX_POINT('',#1454);
#1456=CARTESIAN_POINT('',(-150.635692972,82.652153838,10.8000254));
#1457=DIRECTION('',(-0.,-1.,0.));
#1458=VECTOR('',#1457,71.373059473);
#1459=LINE('',#1456,#1458);
#1460=EDGE_CURVE('',#1453,#1455,#1459,.T.);
#1461=ORIENTED_EDGE('',*,*,#1460,.T.);
#1462=CARTESIAN_POINT('',(-147.04431106,7.526205755,10.8000254));
#1463=VERTEX_POINT('',#1462);
#1464=CARTESIAN_POINT('',(-150.635692972,11.279094365,10.8000254));
#1465=CARTESIAN_POINT('',(-150.658350223,9.841868638,10.8000254));
#1466=CARTESIAN_POINT('',(-149.647062571,8.784793087,10.8000254));
#1467=CARTESIAN_POINT('',(-148.636107268,7.728064931,10.8000254));
#1468=CARTESIAN_POINT('',(-147.04431106,7.526205755,10.8000254));
#1469=B_SPLINE_CURVE_WITH_KNOTS('',2,(#1464,#1465,#1466,#1467,#1468),.UNSPECIFIED.,.F.,.F.,(3,2,3),(0.,0.5,1.),.UNSPECIFIED.);
#1470=EDGE_CURVE('',#1455,#1463,#1469,.T.);
#1471=ORIENTED_EDGE('',*,*,#1470,.T.);
#1472=CARTESIAN_POINT('',(-107.936377239,2.062709107,10.8000254));
#1473=VERTEX_POINT('',#1472);
#1474=CARTESIAN_POINT('',(-147.04431106,7.526205755,10.8000254));
#1475=DIRECTION('',(0.99038209,-0.138359374,0.));
#1476=VECTOR('',#1475,39.487723198);
#1477=LINE('',#1474,#1476);
#1478=EDGE_CURVE('',#1463,#1473,#1477,.T.);
#1479=ORIENTED_EDGE('',*,*,#1478,.T.);
#1480=CARTESIAN_POINT('',(-92.812702283,2.432527387,10.8000254));
#1481=VERTEX_POINT('',#1480);
#1482=CARTESIAN_POINT('',(-107.936377239,2.062709107,10.8000254));
#1483=CARTESIAN_POINT('',(-100.513344038,1.023506256,10.8000254));
#1484=CARTESIAN_POINT('',(-92.812702283,2.432527387,10.8000254));
#1485=B_SPLINE_CURVE_WITH_KNOTS('',2,(#1482,#1483,#1484),.UNSPECIFIED.,.F.,.F.,(3,3),(0.,1.),.UNSPECIFIED.);
#1486=EDGE_CURVE('',#1473,#1481,#1485,.T.);
#1487=ORIENTED_EDGE('',*,*,#1486,.T.);
#1488=CARTESIAN_POINT('',(-86.716266457,3.546353949,10.8000254));
#1489=VERTEX_POINT('',#1488);
#1490=CARTESIAN_POINT('',(-92.812702283,2.432527387,10.8000254));
#1491=DIRECTION('',(0.983716658,0.179726282,0.));
#1492=VECTOR('',#1491,6.197349384);
#1493=LINE('',#1490,#1492);
#1494=EDGE_CURVE('',#1481,#1489,#1493,.T.);
#1495=ORIENTED_EDGE('',*,*,#1494,.T.);
#1496=CARTESIAN_POINT('',(-74.191246417,4.674160532,10.8000254));
#1497=VERTEX_POINT('',#1496);
#1498=CARTESIAN_POINT('',(-86.716266457,3.546353949,10.8000254));
#1499=CARTESIAN_POINT('',(-80.503366237,4.681763634,10.8000254));
#1500=CARTESIAN_POINT('',(-74.191246417,4.674160532,10.8000254));
#1501=B_SPLINE_CURVE_WITH_KNOTS('',2,(#1498,#1499,#1500),.UNSPECIFIED.,.F.,.F.,(3,3),(0.,1.),.UNSPECIFIED.);
#1502=EDGE_CURVE('',#1489,#1497,#1501,.T.);
#1503=ORIENTED_EDGE('',*,*,#1502,.T.);
#1504=CARTESIAN_POINT('',(-69.121048905,4.668294443,10.8000254));
#1505=VERTEX_POINT('',#1504);
#1506=CARTESIAN_POINT('',(-74.191246417,4.674160532,10.8000254));
#1507=DIRECTION('',(0.999999331,-0.001156974,0.));
#1508=VECTOR('',#1507,5.070200905);
#1509=LINE('',#1506,#1508);
#1510=EDGE_CURVE('',#1497,#1505,#1509,.T.);
#1511=ORIENTED_EDGE('',*,*,#1510,.T.);
#1512=CARTESIAN_POINT('',(-56.597145292,3.511506894,10.8000254));
#1513=VERTEX_POINT('',#1512);
#1514=CARTESIAN_POINT('',(-69.121048905,4.668294443,10.8000254));
#1515=CARTESIAN_POINT('',(-62.809849507,4.661292687,10.8000254));
#1516=CARTESIAN_POINT('',(-56.597145292,3.511506894,10.8000254));
#1517=B_SPLINE_CURVE_WITH_KNOTS('',2,(#1514,#1515,#1516),.UNSPECIFIED.,.F.,.F.,(3,3),(0.,1.),.UNSPECIFIED.);
#1518=EDGE_CURVE('',#1505,#1513,#1517,.T.);
#1519=ORIENTED_EDGE('',*,*,#1518,.T.);
#1520=CARTESIAN_POINT('',(-50.971254671,2.470598849,10.8000254));
#1521=VERTEX_POINT('',#1520);
#1522=CARTESIAN_POINT('',(-56.597145292,3.511506894,10.8000254));
#1523=DIRECTION('',(0.983310894,-0.181933189,0.));
#1524=VECTOR('',#1523,5.721375258);
#1525=LINE('',#1522,#1524);
#1526=EDGE_CURVE('',#1513,#1521,#1525,.T.);
#1527=ORIENTED_EDGE('',*,*,#1526,.T.);
#1528=CARTESIAN_POINT('',(-38.851787034,-0.932155389,10.8000254));
#1529=VERTEX_POINT('',#1528);
#1530=CARTESIAN_POINT('',(-50.971254671,2.470598849,10.8000254));
#1531=CARTESIAN_POINT('',(-44.765075869,1.322630188,10.8000254));
#1532=CARTESIAN_POINT('',(-38.851787034,-0.932155389,10.8000254));
#1533=B_SPLINE_CURVE_WITH_KNOTS('',2,(#1530,#1531,#1532),.UNSPECIFIED.,.F.,.F.,(3,3),(0.,1.),.UNSPECIFIED.);
#1534=EDGE_CURVE('',#1521,#1529,#1533,.T.);
#1535=ORIENTED_EDGE('',*,*,#1534,.T.);
#1536=CARTESIAN_POINT('',(-29.444255181,-4.518815437,10.8000254));
#1537=VERTEX_POINT('',#1536);
#1538=CARTESIAN_POINT('',(-38.851787034,-0.932155389,10.8000254));
#1539=DIRECTION('',(0.934393915,-0.356241507,0.));
#1540=VECTOR('',#1539,10.0680577);
#1541=LINE('',#1538,#1540);
#1542=EDGE_CURVE('',#1529,#1537,#1541,.T.);
#1543=ORIENTED_EDGE('',*,*,#1542,.T.);
#1544=CARTESIAN_POINT('',(-20.172673887,-3.425296659,10.8000254));
#1545=VERTEX_POINT('',#1544);
#1546=CARTESIAN_POINT('',(-29.444255181,-4.518815437,10.8000254));
#1547=CARTESIAN_POINT('',(-27.067216455,-5.442257795,10.8000254));
#1548=CARTESIAN_POINT('',(-24.581762878,-5.149349082,10.8000254));
#1549=CARTESIAN_POINT('',(-22.097142737,-4.856538588,10.8000254));
#1550=CARTESIAN_POINT('',(-20.172673887,-3.425296659,10.8000254));
#1551=B_SPLINE_CURVE_WITH_KNOTS('',2,(#1546,#1547,#1548,#1549,#1550),.UNSPECIFIED.,.F.,.F.,(3,2,3),(0.,0.5,1.),.UNSPECIFIED.);
#1552=EDGE_CURVE('',#1537,#1545,#1551,.T.);
#1553=ORIENTED_EDGE('',*,*,#1552,.T.);
#1554=CARTESIAN_POINT('',(-6.924146741,6.281968453,10.8000254));
#1555=VERTEX_POINT('',#1554);
#1556=CARTESIAN_POINT('',(-20.172673887,-3.425296659,10.8000254));
#1557=DIRECTION('',(0.806646543,0.59103414,0.));
#1558=VECTOR('',#1557,16.424203709);
#1559=LINE('',#1556,#1558);
#1560=EDGE_CURVE('',#1545,#1555,#1559,.T.);
#1561=ORIENTED_EDGE('',*,*,#1560,.T.);
#1562=CARTESIAN_POINT('',(-4.134518477,10.062122107,10.8000254));
#1563=VERTEX_POINT('',#1562);
#1564=CARTESIAN_POINT('',(-6.924146741,6.281968453,10.8000254));
#1565=CARTESIAN_POINT('',(-5.981180357,6.970569013,10.8000254));
#1566=CARTESIAN_POINT('',(-5.265890167,7.939661323,10.8000254));
#1567=CARTESIAN_POINT('',(-4.551012992,8.908194072,10.8000254));
#1568=CARTESIAN_POINT('',(-4.134518477,10.062122107,10.8000254));
#1569=B_SPLINE_CURVE_WITH_KNOTS('',2,(#1564,#1565,#1566,#1567,#1568),.UNSPECIFIED.,.F.,.F.,(3,2,3),(0.,0.5,1.),.UNSPECIFIED.);
#1570=EDGE_CURVE('',#1555,#1563,#1569,.T.);
#1571=ORIENTED_EDGE('',*,*,#1570,.T.);
#1572=CARTESIAN_POINT('',(2.784530262,29.145067525,10.8000254));
#1573=VERTEX_POINT('',#1572);
#1574=CARTESIAN_POINT('',(-4.134518477,10.062122107,10.8000254));
#1575=DIRECTION('',(0.340863811,0.940112686,0.));
#1576=VECTOR('',#1575,20.298572395);
#1577=LINE('',#1574,#1576);
#1578=EDGE_CURVE('',#1563,#1573,#1577,.T.);
#1579=ORIENTED_EDGE('',*,*,#1578,.T.);
#1580=CARTESIAN_POINT('',(4.098406428,36.623326398,10.8000254));
#1581=VERTEX_POINT('',#1580);
#1582=CARTESIAN_POINT('',(2.784530262,29.145067525,10.8000254));
#1583=CARTESIAN_POINT('',(4.099651172,32.768558984,10.8000254));
#1584=CARTESIAN_POINT('',(4.098406428,36.623326398,10.8000254));
#1585=B_SPLINE_CURVE_WITH_KNOTS('',2,(#1582,#1583,#1584),.UNSPECIFIED.,.F.,.F.,(3,3),(0.,1.),.UNSPECIFIED.);
#1586=EDGE_CURVE('',#1573,#1581,#1585,.T.);
#1587=ORIENTED_EDGE('',*,*,#1586,.T.);
#1588=CARTESIAN_POINT('',(4.098406428,91.154098822,10.8000254));
#1589=VERTEX_POINT('',#1588);
#1590=CARTESIAN_POINT('',(4.098406428,36.623326398,10.8000254));
#1591=DIRECTION('',(0.,1.,0.));
#1592=VECTOR('',#1591,54.530772424);
#1593=LINE('',#1590,#1592);
#1594=EDGE_CURVE('',#1581,#1589,#1593,.T.);
#1595=ORIENTED_EDGE('',*,*,#1594,.T.);
#1596=CARTESIAN_POINT('',(3.019800794,95.313897519,10.8000254));
#1597=VERTEX_POINT('',#1596);
#1598=CARTESIAN_POINT('',(4.098406428,91.154098822,10.8000254));
#1599=CARTESIAN_POINT('',(4.100773038,93.446599995,10.8000254));
#1600=CARTESIAN_POINT('',(3.019800794,95.313897519,10.8000254));
#1601=B_SPLINE_CURVE_WITH_KNOTS('',2,(#1598,#1599,#1600),.UNSPECIFIED.,.F.,.F.,(3,3),(0.,1.),.UNSPECIFIED.);
#1602=EDGE_CURVE('',#1589,#1597,#1601,.T.);
#1603=ORIENTED_EDGE('',*,*,#1602,.T.);
#1604=CARTESIAN_POINT('',(-0.35073866,101.151926365,10.8000254));
#1605=VERTEX_POINT('',#1604);
#1606=CARTESIAN_POINT('',(3.019800794,95.313897519,10.8000254));
#1607=DIRECTION('',(-0.499994652,0.866028492,0.));
#1608=VECTOR('',#1607,6.741151015);
#1609=LINE('',#1606,#1608);
#1610=EDGE_CURVE('',#1597,#1605,#1609,.T.);
#1611=ORIENTED_EDGE('',*,*,#1610,.T.);
#1612=CARTESIAN_POINT('',(-5.610603948,104.067727342,10.8000254));
#1613=VERTEX_POINT('',#1612);
#1614=CARTESIAN_POINT('',(-0.35073866,101.151926365,10.8000254));
#1615=CARTESIAN_POINT('',(-1.119932101,102.508742258,10.8000254));
#1616=CARTESIAN_POINT('',(-2.536369369,103.294135878,10.8000254));
#1617=CARTESIAN_POINT('',(-3.952303199,104.079250349,10.8000254));
#1618=CARTESIAN_POINT('',(-5.610603948,104.067727342,10.8000254));
#1619=B_SPLINE_CURVE_WITH_KNOTS('',2,(#1614,#1615,#1616,#1617,#1618),.UNSPECIFIED.,.F.,.F.,(3,2,3),(0.,0.5,1.),.UNSPECIFIED.);
#1620=EDGE_CURVE('',#1605,#1613,#1619,.T.);
#1621=ORIENTED_EDGE('',*,*,#1620,.T.);
#1622=CARTESIAN_POINT('',(-56.216495034,104.068352404,10.8000254));
#1623=VERTEX_POINT('',#1622);
#1624=CARTESIAN_POINT('',(-5.610603948,104.067727342,10.8000254));
#1625=DIRECTION('',(-1.,0.000012352,0.));
#1626=VECTOR('',#1625,50.60589109);
#1627=LINE('',#1624,#1626);
#1628=EDGE_CURVE('',#1613,#1623,#1627,.T.);
#1629=ORIENTED_EDGE('',*,*,#1628,.T.);
#1630=CARTESIAN_POINT('',(-60.169584937,106.196067791,10.8000254));
#1631=VERTEX_POINT('',#1630);
#1632=CARTESIAN_POINT('',(-56.216495034,104.068352404,10.8000254));
#1633=CARTESIAN_POINT('',(-57.39016193,104.060500211,10.8000254));
#1634=CARTESIAN_POINT('',(-58.449732281,104.63060587,10.8000254));
#1635=CARTESIAN_POINT('',(-59.508733117,105.2004051,10.8000254));
#1636=CARTESIAN_POINT('',(-60.169584937,106.196067791,10.8000254));
#1637=B_SPLINE_CURVE_WITH_KNOTS('',2,(#1632,#1633,#1634,#1635,#1636),.UNSPECIFIED.,.F.,.F.,(3,2,3),(0.,0.5,1.),.UNSPECIFIED.);
#1638=EDGE_CURVE('',#1623,#1631,#1637,.T.);
#1639=ORIENTED_EDGE('',*,*,#1638,.T.);
#1640=CARTESIAN_POINT('',(-60.736624124,107.038499939,10.8000254));
#1641=VERTEX_POINT('',#1640);
#1642=CARTESIAN_POINT('',(-60.169584937,106.196067791,10.8000254));
#1643=DIRECTION('',(-0.558388262,0.829579742,0.));
#1644=VECTOR('',#1643,1.015492671);
#1645=LINE('',#1642,#1644);
#1646=EDGE_CURVE('',#1631,#1641,#1645,.T.);
#1647=ORIENTED_EDGE('',*,*,#1646,.T.);
#1648=CARTESIAN_POINT('',(-62.344861608,107.904119422,10.8000254));
#1649=VERTEX_POINT('',#1648);
#1650=CARTESIAN_POINT('',(-60.736624124,107.038499939,10.8000254));
#1651=CARTESIAN_POINT('',(-61.005228449,107.4431887,10.8000254));
#1652=CARTESIAN_POINT('',(-61.436312615,107.675377571,10.8000254));
#1653=CARTESIAN_POINT('',(-61.866933493,107.907316908,10.8000254));
#1654=CARTESIAN_POINT('',(-62.344861608,107.904119422,10.8000254));
#1655=B_SPLINE_CURVE_WITH_KNOTS('',2,(#1650,#1651,#1652,#1653,#1654),.UNSPECIFIED.,.F.,.F.,(3,2,3),(0.,0.5,1.),.UNSPECIFIED.);
#1656=EDGE_CURVE('',#1641,#1649,#1655,.T.);
#1657=ORIENTED_EDGE('',*,*,#1656,.T.);
#1658=CARTESIAN_POINT('',(-133.246485616,107.904995167,10.8000254));
#1659=VERTEX_POINT('',#1658);
#1660=CARTESIAN_POINT('',(-62.344861608,107.904119422,10.8000254));
#1661=DIRECTION('',(-1.,0.000012352,0.));
#1662=VECTOR('',#1661,70.901624014);
#1663=LINE('',#1660,#1662);
#1664=EDGE_CURVE('',#1649,#1659,#1663,.T.);
#1665=ORIENTED_EDGE('',*,*,#1664,.T.);
#1666=CARTESIAN_POINT('',(-138.633685689,105.057964566,10.8000254));
#1667=VERTEX_POINT('',#1666);
#1668=CARTESIAN_POINT('',(-133.246485616,107.904995167,10.8000254));
#1669=CARTESIAN_POINT('',(-134.975917082,107.916002972,10.8000254));
#1670=CARTESIAN_POINT('',(-136.424140443,107.150836815,10.8000254));
#1671=CARTESIAN_POINT('',(-137.871847455,106.38594347,10.8000254));
#1672=CARTESIAN_POINT('',(-138.633685689,105.057964566,10.8000254));
#1673=B_SPLINE_CURVE_WITH_KNOTS('',2,(#1668,#1669,#1670,#1671,#1672),.UNSPECIFIED.,.F.,.F.,(3,2,3),(0.,0.5,1.),.UNSPECIFIED.);
#1674=EDGE_CURVE('',#1659,#1667,#1673,.T.);
#1675=ORIENTED_EDGE('',*,*,#1674,.T.);
#1676=CARTESIAN_POINT('',(-149.670012574,86.176487572,10.8000254));
#1677=VERTEX_POINT('',#1676);
#1678=CARTESIAN_POINT('',(-138.633685689,105.057964566,10.8000254));
#1679=DIRECTION('',(-0.504625874,-0.863338131,0.));
#1680=VECTOR('',#1679,21.870315146);
#1681=LINE('',#1678,#1680);
#1682=EDGE_CURVE('',#1667,#1677,#1681,.T.);
#1683=ORIENTED_EDGE('',*,*,#1682,.T.);
#1684=CARTESIAN_POINT('',(-149.670012574,86.176487572,10.8000254));
#1685=CARTESIAN_POINT('',(-150.637323478,84.52472684,10.8000254));
#1686=CARTESIAN_POINT('',(-150.635692972,82.652153838,10.8000254));
#1687=B_SPLINE_CURVE_WITH_KNOTS('',2,(#1684,#1685,#1686),.UNSPECIFIED.,.F.,.F.,(3,3),(0.,1.),.UNSPECIFIED.);
#1688=EDGE_CURVE('',#1677,#1453,#1687,.T.);
#1689=ORIENTED_EDGE('',*,*,#1688,.T.);
#1690=EDGE_LOOP('',(#1461,#1471,#1479,#1487,#1495,#1503,#1511,#1519,#1527,#1535,#1543,#1553,#1561,#1571,#1579,#1587,#1595,#1603,#1611,#1621,#1629,#1639,#1647,#1657,#1665,#1675,
#1683,#1689));
#1691=FACE_BOUND('',#1690,.T.);
#1692=ADVANCED_FACE('',(#1451,#1691),#1117,.F.);
#1693=CARTESIAN_POINT('',(-117.711700963,103.891885396,0.));
#1694=DIRECTION('',(0.,0.,1.));
#1695=DIRECTION('',(1.,0.,-0.));
#1696=AXIS2_PLACEMENT_3D('',#1693,#1694,#1695);
#1697=CYLINDRICAL_SURFACE('',#1696,2.389368379);
#1698=CARTESIAN_POINT('',(-117.712713168,106.281253561,-2.0999746));
#1699=VERTEX_POINT('',#1698);
#1700=CARTESIAN_POINT('',(-117.712713168,106.281253561,-2.0999746));
#1701=DIRECTION('',(0.,0.,1.));
#1702=VECTOR('',#1701,2.0999746);
#1703=LINE('',#1700,#1702);
#1704=EDGE_CURVE('',#1699,#883,#1703,.T.);
#1705=ORIENTED_EDGE('',*,*,#1704,.T.);
#1706=ORIENTED_EDGE('',*,*,#898,.T.);
#1707=CARTESIAN_POINT('',(-120.101069342,103.891885396,-2.0999746));
#1708=VERTEX_POINT('',#1707);
#1709=CARTESIAN_POINT('',(-120.101069342,103.891885396,0.));
#1710=DIRECTION('',(-0.,-0.,-1.));
#1711=VECTOR('',#1710,2.0999746);
#1712=LINE('',#1709,#1711);
#1713=EDGE_CURVE('',#875,#1708,#1712,.T.);
#1714=ORIENTED_EDGE('',*,*,#1713,.T.);
#1715=CARTESIAN_POINT('',(-117.711700963,103.891885396,-2.0999746));
#1716=DIRECTION('',(-0.,-0.,-1.));
#1717=DIRECTION('',(0.,-1.,0.));
#1718=AXIS2_PLACEMENT_3D('',#1715,#1716,#1717);
#1719=CIRCLE('',#1718,2.389368379);
#1720=EDGE_CURVE('',#1708,#1699,#1719,.T.);
#1721=ORIENTED_EDGE('',*,*,#1720,.T.);
#1722=EDGE_LOOP('',(#1705,#1706,#1714,#1721));
#1723=FACE_BOUND('',#1722,.T.);
#1724=ADVANCED_FACE('',(#1723),#1697,.F.);
#1725=CARTESIAN_POINT('',(-120.701069342,105.369265939,0.642373652));
#1726=DIRECTION('',(0.,0.,1.));
#1727=DIRECTION('',(0.,-1.,0.));
#1728=AXIS2_PLACEMENT_3D('',#1725,#1726,#1727);
#1729=CYLINDRICAL_SURFACE('',#1728,1.);
#1730=CARTESIAN_POINT('',(-119.701069342,105.369265939,2.9900254));
#1731=VERTEX_POINT('',#1730);
#1732=CARTESIAN_POINT('',(-119.701069342,105.369265939,10.8000254));
#1733=DIRECTION('',(-0.,-0.,-1.));
#1734=VECTOR('',#1733,7.81);
#1735=LINE('',#1732,#1734);
#1736=EDGE_CURVE('',#1197,#1731,#1735,.T.);
#1737=ORIENTED_EDGE('',*,*,#1736,.F.);
#1738=ORIENTED_EDGE('',*,*,#1203,.F.);
#1739=CARTESIAN_POINT('',(-120.701069342,104.369265939,2.9900254));
#1740=VERTEX_POINT('',#1739);
#1741=CARTESIAN_POINT('',(-120.701069342,104.369265939,2.9900254));
#1742=DIRECTION('',(0.,0.,1.));
#1743=VECTOR('',#1742,7.81);
#1744=LINE('',#1741,#1743);
#1745=EDGE_CURVE('',#1740,#1189,#1744,.T.);
#1746=ORIENTED_EDGE('',*,*,#1745,.F.);
#1747=CARTESIAN_POINT('',(-120.701069342,105.369265939,2.9900254));
#1748=DIRECTION('',(0.,0.,1.));
#1749=DIRECTION('',(0.,-1.,0.));
#1750=AXIS2_PLACEMENT_3D('',#1747,#1748,#1749);
#1751=CIRCLE('',#1750,1.);
#1752=EDGE_CURVE('',#1740,#858,#1751,.T.);
#1753=ORIENTED_EDGE('',*,*,#1752,.T.);
#1754=ORIENTED_EDGE('',*,*,#863,.F.);
#1755=ORIENTED_EDGE('',*,*,#822,.T.);
#1756=ORIENTED_EDGE('',*,*,#854,.T.);
#1757=CARTESIAN_POINT('',(-120.701069342,105.369265939,2.9900254));
#1758=DIRECTION('',(0.,0.,1.));
#1759=DIRECTION('',(0.,-1.,0.));
#1760=AXIS2_PLACEMENT_3D('',#1757,#1758,#1759);
#1761=CIRCLE('',#1760,1.);
#1762=EDGE_CURVE('',#842,#1731,#1761,.T.);
#1763=ORIENTED_EDGE('',*,*,#1762,.T.);
#1764=EDGE_LOOP('',(#1737,#1738,#1746,#1753,#1754,#1755,#1756,#1763));
#1765=FACE_BOUND('',#1764,.T.);
#1766=ADVANCED_FACE('',(#1765),#1729,.T.);
#1767=CARTESIAN_POINT('',(-81.310051619,105.369265939,0.642373652));
#1768=DIRECTION('',(0.,0.,1.));
#1769=DIRECTION('',(0.,-1.,0.));
#1770=AXIS2_PLACEMENT_3D('',#1767,#1768,#1769);
#1771=CYLINDRICAL_SURFACE('',#1770,1.);
#1772=ORIENTED_EDGE('',*,*,#586,.F.);
#1773=ORIENTED_EDGE('',*,*,#1252,.F.);
#1774=CARTESIAN_POINT('',(-82.310051441,105.368669684,2.9900254));
#1775=VERTEX_POINT('',#1774);
#1776=CARTESIAN_POINT('',(-82.310051441,105.368669684,2.9900254));
#1777=DIRECTION('',(0.,0.,1.));
#1778=VECTOR('',#1777,7.81);
#1779=LINE('',#1776,#1778);
#1780=EDGE_CURVE('',#1775,#1240,#1779,.T.);
#1781=ORIENTED_EDGE('',*,*,#1780,.F.);
#1782=CARTESIAN_POINT('',(-81.310051619,105.369265939,2.9900254));
#1783=DIRECTION('',(0.,0.,1.));
#1784=DIRECTION('',(0.,-1.,0.));
#1785=AXIS2_PLACEMENT_3D('',#1782,#1783,#1784);
#1786=CIRCLE('',#1785,1.);
#1787=EDGE_CURVE('',#1775,#341,#1786,.T.);
#1788=ORIENTED_EDGE('',*,*,#1787,.T.);
#1789=ORIENTED_EDGE('',*,*,#349,.T.);
#1790=ORIENTED_EDGE('',*,*,#522,.T.);
#1791=EDGE_LOOP('',(#1772,#1773,#1781,#1788,#1789,#1790));
#1792=FACE_BOUND('',#1791,.T.);
#1793=ADVANCED_FACE('',(#1792),#1771,.T.);
#1794=CARTESIAN_POINT('',(-147.38022606,84.669227838,2.9900254));
#1795=DIRECTION('',(0.,0.,1.));
#1796=DIRECTION('',(0.,-1.,0.));
#1797=AXIS2_PLACEMENT_3D('',#1794,#1795,#1796);
#1798=PLANE('',#1797);
#1799=ORIENTED_EDGE('',*,*,#1762,.F.);
#1800=ORIENTED_EDGE('',*,*,#848,.F.);
#1801=CARTESIAN_POINT('',(-117.712713168,106.281253561,2.9900254));
#1802=DIRECTION('',(0.99999991,0.000423629,-0.));
#1803=VECTOR('',#1802,33.41521813);
#1804=LINE('',#1801,#1803);
#1805=EDGE_CURVE('',#840,#377,#1804,.T.);
#1806=ORIENTED_EDGE('',*,*,#1805,.T.);
#1807=ORIENTED_EDGE('',*,*,#383,.F.);
#1808=ORIENTED_EDGE('',*,*,#1787,.F.);
#1809=CARTESIAN_POINT('',(-82.310390232,105.936867527,2.9900254));
#1810=VERTEX_POINT('',#1809);
#1811=CARTESIAN_POINT('',(-82.310390232,105.936867527,2.9900254));
#1812=DIRECTION('',(0.000596255,-0.999999822,0.));
#1813=VECTOR('',#1812,0.568197945);
#1814=LINE('',#1811,#1813);
#1815=EDGE_CURVE('',#1810,#1775,#1814,.T.);
#1816=ORIENTED_EDGE('',*,*,#1815,.F.);
#1817=CARTESIAN_POINT('',(-83.310390054,106.936271273,2.9900254));
#1818=VERTEX_POINT('',#1817);
#1819=CARTESIAN_POINT('',(-83.310390054,105.936271273,2.9900254));
#1820=DIRECTION('',(0.,0.,1.));
#1821=DIRECTION('',(0.,-1.,0.));
#1822=AXIS2_PLACEMENT_3D('',#1819,#1820,#1821);
#1823=CIRCLE('',#1822,1.);
#1824=EDGE_CURVE('',#1810,#1818,#1823,.T.);
#1825=ORIENTED_EDGE('',*,*,#1824,.T.);
#1826=CARTESIAN_POINT('',(-118.701069342,106.936271273,2.9900254));
#1827=VERTEX_POINT('',#1826);
#1828=CARTESIAN_POINT('',(-118.701069342,106.936271273,2.9900254));
#1829=DIRECTION('',(1.,-0.,-0.));
#1830=VECTOR('',#1829,35.390679288);
#1831=LINE('',#1828,#1830);
#1832=EDGE_CURVE('',#1827,#1818,#1831,.T.);
#1833=ORIENTED_EDGE('',*,*,#1832,.F.);
#1834=CARTESIAN_POINT('',(-119.701069342,105.936271273,2.9900254));
#1835=VERTEX_POINT('',#1834);
#1836=CARTESIAN_POINT('',(-118.701069342,105.936271273,2.9900254));
#1837=DIRECTION('',(0.,0.,1.));
#1838=DIRECTION('',(0.,-1.,0.));
#1839=AXIS2_PLACEMENT_3D('',#1836,#1837,#1838);
#1840=CIRCLE('',#1839,1.);
#1841=EDGE_CURVE('',#1827,#1835,#1840,.T.);
#1842=ORIENTED_EDGE('',*,*,#1841,.T.);
#1843=CARTESIAN_POINT('',(-119.701069342,105.369265939,2.9900254));
#1844=DIRECTION('',(0.,1.,-0.));
#1845=VECTOR('',#1844,0.567005334);
#1846=LINE('',#1843,#1845);
#1847=EDGE_CURVE('',#1731,#1835,#1846,.T.);
#1848=ORIENTED_EDGE('',*,*,#1847,.F.);
#1849=EDGE_LOOP('',(#1799,#1800,#1806,#1807,#1808,#1816,#1825,#1833,#1842,#1848));
#1850=FACE_BOUND('',#1849,.T.);
#1851=ADVANCED_FACE('',(#1850),#1798,.T.);
#1852=CARTESIAN_POINT('',(-62.627230822,102.702260605,0.642373652));
#1853=DIRECTION('',(0.,0.,1.));
#1854=DIRECTION('',(0.,-1.,0.));
#1855=AXIS2_PLACEMENT_3D('',#1852,#1853,#1854);
#1856=CYLINDRICAL_SURFACE('',#1855,1.);
#1857=CARTESIAN_POINT('',(-62.627230822,101.702260605,2.9900254));
#1858=VERTEX_POINT('',#1857);
#1859=CARTESIAN_POINT('',(-62.627230822,101.702260605,10.8000254));
#1860=DIRECTION('',(-0.,-0.,-1.));
#1861=VECTOR('',#1860,7.81);
#1862=LINE('',#1859,#1861);
#1863=EDGE_CURVE('',#1273,#1858,#1862,.T.);
#1864=ORIENTED_EDGE('',*,*,#1863,.F.);
#1865=ORIENTED_EDGE('',*,*,#1279,.F.);
#1866=CARTESIAN_POINT('',(-63.627230822,102.702271101,2.9900254));
#1867=DIRECTION('',(0.,0.,1.));
#1868=VECTOR('',#1867,7.81);
#1869=LINE('',#1866,#1868);
#1870=EDGE_CURVE('',#541,#1265,#1869,.T.);
#1871=ORIENTED_EDGE('',*,*,#1870,.F.);
#1872=ORIENTED_EDGE('',*,*,#547,.T.);
#1873=ORIENTED_EDGE('',*,*,#273,.T.);
#1874=CARTESIAN_POINT('',(-62.627230822,102.702260605,2.9900254));
#1875=DIRECTION('',(0.,0.,1.));
#1876=DIRECTION('',(0.,-1.,0.));
#1877=AXIS2_PLACEMENT_3D('',#1874,#1875,#1876);
#1878=CIRCLE('',#1877,1.);
#1879=EDGE_CURVE('',#267,#1858,#1878,.T.);
#1880=ORIENTED_EDGE('',*,*,#1879,.T.);
#1881=EDGE_LOOP('',(#1864,#1865,#1871,#1872,#1873,#1880));
#1882=FACE_BOUND('',#1881,.T.);
#1883=ADVANCED_FACE('',(#1882),#1856,.T.);
#1884=CARTESIAN_POINT('',(-147.38022606,84.669227838,2.9900254));
#1885=DIRECTION('',(0.,0.,1.));
#1886=DIRECTION('',(0.,-1.,0.));
#1887=AXIS2_PLACEMENT_3D('',#1884,#1885,#1886);
#1888=PLANE('',#1887);
#1889=ORIENTED_EDGE('',*,*,#1879,.F.);
#1890=ORIENTED_EDGE('',*,*,#297,.F.);
#1891=CARTESIAN_POINT('',(-63.227250322,100.844500889,2.9900254));
#1892=VERTEX_POINT('',#1891);
#1893=CARTESIAN_POINT('',(-63.227244719,101.378284942,2.9900254));
#1894=DIRECTION('',(-0.000010496,-1.,0.));
#1895=VECTOR('',#1894,0.533784053);
#1896=LINE('',#1893,#1895);
#1897=EDGE_CURVE('',#291,#1892,#1896,.T.);
#1898=ORIENTED_EDGE('',*,*,#1897,.T.);
#1899=CARTESIAN_POINT('',(-38.626192101,100.844500889,2.9900254));
#1900=VERTEX_POINT('',#1899);
#1901=CARTESIAN_POINT('',(-63.227250322,100.844500889,2.9900254));
#1902=DIRECTION('',(1.,-0.,-0.));
#1903=VECTOR('',#1902,24.601058221);
#1904=LINE('',#1901,#1903);
#1905=EDGE_CURVE('',#1892,#1900,#1904,.T.);
#1906=ORIENTED_EDGE('',*,*,#1905,.T.);
#1907=CARTESIAN_POINT('',(-38.626192101,101.702260605,2.9900254));
#1908=VERTEX_POINT('',#1907);
#1909=CARTESIAN_POINT('',(-38.626192101,101.702260605,2.9900254));
#1910=DIRECTION('',(-0.,-1.,0.));
#1911=VECTOR('',#1910,0.857759716);
#1912=LINE('',#1909,#1911);
#1913=EDGE_CURVE('',#1908,#1900,#1912,.T.);
#1914=ORIENTED_EDGE('',*,*,#1913,.F.);
#1915=CARTESIAN_POINT('',(-62.627230822,101.702260605,2.9900254));
#1916=DIRECTION('',(1.,-0.,-0.));
#1917=VECTOR('',#1916,24.001038721);
#1918=LINE('',#1915,#1917);
#1919=EDGE_CURVE('',#1858,#1908,#1918,.T.);
#1920=ORIENTED_EDGE('',*,*,#1919,.F.);
#1921=EDGE_LOOP('',(#1889,#1890,#1898,#1906,#1914,#1920));
#1922=FACE_BOUND('',#1921,.T.);
#1923=ADVANCED_FACE('',(#1922),#1888,.T.);
#1924=CARTESIAN_POINT('',(-4.750106182,103.916096026,0.642373652));
#1925=DIRECTION('',(-0.866025404,-0.5,0.));
#1926=DIRECTION('',(-0.,-0.,-1.));
#1927=AXIS2_PLACEMENT_3D('',#1924,#1925,#1926);
#1928=PLANE('',#1927);
#1929=CARTESIAN_POINT('',(0.518239623,94.791053421,-0.8999746));
#1930=VERTEX_POINT('',#1929);
#1931=CARTESIAN_POINT('',(-2.027870669,99.201045809,-0.8999746));
#1932=VERTEX_POINT('',#1931);
#1933=CARTESIAN_POINT('',(0.518239623,94.791053421,-0.8999746));
#1934=DIRECTION('',(-0.5,0.866025404,-0.));
#1935=VECTOR('',#1934,5.092220584);
#1936=LINE('',#1933,#1935);
#1937=EDGE_CURVE('',#1930,#1932,#1936,.T.);
#1938=ORIENTED_EDGE('',*,*,#1937,.F.);
#1939=CARTESIAN_POINT('',(0.518239623,94.791053421,-0.8999746));
#1940=DIRECTION('',(0.,0.,1.));
#1941=VECTOR('',#1940,11.7);
#1942=LINE('',#1939,#1941);
#1943=EDGE_CURVE('',#1930,#1307,#1942,.T.);
#1944=ORIENTED_EDGE('',*,*,#1943,.T.);
#1945=ORIENTED_EDGE('',*,*,#1312,.F.);
#1946=CARTESIAN_POINT('',(-2.027870669,99.201045809,10.8000254));
#1947=DIRECTION('',(-0.,-0.,-1.));
#1948=VECTOR('',#1947,11.7);
#1949=LINE('',#1946,#1948);
#1950=EDGE_CURVE('',#1298,#1932,#1949,.T.);
#1951=ORIENTED_EDGE('',*,*,#1950,.T.);
#1952=EDGE_LOOP('',(#1938,#1944,#1945,#1951));
#1953=FACE_BOUND('',#1952,.T.);
#1954=ADVANCED_FACE('',(#1953),#1928,.T.);
#1955=CARTESIAN_POINT('',(-5.0979803,50.066060683,-1.8999746));
#1956=DIRECTION('',(0.,1.,-0.));
#1957=DIRECTION('',(-1.,0.,0.));
#1958=AXIS2_PLACEMENT_3D('',#1955,#1956,#1957);
#1959=PLANE('',#1958);
#1960=CARTESIAN_POINT('',(-5.102298976,50.066060683,-2.0999746));
#1961=VERTEX_POINT('',#1960);
#1962=CARTESIAN_POINT('',(-20.093661624,50.066060683,-2.0999746));
#1963=VERTEX_POINT('',#1962);
#1964=CARTESIAN_POINT('',(-5.102298976,50.066060683,-2.0999746));
#1965=DIRECTION('',(-1.,-0.,0.));
#1966=VECTOR('',#1965,14.991362648);
#1967=LINE('',#1964,#1966);
#1968=EDGE_CURVE('',#1961,#1963,#1967,.T.);
#1969=ORIENTED_EDGE('',*,*,#1968,.F.);
#1970=CARTESIAN_POINT('',(-5.102294038,50.066060683,0.1000254));
#1971=VERTEX_POINT('',#1970);
#1972=CARTESIAN_POINT('',(-5.102298976,50.066060683,0.1000254));
#1973=DIRECTION('',(0.,-0.,-1.));
#1974=VECTOR('',#1973,2.2);
#1975=LINE('',#1972,#1974);
#1976=EDGE_CURVE('',#1971,#1961,#1975,.T.);
#1977=ORIENTED_EDGE('',*,*,#1976,.F.);
#1978=CARTESIAN_POINT('',(-20.093666562,50.066060683,0.1000254));
#1979=VERTEX_POINT('',#1978);
#1980=CARTESIAN_POINT('',(-5.102294038,50.066060683,0.1000254));
#1981=DIRECTION('',(-1.,-0.,0.));
#1982=VECTOR('',#1981,14.991372524);
#1983=LINE('',#1980,#1982);
#1984=EDGE_CURVE('',#1971,#1979,#1983,.T.);
#1985=ORIENTED_EDGE('',*,*,#1984,.T.);
#1986=CARTESIAN_POINT('',(-20.093661624,50.066060683,0.1000254));
#1987=DIRECTION('',(-0.,-0.,-1.));
#1988=VECTOR('',#1987,2.2);
#1989=LINE('',#1986,#1988);
#1990=EDGE_CURVE('',#1979,#1963,#1989,.T.);
#1991=ORIENTED_EDGE('',*,*,#1990,.T.);
#1992=EDGE_LOOP('',(#1969,#1977,#1985,#1991));
#1993=FACE_BOUND('',#1992,.T.);
#1994=ADVANCED_FACE('',(#1993),#1959,.F.);
#1995=CARTESIAN_POINT('',(-5.102298976,51.436060683,-1.8999746));
#1996=DIRECTION('',(0.,0.,1.));
#1997=DIRECTION('',(0.,-1.,0.));
#1998=AXIS2_PLACEMENT_3D('',#1995,#1996,#1997);
#1999=CYLINDRICAL_SURFACE('',#1998,1.37);
#2000=CARTESIAN_POINT('',(-3.732298976,51.436060683,-2.0999746));
#2001=VERTEX_POINT('',#2000);
#2002=CARTESIAN_POINT('',(-5.102298976,51.436060683,-2.0999746));
#2003=DIRECTION('',(-0.,-0.,-1.));
#2004=DIRECTION('',(0.,-1.,0.));
#2005=AXIS2_PLACEMENT_3D('',#2002,#2003,#2004);
#2006=CIRCLE('',#2005,1.37);
#2007=EDGE_CURVE('',#2001,#1961,#2006,.T.);
#2008=ORIENTED_EDGE('',*,*,#2007,.F.);
#2009=CARTESIAN_POINT('',(-3.732298976,51.436060683,0.1000254));
#2010=VERTEX_POINT('',#2009);
#2011=CARTESIAN_POINT('',(-3.732298976,51.436060683,0.1000254));
#2012=DIRECTION('',(-0.,-0.,-1.));
#2013=VECTOR('',#2012,2.2);
#2014=LINE('',#2011,#2013);
#2015=EDGE_CURVE('',#2010,#2001,#2014,.T.);
#2016=ORIENTED_EDGE('',*,*,#2015,.F.);
#2017=CARTESIAN_POINT('',(-5.102298976,51.436060683,0.1000254));
#2018=DIRECTION('',(-0.,-0.,-1.));
#2019=DIRECTION('',(0.,-1.,0.));
#2020=AXIS2_PLACEMENT_3D('',#2017,#2018,#2019);
#2021=CIRCLE('',#2020,1.37);
#2022=EDGE_CURVE('',#2010,#1971,#2021,.T.);
#2023=ORIENTED_EDGE('',*,*,#2022,.T.);
#2024=ORIENTED_EDGE('',*,*,#1976,.T.);
#2025=EDGE_LOOP('',(#2008,#2016,#2023,#2024));
#2026=FACE_BOUND('',#2025,.T.);
#2027=ADVANCED_FACE('',(#2026),#1999,.T.);
#2028=CARTESIAN_POINT('',(-3.732298976,61.631742007,-1.8999746));
#2029=DIRECTION('',(-1.,0.,0.));
#2030=DIRECTION('',(0.,-1.,0.));
#2031=AXIS2_PLACEMENT_3D('',#2028,#2029,#2030);
#2032=PLANE('',#2031);
#2033=CARTESIAN_POINT('',(-3.732298976,61.631742007,-2.0999746));
#2034=VERTEX_POINT('',#2033);
#2035=CARTESIAN_POINT('',(-3.732298976,61.631742007,-2.0999746));
#2036=DIRECTION('',(-0.,-1.,0.));
#2037=VECTOR('',#2036,10.195681324);
#2038=LINE('',#2035,#2037);
#2039=EDGE_CURVE('',#2034,#2001,#2038,.T.);
#2040=ORIENTED_EDGE('',*,*,#2039,.F.);
#2041=CARTESIAN_POINT('',(-3.732298976,61.631742007,0.1000254));
#2042=VERTEX_POINT('',#2041);
#2043=CARTESIAN_POINT('',(-3.732298976,61.631742007,0.1000254));
#2044=DIRECTION('',(-0.,-0.,-1.));
#2045=VECTOR('',#2044,2.2);
#2046=LINE('',#2043,#2045);
#2047=EDGE_CURVE('',#2042,#2034,#2046,.T.);
#2048=ORIENTED_EDGE('',*,*,#2047,.F.);
#2049=CARTESIAN_POINT('',(-3.732298976,61.631742007,0.1000254));
#2050=DIRECTION('',(-0.,-1.,0.));
#2051=VECTOR('',#2050,10.195681324);
#2052=LINE('',#2049,#2051);
#2053=EDGE_CURVE('',#2042,#2010,#2052,.T.);
#2054=ORIENTED_EDGE('',*,*,#2053,.T.);
#2055=ORIENTED_EDGE('',*,*,#2015,.T.);
#2056=EDGE_LOOP('',(#2040,#2048,#2054,#2055));
#2057=FACE_BOUND('',#2056,.T.);
#2058=ADVANCED_FACE('',(#2057),#2032,.F.);
#2059=CARTESIAN_POINT('',(-5.0979803,62.997423331,-1.8999746));
#2060=CARTESIAN_POINT('',(-3.732298976,62.997423331,-1.8999746));
#2061=CARTESIAN_POINT('',(-3.732298976,61.631742007,-1.8999746));
#2062=(BOUNDED_CURVE()
B_SPLINE_CURVE(2,(#2059,#2060,#2061),.UNSPECIFIED.,.F.,.F.)
B_SPLINE_CURVE_WITH_KNOTS((3,3),(0.,1.),.UNSPECIFIED.)
CURVE()
GEOMETRIC_REPRESENTATION_ITEM()
RATIONAL_B_SPLINE_CURVE((1.,0.707106781,1.))
REPRESENTATION_ITEM(''));
#2063=DIRECTION('',(0.,0.,1.));
#2064=VECTOR('',#2063,1.);
#2065=SURFACE_OF_LINEAR_EXTRUSION('',#2062,#2064);
#2066=CARTESIAN_POINT('',(-5.0979803,62.997423331,-2.0999746));
#2067=VERTEX_POINT('',#2066);
#2068=CARTESIAN_POINT('',(-5.0979803,62.997423331,-2.0999746));
#2069=CARTESIAN_POINT('',(-5.008037795,62.997423331,-2.0999746));
#2070=CARTESIAN_POINT('',(-4.919487727,62.988624626,-2.0999746));
#2071=CARTESIAN_POINT('',(-4.832282523,62.971327827,-2.0999746));
#2072=CARTESIAN_POINT('',(-4.74507732,62.954031028,-2.0999746));
#2073=CARTESIAN_POINT('',(-4.658428909,62.927863699,-2.0999746));
#2074=CARTESIAN_POINT('',(-4.575525222,62.893536828,-2.0999746));
#2075=CARTESIAN_POINT('',(-4.492621536,62.859209957,-2.0999746));
#2076=CARTESIAN_POINT('',(-4.412970946,62.816605579,-2.0999746));
#2077=CARTESIAN_POINT('',(-4.33838916,62.766689926,-2.0999746));
#2078=CARTESIAN_POINT('',(-4.263807373,62.716774272,-2.0999746));
#2079=CARTESIAN_POINT('',(-4.195097506,62.660246397,-2.0999746));
#2080=CARTESIAN_POINT('',(-4.132127867,62.597254594,-2.0999746));
#2081=CARTESIAN_POINT('',(-4.069158229,62.534262791,-2.0999746));
#2082=CARTESIAN_POINT('',(-4.011508224,62.463980799,-2.0999746));
#2083=CARTESIAN_POINT('',(-3.961994036,62.389779398,-2.0999746));
#2084=CARTESIAN_POINT('',(-3.912479848,62.315577997,-2.0999746));
#2085=CARTESIAN_POINT('',(-3.870557292,62.237157427,-2.0999746));
#2086=CARTESIAN_POINT('',(-3.836301072,62.154476169,-2.0999746));
#2087=CARTESIAN_POINT('',(-3.802044852,62.071794912,-2.0999746));
#2088=CARTESIAN_POINT('',(-3.775814585,61.985116174,-2.0999746));
#2089=CARTESIAN_POINT('',(-3.758481811,61.897879711,-2.0999746));
#2090=CARTESIAN_POINT('',(-3.741149038,61.810643248,-2.0999746));
#2091=CARTESIAN_POINT('',(-3.732298976,61.721933145,-2.0999746));
#2092=CARTESIAN_POINT('',(-3.732298976,61.631742007,-2.0999746));
#2093=B_SPLINE_CURVE_WITH_KNOTS('',3,(#2068,#2069,#2070,#2071,#2072,#2073,#2074,#2075,#2076,#2077,#2078,#2079,#2080,#2081,#2082,#2083,#2084,#2085,#2086,#2087,#2088,#2089,#2090,#2091,#2092),.UNSPECIFIED.,.F.,.F.,(4,3,3,3,3,3,3,3,4),(0.00772546,0.007995288,0.008265115,0.008534943,0.00880477,0.009074598,0.009344425,0.009614253,0.00988408),.UNSPECIFIED.);
#2094=EDGE_CURVE('',#2067,#2034,#2093,.T.);
#2095=ORIENTED_EDGE('',*,*,#2094,.F.);
#2096=CARTESIAN_POINT('',(-5.0979803,62.997423331,0.1000254));
#2097=VERTEX_POINT('',#2096);
#2098=CARTESIAN_POINT('',(-5.0979803,62.997423331,0.1000254));
#2099=DIRECTION('',(-0.,-0.,-1.));
#2100=VECTOR('',#2099,2.2);
#2101=LINE('',#2098,#2100);
#2102=EDGE_CURVE('',#2097,#2067,#2101,.T.);
#2103=ORIENTED_EDGE('',*,*,#2102,.F.);
#2104=CARTESIAN_POINT('',(-5.0979803,62.997423331,0.1000254));
#2105=CARTESIAN_POINT('',(-5.007808283,62.997423331,0.1000254));
#2106=CARTESIAN_POINT('',(-4.91914222,62.988580533,0.1000254));
#2107=CARTESIAN_POINT('',(-4.831920622,62.971255996,0.1000254));
#2108=CARTESIAN_POINT('',(-4.744699023,62.953931458,0.1000254));
#2109=CARTESIAN_POINT('',(-4.658019808,62.927706731,0.1000254));
#2110=CARTESIAN_POINT('',(-4.575363478,62.893469844,0.1000254));
#2111=CARTESIAN_POINT('',(-4.492707148,62.859232957,0.1000254));
#2112=CARTESIAN_POINT('',(-4.414298854,62.81733075,0.1000254));
#2113=CARTESIAN_POINT('',(-4.340099912,62.767833023,0.1000254));
#2114=CARTESIAN_POINT('',(-4.265900971,62.718335295,0.1000254));
#2115=CARTESIAN_POINT('',(-4.195629095,62.66071071,0.1000254));
#2116=CARTESIAN_POINT('',(-4.132643069,62.597769702,0.1000254));
#2117=CARTESIAN_POINT('',(-4.069657042,62.534828694,0.1000254));
#2118=CARTESIAN_POINT('',(-4.013124099,62.466143158,0.1000254));
#2119=CARTESIAN_POINT('',(-3.963196182,62.391577834,0.1000254));
#2120=CARTESIAN_POINT('',(-3.913268265,62.31701251,0.1000254));
#2121=CARTESIAN_POINT('',(-3.870809368,62.2375792,0.1000254));
#2122=CARTESIAN_POINT('',(-3.836718783,62.155483225,0.1000254));
#2123=CARTESIAN_POINT('',(-3.768537613,61.991291275,0.1000254));
#2124=CARTESIAN_POINT('',(-3.732298976,61.812086041,0.1000254));
#2125=CARTESIAN_POINT('',(-3.732298976,61.631742007,0.1000254));
#2126=B_SPLINE_CURVE_WITH_KNOTS('',3,(#2104,#2105,#2106,#2107,#2108,#2109,#2110,#2111,#2112,#2113,#2114,#2115,#2116,#2117,#2118,#2119,#2120,#2121,#2122,#2123,#2124,#2125),.UNSPECIFIED.,.F.,.F.,(4,3,3,3,3,3,3,4),(0.,0.000266676,0.000533353,0.000800029,0.001066706,0.001333382,0.001600059,0.002133412),.UNSPECIFIED.);
#2127=EDGE_CURVE('',#2097,#2042,#2126,.T.);
#2128=ORIENTED_EDGE('',*,*,#2127,.T.);
#2129=ORIENTED_EDGE('',*,*,#2047,.T.);
#2130=EDGE_LOOP('',(#2095,#2103,#2128,#2129));
#2131=FACE_BOUND('',#2130,.T.);
#2132=ADVANCED_FACE('',(#2131),#2065,.F.);
#2133=CARTESIAN_POINT('',(-20.0979803,62.997423331,-1.8999746));
#2134=DIRECTION('',(0.,-1.,0.));
#2135=DIRECTION('',(1.,0.,0.));
#2136=AXIS2_PLACEMENT_3D('',#2133,#2134,#2135);
#2137=PLANE('',#2136);
#2138=CARTESIAN_POINT('',(-20.0979803,62.997423331,-2.0999746));
#2139=VERTEX_POINT('',#2138);
#2140=CARTESIAN_POINT('',(-20.0979803,62.997423331,-2.0999746));
#2141=DIRECTION('',(1.,-0.,-0.));
#2142=VECTOR('',#2141,15.);
#2143=LINE('',#2140,#2142);
#2144=EDGE_CURVE('',#2139,#2067,#2143,.T.);
#2145=ORIENTED_EDGE('',*,*,#2144,.F.);
#2146=CARTESIAN_POINT('',(-20.0979803,62.997423331,0.1000254));
#2147=VERTEX_POINT('',#2146);
#2148=CARTESIAN_POINT('',(-20.0979803,62.997423331,0.1000254));
#2149=DIRECTION('',(-0.,-0.,-1.));
#2150=VECTOR('',#2149,2.2);
#2151=LINE('',#2148,#2150);
#2152=EDGE_CURVE('',#2147,#2139,#2151,.T.);
#2153=ORIENTED_EDGE('',*,*,#2152,.F.);
#2154=CARTESIAN_POINT('',(-20.0979803,62.997423331,0.1000254));
#2155=DIRECTION('',(1.,-0.,-0.));
#2156=VECTOR('',#2155,15.);
#2157=LINE('',#2154,#2156);
#2158=EDGE_CURVE('',#2147,#2097,#2157,.T.);
#2159=ORIENTED_EDGE('',*,*,#2158,.T.);
#2160=ORIENTED_EDGE('',*,*,#2102,.T.);
#2161=EDGE_LOOP('',(#2145,#2153,#2159,#2160));
#2162=FACE_BOUND('',#2161,.T.);
#2163=ADVANCED_FACE('',(#2162),#2137,.F.);
#2164=CARTESIAN_POINT('',(-21.463661624,61.631742007,-1.8999746));
#2165=CARTESIAN_POINT('',(-21.463661624,62.997423331,-1.8999746));
#2166=CARTESIAN_POINT('',(-20.0979803,62.997423331,-1.8999746));
#2167=(BOUNDED_CURVE()
B_SPLINE_CURVE(2,(#2164,#2165,#2166),.UNSPECIFIED.,.F.,.F.)
B_SPLINE_CURVE_WITH_KNOTS((3,3),(0.,1.),.UNSPECIFIED.)
CURVE()
GEOMETRIC_REPRESENTATION_ITEM()
RATIONAL_B_SPLINE_CURVE((1.,0.707106781,1.))
REPRESENTATION_ITEM(''));
#2168=DIRECTION('',(0.,0.,1.));
#2169=VECTOR('',#2168,1.);
#2170=SURFACE_OF_LINEAR_EXTRUSION('',#2167,#2169);
#2171=CARTESIAN_POINT('',(-21.463661624,61.631742007,-2.0999746));
#2172=VERTEX_POINT('',#2171);
#2173=CARTESIAN_POINT('',(-21.463661624,61.631742007,-2.0999746));
#2174=CARTESIAN_POINT('',(-21.463661624,61.721684512,-2.0999746));
#2175=CARTESIAN_POINT('',(-21.454862919,61.81023458,-2.0999746));
#2176=CARTESIAN_POINT('',(-21.43756612,61.897439784,-2.0999746));
#2177=CARTESIAN_POINT('',(-21.420269322,61.984644987,-2.0999746));
#2178=CARTESIAN_POINT('',(-21.394101992,62.071293398,-2.0999746));
#2179=CARTESIAN_POINT('',(-21.359775121,62.154197084,-2.0999746));
#2180=CARTESIAN_POINT('',(-21.32544825,62.237100771,-2.0999746));
#2181=CARTESIAN_POINT('',(-21.282843873,62.316751361,-2.0999746));
#2182=CARTESIAN_POINT('',(-21.232928219,62.391333147,-2.0999746));
#2183=CARTESIAN_POINT('',(-21.183012565,62.465914934,-2.0999746));
#2184=CARTESIAN_POINT('',(-21.12648469,62.534624801,-2.0999746));
#2185=CARTESIAN_POINT('',(-21.063492887,62.59759444,-2.0999746));
#2186=CARTESIAN_POINT('',(-21.000501085,62.660564078,-2.0999746));
#2187=CARTESIAN_POINT('',(-20.930219092,62.718214083,-2.0999746));
#2188=CARTESIAN_POINT('',(-20.856017691,62.767728271,-2.0999746));
#2189=CARTESIAN_POINT('',(-20.781816291,62.817242459,-2.0999746));
#2190=CARTESIAN_POINT('',(-20.70339572,62.859165015,-2.0999746));
#2191=CARTESIAN_POINT('',(-20.620714462,62.893421235,-2.0999746));
#2192=CARTESIAN_POINT('',(-20.538033205,62.927677455,-2.0999746));
#2193=CARTESIAN_POINT('',(-20.451354468,62.953907722,-2.0999746));
#2194=CARTESIAN_POINT('',(-20.364118004,62.971240495,-2.0999746));
#2195=CARTESIAN_POINT('',(-20.276881541,62.988573269,-2.0999746));
#2196=CARTESIAN_POINT('',(-20.188171438,62.997423331,-2.0999746));
#2197=CARTESIAN_POINT('',(-20.0979803,62.997423331,-2.0999746));
#2198=B_SPLINE_CURVE_WITH_KNOTS('',3,(#2173,#2174,#2175,#2176,#2177,#2178,#2179,#2180,#2181,#2182,#2183,#2184,#2185,#2186,#2187,#2188,#2189,#2190,#2191,#2192,#2193,#2194,#2195,#2196,#2197),.UNSPECIFIED.,.F.,.F.,(4,3,3,3,3,3,3,3,4),(0.00772546,0.007995288,0.008265115,0.008534943,0.00880477,0.009074598,0.009344425,0.009614253,0.00988408),.UNSPECIFIED.);
#2199=EDGE_CURVE('',#2172,#2139,#2198,.T.);
#2200=ORIENTED_EDGE('',*,*,#2199,.F.);
#2201=CARTESIAN_POINT('',(-21.463661624,61.631742007,0.1000254));
#2202=VERTEX_POINT('',#2201);
#2203=CARTESIAN_POINT('',(-21.463661624,61.631742007,0.1000254));
#2204=DIRECTION('',(-0.,-0.,-1.));
#2205=VECTOR('',#2204,2.2);
#2206=LINE('',#2203,#2205);
#2207=EDGE_CURVE('',#2202,#2172,#2206,.T.);
#2208=ORIENTED_EDGE('',*,*,#2207,.F.);
#2209=CARTESIAN_POINT('',(-21.463661624,61.631742007,0.1000254));
#2210=CARTESIAN_POINT('',(-21.463661624,61.721914024,0.1000254));
#2211=CARTESIAN_POINT('',(-21.454818826,61.810580087,0.1000254));
#2212=CARTESIAN_POINT('',(-21.437494289,61.897801685,0.1000254));
#2213=CARTESIAN_POINT('',(-21.420169752,61.985023284,0.1000254));
#2214=CARTESIAN_POINT('',(-21.393945025,62.071702499,0.1000254));
#2215=CARTESIAN_POINT('',(-21.359708138,62.154358829,0.1000254));
#2216=CARTESIAN_POINT('',(-21.325471251,62.237015159,0.1000254));
#2217=CARTESIAN_POINT('',(-21.283569044,62.315423453,0.1000254));
#2218=CARTESIAN_POINT('',(-21.234071316,62.389622395,0.1000254));
#2219=CARTESIAN_POINT('',(-21.184573588,62.463821336,0.1000254));
#2220=CARTESIAN_POINT('',(-21.126949003,62.534093212,0.1000254));
#2221=CARTESIAN_POINT('',(-21.064007995,62.597079238,0.1000254));
#2222=CARTESIAN_POINT('',(-21.001066988,62.660065265,0.1000254));
#2223=CARTESIAN_POINT('',(-20.932381451,62.716598208,0.1000254));
#2224=CARTESIAN_POINT('',(-20.857816127,62.766526125,0.1000254));
#2225=CARTESIAN_POINT('',(-20.783250803,62.816454042,0.1000254));
#2226=CARTESIAN_POINT('',(-20.703817493,62.858912939,0.1000254));
#2227=CARTESIAN_POINT('',(-20.621721519,62.893003524,0.1000254));
#2228=CARTESIAN_POINT('',(-20.457529569,62.961184694,0.1000254));
#2229=CARTESIAN_POINT('',(-20.278324334,62.99742333,0.1000254));
#2230=CARTESIAN_POINT('',(-20.0979803,62.997423331,0.1000254));
#2231=B_SPLINE_CURVE_WITH_KNOTS('',3,(#2209,#2210,#2211,#2212,#2213,#2214,#2215,#2216,#2217,#2218,#2219,#2220,#2221,#2222,#2223,#2224,#2225,#2226,#2227,#2228,#2229,#2230),.UNSPECIFIED.,.F.,.F.,(4,3,3,3,3,3,3,4),(0.,0.000266676,0.000533353,0.000800029,0.001066706,0.001333382,0.001600059,0.002133412),.UNSPECIFIED.);
#2232=EDGE_CURVE('',#2202,#2147,#2231,.T.);
#2233=ORIENTED_EDGE('',*,*,#2232,.T.);
#2234=ORIENTED_EDGE('',*,*,#2152,.T.);
#2235=EDGE_LOOP('',(#2200,#2208,#2233,#2234));
#2236=FACE_BOUND('',#2235,.T.);
#2237=ADVANCED_FACE('',(#2236),#2170,.F.);
#2238=CARTESIAN_POINT('',(-21.463661624,51.631742007,-1.8999746));
#2239=DIRECTION('',(1.,0.,0.));
#2240=DIRECTION('',(0.,1.,0.));
#2241=AXIS2_PLACEMENT_3D('',#2238,#2239,#2240);
#2242=PLANE('',#2241);
#2243=CARTESIAN_POINT('',(-21.463661624,51.436060683,-2.0999746));
#2244=VERTEX_POINT('',#2243);
#2245=CARTESIAN_POINT('',(-21.463661624,51.436060683,-2.0999746));
#2246=DIRECTION('',(-0.,1.,-0.));
#2247=VECTOR('',#2246,10.195681324);
#2248=LINE('',#2245,#2247);
#2249=EDGE_CURVE('',#2244,#2172,#2248,.T.);
#2250=ORIENTED_EDGE('',*,*,#2249,.F.);
#2251=CARTESIAN_POINT('',(-21.463661624,51.436060683,0.1000254));
#2252=VERTEX_POINT('',#2251);
#2253=CARTESIAN_POINT('',(-21.463661624,51.436060683,0.1000254));
#2254=DIRECTION('',(0.,-0.,-1.));
#2255=VECTOR('',#2254,2.2);
#2256=LINE('',#2253,#2255);
#2257=EDGE_CURVE('',#2252,#2244,#2256,.T.);
#2258=ORIENTED_EDGE('',*,*,#2257,.F.);
#2259=CARTESIAN_POINT('',(-21.463661624,51.436060683,0.1000254));
#2260=DIRECTION('',(-0.,1.,-0.));
#2261=VECTOR('',#2260,10.195681324);
#2262=LINE('',#2259,#2261);
#2263=EDGE_CURVE('',#2252,#2202,#2262,.T.);
#2264=ORIENTED_EDGE('',*,*,#2263,.T.);
#2265=ORIENTED_EDGE('',*,*,#2207,.T.);
#2266=EDGE_LOOP('',(#2250,#2258,#2264,#2265));
#2267=FACE_BOUND('',#2266,.T.);
#2268=ADVANCED_FACE('',(#2267),#2242,.F.);
#2269=CARTESIAN_POINT('',(-20.093661624,51.436060683,-1.8999746));
#2270=DIRECTION('',(0.,0.,1.));
#2271=DIRECTION('',(0.,-1.,0.));
#2272=AXIS2_PLACEMENT_3D('',#2269,#2270,#2271);
#2273=CYLINDRICAL_SURFACE('',#2272,1.37);
#2274=CARTESIAN_POINT('',(-20.093661624,51.436060683,-2.0999746));
#2275=DIRECTION('',(-0.,-0.,-1.));
#2276=DIRECTION('',(0.,-1.,0.));
#2277=AXIS2_PLACEMENT_3D('',#2274,#2275,#2276);
#2278=CIRCLE('',#2277,1.37);
#2279=EDGE_CURVE('',#1963,#2244,#2278,.T.);
#2280=ORIENTED_EDGE('',*,*,#2279,.F.);
#2281=ORIENTED_EDGE('',*,*,#1990,.F.);
#2282=CARTESIAN_POINT('',(-20.093661624,51.436060683,0.1000254));
#2283=DIRECTION('',(-0.,-0.,-1.));
#2284=DIRECTION('',(0.,-1.,0.));
#2285=AXIS2_PLACEMENT_3D('',#2282,#2283,#2284);
#2286=CIRCLE('',#2285,1.37);
#2287=EDGE_CURVE('',#1979,#2252,#2286,.T.);
#2288=ORIENTED_EDGE('',*,*,#2287,.T.);
#2289=ORIENTED_EDGE('',*,*,#2257,.T.);
#2290=EDGE_LOOP('',(#2280,#2281,#2288,#2289));
#2291=FACE_BOUND('',#2290,.T.);
#2292=ADVANCED_FACE('',(#2291),#2273,.T.);
#2293=CARTESIAN_POINT('',(-77.50849115,106.936271273,0.642373652));
#2294=DIRECTION('',(0.,-1.,0.));
#2295=DIRECTION('',(0.,-0.,-1.));
#2296=AXIS2_PLACEMENT_3D('',#2293,#2294,#2295);
#2297=PLANE('',#2296);
#2298=CARTESIAN_POINT('',(-118.701069342,106.936271273,10.8000254));
#2299=DIRECTION('',(-0.,-0.,-1.));
#2300=VECTOR('',#2299,7.81);
#2301=LINE('',#2298,#2300);
#2302=EDGE_CURVE('',#1214,#1827,#2301,.T.);
#2303=ORIENTED_EDGE('',*,*,#2302,.T.);
#2304=ORIENTED_EDGE('',*,*,#1832,.T.);
#2305=CARTESIAN_POINT('',(-83.310390054,106.936271273,2.9900254));
#2306=DIRECTION('',(0.,0.,1.));
#2307=VECTOR('',#2306,7.81);
#2308=LINE('',#2305,#2307);
#2309=EDGE_CURVE('',#1818,#1223,#2308,.T.);
#2310=ORIENTED_EDGE('',*,*,#2309,.T.);
#2311=ORIENTED_EDGE('',*,*,#1228,.F.);
#2312=EDGE_LOOP('',(#2303,#2304,#2310,#2311));
#2313=FACE_BOUND('',#2312,.T.);
#2314=ADVANCED_FACE('',(#2313),#2297,.T.);
#2315=CARTESIAN_POINT('',(-85.411049869,10.944211244,0.642373652));
#2316=DIRECTION('',(0.173648178,0.984807753,-0.));
#2317=DIRECTION('',(-0.984807753,0.173648178,-0.));
#2318=AXIS2_PLACEMENT_3D('',#2315,#2316,#2317);
#2319=PLANE('',#2318);
#2320=CARTESIAN_POINT('',(-50.236350739,4.741962749,10.8000254));
#2321=DIRECTION('',(0.,-0.,-1.));
#2322=VECTOR('',#2321,7.81);
#2323=LINE('',#2320,#2322);
#2324=EDGE_CURVE('',#1418,#42,#2323,.T.);
#2325=ORIENTED_EDGE('',*,*,#2324,.T.);
#2326=ORIENTED_EDGE('',*,*,#47,.T.);
#2327=ORIENTED_EDGE('',*,*,#465,.T.);
#2328=ORIENTED_EDGE('',*,*,#687,.T.);
#2329=ORIENTED_EDGE('',*,*,#1430,.F.);
#2330=EDGE_LOOP('',(#2325,#2326,#2327,#2328,#2329));
#2331=FACE_BOUND('',#2330,.T.);
#2332=ADVANCED_FACE('',(#2331),#2319,.T.);
#2333=CARTESIAN_POINT('',(-77.50849115,6.92805524,0.642373652));
#2334=DIRECTION('',(0.,1.,-0.));
#2335=DIRECTION('',(0.,0.,1.));
#2336=AXIS2_PLACEMENT_3D('',#2333,#2334,#2335);
#2337=PLANE('',#2336);
#2338=ORIENTED_EDGE('',*,*,#753,.T.);
#2339=CARTESIAN_POINT('',(-1312.403256429,6.92805524,3.922570541));
#2340=DIRECTION('',(-0.,-1.,0.));
#2341=DIRECTION('',(1.,-0.,-0.));
#2342=AXIS2_PLACEMENT_3D('',#2339,#2340,#2341);
#2343=ELLIPSE('',#2342,2572.143234103,1.010410991);
#2344=EDGE_CURVE('',#741,#691,#2343,.T.);
#2345=ORIENTED_EDGE('',*,*,#2344,.T.);
#2346=ORIENTED_EDGE('',*,*,#696,.T.);
#2347=ORIENTED_EDGE('',*,*,#450,.T.);
#2348=EDGE_LOOP('',(#2338,#2345,#2346,#2347));
#2349=FACE_BOUND('',#2348,.T.);
#2350=ADVANCED_FACE('',(#2349),#2337,.T.);
#2351=CARTESIAN_POINT('',(-69.253304338,8.944357946,0.642373652));
#2352=DIRECTION('',(-0.173648178,0.984807753,-0.));
#2353=DIRECTION('',(-0.984807753,-0.173648178,0.));
#2354=AXIS2_PLACEMENT_3D('',#2351,#2352,#2353);
#2355=PLANE('',#2354);
#2356=ORIENTED_EDGE('',*,*,#762,.T.);
#2357=ORIENTED_EDGE('',*,*,#433,.T.);
#2358=CARTESIAN_POINT('',(-98.416592282,3.802083435,2.9900254));
#2359=DIRECTION('',(0.,0.,1.));
#2360=VECTOR('',#2359,7.81);
#2361=LINE('',#2358,#2360);
#2362=EDGE_CURVE('',#419,#1436,#2361,.T.);
#2363=ORIENTED_EDGE('',*,*,#2362,.T.);
#2364=ORIENTED_EDGE('',*,*,#1441,.F.);
#2365=EDGE_LOOP('',(#2356,#2357,#2363,#2364));
#2366=FACE_BOUND('',#2365,.T.);
#2367=ADVANCED_FACE('',(#2366),#2355,.T.);
#2368=CARTESIAN_POINT('',(-90.352008248,20.47457562,0.642373652));
#2369=DIRECTION('',(0.342020143,0.939692621,-0.));
#2370=DIRECTION('',(-0.939692621,0.342020143,-0.));
#2371=AXIS2_PLACEMENT_3D('',#2368,#2369,#2370);
#2372=PLANE('',#2371);
#2373=CARTESIAN_POINT('',(-27.328082493,-2.464257402,10.8000254));
#2374=DIRECTION('',(-0.,-0.,-1.));
#2375=VECTOR('',#2374,7.81);
#2376=LINE('',#2373,#2375);
#2377=EDGE_CURVE('',#1401,#59,#2376,.T.);
#2378=ORIENTED_EDGE('',*,*,#2377,.T.);
#2379=ORIENTED_EDGE('',*,*,#64,.T.);
#2380=CARTESIAN_POINT('',(-38.450313143,1.583903493,2.9900254));
#2381=DIRECTION('',(0.,0.,1.));
#2382=VECTOR('',#2381,7.81);
#2383=LINE('',#2380,#2382);
#2384=EDGE_CURVE('',#50,#1410,#2383,.T.);
#2385=ORIENTED_EDGE('',*,*,#2384,.T.);
#2386=ORIENTED_EDGE('',*,*,#1415,.F.);
#2387=EDGE_LOOP('',(#2378,#2379,#2385,#2386));
#2388=FACE_BOUND('',#2387,.T.);
#2389=ADVANCED_FACE('',(#2388),#2372,.T.);
#2390=CARTESIAN_POINT('',(-148.38022606,55.761848833,0.642373652));
#2391=DIRECTION('',(1.,0.,0.));
#2392=DIRECTION('',(0.,0.,-1.));
#2393=AXIS2_PLACEMENT_3D('',#2390,#2391,#2392);
#2394=PLANE('',#2393);
#2395=CARTESIAN_POINT('',(-148.38022606,84.669227838,-2.0999746));
#2396=VERTEX_POINT('',#2395);
#2397=CARTESIAN_POINT('',(-148.38022606,10.756352212,-2.0999746));
#2398=VERTEX_POINT('',#2397);
#2399=CARTESIAN_POINT('',(-148.38022606,84.669227838,-2.0999746));
#2400=DIRECTION('',(-0.,-1.,0.));
#2401=VECTOR('',#2400,73.912875626);
#2402=LINE('',#2399,#2401);
#2403=EDGE_CURVE('',#2396,#2398,#2402,.T.);
#2404=ORIENTED_EDGE('',*,*,#2403,.F.);
#2405=CARTESIAN_POINT('',(-148.38022606,84.669227838,-2.0999746));
#2406=DIRECTION('',(-0.,0.,1.));
#2407=VECTOR('',#2406,12.9);
#2408=LINE('',#2405,#2407);
#2409=EDGE_CURVE('',#2396,#1138,#2408,.T.);
#2410=ORIENTED_EDGE('',*,*,#2409,.T.);
#2411=ORIENTED_EDGE('',*,*,#1143,.F.);
#2412=CARTESIAN_POINT('',(-148.38022606,10.458087376,10.8000254));
#2413=DIRECTION('',(-0.,-0.,-1.));
#2414=VECTOR('',#2413,7.81);
#2415=LINE('',#2412,#2414);
#2416=EDGE_CURVE('',#1129,#1088,#2415,.T.);
#2417=ORIENTED_EDGE('',*,*,#2416,.T.);
#2418=ORIENTED_EDGE('',*,*,#1093,.T.);
#2419=CARTESIAN_POINT('',(-148.38022606,10.756352212,-2.0999746));
#2420=DIRECTION('',(-0.,-0.,1.));
#2421=VECTOR('',#2420,5.09);
#2422=LINE('',#2419,#2421);
#2423=EDGE_CURVE('',#2398,#1080,#2422,.T.);
#2424=ORIENTED_EDGE('',*,*,#2423,.F.);
#2425=EDGE_LOOP('',(#2404,#2410,#2411,#2417,#2418,#2424));
#2426=FACE_BOUND('',#2425,.T.);
#2427=CARTESIAN_POINT('',(-148.38022606,66.831515209,3.008175077));
#2428=VERTEX_POINT('',#2427);
#2429=CARTESIAN_POINT('',(-148.38022606,60.698173492,3.009311698));
#2430=VERTEX_POINT('',#2429);
#2431=CARTESIAN_POINT('',(-148.38022606,1161.194406251,3.922570541));
#2432=DIRECTION('',(-1.,-0.,0.));
#2433=DIRECTION('',(0.,1.,0.));
#2434=AXIS2_PLACEMENT_3D('',#2431,#2432,#2433);
#2435=ELLIPSE('',#2434,2572.14323411,1.010410991);
#2436=EDGE_CURVE('',#2428,#2430,#2435,.T.);
#2437=ORIENTED_EDGE('',*,*,#2436,.T.);
#2438=CARTESIAN_POINT('',(-148.38022606,60.698173492,5.517070165));
#2439=VERTEX_POINT('',#2438);
#2440=CARTESIAN_POINT('',(-148.38022606,60.698173492,5.517070165));
#2441=DIRECTION('',(0.,0.,-1.));
#2442=VECTOR('',#2441,2.507758467);
#2443=LINE('',#2440,#2442);
#2444=EDGE_CURVE('',#2439,#2430,#2443,.T.);
#2445=ORIENTED_EDGE('',*,*,#2444,.F.);
#2446=CARTESIAN_POINT('',(-148.38022606,66.831515209,5.5180937));
#2447=VERTEX_POINT('',#2446);
#2448=CARTESIAN_POINT('',(-148.38022606,1161.194406251,4.502790987));
#2449=DIRECTION('',(1.,0.,-0.));
#2450=DIRECTION('',(0.,1.,0.));
#2451=AXIS2_PLACEMENT_3D('',#2448,#2449,#2450);
#2452=ELLIPSE('',#2451,2806.735753666,1.102565603);
#2453=EDGE_CURVE('',#2447,#2439,#2452,.T.);
#2454=ORIENTED_EDGE('',*,*,#2453,.F.);
#2455=CARTESIAN_POINT('',(-148.38022606,66.831515209,5.5180937));
#2456=DIRECTION('',(0.,0.,-1.));
#2457=VECTOR('',#2456,2.509918623);
#2458=LINE('',#2455,#2457);
#2459=EDGE_CURVE('',#2447,#2428,#2458,.T.);
#2460=ORIENTED_EDGE('',*,*,#2459,.T.);
#2461=EDGE_LOOP('',(#2437,#2445,#2454,#2460));
#2462=FACE_BOUND('',#2461,.T.);
#2463=CARTESIAN_POINT('',(-148.38022606,25.479979568,5.5180937));
#2464=VERTEX_POINT('',#2463);
#2465=CARTESIAN_POINT('',(-148.38022606,25.479979568,3.008175077));
#2466=VERTEX_POINT('',#2465);
#2467=CARTESIAN_POINT('',(-148.38022606,25.479979568,5.5180937));
#2468=DIRECTION('',(0.,0.,-1.));
#2469=VECTOR('',#2468,2.509918623);
#2470=LINE('',#2467,#2469);
#2471=EDGE_CURVE('',#2464,#2466,#2470,.T.);
#2472=ORIENTED_EDGE('',*,*,#2471,.T.);
#2473=CARTESIAN_POINT('',(-148.38022606,19.353261315,3.009310466));
#2474=VERTEX_POINT('',#2473);
#2475=CARTESIAN_POINT('',(-148.38022606,1119.842870612,3.922570541));
#2476=DIRECTION('',(-1.,-0.,0.));
#2477=DIRECTION('',(0.,1.,0.));
#2478=AXIS2_PLACEMENT_3D('',#2475,#2476,#2477);
#2479=ELLIPSE('',#2478,2572.143234117,1.010410991);
#2480=EDGE_CURVE('',#2466,#2474,#2479,.T.);
#2481=ORIENTED_EDGE('',*,*,#2480,.T.);
#2482=CARTESIAN_POINT('',(-148.38022606,19.353261315,5.517071274));
#2483=VERTEX_POINT('',#2482);
#2484=CARTESIAN_POINT('',(-148.38022606,19.353261315,5.517071274));
#2485=DIRECTION('',(0.,0.,-1.));
#2486=VECTOR('',#2485,2.507760807);
#2487=LINE('',#2484,#2486);
#2488=EDGE_CURVE('',#2483,#2474,#2487,.T.);
#2489=ORIENTED_EDGE('',*,*,#2488,.F.);
#2490=CARTESIAN_POINT('',(-148.38022606,1119.842870613,4.502790987));
#2491=DIRECTION('',(1.,0.,-0.));
#2492=DIRECTION('',(0.,1.,0.));
#2493=AXIS2_PLACEMENT_3D('',#2490,#2491,#2492);
#2494=ELLIPSE('',#2493,2806.735753674,1.102565603);
#2495=EDGE_CURVE('',#2464,#2483,#2494,.T.);
#2496=ORIENTED_EDGE('',*,*,#2495,.F.);
#2497=EDGE_LOOP('',(#2472,#2481,#2489,#2496));
#2498=FACE_BOUND('',#2497,.T.);
#2499=ADVANCED_FACE('',(#2426,#2462,#2498),#2394,.T.);
#2500=CARTESIAN_POINT('',(-25.362329443,0.012800317,1.));
#2501=DIRECTION('',(-0.939692621,0.342020143,0.));
#2502=DIRECTION('',(0.342020143,0.939692621,0.));
#2503=AXIS2_PLACEMENT_3D('',#2500,#2501,#2502);
#2504=PLANE('',#2503);
#2505=ORIENTED_EDGE('',*,*,#153,.T.);
#2506=ORIENTED_EDGE('',*,*,#90,.T.);
#2507=CARTESIAN_POINT('',(-26.046369729,-1.866584924,2.9900254));
#2508=DIRECTION('',(0.,0.,1.));
#2509=VECTOR('',#2508,7.81);
#2510=LINE('',#2507,#2509);
#2511=EDGE_CURVE('',#76,#1384,#2510,.T.);
#2512=ORIENTED_EDGE('',*,*,#2511,.T.);
#2513=ORIENTED_EDGE('',*,*,#1389,.F.);
#2514=CARTESIAN_POINT('',(-20.197815722,14.202185146,10.8000254));
#2515=DIRECTION('',(-0.,-0.,-1.));
#2516=VECTOR('',#2515,7.81);
#2517=LINE('',#2514,#2516);
#2518=EDGE_CURVE('',#1375,#148,#2517,.T.);
#2519=ORIENTED_EDGE('',*,*,#2518,.T.);
#2520=EDGE_LOOP('',(#2505,#2506,#2512,#2513,#2519));
#2521=FACE_BOUND('',#2520,.T.);
#2522=ADVANCED_FACE('',(#2521),#2504,.T.);
#2523=CARTESIAN_POINT('',(-77.50849115,101.702260605,0.642373652));
#2524=DIRECTION('',(0.,-1.,0.));
#2525=DIRECTION('',(0.,-0.,-1.));
#2526=AXIS2_PLACEMENT_3D('',#2523,#2524,#2525);
#2527=PLANE('',#2526);
#2528=CARTESIAN_POINT('',(-18.748948406,101.702260605,0.990027475));
#2529=VERTEX_POINT('',#2528);
#2530=CARTESIAN_POINT('',(-12.30894847,101.702260605,0.990027475));
#2531=VERTEX_POINT('',#2530);
#2532=CARTESIAN_POINT('',(-18.748948406,101.702260605,0.990027475));
#2533=DIRECTION('',(1.,0.,0.));
#2534=VECTOR('',#2533,6.439999936);
#2535=LINE('',#2532,#2534);
#2536=EDGE_CURVE('',#2529,#2531,#2535,.T.);
#2537=ORIENTED_EDGE('',*,*,#2536,.F.);
#2538=CARTESIAN_POINT('',(-19.998948394,101.702260605,2.240027463));
#2539=VERTEX_POINT('',#2538);
#2540=CARTESIAN_POINT('',(-19.998948394,101.702260605,2.240027463));
#2541=CARTESIAN_POINT('',(-19.998948394,101.702260605,2.157493553));
#2542=CARTESIAN_POINT('',(-19.990854633,101.702260605,2.076338033));
#2543=CARTESIAN_POINT('',(-19.974997588,101.702260605,1.996504623));
#2544=CARTESIAN_POINT('',(-19.959140542,101.702260605,1.916671213));
#2545=CARTESIAN_POINT('',(-19.935137205,101.702260605,1.837334243));
#2546=CARTESIAN_POINT('',(-19.903800386,101.702260605,1.761679396));
#2547=CARTESIAN_POINT('',(-19.872463567,101.702260605,1.686024549));
#2548=CARTESIAN_POINT('',(-19.834110727,101.702260605,1.614257904));
#2549=CARTESIAN_POINT('',(-19.788805751,101.702260605,1.546344054));
#2550=CARTESIAN_POINT('',(-19.743500775,101.702260605,1.478430205));
#2551=CARTESIAN_POINT('',(-19.690757326,101.702260605,1.414110762));
#2552=CARTESIAN_POINT('',(-19.633147778,101.702260605,1.356460012));
#2553=CARTESIAN_POINT('',(-19.575538229,101.702260605,1.298809262));
#2554=CARTESIAN_POINT('',(-19.512670745,101.702260605,1.247064985));
#2555=CARTESIAN_POINT('',(-19.444421523,101.702260605,1.201366251));
#2556=CARTESIAN_POINT('',(-19.376172301,101.702260605,1.155667518));
#2557=CARTESIAN_POINT('',(-19.303467689,101.702260605,1.116805276));
#2558=CARTESIAN_POINT('',(-19.228325886,101.702260605,1.085602411));
#2559=CARTESIAN_POINT('',(-19.078042281,101.702260605,1.023196682));
#2560=CARTESIAN_POINT('',(-18.914017145,101.702260605,0.990027635));
#2561=CARTESIAN_POINT('',(-18.748949666,101.702260605,0.990027475));
#2562=B_SPLINE_CURVE_WITH_KNOTS('',3,(#2540,#2541,#2542,#2543,#2544,#2545,#2546,#2547,#2548,#2549,#2550,#2551,#2552,#2553,#2554,#2555,#2556,#2557,#2558,#2559,#2560,#2561),.UNSPECIFIED.,.F.,.F.,(4,3,3,3,3,3,3,4),(0.,0.000244087,0.000488175,0.000732262,0.00097635,0.001220437,0.001464524,0.001952699),.UNSPECIFIED.);
#2563=EDGE_CURVE('',#2539,#2529,#2562,.T.);
#2564=ORIENTED_EDGE('',*,*,#2563,.F.);
#2565=CARTESIAN_POINT('',(-19.998948394,101.702260605,2.900027457));
#2566=VERTEX_POINT('',#2565);
#2567=CARTESIAN_POINT('',(-19.998948394,101.702260605,2.900027457));
#2568=DIRECTION('',(-0.,-0.,-1.));
#2569=VECTOR('',#2568,0.659999993);
#2570=LINE('',#2567,#2569);
#2571=EDGE_CURVE('',#2566,#2539,#2570,.T.);
#2572=ORIENTED_EDGE('',*,*,#2571,.F.);
#2573=CARTESIAN_POINT('',(-18.748948406,101.702260605,4.150027444));
#2574=VERTEX_POINT('',#2573);
#2575=CARTESIAN_POINT('',(-18.748948406,101.702260605,4.150027444));
#2576=CARTESIAN_POINT('',(-18.831482317,101.702260605,4.150027444));
#2577=CARTESIAN_POINT('',(-18.912637836,101.702260605,4.141933684));
#2578=CARTESIAN_POINT('',(-18.992471246,101.702260605,4.126076638));
#2579=CARTESIAN_POINT('',(-19.072304656,101.702260605,4.110219592));
#2580=CARTESIAN_POINT('',(-19.151641626,101.702260605,4.086216256));
#2581=CARTESIAN_POINT('',(-19.227296473,101.702260605,4.054879437));
#2582=CARTESIAN_POINT('',(-19.30295132,101.702260605,4.023542618));
#2583=CARTESIAN_POINT('',(-19.374717965,101.702260605,3.985189777));
#2584=CARTESIAN_POINT('',(-19.442631815,101.702260605,3.939884801));
#2585=CARTESIAN_POINT('',(-19.510545664,101.702260605,3.894579826));
#2586=CARTESIAN_POINT('',(-19.574865107,101.702260605,3.841836376));
#2587=CARTESIAN_POINT('',(-19.632515857,101.702260605,3.784226828));
#2588=CARTESIAN_POINT('',(-19.690166607,101.702260605,3.72661728));
#2589=CARTESIAN_POINT('',(-19.741910885,101.702260605,3.663749795));
#2590=CARTESIAN_POINT('',(-19.787609618,101.702260605,3.595500573));
#2591=CARTESIAN_POINT('',(-19.833308351,101.702260605,3.527251351));
#2592=CARTESIAN_POINT('',(-19.872170593,101.702260605,3.454546739));
#2593=CARTESIAN_POINT('',(-19.903373458,101.702260605,3.379404937));
#2594=CARTESIAN_POINT('',(-19.965779187,101.702260605,3.229121332));
#2595=CARTESIAN_POINT('',(-19.998948234,101.702260605,3.065096195));
#2596=CARTESIAN_POINT('',(-19.998948394,101.702260605,2.900028717));
#2597=B_SPLINE_CURVE_WITH_KNOTS('',3,(#2575,#2576,#2577,#2578,#2579,#2580,#2581,#2582,#2583,#2584,#2585,#2586,#2587,#2588,#2589,#2590,#2591,#2592,#2593,#2594,#2595,#2596),.UNSPECIFIED.,.F.,.F.,(4,3,3,3,3,3,3,4),(0.,0.000244087,0.000488175,0.000732262,0.00097635,0.001220437,0.001464524,0.001952699),.UNSPECIFIED.);
#2598=EDGE_CURVE('',#2574,#2566,#2597,.T.);
#2599=ORIENTED_EDGE('',*,*,#2598,.F.);
#2600=CARTESIAN_POINT('',(-12.30894847,101.702260605,4.150027444));
#2601=VERTEX_POINT('',#2600);
#2602=CARTESIAN_POINT('',(-12.30894847,101.702260605,4.150027444));
#2603=DIRECTION('',(-1.,-0.,-0.));
#2604=VECTOR('',#2603,6.439999936);
#2605=LINE('',#2602,#2604);
#2606=EDGE_CURVE('',#2601,#2574,#2605,.T.);
#2607=ORIENTED_EDGE('',*,*,#2606,.F.);
#2608=CARTESIAN_POINT('',(-11.058948482,101.702260605,2.900027457));
#2609=VERTEX_POINT('',#2608);
#2610=CARTESIAN_POINT('',(-12.30894847,101.702260605,4.150027444));
#2611=CARTESIAN_POINT('',(-12.226414559,101.702260605,4.150027444));
#2612=CARTESIAN_POINT('',(-12.145259039,101.702260605,4.141933684));
#2613=CARTESIAN_POINT('',(-12.065425629,101.702260605,4.126076638));
#2614=CARTESIAN_POINT('',(-11.98559222,101.702260605,4.110219592));
#2615=CARTESIAN_POINT('',(-11.90625525,101.702260605,4.086216256));
#2616=CARTESIAN_POINT('',(-11.830600403,101.702260605,4.054879437));
#2617=CARTESIAN_POINT('',(-11.754945556,101.702260605,4.023542618));
#2618=CARTESIAN_POINT('',(-11.683178911,101.702260605,3.985189777));
#2619=CARTESIAN_POINT('',(-11.615265061,101.702260605,3.939884801));
#2620=CARTESIAN_POINT('',(-11.547351212,101.702260605,3.894579826));
#2621=CARTESIAN_POINT('',(-11.483031769,101.702260605,3.841836376));
#2622=CARTESIAN_POINT('',(-11.425381019,101.702260605,3.784226828));
#2623=CARTESIAN_POINT('',(-11.367730269,101.702260605,3.72661728));
#2624=CARTESIAN_POINT('',(-11.315985991,101.702260605,3.663749795));
#2625=CARTESIAN_POINT('',(-11.270287258,101.702260605,3.595500573));
#2626=CARTESIAN_POINT('',(-11.224588525,101.702260605,3.527251351));
#2627=CARTESIAN_POINT('',(-11.185726282,101.702260605,3.454546739));
#2628=CARTESIAN_POINT('',(-11.154523418,101.702260605,3.379404937));
#2629=CARTESIAN_POINT('',(-11.092117688,101.702260605,3.229121332));
#2630=CARTESIAN_POINT('',(-11.058948641,101.702260605,3.065096195));
#2631=CARTESIAN_POINT('',(-11.058948482,101.702260605,2.900028717));
#2632=B_SPLINE_CURVE_WITH_KNOTS('',3,(#2610,#2611,#2612,#2613,#2614,#2615,#2616,#2617,#2618,#2619,#2620,#2621,#2622,#2623,#2624,#2625,#2626,#2627,#2628,#2629,#2630,#2631),.UNSPECIFIED.,.F.,.F.,(4,3,3,3,3,3,3,4),(0.,0.000244087,0.000488175,0.000732262,0.00097635,0.001220437,0.001464524,0.001952699),.UNSPECIFIED.);
#2633=EDGE_CURVE('',#2601,#2609,#2632,.T.);
#2634=ORIENTED_EDGE('',*,*,#2633,.T.);
#2635=CARTESIAN_POINT('',(-11.058948482,101.702260605,2.240027463));
#2636=VERTEX_POINT('',#2635);
#2637=CARTESIAN_POINT('',(-11.058948482,101.702260605,2.900027457));
#2638=DIRECTION('',(-0.,-0.,-1.));
#2639=VECTOR('',#2638,0.659999993);
#2640=LINE('',#2637,#2639);
#2641=EDGE_CURVE('',#2609,#2636,#2640,.T.);
#2642=ORIENTED_EDGE('',*,*,#2641,.T.);
#2643=CARTESIAN_POINT('',(-11.058948482,101.702260605,2.240027463));
#2644=CARTESIAN_POINT('',(-11.058948482,101.702260605,2.157493553));
#2645=CARTESIAN_POINT('',(-11.067042243,101.702260605,2.076338033));
#2646=CARTESIAN_POINT('',(-11.082899288,101.702260605,1.996504623));
#2647=CARTESIAN_POINT('',(-11.098756334,101.702260605,1.916671213));
#2648=CARTESIAN_POINT('',(-11.122759671,101.702260605,1.837334243));
#2649=CARTESIAN_POINT('',(-11.15409649,101.702260605,1.761679396));
#2650=CARTESIAN_POINT('',(-11.185433308,101.702260605,1.686024549));
#2651=CARTESIAN_POINT('',(-11.223786149,101.702260605,1.614257904));
#2652=CARTESIAN_POINT('',(-11.269091125,101.702260605,1.546344054));
#2653=CARTESIAN_POINT('',(-11.3143961,101.702260605,1.478430205));
#2654=CARTESIAN_POINT('',(-11.36713955,101.702260605,1.414110762));
#2655=CARTESIAN_POINT('',(-11.424749098,101.702260605,1.356460012));
#2656=CARTESIAN_POINT('',(-11.482358646,101.702260605,1.298809262));
#2657=CARTESIAN_POINT('',(-11.545226131,101.702260605,1.247064985));
#2658=CARTESIAN_POINT('',(-11.613475353,101.702260605,1.201366251));
#2659=CARTESIAN_POINT('',(-11.681724575,101.702260605,1.155667518));
#2660=CARTESIAN_POINT('',(-11.754429187,101.702260605,1.116805276));
#2661=CARTESIAN_POINT('',(-11.82957099,101.702260605,1.085602411));
#2662=CARTESIAN_POINT('',(-11.979854594,101.702260605,1.023196682));
#2663=CARTESIAN_POINT('',(-12.143879731,101.702260605,0.990027635));
#2664=CARTESIAN_POINT('',(-12.308947209,101.702260605,0.990027475));
#2665=B_SPLINE_CURVE_WITH_KNOTS('',3,(#2643,#2644,#2645,#2646,#2647,#2648,#2649,#2650,#2651,#2652,#2653,#2654,#2655,#2656,#2657,#2658,#2659,#2660,#2661,#2662,#2663,#2664),.UNSPECIFIED.,.F.,.F.,(4,3,3,3,3,3,3,4),(0.,0.000244087,0.000488175,0.000732262,0.00097635,0.001220437,0.001464524,0.001952699),.UNSPECIFIED.);
#2666=EDGE_CURVE('',#2636,#2531,#2665,.T.);
#2667=ORIENTED_EDGE('',*,*,#2666,.T.);
#2668=EDGE_LOOP('',(#2537,#2564,#2572,#2599,#2607,#2634,#2642,#2667));
#2669=FACE_BOUND('',#2668,.T.);
#2670=ORIENTED_EDGE('',*,*,#1919,.T.);
#2671=CARTESIAN_POINT('',(-38.626192101,101.702260605,-2.0999746));
#2672=VERTEX_POINT('',#2671);
#2673=CARTESIAN_POINT('',(-38.626192101,101.702260605,2.9900254));
#2674=DIRECTION('',(0.,0.,-1.));
#2675=VECTOR('',#2674,5.09);
#2676=LINE('',#2673,#2675);
#2677=EDGE_CURVE('',#1908,#2672,#2676,.T.);
#2678=ORIENTED_EDGE('',*,*,#2677,.T.);
#2679=CARTESIAN_POINT('',(-6.360101777,101.702260605,-2.0999746));
#2680=VERTEX_POINT('',#2679);
#2681=CARTESIAN_POINT('',(-38.626192101,101.702260605,-2.0999746));
#2682=DIRECTION('',(1.,-0.,-0.));
#2683=VECTOR('',#2682,32.266090324);
#2684=LINE('',#2681,#2683);
#2685=EDGE_CURVE('',#2672,#2680,#2684,.T.);
#2686=ORIENTED_EDGE('',*,*,#2685,.T.);
#2687=CARTESIAN_POINT('',(-6.360101777,101.702260605,-2.0999746));
#2688=DIRECTION('',(0.,0.,1.));
#2689=VECTOR('',#2688,12.9);
#2690=LINE('',#2687,#2689);
#2691=EDGE_CURVE('',#2680,#1290,#2690,.T.);
#2692=ORIENTED_EDGE('',*,*,#2691,.T.);
#2693=ORIENTED_EDGE('',*,*,#1295,.T.);
#2694=ORIENTED_EDGE('',*,*,#1287,.F.);
#2695=ORIENTED_EDGE('',*,*,#1863,.T.);
#2696=EDGE_LOOP('',(#2670,#2678,#2686,#2692,#2693,#2694,#2695));
#2697=FACE_BOUND('',#2696,.T.);
#2698=ADVANCED_FACE('',(#2669,#2697),#2527,.T.);
#2699=CARTESIAN_POINT('',(-63.627723533,55.761703133,0.642373652));
#2700=DIRECTION('',(-1.,0.000010496,-0.));
#2701=DIRECTION('',(-0.000010496,-1.,0.));
#2702=AXIS2_PLACEMENT_3D('',#2699,#2700,#2701);
#2703=PLANE('',#2702);
#2704=CARTESIAN_POINT('',(-63.627223821,103.369255442,10.8000254));
#2705=DIRECTION('',(-0.,-0.,-1.));
#2706=VECTOR('',#2705,7.81);
#2707=LINE('',#2704,#2706);
#2708=EDGE_CURVE('',#1256,#550,#2707,.T.);
#2709=ORIENTED_EDGE('',*,*,#2708,.T.);
#2710=ORIENTED_EDGE('',*,*,#555,.T.);
#2711=ORIENTED_EDGE('',*,*,#1870,.T.);
#2712=ORIENTED_EDGE('',*,*,#1270,.F.);
#2713=EDGE_LOOP('',(#2709,#2710,#2711,#2712));
#2714=FACE_BOUND('',#2713,.T.);
#2715=ADVANCED_FACE('',(#2714),#2703,.T.);
#2716=CARTESIAN_POINT('',(-64.627223821,103.369265939,0.642373652));
#2717=DIRECTION('',(-0.,-0.,-1.));
#2718=DIRECTION('',(0.,1.,-0.));
#2719=AXIS2_PLACEMENT_3D('',#2716,#2717,#2718);
#2720=CYLINDRICAL_SURFACE('',#2719,1.);
#2721=ORIENTED_EDGE('',*,*,#564,.F.);
#2722=ORIENTED_EDGE('',*,*,#2708,.F.);
#2723=ORIENTED_EDGE('',*,*,#1262,.F.);
#2724=ORIENTED_EDGE('',*,*,#595,.F.);
#2725=EDGE_LOOP('',(#2721,#2722,#2723,#2724));
#2726=FACE_BOUND('',#2725,.T.);
#2727=ADVANCED_FACE('',(#2726),#2720,.F.);
#2728=CARTESIAN_POINT('',(-82.280471432,55.759003516,0.642373652));
#2729=DIRECTION('',(-0.999999822,-0.000596255,0.));
#2730=DIRECTION('',(0.000596255,-0.999999822,0.));
#2731=AXIS2_PLACEMENT_3D('',#2728,#2729,#2730);
#2732=PLANE('',#2731);
#2733=CARTESIAN_POINT('',(-82.310390232,105.936867527,10.8000254));
#2734=DIRECTION('',(-0.,-0.,-1.));
#2735=VECTOR('',#2734,7.81);
#2736=LINE('',#2733,#2735);
#2737=EDGE_CURVE('',#1231,#1810,#2736,.T.);
#2738=ORIENTED_EDGE('',*,*,#2737,.T.);
#2739=ORIENTED_EDGE('',*,*,#1815,.T.);
#2740=ORIENTED_EDGE('',*,*,#1780,.T.);
#2741=ORIENTED_EDGE('',*,*,#1245,.F.);
#2742=EDGE_LOOP('',(#2738,#2739,#2740,#2741));
#2743=FACE_BOUND('',#2742,.T.);
#2744=ADVANCED_FACE('',(#2743),#2732,.T.);
#2745=CARTESIAN_POINT('',(-83.310390054,105.936271273,0.642373652));
#2746=DIRECTION('',(0.,-0.,-1.));
#2747=DIRECTION('',(0.,1.,-0.));
#2748=AXIS2_PLACEMENT_3D('',#2745,#2746,#2747);
#2749=CYLINDRICAL_SURFACE('',#2748,1.);
#2750=ORIENTED_EDGE('',*,*,#1824,.F.);
#2751=ORIENTED_EDGE('',*,*,#2737,.F.);
#2752=ORIENTED_EDGE('',*,*,#1237,.F.);
#2753=ORIENTED_EDGE('',*,*,#2309,.F.);
#2754=EDGE_LOOP('',(#2750,#2751,#2752,#2753));
#2755=FACE_BOUND('',#2754,.T.);
#2756=ADVANCED_FACE('',(#2755),#2749,.F.);
#2757=CARTESIAN_POINT('',(-118.701069342,105.936271273,0.642373652));
#2758=DIRECTION('',(0.,-0.,-1.));
#2759=DIRECTION('',(0.,1.,-0.));
#2760=AXIS2_PLACEMENT_3D('',#2757,#2758,#2759);
#2761=CYLINDRICAL_SURFACE('',#2760,1.);
#2762=ORIENTED_EDGE('',*,*,#1841,.F.);
#2763=ORIENTED_EDGE('',*,*,#2302,.F.);
#2764=ORIENTED_EDGE('',*,*,#1220,.F.);
#2765=CARTESIAN_POINT('',(-119.701069342,105.936271273,2.9900254));
#2766=DIRECTION('',(0.,0.,1.));
#2767=VECTOR('',#2766,7.81);
#2768=LINE('',#2765,#2767);
#2769=EDGE_CURVE('',#1835,#1206,#2768,.T.);
#2770=ORIENTED_EDGE('',*,*,#2769,.F.);
#2771=EDGE_LOOP('',(#2762,#2763,#2764,#2770));
#2772=FACE_BOUND('',#2771,.T.);
#2773=ADVANCED_FACE('',(#2772),#2761,.F.);
#2774=CARTESIAN_POINT('',(-119.701069342,55.761848833,0.642373652));
#2775=DIRECTION('',(1.,-0.,0.));
#2776=DIRECTION('',(0.,1.,0.));
#2777=AXIS2_PLACEMENT_3D('',#2774,#2775,#2776);
#2778=PLANE('',#2777);
#2779=ORIENTED_EDGE('',*,*,#1736,.T.);
#2780=ORIENTED_EDGE('',*,*,#1847,.T.);
#2781=ORIENTED_EDGE('',*,*,#2769,.T.);
#2782=ORIENTED_EDGE('',*,*,#1211,.F.);
#2783=EDGE_LOOP('',(#2779,#2780,#2781,#2782));
#2784=FACE_BOUND('',#2783,.T.);
#2785=ADVANCED_FACE('',(#2784),#2778,.T.);
#2786=CARTESIAN_POINT('',(-77.50849115,104.369265939,0.642373652));
#2787=DIRECTION('',(0.,-1.,0.));
#2788=DIRECTION('',(0.,-0.,-1.));
#2789=AXIS2_PLACEMENT_3D('',#2786,#2787,#2788);
#2790=PLANE('',#2789);
#2791=CARTESIAN_POINT('',(-138.032207264,104.369265939,2.9900254));
#2792=VERTEX_POINT('',#2791);
#2793=CARTESIAN_POINT('',(-138.032207264,104.369265939,10.8000254));
#2794=DIRECTION('',(-0.,-0.,-1.));
#2795=VECTOR('',#2794,7.81);
#2796=LINE('',#2793,#2795);
#2797=EDGE_CURVE('',#1180,#2792,#2796,.T.);
#2798=ORIENTED_EDGE('',*,*,#2797,.T.);
#2799=CARTESIAN_POINT('',(-138.032207264,104.369265939,2.9900254));
#2800=DIRECTION('',(1.,-0.,-0.));
#2801=VECTOR('',#2800,17.331137922);
#2802=LINE('',#2799,#2801);
#2803=EDGE_CURVE('',#2792,#1740,#2802,.T.);
#2804=ORIENTED_EDGE('',*,*,#2803,.T.);
#2805=ORIENTED_EDGE('',*,*,#1745,.T.);
#2806=ORIENTED_EDGE('',*,*,#1194,.F.);
#2807=EDGE_LOOP('',(#2798,#2804,#2805,#2806));
#2808=FACE_BOUND('',#2807,.T.);
#2809=ADVANCED_FACE('',(#2808),#2790,.T.);
#2810=CARTESIAN_POINT('',(-138.032207264,103.369265939,0.642373652));
#2811=DIRECTION('',(0.,-0.,-1.));
#2812=DIRECTION('',(0.,1.,-0.));
#2813=AXIS2_PLACEMENT_3D('',#2810,#2811,#2812);
#2814=CYLINDRICAL_SURFACE('',#2813,1.);
#2815=CARTESIAN_POINT('',(-139.032207264,103.369265939,2.9900254));
#2816=VERTEX_POINT('',#2815);
#2817=CARTESIAN_POINT('',(-138.032207264,103.369265939,2.9900254));
#2818=DIRECTION('',(0.,0.,1.));
#2819=DIRECTION('',(0.,-1.,0.));
#2820=AXIS2_PLACEMENT_3D('',#2817,#2818,#2819);
#2821=CIRCLE('',#2820,1.);
#2822=EDGE_CURVE('',#2792,#2816,#2821,.T.);
#2823=ORIENTED_EDGE('',*,*,#2822,.F.);
#2824=ORIENTED_EDGE('',*,*,#2797,.F.);
#2825=ORIENTED_EDGE('',*,*,#1186,.F.);
#2826=CARTESIAN_POINT('',(-139.032207264,103.369265939,2.9900254));
#2827=DIRECTION('',(0.,0.,1.));
#2828=VECTOR('',#2827,7.81);
#2829=LINE('',#2826,#2828);
#2830=EDGE_CURVE('',#2816,#1172,#2829,.T.);
#2831=ORIENTED_EDGE('',*,*,#2830,.F.);
#2832=EDGE_LOOP('',(#2823,#2824,#2825,#2831));
#2833=FACE_BOUND('',#2832,.T.);
#2834=ADVANCED_FACE('',(#2833),#2814,.F.);
#2835=CARTESIAN_POINT('',(-139.032207264,55.761848833,0.642373652));
#2836=DIRECTION('',(1.,0.,0.));
#2837=DIRECTION('',(0.,0.,-1.));
#2838=AXIS2_PLACEMENT_3D('',#2835,#2836,#2837);
#2839=PLANE('',#2838);
#2840=CARTESIAN_POINT('',(-139.032207264,86.669227838,2.9900254));
#2841=VERTEX_POINT('',#2840);
#2842=CARTESIAN_POINT('',(-139.032207264,86.669227838,10.8000254));
#2843=DIRECTION('',(-0.,-0.,-1.));
#2844=VECTOR('',#2843,7.81);
#2845=LINE('',#2842,#2844);
#2846=EDGE_CURVE('',#1163,#2841,#2845,.T.);
#2847=ORIENTED_EDGE('',*,*,#2846,.T.);
#2848=CARTESIAN_POINT('',(-139.032207264,86.669227838,2.9900254));
#2849=DIRECTION('',(-0.,1.,-0.));
#2850=VECTOR('',#2849,16.7000381);
#2851=LINE('',#2848,#2850);
#2852=EDGE_CURVE('',#2841,#2816,#2851,.T.);
#2853=ORIENTED_EDGE('',*,*,#2852,.T.);
#2854=ORIENTED_EDGE('',*,*,#2830,.T.);
#2855=ORIENTED_EDGE('',*,*,#1177,.F.);
#2856=EDGE_LOOP('',(#2847,#2853,#2854,#2855));
#2857=FACE_BOUND('',#2856,.T.);
#2858=ADVANCED_FACE('',(#2857),#2839,.T.);
#2859=CARTESIAN_POINT('',(-140.032207264,86.669227838,0.642373652));
#2860=DIRECTION('',(0.,0.,1.));
#2861=DIRECTION('',(0.,-1.,0.));
#2862=AXIS2_PLACEMENT_3D('',#2859,#2860,#2861);
#2863=CYLINDRICAL_SURFACE('',#2862,1.);
#2864=CARTESIAN_POINT('',(-140.032207264,85.669227838,2.9900254));
#2865=VERTEX_POINT('',#2864);
#2866=CARTESIAN_POINT('',(-140.032207264,85.669227838,2.9900254));
#2867=DIRECTION('',(0.,0.,1.));
#2868=VECTOR('',#2867,7.81);
#2869=LINE('',#2866,#2868);
#2870=EDGE_CURVE('',#2865,#1155,#2869,.T.);
#2871=ORIENTED_EDGE('',*,*,#2870,.F.);
#2872=CARTESIAN_POINT('',(-140.032207264,86.669227838,2.9900254));
#2873=DIRECTION('',(0.,0.,1.));
#2874=DIRECTION('',(0.,-1.,0.));
#2875=AXIS2_PLACEMENT_3D('',#2872,#2873,#2874);
#2876=CIRCLE('',#2875,1.);
#2877=EDGE_CURVE('',#2865,#2841,#2876,.T.);
#2878=ORIENTED_EDGE('',*,*,#2877,.T.);
#2879=ORIENTED_EDGE('',*,*,#2846,.F.);
#2880=ORIENTED_EDGE('',*,*,#1169,.F.);
#2881=EDGE_LOOP('',(#2871,#2878,#2879,#2880));
#2882=FACE_BOUND('',#2881,.T.);
#2883=ADVANCED_FACE('',(#2882),#2863,.T.);
#2884=CARTESIAN_POINT('',(-62.391723176,-64.194579962,0.642373652));
#2885=DIRECTION('',(-0.,0.,1.));
#2886=DIRECTION('',(0.,-1.,0.));
#2887=AXIS2_PLACEMENT_3D('',#2884,#2885,#2886);
#2888=CYLINDRICAL_SURFACE('',#2887,70.);
#2889=ORIENTED_EDGE('',*,*,#2384,.F.);
#2890=ORIENTED_EDGE('',*,*,#56,.T.);
#2891=ORIENTED_EDGE('',*,*,#2324,.F.);
#2892=ORIENTED_EDGE('',*,*,#1424,.F.);
#2893=EDGE_LOOP('',(#2889,#2890,#2891,#2892));
#2894=FACE_BOUND('',#2893,.T.);
#2895=ADVANCED_FACE('',(#2894),#2888,.T.);
#2896=CARTESIAN_POINT('',(-98.59024046,4.786891188,0.642373652));
#2897=DIRECTION('',(0.,-0.,-1.));
#2898=DIRECTION('',(0.,1.,-0.));
#2899=AXIS2_PLACEMENT_3D('',#2896,#2897,#2898);
#2900=CYLINDRICAL_SURFACE('',#2899,1.);
#2901=ORIENTED_EDGE('',*,*,#425,.F.);
#2902=ORIENTED_EDGE('',*,*,#1058,.F.);
#2903=ORIENTED_EDGE('',*,*,#1448,.F.);
#2904=ORIENTED_EDGE('',*,*,#2362,.F.);
#2905=EDGE_LOOP('',(#2901,#2902,#2903,#2904));
#2906=FACE_BOUND('',#2905,.T.);
#2907=ADVANCED_FACE('',(#2906),#2900,.F.);
#2908=CARTESIAN_POINT('',(-35.827412334,20.955070859,13.288315321));
#2909=DIRECTION('',(0.342020143,0.939692621,-0.));
#2910=DIRECTION('',(-0.939692621,0.342020143,0.));
#2911=AXIS2_PLACEMENT_3D('',#2908,#2909,#2910);
#2912=PLANE('',#2911);
#2913=ORIENTED_EDGE('',*,*,#179,.T.);
#2914=CARTESIAN_POINT('',(-18.916102958,14.799857624,2.9900254));
#2915=DIRECTION('',(0.,0.,1.));
#2916=VECTOR('',#2915,7.81);
#2917=LINE('',#2914,#2916);
#2918=EDGE_CURVE('',#165,#1358,#2917,.T.);
#2919=ORIENTED_EDGE('',*,*,#2918,.T.);
#2920=ORIENTED_EDGE('',*,*,#1363,.T.);
#2921=CARTESIAN_POINT('',(-7.492616856,10.642048711,10.8000254));
#2922=DIRECTION('',(-0.,-0.,-1.));
#2923=VECTOR('',#2922,7.81);
#2924=LINE('',#2921,#2923);
#2925=EDGE_CURVE('',#1349,#174,#2924,.T.);
#2926=ORIENTED_EDGE('',*,*,#2925,.T.);
#2927=EDGE_LOOP('',(#2913,#2919,#2920,#2926));
#2928=FACE_BOUND('',#2927,.T.);
#2929=ADVANCED_FACE('',(#2928),#2912,.T.);
#2930=CARTESIAN_POINT('',(-77.50849115,85.669227838,0.642373652));
#2931=DIRECTION('',(0.,-1.,0.));
#2932=DIRECTION('',(0.,-0.,-1.));
#2933=AXIS2_PLACEMENT_3D('',#2930,#2931,#2932);
#2934=PLANE('',#2933);
#2935=ORIENTED_EDGE('',*,*,#1160,.F.);
#2936=CARTESIAN_POINT('',(-147.38022606,85.669227838,2.9900254));
#2937=VERTEX_POINT('',#2936);
#2938=CARTESIAN_POINT('',(-147.38022606,85.669227838,10.8000254));
#2939=DIRECTION('',(0.,-0.,-1.));
#2940=VECTOR('',#2939,7.81);
#2941=LINE('',#2938,#2940);
#2942=EDGE_CURVE('',#1146,#2937,#2941,.T.);
#2943=ORIENTED_EDGE('',*,*,#2942,.T.);
#2944=CARTESIAN_POINT('',(-140.032207264,85.669227838,2.9900254));
#2945=DIRECTION('',(-1.,-0.,0.));
#2946=VECTOR('',#2945,7.348018796);
#2947=LINE('',#2944,#2946);
#2948=EDGE_CURVE('',#2865,#2937,#2947,.T.);
#2949=ORIENTED_EDGE('',*,*,#2948,.F.);
#2950=ORIENTED_EDGE('',*,*,#2870,.T.);
#2951=EDGE_LOOP('',(#2935,#2943,#2949,#2950));
#2952=FACE_BOUND('',#2951,.T.);
#2953=ADVANCED_FACE('',(#2952),#2934,.T.);
#2954=CARTESIAN_POINT('',(-77.50849115,9.458087376,0.642373652));
#2955=DIRECTION('',(0.,1.,-0.));
#2956=DIRECTION('',(0.,0.,1.));
#2957=AXIS2_PLACEMENT_3D('',#2954,#2955,#2956);
#2958=PLANE('',#2957);
#2959=ORIENTED_EDGE('',*,*,#1018,.T.);
#2960=ORIENTED_EDGE('',*,*,#1108,.T.);
#2961=CARTESIAN_POINT('',(-147.38022606,9.458087376,2.9900254));
#2962=DIRECTION('',(0.,0.,1.));
#2963=VECTOR('',#2962,7.81);
#2964=LINE('',#2961,#2963);
#2965=EDGE_CURVE('',#1096,#1121,#2964,.T.);
#2966=ORIENTED_EDGE('',*,*,#2965,.T.);
#2967=ORIENTED_EDGE('',*,*,#1126,.F.);
#2968=EDGE_LOOP('',(#2959,#2960,#2966,#2967));
#2969=FACE_BOUND('',#2968,.T.);
#2970=ADVANCED_FACE('',(#2969),#2958,.T.);
#2971=CARTESIAN_POINT('',(-19.258123101,13.860165003,1.));
#2972=DIRECTION('',(-0.,-0.,-1.));
#2973=DIRECTION('',(0.,1.,-0.));
#2974=AXIS2_PLACEMENT_3D('',#2971,#2972,#2973);
#2975=CYLINDRICAL_SURFACE('',#2974,1.);
#2976=CARTESIAN_POINT('',(-19.258123101,14.860165003,2.9900254));
#2977=DIRECTION('',(0.,0.,1.));
#2978=VECTOR('',#2977,7.81);
#2979=LINE('',#2976,#2978);
#2980=EDGE_CURVE('',#156,#1366,#2979,.T.);
#2981=ORIENTED_EDGE('',*,*,#2980,.T.);
#2982=ORIENTED_EDGE('',*,*,#1372,.F.);
#2983=ORIENTED_EDGE('',*,*,#2918,.F.);
#2984=ORIENTED_EDGE('',*,*,#171,.T.);
#2985=EDGE_LOOP('',(#2981,#2982,#2983,#2984));
#2986=FACE_BOUND('',#2985,.T.);
#2987=ADVANCED_FACE('',(#2986),#2975,.T.);
#2988=CARTESIAN_POINT('',(-147.38022606,84.669227838,0.1000254));
#2989=DIRECTION('',(0.,0.,1.));
#2990=DIRECTION('',(0.,-1.,0.));
#2991=AXIS2_PLACEMENT_3D('',#2988,#2989,#2990);
#2992=PLANE('',#2991);
#2993=ORIENTED_EDGE('',*,*,#2263,.F.);
#2994=ORIENTED_EDGE('',*,*,#2287,.F.);
#2995=ORIENTED_EDGE('',*,*,#1984,.F.);
#2996=ORIENTED_EDGE('',*,*,#2022,.F.);
#2997=ORIENTED_EDGE('',*,*,#2053,.F.);
#2998=ORIENTED_EDGE('',*,*,#2127,.F.);
#2999=ORIENTED_EDGE('',*,*,#2158,.F.);
#3000=ORIENTED_EDGE('',*,*,#2232,.F.);
#3001=EDGE_LOOP('',(#2993,#2994,#2995,#2996,#2997,#2998,#2999,#3000));
#3002=FACE_BOUND('',#3001,.T.);
#3003=CARTESIAN_POINT('',(-19.0979803,61.631742007,0.1000254));
#3004=VERTEX_POINT('',#3003);
#3005=CARTESIAN_POINT('',(-6.0979803,61.631742007,0.1000254));
#3006=VERTEX_POINT('',#3005);
#3007=CARTESIAN_POINT('',(-19.0979803,61.631742007,0.1000254));
#3008=DIRECTION('',(1.,-0.,-0.));
#3009=VECTOR('',#3008,13.);
#3010=LINE('',#3007,#3009);
#3011=EDGE_CURVE('',#3004,#3006,#3010,.T.);
#3012=ORIENTED_EDGE('',*,*,#3011,.T.);
#3013=CARTESIAN_POINT('',(-5.0979803,60.631742007,0.1000254));
#3014=VERTEX_POINT('',#3013);
#3015=CARTESIAN_POINT('',(-6.0979803,60.631742007,0.1000254));
#3016=DIRECTION('',(-0.,-0.,-1.));
#3017=DIRECTION('',(0.,-1.,0.));
#3018=AXIS2_PLACEMENT_3D('',#3015,#3016,#3017);
#3019=CIRCLE('',#3018,1.);
#3020=EDGE_CURVE('',#3006,#3014,#3019,.T.);
#3021=ORIENTED_EDGE('',*,*,#3020,.T.);
#3022=CARTESIAN_POINT('',(-5.0979803,52.431742007,0.1000254));
#3023=VERTEX_POINT('',#3022);
#3024=CARTESIAN_POINT('',(-5.0979803,60.631742007,0.1000254));
#3025=DIRECTION('',(-0.,-1.,0.));
#3026=VECTOR('',#3025,8.2);
#3027=LINE('',#3024,#3026);
#3028=EDGE_CURVE('',#3014,#3023,#3027,.T.);
#3029=ORIENTED_EDGE('',*,*,#3028,.T.);
#3030=CARTESIAN_POINT('',(-6.0979803,51.431742007,0.1000254));
#3031=VERTEX_POINT('',#3030);
#3032=CARTESIAN_POINT('',(-6.0979803,52.431742007,0.1000254));
#3033=DIRECTION('',(-0.,-0.,-1.));
#3034=DIRECTION('',(0.,-1.,0.));
#3035=AXIS2_PLACEMENT_3D('',#3032,#3033,#3034);
#3036=CIRCLE('',#3035,1.);
#3037=EDGE_CURVE('',#3023,#3031,#3036,.T.);
#3038=ORIENTED_EDGE('',*,*,#3037,.T.);
#3039=CARTESIAN_POINT('',(-19.0979803,51.431742007,0.1000254));
#3040=VERTEX_POINT('',#3039);
#3041=CARTESIAN_POINT('',(-6.0979803,51.431742007,0.1000254));
#3042=DIRECTION('',(-1.,-0.,0.));
#3043=VECTOR('',#3042,13.);
#3044=LINE('',#3041,#3043);
#3045=EDGE_CURVE('',#3031,#3040,#3044,.T.);
#3046=ORIENTED_EDGE('',*,*,#3045,.T.);
#3047=CARTESIAN_POINT('',(-20.0979803,52.431742007,0.1000254));
#3048=VERTEX_POINT('',#3047);
#3049=CARTESIAN_POINT('',(-19.0979803,52.431742007,0.1000254));
#3050=DIRECTION('',(-0.,-0.,-1.));
#3051=DIRECTION('',(0.,-1.,0.));
#3052=AXIS2_PLACEMENT_3D('',#3049,#3050,#3051);
#3053=CIRCLE('',#3052,1.);
#3054=EDGE_CURVE('',#3040,#3048,#3053,.T.);
#3055=ORIENTED_EDGE('',*,*,#3054,.T.);
#3056=CARTESIAN_POINT('',(-20.0979803,60.631742007,0.1000254));
#3057=VERTEX_POINT('',#3056);
#3058=CARTESIAN_POINT('',(-20.0979803,52.431742007,0.1000254));
#3059=DIRECTION('',(-0.,1.,-0.));
#3060=VECTOR('',#3059,8.2);
#3061=LINE('',#3058,#3060);
#3062=EDGE_CURVE('',#3048,#3057,#3061,.T.);
#3063=ORIENTED_EDGE('',*,*,#3062,.T.);
#3064=CARTESIAN_POINT('',(-19.0979803,60.631742007,0.1000254));
#3065=DIRECTION('',(-0.,-0.,-1.));
#3066=DIRECTION('',(0.,-1.,0.));
#3067=AXIS2_PLACEMENT_3D('',#3064,#3065,#3066);
#3068=CIRCLE('',#3067,1.);
#3069=EDGE_CURVE('',#3057,#3004,#3068,.T.);
#3070=ORIENTED_EDGE('',*,*,#3069,.T.);
#3071=EDGE_LOOP('',(#3012,#3021,#3029,#3038,#3046,#3055,#3063,#3070));
#3072=FACE_BOUND('',#3071,.T.);
#3073=ADVANCED_FACE('',(#3002,#3072),#2992,.T.);
#3074=CARTESIAN_POINT('',(-19.698948397,113.609060545,0.990027475));
#3075=DIRECTION('',(0.,0.,-1.));
#3076=DIRECTION('',(0.,1.,0.));
#3077=AXIS2_PLACEMENT_3D('',#3074,#3075,#3076);
#3078=PLANE('',#3077);
#3079=CARTESIAN_POINT('',(-18.748948406,102.901383031,0.990027475));
#3080=VERTEX_POINT('',#3079);
#3081=CARTESIAN_POINT('',(-12.30894847,102.901383031,0.990027475));
#3082=VERTEX_POINT('',#3081);
#3083=CARTESIAN_POINT('',(-18.748948406,102.901383031,0.990027475));
#3084=DIRECTION('',(1.,-0.,0.));
#3085=VECTOR('',#3084,6.439999936);
#3086=LINE('',#3083,#3085);
#3087=EDGE_CURVE('',#3080,#3082,#3086,.T.);
#3088=ORIENTED_EDGE('',*,*,#3087,.F.);
#3089=CARTESIAN_POINT('',(-18.748948406,102.901383031,0.990027475));
#3090=DIRECTION('',(-0.,-1.,-0.));
#3091=VECTOR('',#3090,1.199122426);
#3092=LINE('',#3089,#3091);
#3093=EDGE_CURVE('',#3080,#2529,#3092,.T.);
#3094=ORIENTED_EDGE('',*,*,#3093,.T.);
#3095=ORIENTED_EDGE('',*,*,#2536,.T.);
#3096=CARTESIAN_POINT('',(-12.30894847,102.901383031,0.990027475));
#3097=DIRECTION('',(-0.,-1.,-0.));
#3098=VECTOR('',#3097,1.199122426);
#3099=LINE('',#3096,#3098);
#3100=EDGE_CURVE('',#3082,#2531,#3099,.T.);
#3101=ORIENTED_EDGE('',*,*,#3100,.F.);
#3102=EDGE_LOOP('',(#3088,#3094,#3095,#3101));
#3103=FACE_BOUND('',#3102,.T.);
#3104=ADVANCED_FACE('',(#3103),#3078,.F.);
#3105=CARTESIAN_POINT('',(-18.748948406,102.901383031,0.990027475));
#3106=CARTESIAN_POINT('',(-18.748948406,101.702260605,0.990027475));
#3107=CARTESIAN_POINT('',(-19.998948394,102.901383031,0.990027475));
#3108=CARTESIAN_POINT('',(-19.998948394,101.702260605,0.990027475));
#3109=CARTESIAN_POINT('',(-19.998948394,102.901383031,2.240027463));
#3110=CARTESIAN_POINT('',(-19.998948394,101.702260605,2.240027463));
#3111=(BOUNDED_SURFACE()
B_SPLINE_SURFACE(2,1,((#3105,#3106),(#3107,#3108),(#3109,#3110)),.UNSPECIFIED.,.F.,.F.,.U.)
B_SPLINE_SURFACE_WITH_KNOTS((3,3),(2,2),(180.,270.),(0.861936862,0.958462726),.UNSPECIFIED.)
GEOMETRIC_REPRESENTATION_ITEM()
RATIONAL_B_SPLINE_SURFACE(((1.,1.),(0.707106781,0.707106781),(1.,1.)))
REPRESENTATION_ITEM('')
SURFACE()
);
#3112=CARTESIAN_POINT('',(-19.998948394,102.901383031,2.240027463));
#3113=VERTEX_POINT('',#3112);
#3114=CARTESIAN_POINT('',(-19.998948394,102.901383031,2.240027463));
#3115=CARTESIAN_POINT('',(-19.998948394,102.901383031,2.157800208));
#3116=CARTESIAN_POINT('',(-19.990716615,102.901383031,2.075248848));
#3117=CARTESIAN_POINT('',(-19.974765762,102.901383031,1.995340359));
#3118=CARTESIAN_POINT('',(-19.958814909,102.901383031,1.91543187));
#3119=CARTESIAN_POINT('',(-19.935220652,102.901383031,1.837542816));
#3120=CARTESIAN_POINT('',(-19.903816083,102.901383031,1.761717294));
#3121=CARTESIAN_POINT('',(-19.841006945,102.901383031,1.610066251));
#3122=CARTESIAN_POINT('',(-19.747209596,102.901383031,1.470274168));
#3123=CARTESIAN_POINT('',(-19.631877804,102.901383031,1.355190954));
#3124=CARTESIAN_POINT('',(-19.574211908,102.901383031,1.297649347));
#3125=CARTESIAN_POINT('',(-19.511293317,102.901383031,1.246008323));
#3126=CARTESIAN_POINT('',(-19.442993937,102.901383031,1.20041178));
#3127=CARTESIAN_POINT('',(-19.374694557,102.901383031,1.154815236));
#3128=CARTESIAN_POINT('',(-19.301992526,102.901383031,1.116080442));
#3129=CARTESIAN_POINT('',(-19.226839061,102.901383031,1.084986126));
#3130=CARTESIAN_POINT('',(-19.076532131,102.901383031,1.022797493));
#3131=CARTESIAN_POINT('',(-18.912253883,102.901383031,0.990027596));
#3132=CARTESIAN_POINT('',(-18.748949327,102.901383031,0.990027475));
#3133=B_SPLINE_CURVE_WITH_KNOTS('',3,(#3114,#3115,#3116,#3117,#3118,#3119,#3120,#3121,#3122,#3123,#3124,#3125,#3126,#3127,#3128,#3129,#3130,#3131,#3132),.UNSPECIFIED.,.F.,.F.,(4,3,3,3,3,3,4),(0.007071068,0.00731775,0.007564431,0.008057795,0.008304477,0.008551158,0.009044522),.UNSPECIFIED.);
#3134=EDGE_CURVE('',#3113,#3080,#3133,.T.);
#3135=ORIENTED_EDGE('',*,*,#3134,.F.);
#3136=CARTESIAN_POINT('',(-19.998948394,102.901383031,2.240027463));
#3137=DIRECTION('',(-0.,-1.,0.));
#3138=VECTOR('',#3137,1.199122426);
#3139=LINE('',#3136,#3138);
#3140=EDGE_CURVE('',#3113,#2539,#3139,.T.);
#3141=ORIENTED_EDGE('',*,*,#3140,.T.);
#3142=ORIENTED_EDGE('',*,*,#2563,.T.);
#3143=ORIENTED_EDGE('',*,*,#3093,.F.);
#3144=EDGE_LOOP('',(#3135,#3141,#3142,#3143));
#3145=FACE_BOUND('',#3144,.T.);
#3146=ADVANCED_FACE('',(#3145),#3111,.T.);
#3147=CARTESIAN_POINT('',(-19.998948394,113.609060545,2.240027463));
#3148=DIRECTION('',(-1.,0.,0.));
#3149=DIRECTION('',(-0.,-1.,0.));
#3150=AXIS2_PLACEMENT_3D('',#3147,#3148,#3149);
#3151=PLANE('',#3150);
#3152=CARTESIAN_POINT('',(-19.998948394,102.901383031,2.900027457));
#3153=VERTEX_POINT('',#3152);
#3154=CARTESIAN_POINT('',(-19.998948394,102.901383031,2.900027457));
#3155=DIRECTION('',(0.,0.,-1.));
#3156=VECTOR('',#3155,0.659999993);
#3157=LINE('',#3154,#3156);
#3158=EDGE_CURVE('',#3153,#3113,#3157,.T.);
#3159=ORIENTED_EDGE('',*,*,#3158,.F.);
#3160=CARTESIAN_POINT('',(-19.998948394,102.901383031,2.900027457));
#3161=DIRECTION('',(-0.,-1.,0.));
#3162=VECTOR('',#3161,1.199122426);
#3163=LINE('',#3160,#3162);
#3164=EDGE_CURVE('',#3153,#2566,#3163,.T.);
#3165=ORIENTED_EDGE('',*,*,#3164,.T.);
#3166=ORIENTED_EDGE('',*,*,#2571,.T.);
#3167=ORIENTED_EDGE('',*,*,#3140,.F.);
#3168=EDGE_LOOP('',(#3159,#3165,#3166,#3167));
#3169=FACE_BOUND('',#3168,.T.);
#3170=ADVANCED_FACE('',(#3169),#3151,.F.);
#3171=CARTESIAN_POINT('',(-19.998948394,102.901383031,2.900027457));
#3172=CARTESIAN_POINT('',(-19.998948394,101.702260605,2.900027457));
#3173=CARTESIAN_POINT('',(-19.998948394,102.901383031,4.150027444));
#3174=CARTESIAN_POINT('',(-19.998948394,101.702260605,4.150027444));
#3175=CARTESIAN_POINT('',(-18.748948406,102.901383031,4.150027444));
#3176=CARTESIAN_POINT('',(-18.748948406,101.702260605,4.150027444));
#3177=(BOUNDED_SURFACE()
B_SPLINE_SURFACE(2,1,((#3171,#3172),(#3173,#3174),(#3175,#3176)),.UNSPECIFIED.,.F.,.F.,.U.)
B_SPLINE_SURFACE_WITH_KNOTS((3,3),(2,2),(90.,180.),(0.861936862,0.958462726),.UNSPECIFIED.)
GEOMETRIC_REPRESENTATION_ITEM()
RATIONAL_B_SPLINE_SURFACE(((1.,1.),(0.707106781,0.707106781),(1.,1.)))
REPRESENTATION_ITEM('')
SURFACE()
);
#3178=CARTESIAN_POINT('',(-18.748948406,102.901383031,4.150027444));
#3179=VERTEX_POINT('',#3178);
#3180=CARTESIAN_POINT('',(-18.748948406,102.901383031,4.150027444));
#3181=CARTESIAN_POINT('',(-18.831175661,102.901383031,4.150027444));
#3182=CARTESIAN_POINT('',(-18.913727021,102.901383031,4.141795666));
#3183=CARTESIAN_POINT('',(-18.99363551,102.901383031,4.125844813));
#3184=CARTESIAN_POINT('',(-19.073543999,102.901383031,4.109893959));
#3185=CARTESIAN_POINT('',(-19.151433054,102.901383031,4.086299703));
#3186=CARTESIAN_POINT('',(-19.227258575,102.901383031,4.054895133));
#3187=CARTESIAN_POINT('',(-19.378909618,102.901383031,3.992085995));
#3188=CARTESIAN_POINT('',(-19.518701701,102.901383031,3.898288646));
#3189=CARTESIAN_POINT('',(-19.633784915,102.901383031,3.782956854));
#3190=CARTESIAN_POINT('',(-19.691326523,102.901383031,3.725290958));
#3191=CARTESIAN_POINT('',(-19.742967546,102.901383031,3.662372368));
#3192=CARTESIAN_POINT('',(-19.78856409,102.901383031,3.594072988));
#3193=CARTESIAN_POINT('',(-19.834160633,102.901383031,3.525773608));
#3194=CARTESIAN_POINT('',(-19.872895427,102.901383031,3.453071576));
#3195=CARTESIAN_POINT('',(-19.903989744,102.901383031,3.377918111));
#3196=CARTESIAN_POINT('',(-19.966178376,102.901383031,3.227611181));
#3197=CARTESIAN_POINT('',(-19.998948273,102.901383031,3.063332933));
#3198=CARTESIAN_POINT('',(-19.998948394,102.901383031,2.900028377));
#3199=B_SPLINE_CURVE_WITH_KNOTS('',3,(#3180,#3181,#3182,#3183,#3184,#3185,#3186,#3187,#3188,#3189,#3190,#3191,#3192,#3193,#3194,#3195,#3196,#3197,#3198),.UNSPECIFIED.,.F.,.F.,(4,3,3,3,3,3,4),(0.007071068,0.00731775,0.007564431,0.008057795,0.008304477,0.008551158,0.009044522),.UNSPECIFIED.);
#3200=EDGE_CURVE('',#3179,#3153,#3199,.T.);
#3201=ORIENTED_EDGE('',*,*,#3200,.F.);
#3202=CARTESIAN_POINT('',(-18.748948406,102.901383031,4.150027444));
#3203=DIRECTION('',(0.,-1.,-0.));
#3204=VECTOR('',#3203,1.199122426);
#3205=LINE('',#3202,#3204);
#3206=EDGE_CURVE('',#3179,#2574,#3205,.T.);
#3207=ORIENTED_EDGE('',*,*,#3206,.T.);
#3208=ORIENTED_EDGE('',*,*,#2598,.T.);
#3209=ORIENTED_EDGE('',*,*,#3164,.F.);
#3210=EDGE_LOOP('',(#3201,#3207,#3208,#3209));
#3211=FACE_BOUND('',#3210,.T.);
#3212=ADVANCED_FACE('',(#3211),#3177,.T.);
#3213=CARTESIAN_POINT('',(-19.698948397,113.609060545,4.150027444));
#3214=DIRECTION('',(-0.,-0.,1.));
#3215=DIRECTION('',(0.,-1.,-0.));
#3216=AXIS2_PLACEMENT_3D('',#3213,#3214,#3215);
#3217=PLANE('',#3216);
#3218=CARTESIAN_POINT('',(-12.30894847,102.901383031,4.150027444));
#3219=VERTEX_POINT('',#3218);
#3220=CARTESIAN_POINT('',(-12.30894847,102.901383031,4.150027444));
#3221=DIRECTION('',(-1.,0.,0.));
#3222=VECTOR('',#3221,6.439999936);
#3223=LINE('',#3220,#3222);
#3224=EDGE_CURVE('',#3219,#3179,#3223,.T.);
#3225=ORIENTED_EDGE('',*,*,#3224,.F.);
#3226=CARTESIAN_POINT('',(-12.30894847,102.901383031,4.150027444));
#3227=DIRECTION('',(0.,-1.,-0.));
#3228=VECTOR('',#3227,1.199122426);
#3229=LINE('',#3226,#3228);
#3230=EDGE_CURVE('',#3219,#2601,#3229,.T.);
#3231=ORIENTED_EDGE('',*,*,#3230,.T.);
#3232=ORIENTED_EDGE('',*,*,#2606,.T.);
#3233=ORIENTED_EDGE('',*,*,#3206,.F.);
#3234=EDGE_LOOP('',(#3225,#3231,#3232,#3233));
#3235=FACE_BOUND('',#3234,.T.);
#3236=ADVANCED_FACE('',(#3235),#3217,.F.);
#3237=CARTESIAN_POINT('',(-12.30894847,102.901383031,4.150027444));
#3238=CARTESIAN_POINT('',(-12.30894847,101.702260605,4.150027444));
#3239=CARTESIAN_POINT('',(-11.058948482,102.901383031,4.150027444));
#3240=CARTESIAN_POINT('',(-11.058948482,101.702260605,4.150027444));
#3241=CARTESIAN_POINT('',(-11.058948482,102.901383031,2.900027457));
#3242=CARTESIAN_POINT('',(-11.058948482,101.702260605,2.900027457));
#3243=(BOUNDED_SURFACE()
B_SPLINE_SURFACE(2,1,((#3237,#3238),(#3239,#3240),(#3241,#3242)),.UNSPECIFIED.,.F.,.F.,.U.)
B_SPLINE_SURFACE_WITH_KNOTS((3,3),(2,2),(90.,180.),(0.861936862,0.958462726),.UNSPECIFIED.)
GEOMETRIC_REPRESENTATION_ITEM()
RATIONAL_B_SPLINE_SURFACE(((1.,1.),(0.707106781,0.707106781),(1.,1.)))
REPRESENTATION_ITEM('')
SURFACE()
);
#3244=ORIENTED_EDGE('',*,*,#3230,.F.);
#3245=CARTESIAN_POINT('',(-11.058948482,102.901383031,2.900027457));
#3246=VERTEX_POINT('',#3245);
#3247=CARTESIAN_POINT('',(-12.30894847,102.901383031,4.150027444));
#3248=CARTESIAN_POINT('',(-12.226721215,102.901383031,4.150027444));
#3249=CARTESIAN_POINT('',(-12.144169855,102.901383031,4.141795666));
#3250=CARTESIAN_POINT('',(-12.064261366,102.901383031,4.125844813));
#3251=CARTESIAN_POINT('',(-11.984352877,102.901383031,4.109893959));
#3252=CARTESIAN_POINT('',(-11.906463822,102.901383031,4.086299703));
#3253=CARTESIAN_POINT('',(-11.830638301,102.901383031,4.054895133));
#3254=CARTESIAN_POINT('',(-11.678987258,102.901383031,3.992085995));
#3255=CARTESIAN_POINT('',(-11.539195175,102.901383031,3.898288646));
#3256=CARTESIAN_POINT('',(-11.424111961,102.901383031,3.782956854));
#3257=CARTESIAN_POINT('',(-11.366570353,102.901383031,3.725290958));
#3258=CARTESIAN_POINT('',(-11.31492933,102.901383031,3.662372368));
#3259=CARTESIAN_POINT('',(-11.269332786,102.901383031,3.594072988));
#3260=CARTESIAN_POINT('',(-11.223736243,102.901383031,3.525773608));
#3261=CARTESIAN_POINT('',(-11.185001449,102.901383031,3.453071576));
#3262=CARTESIAN_POINT('',(-11.153907132,102.901383031,3.377918111));
#3263=CARTESIAN_POINT('',(-11.0917185,102.901383031,3.227611181));
#3264=CARTESIAN_POINT('',(-11.058948602,102.901383031,3.063332933));
#3265=CARTESIAN_POINT('',(-11.058948482,102.901383031,2.900028377));
#3266=B_SPLINE_CURVE_WITH_KNOTS('',3,(#3247,#3248,#3249,#3250,#3251,#3252,#3253,#3254,#3255,#3256,#3257,#3258,#3259,#3260,#3261,#3262,#3263,#3264,#3265),.UNSPECIFIED.,.F.,.F.,(4,3,3,3,3,3,4),(0.007071068,0.00731775,0.007564431,0.008057795,0.008304477,0.008551158,0.009044522),.UNSPECIFIED.);
#3267=EDGE_CURVE('',#3219,#3246,#3266,.T.);
#3268=ORIENTED_EDGE('',*,*,#3267,.T.);
#3269=CARTESIAN_POINT('',(-11.058948482,102.901383031,2.900027457));
#3270=DIRECTION('',(-0.,-1.,0.));
#3271=VECTOR('',#3270,1.199122426);
#3272=LINE('',#3269,#3271);
#3273=EDGE_CURVE('',#3246,#2609,#3272,.T.);
#3274=ORIENTED_EDGE('',*,*,#3273,.T.);
#3275=ORIENTED_EDGE('',*,*,#2633,.F.);
#3276=EDGE_LOOP('',(#3244,#3268,#3274,#3275));
#3277=FACE_BOUND('',#3276,.T.);
#3278=ADVANCED_FACE('',(#3277),#3243,.T.);
#3279=CARTESIAN_POINT('',(-11.058948482,113.609060545,2.240027463));
#3280=DIRECTION('',(-1.,0.,0.));
#3281=DIRECTION('',(-0.,-1.,0.));
#3282=AXIS2_PLACEMENT_3D('',#3279,#3280,#3281);
#3283=PLANE('',#3282);
#3284=ORIENTED_EDGE('',*,*,#3273,.F.);
#3285=CARTESIAN_POINT('',(-11.058948482,102.901383031,2.240027463));
#3286=VERTEX_POINT('',#3285);
#3287=CARTESIAN_POINT('',(-11.058948482,102.901383031,2.900027457));
#3288=DIRECTION('',(0.,0.,-1.));
#3289=VECTOR('',#3288,0.659999993);
#3290=LINE('',#3287,#3289);
#3291=EDGE_CURVE('',#3246,#3286,#3290,.T.);
#3292=ORIENTED_EDGE('',*,*,#3291,.T.);
#3293=CARTESIAN_POINT('',(-11.058948482,102.901383031,2.240027463));
#3294=DIRECTION('',(-0.,-1.,0.));
#3295=VECTOR('',#3294,1.199122426);
#3296=LINE('',#3293,#3295);
#3297=EDGE_CURVE('',#3286,#2636,#3296,.T.);
#3298=ORIENTED_EDGE('',*,*,#3297,.T.);
#3299=ORIENTED_EDGE('',*,*,#2641,.F.);
#3300=EDGE_LOOP('',(#3284,#3292,#3298,#3299));
#3301=FACE_BOUND('',#3300,.T.);
#3302=ADVANCED_FACE('',(#3301),#3283,.T.);
#3303=CARTESIAN_POINT('',(-11.058948482,102.901383031,2.240027463));
#3304=CARTESIAN_POINT('',(-11.058948482,101.702260605,2.240027463));
#3305=CARTESIAN_POINT('',(-11.058948482,102.901383031,0.990027475));
#3306=CARTESIAN_POINT('',(-11.058948482,101.702260605,0.990027475));
#3307=CARTESIAN_POINT('',(-12.30894847,102.901383031,0.990027475));
#3308=CARTESIAN_POINT('',(-12.30894847,101.702260605,0.990027475));
#3309=(BOUNDED_SURFACE()
B_SPLINE_SURFACE(2,1,((#3303,#3304),(#3305,#3306),(#3307,#3308)),.UNSPECIFIED.,.F.,.F.,.U.)
B_SPLINE_SURFACE_WITH_KNOTS((3,3),(2,2),(180.,270.),(0.861936862,0.958462726),.UNSPECIFIED.)
GEOMETRIC_REPRESENTATION_ITEM()
RATIONAL_B_SPLINE_SURFACE(((1.,1.),(0.707106781,0.707106781),(1.,1.)))
REPRESENTATION_ITEM('')
SURFACE()
);
#3310=ORIENTED_EDGE('',*,*,#3297,.F.);
#3311=CARTESIAN_POINT('',(-11.058948482,102.901383031,2.240027463));
#3312=CARTESIAN_POINT('',(-11.058948482,102.901383031,2.157493553));
#3313=CARTESIAN_POINT('',(-11.067042243,102.901383031,2.076338033));
#3314=CARTESIAN_POINT('',(-11.082899288,102.901383031,1.996504623));
#3315=CARTESIAN_POINT('',(-11.098756334,102.901383031,1.916671213));
#3316=CARTESIAN_POINT('',(-11.122759671,102.901383031,1.837334243));
#3317=CARTESIAN_POINT('',(-11.15409649,102.901383031,1.761679396));
#3318=CARTESIAN_POINT('',(-11.185433308,102.901383031,1.686024549));
#3319=CARTESIAN_POINT('',(-11.223786149,102.901383031,1.614257904));
#3320=CARTESIAN_POINT('',(-11.269091125,102.901383031,1.546344054));
#3321=CARTESIAN_POINT('',(-11.3143961,102.901383031,1.478430205));
#3322=CARTESIAN_POINT('',(-11.36713955,102.901383031,1.414110762));
#3323=CARTESIAN_POINT('',(-11.424749098,102.901383031,1.356460012));
#3324=CARTESIAN_POINT('',(-11.482358646,102.901383031,1.298809262));
#3325=CARTESIAN_POINT('',(-11.545226131,102.901383031,1.247064985));
#3326=CARTESIAN_POINT('',(-11.613475353,102.901383031,1.201366251));
#3327=CARTESIAN_POINT('',(-11.681724575,102.901383031,1.155667518));
#3328=CARTESIAN_POINT('',(-11.754429187,102.901383031,1.116805276));
#3329=CARTESIAN_POINT('',(-11.82957099,102.901383031,1.085602411));
#3330=CARTESIAN_POINT('',(-11.979854594,102.901383031,1.023196682));
#3331=CARTESIAN_POINT('',(-12.143879731,102.901383031,0.990027635));
#3332=CARTESIAN_POINT('',(-12.308947209,102.901383031,0.990027475));
#3333=B_SPLINE_CURVE_WITH_KNOTS('',3,(#3311,#3312,#3313,#3314,#3315,#3316,#3317,#3318,#3319,#3320,#3321,#3322,#3323,#3324,#3325,#3326,#3327,#3328,#3329,#3330,#3331,#3332),.UNSPECIFIED.,.F.,.F.,(4,3,3,3,3,3,3,4),(0.,0.000244087,0.000488175,0.000732262,0.00097635,0.001220437,0.001464524,0.001952699),.UNSPECIFIED.);
#3334=EDGE_CURVE('',#3286,#3082,#3333,.T.);
#3335=ORIENTED_EDGE('',*,*,#3334,.T.);
#3336=ORIENTED_EDGE('',*,*,#3100,.T.);
#3337=ORIENTED_EDGE('',*,*,#2666,.F.);
#3338=EDGE_LOOP('',(#3310,#3335,#3336,#3337));
#3339=FACE_BOUND('',#3338,.T.);
#3340=ADVANCED_FACE('',(#3339),#3309,.T.);
#3341=CARTESIAN_POINT('',(1.897299975,55.761848833,0.642373652));
#3342=DIRECTION('',(-1.,0.,-0.));
#3343=DIRECTION('',(-0.,-1.,0.));
#3344=AXIS2_PLACEMENT_3D('',#3341,#3342,#3343);
#3345=PLANE('',#3344);
#3346=CARTESIAN_POINT('',(1.897299975,43.866566818,-2.0999746));
#3347=VERTEX_POINT('',#3346);
#3348=CARTESIAN_POINT('',(1.897299975,43.866566818,2.9900254));
#3349=DIRECTION('',(0.,0.,-1.));
#3350=VECTOR('',#3349,5.09);
#3351=LINE('',#3348,#3350);
#3352=EDGE_CURVE('',#208,#3347,#3351,.T.);
#3353=ORIENTED_EDGE('',*,*,#3352,.F.);
#3354=ORIENTED_EDGE('',*,*,#213,.F.);
#3355=CARTESIAN_POINT('',(1.897299975,37.572349331,2.9900254));
#3356=DIRECTION('',(-0.,-0.,1.));
#3357=VECTOR('',#3356,7.81);
#3358=LINE('',#3355,#3357);
#3359=EDGE_CURVE('',#199,#1324,#3358,.T.);
#3360=ORIENTED_EDGE('',*,*,#3359,.T.);
#3361=ORIENTED_EDGE('',*,*,#1329,.F.);
#3362=CARTESIAN_POINT('',(1.897299975,89.644330121,-2.0999746));
#3363=VERTEX_POINT('',#3362);
#3364=CARTESIAN_POINT('',(1.897299975,89.644330121,10.8000254));
#3365=DIRECTION('',(-0.,-0.,-1.));
#3366=VECTOR('',#3365,12.9);
#3367=LINE('',#3364,#3366);
#3368=EDGE_CURVE('',#1315,#3363,#3367,.T.);
#3369=ORIENTED_EDGE('',*,*,#3368,.T.);
#3370=CARTESIAN_POINT('',(1.897299975,43.866566818,-2.0999746));
#3371=DIRECTION('',(0.,1.,-0.));
#3372=VECTOR('',#3371,45.777763302);
#3373=LINE('',#3370,#3372);
#3374=EDGE_CURVE('',#3347,#3363,#3373,.T.);
#3375=ORIENTED_EDGE('',*,*,#3374,.F.);
#3376=EDGE_LOOP('',(#3353,#3354,#3360,#3361,#3369,#3375));
#3377=FACE_BOUND('',#3376,.T.);
#3378=CARTESIAN_POINT('',(1.897299975,43.069844308,5.520110301));
#3379=VERTEX_POINT('',#3378);
#3380=CARTESIAN_POINT('',(1.897299975,43.069844308,3.005936454));
#3381=VERTEX_POINT('',#3380);
#3382=CARTESIAN_POINT('',(1.897299975,43.069844308,5.520110301));
#3383=DIRECTION('',(-0.,-0.,-1.));
#3384=VECTOR('',#3383,2.514173847);
#3385=LINE('',#3382,#3384);
#3386=EDGE_CURVE('',#3379,#3381,#3385,.T.);
#3387=ORIENTED_EDGE('',*,*,#3386,.T.);
#3388=CARTESIAN_POINT('',(1.897299975,49.201734239,3.007057412));
#3389=VERTEX_POINT('',#3388);
#3390=CARTESIAN_POINT('',(1.897299975,-1039.08889735,3.922570541));
#3391=DIRECTION('',(1.,-0.,0.));
#3392=DIRECTION('',(0.,1.,-0.));
#3393=AXIS2_PLACEMENT_3D('',#3390,#3391,#3392);
#3394=ELLIPSE('',#3393,2572.143241508,1.010410991);
#3395=EDGE_CURVE('',#3381,#3389,#3394,.T.);
#3396=ORIENTED_EDGE('',*,*,#3395,.T.);
#3397=CARTESIAN_POINT('',(1.897299975,49.201734239,5.519100401));
#3398=VERTEX_POINT('',#3397);
#3399=CARTESIAN_POINT('',(1.897299975,49.201734239,5.519100401));
#3400=DIRECTION('',(-0.,-0.,-1.));
#3401=VECTOR('',#3400,2.512042989);
#3402=LINE('',#3399,#3401);
#3403=EDGE_CURVE('',#3398,#3389,#3402,.T.);
#3404=ORIENTED_EDGE('',*,*,#3403,.F.);
#3405=CARTESIAN_POINT('',(1.897299975,-1039.08889735,4.502790987));
#3406=DIRECTION('',(1.,-0.,0.));
#3407=DIRECTION('',(0.,1.,-0.));
#3408=AXIS2_PLACEMENT_3D('',#3405,#3406,#3407);
#3409=ELLIPSE('',#3408,2806.735761739,1.102565603);
#3410=EDGE_CURVE('',#3398,#3379,#3409,.T.);
#3411=ORIENTED_EDGE('',*,*,#3410,.T.);
#3412=EDGE_LOOP('',(#3387,#3396,#3404,#3411));
#3413=FACE_BOUND('',#3412,.T.);
#3414=CARTESIAN_POINT('',(1.897299975,78.990015228,5.519486003));
#3415=VERTEX_POINT('',#3414);
#3416=CARTESIAN_POINT('',(1.897299975,78.990015228,3.006629375));
#3417=VERTEX_POINT('',#3416);
#3418=CARTESIAN_POINT('',(1.897299975,78.990015228,5.519486003));
#3419=DIRECTION('',(-0.,-0.,-1.));
#3420=VECTOR('',#3419,2.512856627);
#3421=LINE('',#3418,#3420);
#3422=EDGE_CURVE('',#3415,#3417,#3421,.T.);
#3423=ORIENTED_EDGE('',*,*,#3422,.T.);
#3424=CARTESIAN_POINT('',(1.897299975,85.119674268,3.007754697));
#3425=VERTEX_POINT('',#3424);
#3426=CARTESIAN_POINT('',(1.897299975,-1006.964132466,3.922570541));
#3427=DIRECTION('',(1.,-0.,0.));
#3428=DIRECTION('',(0.,1.,-0.));
#3429=AXIS2_PLACEMENT_3D('',#3426,#3427,#3428);
#3430=ELLIPSE('',#3429,2572.143241508,1.010410991);
#3431=EDGE_CURVE('',#3417,#3425,#3430,.T.);
#3432=ORIENTED_EDGE('',*,*,#3431,.T.);
#3433=CARTESIAN_POINT('',(1.897299975,85.119674268,5.518472317));
#3434=VERTEX_POINT('',#3433);
#3435=CARTESIAN_POINT('',(1.897299975,85.119674268,5.518472317));
#3436=DIRECTION('',(-0.,-0.,-1.));
#3437=VECTOR('',#3436,2.510717619);
#3438=LINE('',#3435,#3437);
#3439=EDGE_CURVE('',#3434,#3425,#3438,.T.);
#3440=ORIENTED_EDGE('',*,*,#3439,.F.);
#3441=CARTESIAN_POINT('',(1.897299975,-1006.964132466,4.502790987));
#3442=DIRECTION('',(1.,-0.,0.));
#3443=DIRECTION('',(0.,1.,-0.));
#3444=AXIS2_PLACEMENT_3D('',#3441,#3442,#3443);
#3445=ELLIPSE('',#3444,2806.735761739,1.102565603);
#3446=EDGE_CURVE('',#3434,#3415,#3445,.T.);
#3447=ORIENTED_EDGE('',*,*,#3446,.T.);
#3448=EDGE_LOOP('',(#3423,#3432,#3440,#3447));
#3449=FACE_BOUND('',#3448,.T.);
#3450=ADVANCED_FACE('',(#3377,#3413,#3449),#3345,.T.);
#3451=CARTESIAN_POINT('',(-6.360101777,96.699831013,0.642373652));
#3452=DIRECTION('',(-0.,-0.,-1.));
#3453=DIRECTION('',(0.,1.,-0.));
#3454=AXIS2_PLACEMENT_3D('',#3451,#3452,#3453);
#3455=CYLINDRICAL_SURFACE('',#3454,5.002429592);
#3456=CARTESIAN_POINT('',(-5.916270808,101.682532679,-2.0999746));
#3457=VERTEX_POINT('',#3456);
#3458=CARTESIAN_POINT('',(-6.360101777,96.699831013,-2.0999746));
#3459=DIRECTION('',(0.,0.,1.));
#3460=DIRECTION('',(0.,-1.,0.));
#3461=AXIS2_PLACEMENT_3D('',#3458,#3459,#3460);
#3462=CIRCLE('',#3461,5.002429592);
#3463=EDGE_CURVE('',#3457,#2680,#3462,.T.);
#3464=ORIENTED_EDGE('',*,*,#3463,.F.);
#3465=CARTESIAN_POINT('',(-5.916270808,101.682532679,-0.8999746));
#3466=VERTEX_POINT('',#3465);
#3467=CARTESIAN_POINT('',(-5.916270808,101.682532679,-2.0999746));
#3468=DIRECTION('',(-0.,-0.,1.));
#3469=VECTOR('',#3468,1.2);
#3470=LINE('',#3467,#3469);
#3471=EDGE_CURVE('',#3457,#3466,#3470,.T.);
#3472=ORIENTED_EDGE('',*,*,#3471,.T.);
#3473=CARTESIAN_POINT('',(-6.360101777,96.699831013,-0.8999746));
#3474=DIRECTION('',(-0.,-0.,1.));
#3475=DIRECTION('',(-1.,0.,0.));
#3476=AXIS2_PLACEMENT_3D('',#3473,#3474,#3475);
#3477=CIRCLE('',#3476,5.002429592);
#3478=EDGE_CURVE('',#1932,#3466,#3477,.T.);
#3479=ORIENTED_EDGE('',*,*,#3478,.F.);
#3480=ORIENTED_EDGE('',*,*,#1950,.F.);
#3481=ORIENTED_EDGE('',*,*,#1304,.F.);
#3482=ORIENTED_EDGE('',*,*,#2691,.F.);
#3483=EDGE_LOOP('',(#3464,#3472,#3479,#3480,#3481,#3482));
#3484=FACE_BOUND('',#3483,.T.);
#3485=ADVANCED_FACE('',(#3484),#3455,.F.);
#3486=CARTESIAN_POINT('',(-26.98606235,-1.524564781,0.642373652));
#3487=DIRECTION('',(0.,0.,1.));
#3488=DIRECTION('',(0.,-1.,0.));
#3489=AXIS2_PLACEMENT_3D('',#3486,#3487,#3488);
#3490=CYLINDRICAL_SURFACE('',#3489,1.);
#3491=CARTESIAN_POINT('',(-26.98606235,-2.524564781,10.8000254));
#3492=DIRECTION('',(-0.,-0.,-1.));
#3493=VECTOR('',#3492,7.81);
#3494=LINE('',#3491,#3493);
#3495=EDGE_CURVE('',#1392,#67,#3494,.T.);
#3496=ORIENTED_EDGE('',*,*,#3495,.F.);
#3497=ORIENTED_EDGE('',*,*,#1398,.F.);
#3498=ORIENTED_EDGE('',*,*,#2511,.F.);
#3499=ORIENTED_EDGE('',*,*,#82,.T.);
#3500=EDGE_LOOP('',(#3496,#3497,#3498,#3499));
#3501=FACE_BOUND('',#3500,.T.);
#3502=ADVANCED_FACE('',(#3501),#3490,.F.);
#3503=CARTESIAN_POINT('',(-147.38022606,10.458087376,0.642373652));
#3504=DIRECTION('',(0.,-0.,-1.));
#3505=DIRECTION('',(0.,1.,-0.));
#3506=AXIS2_PLACEMENT_3D('',#3503,#3504,#3505);
#3507=CYLINDRICAL_SURFACE('',#3506,1.);
#3508=ORIENTED_EDGE('',*,*,#2965,.F.);
#3509=ORIENTED_EDGE('',*,*,#1102,.T.);
#3510=ORIENTED_EDGE('',*,*,#2416,.F.);
#3511=ORIENTED_EDGE('',*,*,#1135,.F.);
#3512=EDGE_LOOP('',(#3508,#3509,#3510,#3511));
#3513=FACE_BOUND('',#3512,.T.);
#3514=ADVANCED_FACE('',(#3513),#3507,.F.);
#3515=CARTESIAN_POINT('',(-8.715842762,7.268561749,-5.679223686));
#3516=DIRECTION('',(-0.214032342,0.40878738,0.887177003));
#3517=DIRECTION('',(-0.,-0.908223656,0.418485114));
#3518=AXIS2_PLACEMENT_3D('',#3515,#3516,#3517);
#3519=CYLINDRICAL_SURFACE('',#3518,10.);
#3520=CARTESIAN_POINT('',(-3.622757142,0.424243982,-0.402256017));
#3521=VERTEX_POINT('',#3520);
#3522=CARTESIAN_POINT('',(-6.135742103,5.205949602,9.986029452));
#3523=VERTEX_POINT('',#3522);
#3524=CARTESIAN_POINT('',(-3.629678306,0.419536269,-0.401756567));
#3525=DIRECTION('',(-0.214032342,0.40878738,0.887177003));
#3526=VECTOR('',#3525,11.708808937);
#3527=LINE('',#3524,#3526);
#3528=EDGE_CURVE('',#3521,#3523,#3527,.T.);
#3529=ORIENTED_EDGE('',*,*,#3528,.F.);
#3530=CARTESIAN_POINT('',(-0.29161817,4.759543584,-0.634479043));
#3531=VERTEX_POINT('',#3530);
#3532=CARTESIAN_POINT('',(-3.622781895,0.424278351,-0.402251995));
#3533=CARTESIAN_POINT('',(-3.247912425,0.695070353,-0.409179603));
#3534=CARTESIAN_POINT('',(-2.893514525,0.993383122,-0.419441364));
#3535=CARTESIAN_POINT('',(-2.562476513,1.316479401,-0.43261002));
#3536=CARTESIAN_POINT('',(-2.2314385,1.639575681,-0.445778677));
#3537=CARTESIAN_POINT('',(-1.925366081,1.985400572,-0.462125931));
#3538=CARTESIAN_POINT('',(-1.644125804,2.353078402,-0.481855717));
#3539=CARTESIAN_POINT('',(-1.362885527,2.720756231,-0.501585504));
#3540=CARTESIAN_POINT('',(-1.109561085,3.106220097,-0.524475867));
#3541=CARTESIAN_POINT('',(-0.88342246,3.509019529,-0.550199218));
#3542=CARTESIAN_POINT('',(-0.657283835,3.911818962,-0.575922569));
#3543=CARTESIAN_POINT('',(-0.45965328,4.330018601,-0.604357921));
#3544=CARTESIAN_POINT('',(-0.29161817,4.759543584,-0.634479043));
#3545=B_SPLINE_CURVE_WITH_KNOTS('',3,(#3532,#3533,#3534,#3535,#3536,#3537,#3538,#3539,#3540,#3541,#3542,#3543,#3544),.UNSPECIFIED.,.F.,.F.,(4,3,3,3,4),(0.00332463,0.004693721,0.006062813,0.007431904,0.008800995),.UNSPECIFIED.);
#3546=EDGE_CURVE('',#3521,#3531,#3545,.T.);
#3547=ORIENTED_EDGE('',*,*,#3546,.T.);
#3548=CARTESIAN_POINT('',(-2.818012273,9.584786435,9.837577324));
#3549=VERTEX_POINT('',#3548);
#3550=CARTESIAN_POINT('',(-2.818012273,9.584786435,9.837577324));
#3551=DIRECTION('',(0.214032342,-0.40878738,-0.887177003));
#3552=VECTOR('',#3551,11.803796012);
#3553=LINE('',#3550,#3552);
#3554=EDGE_CURVE('',#3549,#3531,#3553,.T.);
#3555=ORIENTED_EDGE('',*,*,#3554,.F.);
#3556=CARTESIAN_POINT('',(-2.818012273,9.584786435,9.837577324));
#3557=CARTESIAN_POINT('',(-3.51946295,7.742545921,9.919610428));
#3558=CARTESIAN_POINT('',(-4.713307654,6.237267887,9.968921678));
#3559=CARTESIAN_POINT('',(-6.135742103,5.205949602,9.986029452));
#3560=B_SPLINE_CURVE_WITH_KNOTS('',3,(#3556,#3557,#3558,#3559),.UNSPECIFIED.,.F.,.F.,(4,4),(0.,1.),.UNSPECIFIED.);
#3561=EDGE_CURVE('',#3549,#3523,#3560,.T.);
#3562=ORIENTED_EDGE('',*,*,#3561,.T.);
#3563=EDGE_LOOP('',(#3529,#3547,#3555,#3562));
#3564=FACE_BOUND('',#3563,.T.);
#3565=ADVANCED_FACE('',(#3564),#3519,.T.);
#3566=CARTESIAN_POINT('',(-1.348503312,1.541815721,-1.2631146));
#3567=DIRECTION('',(-0.525603092,0.717345901,-0.457336034));
#3568=DIRECTION('',(0.214032342,-0.40878738,-0.887177003));
#3569=AXIS2_PLACEMENT_3D('',#3566,#3567,#3568);
#3570=PLANE('',#3569);
#3571=CARTESIAN_POINT('',(-19.384269249,-4.50131551,9.986029452));
#3572=VERTEX_POINT('',#3571);
#3573=CARTESIAN_POINT('',(-16.871264604,-9.282999477,-0.402325901));
#3574=VERTEX_POINT('',#3573);
#3575=CARTESIAN_POINT('',(-19.384269249,-4.50131551,9.986029452));
#3576=DIRECTION('',(0.214032342,-0.40878738,-0.887177003));
#3577=VECTOR('',#3576,11.708866298);
#3578=LINE('',#3575,#3577);
#3579=EDGE_CURVE('',#3572,#3574,#3578,.T.);
#3580=ORIENTED_EDGE('',*,*,#3579,.T.);
#3581=CARTESIAN_POINT('',(-16.871248558,-9.283021377,-0.402368117));
#3582=DIRECTION('',(0.806646543,0.59103414,-0.));
#3583=VECTOR('',#3582,16.424175034);
#3584=LINE('',#3581,#3583);
#3585=EDGE_CURVE('',#3574,#3521,#3584,.T.);
#3586=ORIENTED_EDGE('',*,*,#3585,.T.);
#3587=ORIENTED_EDGE('',*,*,#3528,.T.);
#3588=CARTESIAN_POINT('',(-6.135742103,5.205949602,9.986029452));
#3589=DIRECTION('',(-0.806646543,-0.59103414,-0.));
#3590=VECTOR('',#3589,16.424203709);
#3591=LINE('',#3588,#3590);
#3592=EDGE_CURVE('',#3523,#3572,#3591,.T.);
#3593=ORIENTED_EDGE('',*,*,#3592,.T.);
#3594=EDGE_LOOP('',(#3580,#3586,#3587,#3593));
#3595=FACE_BOUND('',#3594,.T.);
#3596=ADVANCED_FACE('',(#3595),#3570,.F.);
#3597=CARTESIAN_POINT('',(-28.495207247,9.499176195,16.464145845));
#3598=DIRECTION('',(0.214032342,-0.40878738,-0.887177003));
#3599=DIRECTION('',(-0.,0.908223656,-0.418485114));
#3600=AXIS2_PLACEMENT_3D('',#3597,#3598,#3599);
#3601=CYLINDRICAL_SURFACE('',#3600,11.869256454);
#3602=CARTESIAN_POINT('',(-27.41601059,-10.682656767,-0.712587311));
#3603=VERTEX_POINT('',#3602);
#3604=CARTESIAN_POINT('',(-29.949462241,-5.843934474,9.78872302));
#3605=VERTEX_POINT('',#3604);
#3606=CARTESIAN_POINT('',(-27.41601059,-10.682656767,-0.712587311));
#3607=DIRECTION('',(-0.214032342,0.40878738,0.887177003));
#3608=VECTOR('',#3607,11.836770225);
#3609=LINE('',#3606,#3608);
#3610=EDGE_CURVE('',#3603,#3605,#3609,.T.);
#3611=ORIENTED_EDGE('',*,*,#3610,.F.);
#3612=CARTESIAN_POINT('',(-27.41601059,-10.682656767,-0.712587311));
#3613=CARTESIAN_POINT('',(-26.98337161,-10.837911863,-0.686311792));
#3614=CARTESIAN_POINT('',(-26.542198216,-10.968651313,-0.659889453));
#3615=CARTESIAN_POINT('',(-26.092092612,-11.073969728,-0.634165186));
#3616=CARTESIAN_POINT('',(-25.867039811,-11.126628936,-0.621303053));
#3617=CARTESIAN_POINT('',(-25.639102424,-11.173023374,-0.608580269));
#3618=CARTESIAN_POINT('',(-25.410479808,-11.212567026,-0.596222736));
#3619=CARTESIAN_POINT('',(-25.181857193,-11.252110678,-0.583865202));
#3620=CARTESIAN_POINT('',(-24.953057897,-11.284760868,-0.571898458));
#3621=CARTESIAN_POINT('',(-24.724080624,-11.310604803,-0.560400172));
#3622=CARTESIAN_POINT('',(-23.808171531,-11.413980546,-0.514407028));
#3623=CARTESIAN_POINT('',(-22.889439796,-11.409963943,-0.476142856));
#3624=CARTESIAN_POINT('',(-21.967612898,-11.292517399,-0.448704314));
#3625=CARTESIAN_POINT('',(-21.737156174,-11.263155763,-0.441844678));
#3626=CARTESIAN_POINT('',(-21.507115156,-11.226627183,-0.435670204));
#3627=CARTESIAN_POINT('',(-21.280101391,-11.183400442,-0.430234976));
#3628=CARTESIAN_POINT('',(-21.053087626,-11.140173701,-0.424799747));
#3629=CARTESIAN_POINT('',(-20.828345204,-11.090160268,-0.420080467));
#3630=CARTESIAN_POINT('',(-20.605850467,-11.033432011,-0.416037526));
#3631=CARTESIAN_POINT('',(-20.160860993,-10.919975497,-0.407951643));
#3632=CARTESIAN_POINT('',(-19.724836377,-10.779736293,-0.402582896));
#3633=CARTESIAN_POINT('',(-19.297902263,-10.612357282,-0.39947246));
#3634=CARTESIAN_POINT('',(-18.87096815,-10.44497827,-0.396362023));
#3635=CARTESIAN_POINT('',(-18.4531208,-10.250470563,-0.395510475));
#3636=CARTESIAN_POINT('',(-18.044925785,-10.027174768,-0.396265144));
#3637=CARTESIAN_POINT('',(-17.63673077,-9.803878973,-0.397019814));
#3638=CARTESIAN_POINT('',(-17.244409246,-9.554972339,-0.399360748));
#3639=CARTESIAN_POINT('',(-16.871263364,-9.283001112,-0.402325842));
#3640=B_SPLINE_CURVE_WITH_KNOTS('',3,(#3612,#3613,#3614,#3615,#3616,#3617,#3618,#3619,#3620,#3621,#3622,#3623,#3624,#3625,#3626,#3627,#3628,#3629,#3630,#3631,#3632,#3633,#3634,#3635,#3636,#3637,
#3638,#3639),.UNSPECIFIED.,.F.,.F.,(4,3,3,3,3,3,3,3,3,4),(0.005951096,0.007331529,0.008021745,0.008711962,0.011472827,0.012163044,0.01285326,0.014233693,0.015614126,0.016994559),.UNSPECIFIED.);
#3641=EDGE_CURVE('',#3603,#3574,#3640,.T.);
#3642=ORIENTED_EDGE('',*,*,#3641,.T.);
#3643=ORIENTED_EDGE('',*,*,#3579,.F.);
#3644=CARTESIAN_POINT('',(-19.384269249,-4.50131551,9.986029452));
#3645=CARTESIAN_POINT('',(-20.77851143,-5.517162094,9.995004514));
#3646=CARTESIAN_POINT('',(-22.455985948,-6.214616001,9.994720936));
#3647=CARTESIAN_POINT('',(-24.276031706,-6.47050995,9.962361168));
#3648=CARTESIAN_POINT('',(-26.096077464,-6.7264039,9.9300014));
#3649=CARTESIAN_POINT('',(-28.056963604,-6.537512333,9.864496763));
#3650=CARTESIAN_POINT('',(-29.949462241,-5.843934474,9.78872302));
#3651=B_SPLINE_CURVE_WITH_KNOTS('',3,(#3644,#3645,#3646,#3647,#3648,#3649,#3650),.UNSPECIFIED.,.F.,.F.,(4,3,4),(0.,0.5,1.),.UNSPECIFIED.);
#3652=EDGE_CURVE('',#3572,#3605,#3651,.T.);
#3653=ORIENTED_EDGE('',*,*,#3652,.T.);
#3654=EDGE_LOOP('',(#3611,#3642,#3643,#3653));
#3655=FACE_BOUND('',#3654,.T.);
#3656=ADVANCED_FACE('',(#3655),#3601,.T.);
#3657=CARTESIAN_POINT('',(-92.108934224,13.907514901,-0.913973903));
#3658=DIRECTION('',(-0.336804707,-0.883412691,0.325798413));
#3659=DIRECTION('',(0.939578392,-0.337848951,0.055231617));
#3660=AXIS2_PLACEMENT_3D('',#3657,#3658,#3659);
#3661=PLANE('',#3660);
#3662=CARTESIAN_POINT('',(-39.356994094,-2.257274426,9.78872302));
#3663=VERTEX_POINT('',#3662);
#3664=CARTESIAN_POINT('',(-39.875075321,-5.934606241,-0.718056816));
#3665=VERTEX_POINT('',#3664);
#3666=CARTESIAN_POINT('',(-39.356994094,-2.257274426,9.78872302));
#3667=DIRECTION('',(-0.045587021,-0.33030932,-0.942771222));
#3668=VECTOR('',#3667,11.143764414);
#3669=LINE('',#3666,#3668);
#3670=EDGE_CURVE('',#3663,#3665,#3669,.T.);
#3671=ORIENTED_EDGE('',*,*,#3670,.T.);
#3672=CARTESIAN_POINT('',(-27.512857627,-10.647751152,-0.718058408));
#3673=VERTEX_POINT('',#3672);
#3674=CARTESIAN_POINT('',(-39.875074916,-5.93460518,-0.718058408));
#3675=DIRECTION('',(0.934393915,-0.356241507,0.));
#3676=VECTOR('',#3675,13.230198836);
#3677=LINE('',#3674,#3676);
#3678=EDGE_CURVE('',#3665,#3673,#3677,.T.);
#3679=ORIENTED_EDGE('',*,*,#3678,.T.);
#3680=CARTESIAN_POINT('',(-27.41601059,-10.682656767,-0.712587311));
#3681=CARTESIAN_POINT('',(-27.448302173,-10.671068738,-0.71454848));
#3682=CARTESIAN_POINT('',(-27.480584506,-10.659433469,-0.716371993));
#3683=CARTESIAN_POINT('',(-27.512857627,-10.647751152,-0.718058408));
#3684=B_SPLINE_CURVE_WITH_KNOTS('',3,(#3680,#3681,#3682,#3683),.UNSPECIFIED.,.F.,.F.,(4,4),(0.,0.000103091),.UNSPECIFIED.);
#3685=EDGE_CURVE('',#3603,#3673,#3684,.T.);
#3686=ORIENTED_EDGE('',*,*,#3685,.F.);
#3687=ORIENTED_EDGE('',*,*,#3610,.T.);
#3688=CARTESIAN_POINT('',(-29.949462241,-5.843934474,9.78872302));
#3689=DIRECTION('',(-0.934393915,0.356241507,-0.));
#3690=VECTOR('',#3689,10.0680577);
#3691=LINE('',#3688,#3690);
#3692=EDGE_CURVE('',#3605,#3663,#3691,.T.);
#3693=ORIENTED_EDGE('',*,*,#3692,.T.);
#3694=EDGE_LOOP('',(#3671,#3679,#3686,#3687,#3693));
#3695=FACE_BOUND('',#3694,.T.);
#3696=ADVANCED_FACE('',(#3695),#3661,.T.);
#3697=CARTESIAN_POINT('',(-64.053965075,-69.114629409,23.942334825));
#3698=DIRECTION('',(0.045587021,0.33030932,0.942771222));
#3699=DIRECTION('',(-0.003061129,-0.943701753,0.330783359));
#3700=AXIS2_PLACEMENT_3D('',#3697,#3698,#3699);
#3701=CYLINDRICAL_SURFACE('',#3700,71.991916245);
#3702=CARTESIAN_POINT('',(-51.740543353,-2.598177387,-0.7004641));
#3703=VERTEX_POINT('',#3702);
#3704=CARTESIAN_POINT('',(-51.228566726,1.079880923,9.799719463));
#3705=VERTEX_POINT('',#3704);
#3706=CARTESIAN_POINT('',(-51.736292501,-2.598941541,-0.700401917));
#3707=DIRECTION('',(0.045587021,0.33030932,0.942771222));
#3708=VECTOR('',#3707,11.137507315);
#3709=LINE('',#3706,#3708);
#3710=EDGE_CURVE('',#3703,#3705,#3709,.T.);
#3711=ORIENTED_EDGE('',*,*,#3710,.F.);
#3712=CARTESIAN_POINT('',(-51.74054337,-2.598177477,-0.70046397));
#3713=CARTESIAN_POINT('',(-47.695017623,-3.347061952,-0.70225457));
#3714=CARTESIAN_POINT('',(-43.718597138,-4.466518927,-0.708786922));
#3715=CARTESIAN_POINT('',(-39.875077955,-5.934612987,-0.718080272));
#3716=B_SPLINE_CURVE_WITH_KNOTS('',3,(#3712,#3713,#3714,#3715),.UNSPECIFIED.,.F.,.F.,(4,4),(0.014533112,0.026857693),.UNSPECIFIED.);
#3717=EDGE_CURVE('',#3703,#3665,#3716,.T.);
#3718=ORIENTED_EDGE('',*,*,#3717,.T.);
#3719=ORIENTED_EDGE('',*,*,#3670,.F.);
#3720=CARTESIAN_POINT('',(-39.356994094,-2.257274426,9.78872302));
#3721=CARTESIAN_POINT('',(-43.223300604,-0.780956024,9.794886902));
#3722=CARTESIAN_POINT('',(-47.200565612,0.334197016,9.798553283));
#3723=CARTESIAN_POINT('',(-51.228566726,1.079880923,9.799719463));
#3724=B_SPLINE_CURVE_WITH_KNOTS('',3,(#3720,#3721,#3722,#3723),.UNSPECIFIED.,.F.,.F.,(4,4),(0.,1.),.UNSPECIFIED.);
#3725=EDGE_CURVE('',#3663,#3705,#3724,.T.);
#3726=ORIENTED_EDGE('',*,*,#3725,.T.);
#3727=EDGE_LOOP('',(#3711,#3718,#3719,#3726));
#3728=FACE_BOUND('',#3727,.T.);
#3729=ADVANCED_FACE('',(#3728),#3701,.F.);
#3730=CARTESIAN_POINT('',(-86.284332734,4.2521546,0.577009676));
#3731=DIRECTION('',(-0.17154137,-0.927145284,0.333129375));
#3732=DIRECTION('',(0.984745439,-0.171372706,0.030129992));
#3733=AXIS2_PLACEMENT_3D('',#3730,#3731,#3732);
#3734=PLANE('',#3733);
#3735=CARTESIAN_POINT('',(-56.854457347,2.120788967,9.799719463));
#3736=VERTEX_POINT('',#3735);
#3737=CARTESIAN_POINT('',(-57.002980595,-1.624516331,-0.700463442));
#3738=VERTEX_POINT('',#3737);
#3739=CARTESIAN_POINT('',(-56.854457347,2.120788967,9.799719463));
#3740=DIRECTION('',(-0.012713661,-0.336030186,-0.941765405));
#3741=VECTOR('',#3740,11.14913291);
#3742=LINE('',#3739,#3741);
#3743=EDGE_CURVE('',#3736,#3738,#3742,.T.);
#3744=ORIENTED_EDGE('',*,*,#3743,.T.);
#3745=CARTESIAN_POINT('',(-57.00298051,-1.624515874,-0.7004641));
#3746=DIRECTION('',(0.983310894,-0.181933189,0.));
#3747=VECTOR('',#3746,5.351753131);
#3748=LINE('',#3745,#3747);
#3749=EDGE_CURVE('',#3738,#3703,#3748,.T.);
#3750=ORIENTED_EDGE('',*,*,#3749,.T.);
#3751=ORIENTED_EDGE('',*,*,#3710,.T.);
#3752=CARTESIAN_POINT('',(-51.228566726,1.079880923,9.799719463));
#3753=DIRECTION('',(-0.983310894,0.181933189,0.));
#3754=VECTOR('',#3753,5.721375258);
#3755=LINE('',#3752,#3754);
#3756=EDGE_CURVE('',#3705,#3736,#3755,.T.);
#3757=ORIENTED_EDGE('',*,*,#3756,.T.);
#3758=EDGE_LOOP('',(#3744,#3750,#3751,#3757));
#3759=FACE_BOUND('',#3758,.T.);
#3760=ADVANCED_FACE('',(#3759),#3734,.T.);
#3761=CARTESIAN_POINT('',(-69.343590801,-68.314348122,23.445793136));
#3762=DIRECTION('',(0.012713661,0.336030186,0.941765405));
#3763=DIRECTION('',(-0.004084914,-0.941816212,0.33610346));
#3764=AXIS2_PLACEMENT_3D('',#3761,#3762,#3763);
#3765=CYLINDRICAL_SURFACE('',#3764,71.991916245);
#3766=CARTESIAN_POINT('',(-69.260922718,-0.490077581,-0.69340613));
#3767=VERTEX_POINT('',#3766);
#3768=CARTESIAN_POINT('',(-69.122683426,3.255539977,9.804130694));
#3769=VERTEX_POINT('',#3768);
#3770=CARTESIAN_POINT('',(-69.264397708,-0.490059166,-0.693365788));
#3771=DIRECTION('',(0.012713661,0.336030186,0.941765405));
#3772=VECTOR('',#3771,11.146615104);
#3773=LINE('',#3770,#3772);
#3774=EDGE_CURVE('',#3767,#3769,#3773,.T.);
#3775=ORIENTED_EDGE('',*,*,#3774,.F.);
#3776=CARTESIAN_POINT('',(-69.260922718,-0.49007764,-0.693406046));
#3777=CARTESIAN_POINT('',(-65.151755465,-0.494408062,-0.691628211));
#3778=CARTESIAN_POINT('',(-61.043344106,-0.87520755,-0.694398265));
#3779=CARTESIAN_POINT('',(-57.00298118,-1.624519409,-0.700473296));
#3780=B_SPLINE_CURVE_WITH_KNOTS('',3,(#3776,#3777,#3778,#3779),.UNSPECIFIED.,.F.,.F.,(4,4),(0.014580878,0.026890073),.UNSPECIFIED.);
#3781=EDGE_CURVE('',#3767,#3738,#3780,.T.);
#3782=ORIENTED_EDGE('',*,*,#3781,.T.);
#3783=ORIENTED_EDGE('',*,*,#3743,.F.);
#3784=CARTESIAN_POINT('',(-56.854457347,2.120788967,9.799719463));
#3785=CARTESIAN_POINT('',(-60.90768225,2.872156732,9.803715887));
#3786=CARTESIAN_POINT('',(-65.017198687,3.25116683,9.805186659));
#3787=CARTESIAN_POINT('',(-69.122683426,3.255539977,9.804130694));
#3788=B_SPLINE_CURVE_WITH_KNOTS('',3,(#3784,#3785,#3786,#3787),.UNSPECIFIED.,.F.,.F.,(4,4),(0.,1.),.UNSPECIFIED.);
#3789=EDGE_CURVE('',#3736,#3769,#3788,.T.);
#3790=ORIENTED_EDGE('',*,*,#3789,.T.);
#3791=EDGE_LOOP('',(#3775,#3782,#3783,#3790));
#3792=FACE_BOUND('',#3791,.T.);
#3793=ADVANCED_FACE('',(#3792),#3765,.F.);
#3794=CARTESIAN_POINT('',(-77.468607566,0.20518784,1.228461597));
#3795=DIRECTION('',(-0.001089681,-0.941836311,0.336070196));
#3796=DIRECTION('',(0.00397805,-0.336071819,-0.941827961));
#3797=AXIS2_PLACEMENT_3D('',#3794,#3795,#3796);
#3798=PLANE('',#3797);
#3799=CARTESIAN_POINT('',(-74.192880938,3.261406066,9.804130694));
#3800=VERTEX_POINT('',#3799);
#3801=CARTESIAN_POINT('',(-73.968399867,-0.484631322,-0.693405885));
#3802=VERTEX_POINT('',#3801);
#3803=CARTESIAN_POINT('',(-74.192880938,3.261406066,9.804130694));
#3804=DIRECTION('',(0.020668652,-0.336019817,-0.941628106));
#3805=VECTOR('',#3804,11.148158002);
#3806=LINE('',#3803,#3805);
#3807=EDGE_CURVE('',#3800,#3802,#3806,.T.);
#3808=ORIENTED_EDGE('',*,*,#3807,.T.);
#3809=CARTESIAN_POINT('',(-73.968399866,-0.48463115,-0.69340613));
#3810=DIRECTION('',(0.999999331,-0.001156974,-0.));
#3811=VECTOR('',#3810,4.707480299);
#3812=LINE('',#3809,#3811);
#3813=EDGE_CURVE('',#3802,#3767,#3812,.T.);
#3814=ORIENTED_EDGE('',*,*,#3813,.T.);
#3815=ORIENTED_EDGE('',*,*,#3774,.T.);
#3816=CARTESIAN_POINT('',(-69.122683426,3.255539977,9.804130694));
#3817=DIRECTION('',(-0.999999331,0.001156974,0.));
#3818=VECTOR('',#3817,5.070200905);
#3819=LINE('',#3816,#3818);
#3820=EDGE_CURVE('',#3769,#3800,#3819,.T.);
#3821=ORIENTED_EDGE('',*,*,#3820,.T.);
#3822=EDGE_LOOP('',(#3808,#3814,#3815,#3821));
#3823=FACE_BOUND('',#3822,.T.);
#3824=ADVANCED_FACE('',(#3823),#3798,.T.);
#3825=CARTESIAN_POINT('',(-74.031833751,-68.436781643,23.087472091));
#3826=DIRECTION('',(-0.020668652,0.336019817,0.941628106));
#3827=DIRECTION('',(-0.00514472,-0.941852575,0.335986992));
#3828=AXIS2_PLACEMENT_3D('',#3825,#3826,#3827);
#3829=CYLINDRICAL_SURFACE('',#3828,71.991916245);
#3830=CARTESIAN_POINT('',(-86.226189127,-1.589725752,-0.697098506));
#3831=VERTEX_POINT('',#3830);
#3832=CARTESIAN_POINT('',(-86.462209547,2.155794861,9.801822681));
#3833=VERTEX_POINT('',#3832);
#3834=CARTESIAN_POINT('',(-86.231763859,-1.590667036,-0.696884973));
#3835=DIRECTION('',(-0.020668652,0.336019817,0.941628106));
#3836=VECTOR('',#3835,11.149526644);
#3837=LINE('',#3834,#3836);
#3838=EDGE_CURVE('',#3831,#3833,#3837,.T.);
#3839=ORIENTED_EDGE('',*,*,#3838,.F.);
#3840=CARTESIAN_POINT('',(-86.226188677,-1.589728163,-0.697105223));
#3841=CARTESIAN_POINT('',(-82.185108345,-0.849948599,-0.692069902));
#3842=CARTESIAN_POINT('',(-78.076704267,-0.479201314,-0.690501147));
#3843=CARTESIAN_POINT('',(-73.968399867,-0.484631322,-0.693405885));
#3844=B_SPLINE_CURVE_WITH_KNOTS('',3,(#3840,#3841,#3842,#3843),.UNSPECIFIED.,.F.,.F.,(4,4),(0.014577051,0.026883324),.UNSPECIFIED.);
#3845=EDGE_CURVE('',#3831,#3802,#3844,.T.);
#3846=ORIENTED_EDGE('',*,*,#3845,.T.);
#3847=ORIENTED_EDGE('',*,*,#3807,.F.);
#3848=CARTESIAN_POINT('',(-74.192880938,3.261406066,9.804130694));
#3849=CARTESIAN_POINT('',(-78.301864603,3.266788309,9.805891374));
#3850=CARTESIAN_POINT('',(-82.411705843,2.897017566,9.805121848));
#3851=CARTESIAN_POINT('',(-86.462209547,2.155794861,9.801822681));
#3852=B_SPLINE_CURVE_WITH_KNOTS('',3,(#3848,#3849,#3850,#3851),.UNSPECIFIED.,.F.,.F.,(4,4),(0.,1.),.UNSPECIFIED.);
#3853=EDGE_CURVE('',#3800,#3833,#3852,.T.);
#3854=ORIENTED_EDGE('',*,*,#3853,.T.);
#3855=EDGE_LOOP('',(#3839,#3846,#3847,#3854));
#3856=FACE_BOUND('',#3855,.T.);
#3857=ADVANCED_FACE('',(#3856),#3829,.F.);
#3858=CARTESIAN_POINT('',(-68.298333843,2.28057125,0.951337919));
#3859=DIRECTION('',(0.169371273,-0.927039392,0.334531521));
#3860=DIRECTION('',(0.984853313,0.171984493,-0.022029195));
#3861=AXIS2_PLACEMENT_3D('',#3858,#3859,#3860);
#3862=PLANE('',#3861);
#3863=CARTESIAN_POINT('',(-92.558645373,1.0419683,9.801822681));
#3864=VERTEX_POINT('',#3863);
#3865=CARTESIAN_POINT('',(-96.51150786,-3.468187892,-0.695218349));
#3866=VERTEX_POINT('',#3865);
#3867=CARTESIAN_POINT('',(-92.558645373,1.0419683,9.801822681));
#3868=DIRECTION('',(-0.32696827,-0.37306584,-0.868281999));
#3869=VECTOR('',#3868,12.089437584);
#3870=LINE('',#3867,#3869);
#3871=EDGE_CURVE('',#3864,#3866,#3870,.T.);
#3872=ORIENTED_EDGE('',*,*,#3871,.T.);
#3873=CARTESIAN_POINT('',(-96.394995313,-3.447579536,-0.69709895));
#3874=VERTEX_POINT('',#3873);
#3875=CARTESIAN_POINT('',(-96.51150786,-3.468187892,-0.695218349));
#3876=CARTESIAN_POINT('',(-96.47266839,-3.461333351,-0.695887526));
#3877=CARTESIAN_POINT('',(-96.43383085,-3.454463882,-0.69651436));
#3878=CARTESIAN_POINT('',(-96.394995313,-3.447579536,-0.69709895));
#3879=B_SPLINE_CURVE_WITH_KNOTS('',3,(#3875,#3876,#3877,#3878),.UNSPECIFIED.,.F.,.F.,(4,4),(0.,0.000118336),.UNSPECIFIED.);
#3880=EDGE_CURVE('',#3866,#3874,#3879,.T.);
#3881=ORIENTED_EDGE('',*,*,#3880,.T.);
#3882=CARTESIAN_POINT('',(-96.394995313,-3.447579536,-0.69709895));
#3883=DIRECTION('',(0.983716658,0.179726282,0.));
#3884=VECTOR('',#3883,10.337129192);
#3885=LINE('',#3882,#3884);
#3886=EDGE_CURVE('',#3874,#3831,#3885,.T.);
#3887=ORIENTED_EDGE('',*,*,#3886,.T.);
#3888=ORIENTED_EDGE('',*,*,#3838,.T.);
#3889=CARTESIAN_POINT('',(-86.462209547,2.155794861,9.801822681));
#3890=DIRECTION('',(-0.983716658,-0.179726282,-0.));
#3891=VECTOR('',#3890,6.197349384);
#3892=LINE('',#3889,#3891);
#3893=EDGE_CURVE('',#3833,#3864,#3892,.T.);
#3894=ORIENTED_EDGE('',*,*,#3893,.T.);
#3895=EDGE_LOOP('',(#3872,#3881,#3887,#3888,#3894));
#3896=FACE_BOUND('',#3895,.T.);
#3897=ADVANCED_FACE('',(#3896),#3862,.T.);
#3898=CARTESIAN_POINT('',(-104.33300762,40.545550439,-16.019959834));
#3899=DIRECTION('',(0.32696827,0.37306584,0.868281999));
#3900=DIRECTION('',(0.008410464,-0.919894929,0.392074718));
#3901=AXIS2_PLACEMENT_3D('',#3898,#3899,#3900);
#3902=CYLINDRICAL_SURFACE('',#3901,47.253815648);
#3903=CARTESIAN_POINT('',(-101.156074877,0.248379544,9.888196283));
#3904=VERTEX_POINT('',#3903);
#3905=CARTESIAN_POINT('',(-105.089633435,-4.239746235,-0.557584072));
#3906=VERTEX_POINT('',#3905);
#3907=CARTESIAN_POINT('',(-101.156074877,0.248379521,9.888196293));
#3908=DIRECTION('',(-0.32696827,-0.37306584,-0.868281999));
#3909=VECTOR('',#3908,12.030398296);
#3910=LINE('',#3907,#3909);
#3911=EDGE_CURVE('',#3904,#3906,#3910,.T.);
#3912=ORIENTED_EDGE('',*,*,#3911,.T.);
#3913=CARTESIAN_POINT('',(-111.973858789,-3.761311652,-0.465644729));
#3914=CARTESIAN_POINT('',(-110.690987897,-3.94616933,-0.481553154));
#3915=CARTESIAN_POINT('',(-109.404212305,-4.07628202,-0.497972318));
#3916=CARTESIAN_POINT('',(-108.113692757,-4.153823683,-0.515311777));
#3917=CARTESIAN_POINT('',(-107.468432983,-4.192594514,-0.523981507));
#3918=CARTESIAN_POINT('',(-106.822235671,-4.218201782,-0.532876652));
#3919=CARTESIAN_POINT('',(-106.175112272,-4.230801227,-0.542021539));
#3920=CARTESIAN_POINT('',(-105.527988873,-4.243400672,-0.551166427));
#3921=CARTESIAN_POINT('',(-104.879318897,-4.242967456,-0.56057048));
#3922=CARTESIAN_POINT('',(-104.231863313,-4.229679094,-0.570199332));
#3923=CARTESIAN_POINT('',(-102.936952144,-4.203102371,-0.589457035));
#3924=CARTESIAN_POINT('',(-101.64603459,-4.125303479,-0.609639344));
#3925=CARTESIAN_POINT('',(-100.358978934,-3.997943793,-0.630578459));
#3926=CARTESIAN_POINT('',(-99.715451105,-3.934263951,-0.641048017));
#3927=CARTESIAN_POINT('',(-99.072890033,-3.858176616,-0.651702856));
#3928=CARTESIAN_POINT('',(-98.431286381,-3.769793037,-0.662499346));
#3929=CARTESIAN_POINT('',(-97.78968273,-3.681409458,-0.673295837));
#3930=CARTESIAN_POINT('',(-97.14909617,-3.580711968,-0.684233177));
#3931=CARTESIAN_POINT('',(-96.51150786,-3.468187892,-0.695218349));
#3932=B_SPLINE_CURVE_WITH_KNOTS('',3,(#3913,#3914,#3915,#3916,#3917,#3918,#3919,#3920,#3921,#3922,#3923,#3924,#3925,#3926,#3927,#3928,#3929,#3930,#3931),.UNSPECIFIED.,.F.,.F.,(4,3,3,3,3,3,4),(0.014605312,0.018482703,0.020421399,0.022360095,0.026237486,0.028176181,0.030114877),.UNSPECIFIED.);
#3933=EDGE_CURVE('',#3906,#3866,#3932,.T.);
#3934=ORIENTED_EDGE('',*,*,#3933,.T.);
#3935=ORIENTED_EDGE('',*,*,#3871,.F.);
#3936=CARTESIAN_POINT('',(-92.558645373,1.0419683,9.801822681));
#3937=CARTESIAN_POINT('',(-93.897301636,0.802636715,9.816350785));
#3938=CARTESIAN_POINT('',(-95.223550906,0.61967926,9.830372306));
#3939=CARTESIAN_POINT('',(-96.533320022,0.49006407,9.843656089));
#3940=CARTESIAN_POINT('',(-97.843089138,0.36044888,9.856939871));
#3941=CARTESIAN_POINT('',(-99.136378014,0.284171895,9.869487626));
#3942=CARTESIAN_POINT('',(-100.409567651,0.258013553,9.881319867));
#3943=CARTESIAN_POINT('',(-100.410189325,0.25800078,9.881325645));
#3944=CARTESIAN_POINT('',(-100.410840353,0.257987417,9.881331695));
#3945=CARTESIAN_POINT('',(-100.411476698,0.257974368,9.881337608));
#3946=CARTESIAN_POINT('',(-100.412113044,0.257961318,9.881343522));
#3947=CARTESIAN_POINT('',(-100.412749385,0.257948282,9.881349435));
#3948=CARTESIAN_POINT('',(-100.413385723,0.257935257,9.881355349));
#3949=CARTESIAN_POINT('',(-100.414658398,0.257909209,9.881367175));
#3950=CARTESIAN_POINT('',(-100.415931057,0.25788321,9.881379001));
#3951=CARTESIAN_POINT('',(-100.4172037,0.257857262,9.881390826));
#3952=CARTESIAN_POINT('',(-100.419748987,0.257805365,9.881414476));
#3953=CARTESIAN_POINT('',(-100.42229421,0.257753668,9.881438124));
#3954=CARTESIAN_POINT('',(-100.424839371,0.25770217,9.881461768));
#3955=CARTESIAN_POINT('',(-100.429929691,0.257599176,9.881509058));
#3956=CARTESIAN_POINT('',(-100.435019759,0.257496981,9.881556337));
#3957=CARTESIAN_POINT('',(-100.440109574,0.257395585,9.881603605));
#3958=CARTESIAN_POINT('',(-100.450289204,0.257192793,9.881698142));
#3959=CARTESIAN_POINT('',(-100.460467823,0.256993199,9.881792636));
#3960=CARTESIAN_POINT('',(-100.470645427,0.2567968,9.881887087));
#3961=CARTESIAN_POINT('',(-100.491000637,0.256404004,9.88207599));
#3962=CARTESIAN_POINT('',(-100.511351792,0.256023991,9.882264721));
#3963=CARTESIAN_POINT('',(-100.531698879,0.255656752,9.882453279));
#3964=CARTESIAN_POINT('',(-100.572393053,0.254922274,9.882830397));
#3965=CARTESIAN_POINT('',(-100.613070955,0.254238891,9.883206826));
#3966=CARTESIAN_POINT('',(-100.653732476,0.253606524,9.883582559));
#3967=CARTESIAN_POINT('',(-100.735055517,0.252341791,9.884334026));
#3968=CARTESIAN_POINT('',(-100.81631303,0.251281119,9.885082709));
#3969=CARTESIAN_POINT('',(-100.897504141,0.250423866,9.885828557));
#3970=CARTESIAN_POINT('',(-100.978695253,0.249566612,9.886574405));
#3971=CARTESIAN_POINT('',(-101.059819962,0.248912778,9.887317416));
#3972=CARTESIAN_POINT('',(-101.140877399,0.248461715,9.888057543));
#3973=CARTESIAN_POINT('',(-101.161141759,0.248348949,9.888242575));
#3974=CARTESIAN_POINT('',(-101.181920918,0.24824623,9.888432163));
#3975=CARTESIAN_POINT('',(-101.202591305,0.248157412,9.888620618));
#3976=CARTESIAN_POINT('',(-101.223261692,0.248068595,9.888809072));
#3977=CARTESIAN_POINT('',(-101.243927303,0.247992969,9.888997341));
#3978=CARTESIAN_POINT('',(-101.264588123,0.247930522,9.889185425));
#3979=CARTESIAN_POINT('',(-101.305909765,0.247805628,9.889561593));
#3980=CARTESIAN_POINT('',(-101.347212245,0.247733451,9.88993702));
#3981=CARTESIAN_POINT('',(-101.388495449,0.247713894,9.890311703));
#3982=CARTESIAN_POINT('',(-101.718761084,0.247557443,9.89330917));
#3983=CARTESIAN_POINT('',(-102.047792919,0.250768771,9.896258998));
#3984=CARTESIAN_POINT('',(-102.375533224,0.257298224,9.899160779));
#3985=CARTESIAN_POINT('',(-103.031013835,0.270357128,9.904964342));
#3986=CARTESIAN_POINT('',(-103.681326627,0.296689112,9.910574833));
#3987=CARTESIAN_POINT('',(-104.326030105,0.335889357,9.915999934));
#3988=CARTESIAN_POINT('',(-105.615437061,0.414289846,9.926850134));
#3989=CARTESIAN_POINT('',(-106.882379743,0.544170076,9.93694572));
#3990=CARTESIAN_POINT('',(-108.123651346,0.722193344,9.946512752));
#3991=B_SPLINE_CURVE_WITH_KNOTS('',3,(#3936,#3937,#3938,#3939,#3940,#3941,#3942,#3943,#3944,#3945,#3946,#3947,#3948,#3949,#3950,#3951,#3952,#3953,#3954,#3955,#3956,#3957,#3958,#3959,#3960,#3961,
#3962,#3963,#3964,#3965,#3966,#3967,#3968,#3969,#3970,#3971,#3972,#3973,#3974,#3975,#3976,#3977,#3978,#3979,#3980,#3981,#3982,#3983,#3984,#3985,#3986,
#3987,#3988,#3989,#3990),.UNSPECIFIED.,.F.,.F.,(4,3,3,3,3,3,3,3,3,3,3,3,3,3,3,3,3,3,4),(0.,0.25,0.5,0.50012207,0.500244141,0.500488281,0.500976562,0.501953125,0.50390625,0.5078125,0.515625,0.53125,0.546875,0.55078125,0.5546875,0.5625,0.625,0.75,1.),.UNSPECIFIED.);
#3992=EDGE_CURVE('',#3864,#3904,#3991,.T.);
#3993=ORIENTED_EDGE('',*,*,#3992,.T.);
#3994=EDGE_LOOP('',(#3912,#3934,#3935,#3993));
#3995=FACE_BOUND('',#3994,.T.);
#3996=ADVANCED_FACE('',(#3995),#3902,.T.);
#3997=CARTESIAN_POINT('',(-78.669949961,-6.990158023,2.486795343));
#3998=DIRECTION('',(-0.124849405,-0.893677176,0.430991568));
#3999=DIRECTION('',(-0.033245441,-0.430378344,-0.902036153));
#4000=AXIS2_PLACEMENT_3D('',#3997,#3998,#3999);
#4001=PLANE('',#4000);
#4002=CARTESIAN_POINT('',(-147.231585167,6.185689991,9.946512752));
#4003=VERTEX_POINT('',#4002);
#4004=CARTESIAN_POINT('',(-154.781313954,2.229017454,-0.444797455));
#4005=VERTEX_POINT('',#4004);
#4006=CARTESIAN_POINT('',(-147.231585167,6.185689991,9.946512752));
#4007=DIRECTION('',(-0.561736721,-0.294395775,-0.773164267));
#4008=VECTOR('',#4007,13.439977312);
#4009=LINE('',#4006,#4008);
#4010=EDGE_CURVE('',#4003,#4005,#4009,.T.);
#4011=ORIENTED_EDGE('',*,*,#4010,.T.);
#4012=CARTESIAN_POINT('',(-154.646101657,2.200097984,-0.465594836));
#4013=VERTEX_POINT('',#4012);
#4014=CARTESIAN_POINT('',(-154.781313954,2.229017454,-0.444797455));
#4015=CARTESIAN_POINT('',(-154.7363527,2.219181255,-0.452168831));
#4016=CARTESIAN_POINT('',(-154.691278968,2.209541732,-0.45909981));
#4017=CARTESIAN_POINT('',(-154.646101657,2.200097984,-0.465594836));
#4018=B_SPLINE_CURVE_WITH_KNOTS('',3,(#4014,#4015,#4016,#4017),.UNSPECIFIED.,.F.,.F.,(4,4),(0.,0.000139826),.UNSPECIFIED.);
#4019=EDGE_CURVE('',#4005,#4013,#4018,.T.);
#4020=ORIENTED_EDGE('',*,*,#4019,.T.);
#4021=CARTESIAN_POINT('',(-112.044530514,-3.751470366,-0.465594836));
#4022=VERTEX_POINT('',#4021);
#4023=CARTESIAN_POINT('',(-154.646101657,2.200097984,-0.465594836));
#4024=DIRECTION('',(0.99038209,-0.138359374,0.));
#4025=VECTOR('',#4024,43.015288324);
#4026=LINE('',#4023,#4025);
#4027=EDGE_CURVE('',#4013,#4022,#4026,.T.);
#4028=ORIENTED_EDGE('',*,*,#4027,.T.);
#4029=CARTESIAN_POINT('',(-108.123651346,0.722193344,9.946512752));
#4030=VERTEX_POINT('',#4029);
#4031=CARTESIAN_POINT('',(-112.044530514,-3.751470366,-0.465594836));
#4032=DIRECTION('',(0.32696827,0.37306584,0.868281999));
#4033=VECTOR('',#4032,11.991619777);
#4034=LINE('',#4031,#4033);
#4035=EDGE_CURVE('',#4022,#4030,#4034,.T.);
#4036=ORIENTED_EDGE('',*,*,#4035,.T.);
#4037=CARTESIAN_POINT('',(-108.123651346,0.722193344,9.946512752));
#4038=DIRECTION('',(-0.99038209,0.138359374,-0.));
#4039=VECTOR('',#4038,39.487723198);
#4040=LINE('',#4037,#4039);
#4041=EDGE_CURVE('',#4030,#4003,#4040,.T.);
#4042=ORIENTED_EDGE('',*,*,#4041,.T.);
#4043=EDGE_LOOP('',(#4011,#4020,#4028,#4036,#4042));
#4044=FACE_BOUND('',#4043,.T.);
#4045=ADVANCED_FACE('',(#4044),#4001,.T.);
#4046=CARTESIAN_POINT('',(-145.333012583,12.150172135,8.942681543));
#4047=DIRECTION('',(-0.561736721,-0.294395775,-0.773164267));
#4048=DIRECTION('',(-0.823914822,0.114414381,0.555043887));
#4049=AXIS2_PLACEMENT_3D('',#4046,#4047,#4048);
#4050=CYLINDRICAL_SURFACE('',#4049,6.);
#4051=CARTESIAN_POINT('',(-159.3081762,7.369993249,-0.084671296));
#4052=VERTEX_POINT('',#4051);
#4053=CARTESIAN_POINT('',(-151.849218464,11.279094365,10.181703278));
#4054=VERTEX_POINT('',#4053);
#4055=CARTESIAN_POINT('',(-159.3081762,7.369993249,-0.084671296));
#4056=DIRECTION('',(0.561736721,0.294395775,0.773164267));
#4057=VECTOR('',#4056,13.278387287);
#4058=LINE('',#4055,#4057);
#4059=EDGE_CURVE('',#4052,#4054,#4058,.T.);
#4060=ORIENTED_EDGE('',*,*,#4059,.F.);
#4061=CARTESIAN_POINT('',(-159.3081762,7.369993249,-0.084671296));
#4062=CARTESIAN_POINT('',(-159.290203647,7.060732145,-0.0599342));
#4063=CARTESIAN_POINT('',(-159.245990968,6.756077988,-0.038502263));
#4064=CARTESIAN_POINT('',(-159.176542897,6.457985176,-0.021432109));
#4065=CARTESIAN_POINT('',(-159.107094826,6.159892365,-0.004361956));
#4066=CARTESIAN_POINT('',(-159.012392375,5.867638244,0.008401644));
#4067=CARTESIAN_POINT('',(-158.891561933,5.581369211,0.0156991));
#4068=CARTESIAN_POINT('',(-158.77073149,5.295100177,0.022996556));
#4069=CARTESIAN_POINT('',(-158.626790012,5.022145798,0.024601005));
#4070=CARTESIAN_POINT('',(-158.461711104,4.763172234,0.020121042));
#4071=CARTESIAN_POINT('',(-158.379171649,4.633685452,0.01788106));
#4072=CARTESIAN_POINT('',(-158.291266051,4.50758948,0.014122498));
#4073=CARTESIAN_POINT('',(-158.19798906,4.384888369,0.008797306));
#4074=CARTESIAN_POINT('',(-158.104712068,4.262187258,0.003472115));
#4075=CARTESIAN_POINT('',(-158.005596588,4.142374591,-0.003459557));
#4076=CARTESIAN_POINT('',(-157.902153556,4.027300558,-0.011910667));
#4077=CARTESIAN_POINT('',(-157.488381428,3.567004428,-0.045715105));
#4078=CARTESIAN_POINT('',(-157.014139123,3.186987301,-0.102991178));
#4079=CARTESIAN_POINT('',(-156.482767813,2.882273689,-0.178880057));
#4080=CARTESIAN_POINT('',(-156.349924986,2.806095286,-0.197852276));
#4081=CARTESIAN_POINT('',(-156.212905527,2.734537231,-0.218071105));
#4082=CARTESIAN_POINT('',(-156.074509466,2.668995795,-0.239010008));
#4083=CARTESIAN_POINT('',(-155.936113405,2.603454359,-0.259948911));
#4084=CARTESIAN_POINT('',(-155.795916422,2.543637608,-0.281663791));
#4085=CARTESIAN_POINT('',(-155.653964692,2.489342659,-0.304016582));
#4086=CARTESIAN_POINT('',(-155.370061233,2.380752762,-0.348722166));
#4087=CARTESIAN_POINT('',(-155.079160952,2.2941776,-0.395965576));
#4088=CARTESIAN_POINT('',(-154.781313954,2.229017454,-0.444797455));
#4089=B_SPLINE_CURVE_WITH_KNOTS('',3,(#4061,#4062,#4063,#4064,#4065,#4066,#4067,#4068,#4069,#4070,#4071,#4072,#4073,#4074,#4075,#4076,#4077,#4078,#4079,#4080,#4081,#4082,#4083,#4084,#4085,#4086,
#4087,#4088),.UNSPECIFIED.,.F.,.F.,(4,3,3,3,3,3,3,3,3,4),(0.003880695,0.004800925,0.005721156,0.006641387,0.007101502,0.007561618,0.009402079,0.009862195,0.01032231,0.011242541),.UNSPECIFIED.);
#4090=EDGE_CURVE('',#4052,#4005,#4089,.T.);
#4091=ORIENTED_EDGE('',*,*,#4090,.T.);
#4092=ORIENTED_EDGE('',*,*,#4010,.F.);
#4093=CARTESIAN_POINT('',(-147.231585167,6.185689991,9.946512752));
#4094=CARTESIAN_POINT('',(-148.576085382,6.441099692,10.086640247));
#4095=CARTESIAN_POINT('',(-149.710610777,7.097392752,10.19043264));
#4096=CARTESIAN_POINT('',(-150.50018107,7.968388801,10.230712437));
#4097=CARTESIAN_POINT('',(-150.697573643,8.186137813,10.240782386));
#4098=CARTESIAN_POINT('',(-150.894165022,8.443268479,10.247957698));
#4099=CARTESIAN_POINT('',(-151.056459533,8.701411678,10.250650815));
#4100=CARTESIAN_POINT('',(-151.218754045,8.959554877,10.253343932));
#4101=CARTESIAN_POINT('',(-151.357369329,9.230418303,10.252098191));
#4102=CARTESIAN_POINT('',(-151.471100942,9.510700272,10.247295688));
#4103=CARTESIAN_POINT('',(-151.69856417,10.07126421,10.237690682));
#4104=CARTESIAN_POINT('',(-151.826057198,10.669397731,10.213582026));
#4105=CARTESIAN_POINT('',(-151.849218464,11.279094365,10.181703278));
#4106=B_SPLINE_CURVE_WITH_KNOTS('',3,(#4093,#4094,#4095,#4096,#4097,#4098,#4099,#4100,#4101,#4102,#4103,#4104,#4105),.UNSPECIFIED.,.F.,.F.,(4,3,3,3,4),(0.,0.5,0.625,0.75,1.),.UNSPECIFIED.);
#4107=EDGE_CURVE('',#4003,#4054,#4106,.T.);
#4108=ORIENTED_EDGE('',*,*,#4107,.T.);
#4109=EDGE_LOOP('',(#4060,#4091,#4092,#4108));
#4110=FACE_BOUND('',#4109,.T.);
#4111=ADVANCED_FACE('',(#4110),#4050,.T.);
#4112=CARTESIAN_POINT('',(-157.60137217,55.761848833,2.264542913));
#4113=DIRECTION('',(-0.809016994,0.,0.587785252));
#4114=DIRECTION('',(0.587785252,-0.,0.809016994));
#4115=AXIS2_PLACEMENT_3D('',#4112,#4113,#4114);
#4116=PLANE('',#4115);
#4117=CARTESIAN_POINT('',(-151.849218464,82.652153838,10.181703278));
#4118=VERTEX_POINT('',#4117);
#4119=CARTESIAN_POINT('',(-159.311441045,83.716935324,-0.089172341));
#4120=VERTEX_POINT('',#4119);
#4121=CARTESIAN_POINT('',(-151.849218464,82.652153838,10.181703278));
#4122=DIRECTION('',(-0.585695523,0.08424891,-0.806140729));
#4123=VECTOR('',#4122,12.7400682);
#4124=LINE('',#4121,#4123);
#4125=EDGE_CURVE('',#4118,#4120,#4124,.T.);
#4126=ORIENTED_EDGE('',*,*,#4125,.T.);
#4127=CARTESIAN_POINT('',(-159.311531881,7.431017779,-0.089289994));
#4128=VERTEX_POINT('',#4127);
#4129=CARTESIAN_POINT('',(-159.311531881,83.716935324,-0.089289994));
#4130=DIRECTION('',(-0.,-1.,-0.));
#4131=VECTOR('',#4130,76.285917544);
#4132=LINE('',#4129,#4131);
#4133=EDGE_CURVE('',#4120,#4128,#4132,.T.);
#4134=ORIENTED_EDGE('',*,*,#4133,.T.);
#4135=CARTESIAN_POINT('',(-159.3081762,7.369993249,-0.084671296));
#4136=CARTESIAN_POINT('',(-159.309357755,7.390324733,-0.086297566));
#4137=CARTESIAN_POINT('',(-159.310476274,7.410666534,-0.087837076));
#4138=CARTESIAN_POINT('',(-159.311531881,7.431017779,-0.089289994));
#4139=B_SPLINE_CURVE_WITH_KNOTS('',3,(#4135,#4136,#4137,#4138),.UNSPECIFIED.,.F.,.F.,(4,4),(0.,0.000061291),.UNSPECIFIED.);
#4140=EDGE_CURVE('',#4052,#4128,#4139,.T.);
#4141=ORIENTED_EDGE('',*,*,#4140,.F.);
#4142=ORIENTED_EDGE('',*,*,#4059,.T.);
#4143=CARTESIAN_POINT('',(-151.849218464,11.279094365,10.181703278));
#4144=DIRECTION('',(0.,1.,0.));
#4145=VECTOR('',#4144,71.373059473);
#4146=LINE('',#4143,#4145);
#4147=EDGE_CURVE('',#4054,#4118,#4146,.T.);
#4148=ORIENTED_EDGE('',*,*,#4147,.T.);
#4149=EDGE_LOOP('',(#4126,#4134,#4141,#4142,#4148));
#4150=FACE_BOUND('',#4149,.T.);
#4151=ADVANCED_FACE('',(#4150),#4116,.T.);
#4152=CARTESIAN_POINT('',(-148.01729968,83.264678611,-1.557129154));
#4153=DIRECTION('',(0.585695523,-0.08424891,0.806140729));
#4154=DIRECTION('',(0.807685313,-0.022606166,-0.589180275));
#4155=AXIS2_PLACEMENT_3D('',#4152,#4153,#4154);
#4156=CYLINDRICAL_SURFACE('',#4155,10.);
#4157=CARTESIAN_POINT('',(-158.218483894,87.8780314,-0.148538554));
#4158=VERTEX_POINT('',#4157);
#4159=CARTESIAN_POINT('',(-150.740893434,86.802423309,10.143481764));
#4160=VERTEX_POINT('',#4159);
#4161=CARTESIAN_POINT('',(-158.218483894,87.8780314,-0.148538554));
#4162=DIRECTION('',(0.585695523,-0.08424891,0.806140729));
#4163=VECTOR('',#4162,12.767026831);
#4164=LINE('',#4161,#4163);
#4165=EDGE_CURVE('',#4158,#4160,#4164,.T.);
#4166=ORIENTED_EDGE('',*,*,#4165,.F.);
#4167=CARTESIAN_POINT('',(-158.218483894,87.8780314,-0.148538554));
#4168=CARTESIAN_POINT('',(-158.392070904,87.560640976,-0.133392539));
#4169=CARTESIAN_POINT('',(-158.547103835,87.231891549,-0.120374254));
#4170=CARTESIAN_POINT('',(-158.681296301,86.895784048,-0.109978249));
#4171=CARTESIAN_POINT('',(-158.815488766,86.559676547,-0.099582243));
#4172=CARTESIAN_POINT('',(-158.929062332,86.216151497,-0.091785645));
#4173=CARTESIAN_POINT('',(-159.021557656,85.865180155,-0.086746157));
#4174=CARTESIAN_POINT('',(-159.114052979,85.514208812,-0.081706669));
#4175=CARTESIAN_POINT('',(-159.184547297,85.159311921,-0.079474645));
#4176=CARTESIAN_POINT('',(-159.233027997,84.800487653,-0.079942891));
#4177=CARTESIAN_POINT('',(-159.281508697,84.441663386,-0.080411137));
#4178=CARTESIAN_POINT('',(-159.307777512,84.078917129,-0.083601126));
#4179=CARTESIAN_POINT('',(-159.311441522,83.716935321,-0.089171896));
#4180=B_SPLINE_CURVE_WITH_KNOTS('',3,(#4167,#4168,#4169,#4170,#4171,#4172,#4173,#4174,#4175,#4176,#4177,#4178,#4179),.UNSPECIFIED.,.F.,.F.,(4,3,3,3,4),(0.00375524,0.004828551,0.005901862,0.006975173,0.008048485),.UNSPECIFIED.);
#4181=EDGE_CURVE('',#4158,#4120,#4180,.T.);
#4182=ORIENTED_EDGE('',*,*,#4181,.T.);
#4183=ORIENTED_EDGE('',*,*,#4125,.F.);
#4184=CARTESIAN_POINT('',(-151.849218464,82.652153838,10.181703278));
#4185=CARTESIAN_POINT('',(-151.838965045,84.085543333,10.195815899));
#4186=CARTESIAN_POINT('',(-151.463162228,85.51335494,10.183092745));
#4187=CARTESIAN_POINT('',(-150.740893434,86.802423309,10.143481764));
#4188=B_SPLINE_CURVE_WITH_KNOTS('',3,(#4184,#4185,#4186,#4187),.UNSPECIFIED.,.F.,.F.,(4,4),(0.,1.),.UNSPECIFIED.);
#4189=EDGE_CURVE('',#4118,#4160,#4188,.T.);
#4190=ORIENTED_EDGE('',*,*,#4189,.T.);
#4191=EDGE_LOOP('',(#4166,#4182,#4183,#4190));
#4192=FACE_BOUND('',#4191,.T.);
#4193=ADVANCED_FACE('',(#4192),#4156,.T.);
#4194=CARTESIAN_POINT('',(-153.994132441,92.899250826,1.488554353));
#4195=DIRECTION('',(-0.713920573,0.417290491,0.562304243));
#4196=DIRECTION('',(-0.431748194,-0.89454464,0.11568658));
#4197=AXIS2_PLACEMENT_3D('',#4194,#4195,#4196);
#4198=PLANE('',#4197);
#4199=CARTESIAN_POINT('',(-139.704566548,105.683900303,10.143481764));
#4200=VERTEX_POINT('',#4199);
#4201=CARTESIAN_POINT('',(-145.504736887,109.631868747,-0.150433192));
#4202=VERTEX_POINT('',#4201);
#4203=CARTESIAN_POINT('',(-139.704566548,105.683900303,10.143481764));
#4204=DIRECTION('',(-0.465417719,0.317193312,-0.826301852));
#4205=VECTOR('',#4204,12.457652222);
#4206=LINE('',#4203,#4205);
#4207=EDGE_CURVE('',#4200,#4202,#4206,.T.);
#4208=ORIENTED_EDGE('',*,*,#4207,.T.);
#4209=CARTESIAN_POINT('',(-158.195448414,87.920009778,-0.150444417));
#4210=VERTEX_POINT('',#4209);
#4211=CARTESIAN_POINT('',(-145.504744974,109.631873473,-0.150444417));
#4212=DIRECTION('',(-0.504625874,-0.863338131,-0.));
#4213=VECTOR('',#4212,25.148737124);
#4214=LINE('',#4211,#4213);
#4215=EDGE_CURVE('',#4202,#4210,#4214,.T.);
#4216=ORIENTED_EDGE('',*,*,#4215,.T.);
#4217=CARTESIAN_POINT('',(-158.218483894,87.8780314,-0.148538554));
#4218=CARTESIAN_POINT('',(-158.210825692,87.892033833,-0.149206758));
#4219=CARTESIAN_POINT('',(-158.203147164,87.906026664,-0.149842031));
#4220=CARTESIAN_POINT('',(-158.195448414,87.920009778,-0.150444417));
#4221=B_SPLINE_CURVE_WITH_KNOTS('',3,(#4217,#4218,#4219,#4220),.UNSPECIFIED.,.F.,.F.,(4,4),(0.,0.000047921),.UNSPECIFIED.);
#4222=EDGE_CURVE('',#4158,#4210,#4221,.T.);
#4223=ORIENTED_EDGE('',*,*,#4222,.F.);
#4224=ORIENTED_EDGE('',*,*,#4165,.T.);
#4225=CARTESIAN_POINT('',(-150.740893434,86.802423309,10.143481764));
#4226=DIRECTION('',(0.504625874,0.863338131,-0.));
#4227=VECTOR('',#4226,21.870315146);
#4228=LINE('',#4225,#4227);
#4229=EDGE_CURVE('',#4160,#4200,#4228,.T.);
#4230=ORIENTED_EDGE('',*,*,#4229,.T.);
#4231=EDGE_LOOP('',(#4208,#4216,#4223,#4224,#4230));
#4232=FACE_BOUND('',#4231,.T.);
#4233=ADVANCED_FACE('',(#4232),#4198,.T.);
#4234=CARTESIAN_POINT('',(-134.440033476,102.650102739,4.851743893));
#4235=DIRECTION('',(0.465417719,-0.317193312,0.826301852));
#4236=DIRECTION('',(-0.044712742,-0.940812246,-0.335965905));
#4237=AXIS2_PLACEMENT_3D('',#4234,#4235,#4236);
#4238=CYLINDRICAL_SURFACE('',#4237,8.);
#4239=CARTESIAN_POINT('',(-139.139697593,113.321742568,-0.625252228));
#4240=VERTEX_POINT('',#4239);
#4241=CARTESIAN_POINT('',(-133.246468319,109.305365807,9.837577324));
#4242=VERTEX_POINT('',#4241);
#4243=CARTESIAN_POINT('',(-139.139697593,113.321742568,-0.625252228));
#4244=DIRECTION('',(0.465417719,-0.317193312,0.826301852));
#4245=VECTOR('',#4244,12.662236603);
#4246=LINE('',#4243,#4245);
#4247=EDGE_CURVE('',#4240,#4242,#4246,.T.);
#4248=ORIENTED_EDGE('',*,*,#4247,.F.);
#4249=CARTESIAN_POINT('',(-139.139697593,113.321742568,-0.625252228));
#4250=CARTESIAN_POINT('',(-139.457663143,113.307739116,-0.58876194));
#4251=CARTESIAN_POINT('',(-139.775009903,113.27595018,-0.552751353));
#4252=CARTESIAN_POINT('',(-140.091790623,113.225454798,-0.51781897));
#4253=CARTESIAN_POINT('',(-140.408571342,113.174959415,-0.482886587));
#4254=CARTESIAN_POINT('',(-140.721299571,113.10617768,-0.449433692));
#4255=CARTESIAN_POINT('',(-141.026753786,113.019988771,-0.418269505));
#4256=CARTESIAN_POINT('',(-141.637662216,112.847610953,-0.355941133));
#4257=CARTESIAN_POINT('',(-142.224048088,112.605828646,-0.302365489));
#4258=CARTESIAN_POINT('',(-142.783847217,112.28832318,-0.260126139));
#4259=CARTESIAN_POINT('',(-142.923796999,112.208946814,-0.249566301));
#4260=CARTESIAN_POINT('',(-143.061872058,112.124818607,-0.239729069));
#4261=CARTESIAN_POINT('',(-143.19617624,112.037069808,-0.230743651));
#4262=CARTESIAN_POINT('',(-143.330480422,111.949321009,-0.221758232));
#4263=CARTESIAN_POINT('',(-143.461534262,111.85766676,-0.213584264));
#4264=CARTESIAN_POINT('',(-143.589345587,111.762117852,-0.206196379));
#4265=CARTESIAN_POINT('',(-143.844968237,111.571020036,-0.191420608));
#4266=CARTESIAN_POINT('',(-144.087663023,111.36439339,-0.17979371));
#4267=CARTESIAN_POINT('',(-144.316997793,111.141740366,-0.171056787));
#4268=CARTESIAN_POINT('',(-144.431665178,111.030413855,-0.166688325));
#4269=CARTESIAN_POINT('',(-144.542982236,110.915068568,-0.163041144));
#4270=CARTESIAN_POINT('',(-144.650827597,110.795562801,-0.160075859));
#4271=CARTESIAN_POINT('',(-144.758672958,110.676057034,-0.157110574));
#4272=CARTESIAN_POINT('',(-144.86331606,110.552000818,-0.154825911));
#4273=CARTESIAN_POINT('',(-144.962951832,110.425409604,-0.153195055));
#4274=CARTESIAN_POINT('',(-145.162223377,110.172227176,-0.149933343));
#4275=CARTESIAN_POINT('',(-145.342793627,109.907709006,-0.149233838));
#4276=CARTESIAN_POINT('',(-145.50473721,109.63186894,-0.150433088));
#4277=B_SPLINE_CURVE_WITH_KNOTS('',3,(#4249,#4250,#4251,#4252,#4253,#4254,#4255,#4256,#4257,#4258,#4259,#4260,#4261,#4262,#4263,#4264,#4265,#4266,#4267,#4268,#4269,#4270,#4271,#4272,#4273,#4274,
#4275,#4276),.UNSPECIFIED.,.F.,.F.,(4,3,3,3,3,3,3,3,3,4),(0.003777975,0.004735436,0.005692897,0.00760782,0.00808655,0.008565281,0.009522742,0.010001472,0.010480203,0.011437664),.UNSPECIFIED.);
#4278=EDGE_CURVE('',#4240,#4202,#4277,.T.);
#4279=ORIENTED_EDGE('',*,*,#4278,.T.);
#4280=ORIENTED_EDGE('',*,*,#4207,.F.);
#4281=CARTESIAN_POINT('',(-139.704566548,105.683900303,10.143481764));
#4282=CARTESIAN_POINT('',(-139.115829844,106.686474511,10.146943522));
#4283=CARTESIAN_POINT('',(-138.245834472,107.573580333,10.134343936));
#4284=CARTESIAN_POINT('',(-137.142158773,108.218838823,10.083968481));
#4285=CARTESIAN_POINT('',(-136.038483074,108.864097312,10.033593026));
#4286=CARTESIAN_POINT('',(-134.700937591,109.264467569,9.944167676));
#4287=CARTESIAN_POINT('',(-133.246468319,109.305365807,9.837577324));
#4288=B_SPLINE_CURVE_WITH_KNOTS('',3,(#4281,#4282,#4283,#4284,#4285,#4286,#4287),.UNSPECIFIED.,.F.,.F.,(4,3,4),(0.,0.5,1.),.UNSPECIFIED.);
#4289=EDGE_CURVE('',#4200,#4242,#4288,.T.);
#4290=ORIENTED_EDGE('',*,*,#4289,.T.);
#4291=EDGE_LOOP('',(#4248,#4279,#4280,#4290));
#4292=FACE_BOUND('',#4291,.T.);
#4293=ADVANCED_FACE('',(#4292),#4238,.T.);
#4294=CARTESIAN_POINT('',(-77.507833509,112.575404975,1.317040549));
#4295=DIRECTION('',(0.000011531,0.933580426,0.35836795));
#4296=DIRECTION('',(-1.,0.000012352,-0.));
#4297=AXIS2_PLACEMENT_3D('',#4294,#4295,#4296);
#4298=PLANE('',#4297);
#4299=CARTESIAN_POINT('',(-62.344844311,109.304490061,9.837577324));
#4300=VERTEX_POINT('',#4299);
#4301=CARTESIAN_POINT('',(-60.910170849,113.325935416,-0.638779739));
#4302=VERTEX_POINT('',#4301);
#4303=CARTESIAN_POINT('',(-62.344844311,109.304490061,9.837577324));
#4304=DIRECTION('',(0.128363938,0.355401836,-0.925857567));
#4305=VECTOR('',#4304,11.31300386);
#4306=LINE('',#4303,#4305);
#4307=EDGE_CURVE('',#4300,#4302,#4306,.T.);
#4308=ORIENTED_EDGE('',*,*,#4307,.T.);
#4309=CARTESIAN_POINT('',(-139.003381319,113.327360382,-0.639891521));
#4310=VERTEX_POINT('',#4309);
#4311=CARTESIAN_POINT('',(-60.910170843,113.326395809,-0.639891521));
#4312=DIRECTION('',(-1.,0.000012352,-0.));
#4313=VECTOR('',#4312,78.093210482);
#4314=LINE('',#4311,#4313);
#4315=EDGE_CURVE('',#4302,#4310,#4314,.T.);
#4316=ORIENTED_EDGE('',*,*,#4315,.T.);
#4317=CARTESIAN_POINT('',(-139.139697593,113.321742568,-0.625252228));
#4318=CARTESIAN_POINT('',(-139.094299535,113.323741972,-0.630462314));
#4319=CARTESIAN_POINT('',(-139.048860648,113.325614175,-0.635341034));
#4320=CARTESIAN_POINT('',(-139.003381319,113.327360382,-0.639891521));
#4321=B_SPLINE_CURVE_WITH_KNOTS('',3,(#4317,#4318,#4319,#4320),.UNSPECIFIED.,.F.,.F.,(4,4),(0.,0.000137215),.UNSPECIFIED.);
#4322=EDGE_CURVE('',#4240,#4310,#4321,.T.);
#4323=ORIENTED_EDGE('',*,*,#4322,.F.);
#4324=ORIENTED_EDGE('',*,*,#4247,.T.);
#4325=CARTESIAN_POINT('',(-133.246468319,109.305365807,9.837577324));
#4326=DIRECTION('',(1.,-0.000012352,0.));
#4327=VECTOR('',#4326,70.901624014);
#4328=LINE('',#4325,#4327);
#4329=EDGE_CURVE('',#4242,#4300,#4328,.T.);
#4330=ORIENTED_EDGE('',*,*,#4329,.T.);
#4331=EDGE_LOOP('',(#4308,#4316,#4323,#4324,#4330));
#4332=FACE_BOUND('',#4331,.T.);
#4333=ADVANCED_FACE('',(#4332),#4298,.T.);
#4334=CARTESIAN_POINT('',(-60.739112868,110.429116347,-3.019386515));
#4335=DIRECTION('',(0.128363938,0.355401836,-0.925857567));
#4336=DIRECTION('',(0.007377403,0.933212928,0.35924811));
#4337=AXIS2_PLACEMENT_3D('',#4334,#4335,#4336);
#4338=CYLINDRICAL_SURFACE('',#4337,3.557576165);
#4339=CARTESIAN_POINT('',(-60.866168869,113.324646042,-0.635606367));
#4340=VERTEX_POINT('',#4339);
#4341=CARTESIAN_POINT('',(-62.318383981,109.303890561,9.838864392));
#4342=VERTEX_POINT('',#4341);
#4343=CARTESIAN_POINT('',(-60.866168874,113.324645343,-0.635606636));
#4344=DIRECTION('',(-0.128363938,-0.355401836,0.925857567));
#4345=VECTOR('',#4344,11.313263943);
#4346=LINE('',#4343,#4345);
#4347=EDGE_CURVE('',#4340,#4342,#4346,.T.);
#4348=ORIENTED_EDGE('',*,*,#4347,.T.);
#4349=CARTESIAN_POINT('',(-59.554710137,107.83404359,9.769269075));
#4350=VERTEX_POINT('',#4349);
#4351=CARTESIAN_POINT('',(-62.344844311,109.304490061,9.837577324));
#4352=CARTESIAN_POINT('',(-62.336358968,109.304329886,9.837994324));
#4353=CARTESIAN_POINT('',(-62.328046794,109.304142252,9.838398437));
#4354=CARTESIAN_POINT('',(-62.319907977,109.303930542,9.838790936));
#4355=CARTESIAN_POINT('',(-62.317873273,109.303877615,9.838889061));
#4356=CARTESIAN_POINT('',(-62.315779457,109.303821323,9.838989825));
#4357=CARTESIAN_POINT('',(-62.313695813,109.303763412,9.839089846));
#4358=CARTESIAN_POINT('',(-62.311612169,109.303705501,9.839189867));
#4359=CARTESIAN_POINT('',(-62.309528506,109.303645725,9.839289649));
#4360=CARTESIAN_POINT('',(-62.307444829,109.303584084,9.83938919));
#4361=CARTESIAN_POINT('',(-62.303277476,109.303460801,9.839588272));
#4362=CARTESIAN_POINT('',(-62.299110063,109.303330059,9.839786394));
#4363=CARTESIAN_POINT('',(-62.294942617,109.303191853,9.83998355));
#4364=CARTESIAN_POINT('',(-62.278272832,109.302639032,9.840772176));
#4365=CARTESIAN_POINT('',(-62.26160251,109.301966807,9.841545358));
#4366=CARTESIAN_POINT('',(-62.244933288,109.301175059,9.842302822));
#4367=CARTESIAN_POINT('',(-62.211594843,109.299591562,9.843817751));
#4368=CARTESIAN_POINT('',(-62.178260788,109.297529948,9.845269804));
#4369=CARTESIAN_POINT('',(-62.144944275,109.294989516,9.846656889));
#4370=CARTESIAN_POINT('',(-62.078311251,109.289908651,9.849431057));
#4371=CARTESIAN_POINT('',(-62.011748321,109.282912156,9.851945224));
#4372=CARTESIAN_POINT('',(-61.945361743,109.273998682,9.854184141));
#4373=CARTESIAN_POINT('',(-61.812588586,109.256171736,9.858661974));
#4374=CARTESIAN_POINT('',(-61.680520163,109.230670983,9.862036637));
#4375=CARTESIAN_POINT('',(-61.550018303,109.197555361,9.864211265));
#4376=CARTESIAN_POINT('',(-61.419516442,109.16443974,9.866385893));
#4377=CARTESIAN_POINT('',(-61.290581919,109.123709106,9.867360326));
#4378=CARTESIAN_POINT('',(-61.164082618,109.075517579,9.867073395));
#4379=CARTESIAN_POINT('',(-61.037583317,109.027326053,9.866786465));
#4380=CARTESIAN_POINT('',(-60.913520051,108.971673575,9.865238037));
#4381=CARTESIAN_POINT('',(-60.792754842,108.908810955,9.862404875));
#4382=CARTESIAN_POINT('',(-60.671989634,108.845948335,9.859571712));
#4383=CARTESIAN_POINT('',(-60.554523324,108.775875608,9.855453712));
#4384=CARTESIAN_POINT('',(-60.441199662,108.698940431,9.850067346));
#4385=CARTESIAN_POINT('',(-60.327876,108.622005254,9.84468098));
#4386=CARTESIAN_POINT('',(-60.218695843,108.538207761,9.83802618));
#4387=CARTESIAN_POINT('',(-60.114471927,108.447991188,9.830160409));
#4388=CARTESIAN_POINT('',(-60.010248011,108.357774615,9.822294638));
#4389=CARTESIAN_POINT('',(-59.910981197,108.261139197,9.813217866));
#4390=CARTESIAN_POINT('',(-59.81744032,108.15862099,9.803029271));
#4391=CARTESIAN_POINT('',(-59.723899443,108.056102782,9.792840675));
#4392=CARTESIAN_POINT('',(-59.636085352,107.947702123,9.781540268));
#4393=CARTESIAN_POINT('',(-59.554710137,107.83404359,9.769269075));
#4394=B_SPLINE_CURVE_WITH_KNOTS('',3,(#4351,#4352,#4353,#4354,#4355,#4356,#4357,#4358,#4359,#4360,#4361,#4362,#4363,#4364,#4365,#4366,#4367,#4368,#4369,#4370,#4371,#4372,#4373,#4374,#4375,#4376,
#4377,#4378,#4379,#4380,#4381,#4382,#4383,#4384,#4385,#4386,#4387,#4388,#4389,#4390,#4391,#4392,#4393),.UNSPECIFIED.,.F.,.F.,(4,3,3,3,3,3,3,3,3,3,3,3,3,3,4),(0.,0.0078125,0.009765625,0.01171875,0.015625,0.03125,0.0625,0.125,0.25,0.375,0.5,0.625,0.75,0.875,1.),.UNSPECIFIED.);
#4395=EDGE_CURVE('',#4342,#4350,#4394,.T.);
#4396=ORIENTED_EDGE('',*,*,#4395,.T.);
#4397=CARTESIAN_POINT('',(-58.097508339,111.868605045,-0.74116974));
#4398=VERTEX_POINT('',#4397);
#4399=CARTESIAN_POINT('',(-58.097508339,111.868605045,-0.74116974));
#4400=DIRECTION('',(-0.128363938,-0.355401836,0.925857567));
#4401=VECTOR('',#4400,11.352112019);
#4402=LINE('',#4399,#4401);
#4403=EDGE_CURVE('',#4398,#4350,#4402,.T.);
#4404=ORIENTED_EDGE('',*,*,#4403,.F.);
#4405=CARTESIAN_POINT('',(-58.097508339,111.868605045,-0.74116974));
#4406=CARTESIAN_POINT('',(-58.420387106,112.305871766,-0.669245136));
#4407=CARTESIAN_POINT('',(-58.846627591,112.668300643,-0.617530727));
#4408=CARTESIAN_POINT('',(-59.335885067,112.921536957,-0.599941912));
#4409=CARTESIAN_POINT('',(-59.580513805,113.048155114,-0.591147505));
#4410=CARTESIAN_POINT('',(-59.83495897,113.145186808,-0.590629213));
#4411=CARTESIAN_POINT('',(-60.099012281,113.213276448,-0.597506097));
#4412=CARTESIAN_POINT('',(-60.231038936,113.247321269,-0.600944539));
#4413=CARTESIAN_POINT('',(-60.366183134,113.274139877,-0.606271724));
#4414=CARTESIAN_POINT('',(-60.502271151,113.293033228,-0.613267803));
#4415=CARTESIAN_POINT('',(-60.638359168,113.311926578,-0.620263882));
#4416=CARTESIAN_POINT('',(-60.774315676,113.322832829,-0.628852177));
#4417=CARTESIAN_POINT('',(-60.91017175,113.325919251,-0.638772267));
#4418=B_SPLINE_CURVE_WITH_KNOTS('',3,(#4405,#4406,#4407,#4408,#4409,#4410,#4411,#4412,#4413,#4414,#4415,#4416,#4417),.UNSPECIFIED.,.F.,.F.,(4,3,3,3,4),(0.001882967,0.003519593,0.004337907,0.004747063,0.00515622),.UNSPECIFIED.);
#4419=EDGE_CURVE('',#4398,#4340,#4418,.T.);
#4420=ORIENTED_EDGE('',*,*,#4419,.T.);
#4421=EDGE_LOOP('',(#4348,#4396,#4404,#4420));
#4422=FACE_BOUND('',#4421,.T.);
#4423=ADVANCED_FACE('',(#4422),#4338,.T.);
#4424=CARTESIAN_POINT('',(-55.694123031,109.685690422,-3.093872398));
#4425=DIRECTION('',(-0.787942658,-0.530362434,-0.312829117));
#4426=DIRECTION('',(-0.442656483,0.134741412,0.886510006));
#4427=AXIS2_PLACEMENT_3D('',#4424,#4425,#4426);
#4428=PLANE('',#4427);
#4429=CARTESIAN_POINT('',(-58.98767095,106.991611442,9.769269075));
#4430=VERTEX_POINT('',#4429);
#4431=CARTESIAN_POINT('',(-57.529357928,111.029249545,-0.74918472));
#4432=VERTEX_POINT('',#4431);
#4433=CARTESIAN_POINT('',(-58.98767095,106.991611442,9.769269075));
#4434=DIRECTION('',(0.128363938,0.355401836,-0.925857567));
#4435=VECTOR('',#4434,11.360768837);
#4436=LINE('',#4433,#4435);
#4437=EDGE_CURVE('',#4430,#4432,#4436,.T.);
#4438=ORIENTED_EDGE('',*,*,#4437,.T.);
#4439=CARTESIAN_POINT('',(-58.05940341,111.816721318,-0.74918472));
#4440=VERTEX_POINT('',#4439);
#4441=CARTESIAN_POINT('',(-57.529357928,111.029249545,-0.74918472));
#4442=DIRECTION('',(-0.558388262,0.829579742,-0.));
#4443=VECTOR('',#4442,0.949241805);
#4444=LINE('',#4441,#4443);
#4445=EDGE_CURVE('',#4432,#4440,#4444,.T.);
#4446=ORIENTED_EDGE('',*,*,#4445,.T.);
#4447=CARTESIAN_POINT('',(-58.097508339,111.868605045,-0.74116974));
#4448=CARTESIAN_POINT('',(-58.084774339,111.851359722,-0.744006402));
#4449=CARTESIAN_POINT('',(-58.072072217,111.834064669,-0.74667846));
#4450=CARTESIAN_POINT('',(-58.05940341,111.816721318,-0.74918472));
#4451=B_SPLINE_CURVE_WITH_KNOTS('',3,(#4447,#4448,#4449,#4450),.UNSPECIFIED.,.F.,.F.,(4,4),(0.,0.00006487),.UNSPECIFIED.);
#4452=EDGE_CURVE('',#4398,#4440,#4451,.T.);
#4453=ORIENTED_EDGE('',*,*,#4452,.F.);
#4454=ORIENTED_EDGE('',*,*,#4403,.T.);
#4455=CARTESIAN_POINT('',(-59.554710137,107.83404359,9.769269075));
#4456=DIRECTION('',(0.558388262,-0.829579742,-0.));
#4457=VECTOR('',#4456,1.015492671);
#4458=LINE('',#4455,#4457);
#4459=EDGE_CURVE('',#4350,#4430,#4458,.T.);
#4460=ORIENTED_EDGE('',*,*,#4459,.T.);
#4461=EDGE_LOOP('',(#4438,#4446,#4453,#4454,#4460));
#4462=FACE_BOUND('',#4461,.T.);
#4463=ADVANCED_FACE('',(#4462),#4428,.F.);
#4464=CARTESIAN_POINT('',(-54.919198228,112.381676798,1.755835886));
#4465=DIRECTION('',(-0.128363938,-0.355401836,0.925857567));
#4466=DIRECTION('',(-0.007377403,-0.933212928,-0.35924811));
#4467=AXIS2_PLACEMENT_3D('',#4464,#4465,#4466);
#4468=CYLINDRICAL_SURFACE('',#4467,3.557576165);
#4469=CARTESIAN_POINT('',(-56.243310857,105.468290393,9.838979098));
#4470=VERTEX_POINT('',#4469);
#4471=CARTESIAN_POINT('',(-54.781637991,109.490688878,-0.639804091));
#4472=VERTEX_POINT('',#4471);
#4473=CARTESIAN_POINT('',(-56.243310857,105.468290394,9.838979099));
#4474=DIRECTION('',(0.128363938,0.355401836,-0.925857567));
#4475=VECTOR('',#4474,11.319054601);
#4476=LINE('',#4473,#4475);
#4477=EDGE_CURVE('',#4470,#4472,#4476,.T.);
#4478=ORIENTED_EDGE('',*,*,#4477,.F.);
#4479=CARTESIAN_POINT('',(-56.216477737,105.468723044,9.837577324));
#4480=VERTEX_POINT('',#4479);
#4481=CARTESIAN_POINT('',(-58.98767095,106.991611442,9.769269075));
#4482=CARTESIAN_POINT('',(-58.91035501,106.869239942,9.781993975));
#4483=CARTESIAN_POINT('',(-58.826437811,106.753056071,9.793316029));
#4484=CARTESIAN_POINT('',(-58.736644993,106.64364531,9.803359377));
#4485=CARTESIAN_POINT('',(-58.646852176,106.534234549,9.813402724));
#4486=CARTESIAN_POINT('',(-58.551184626,106.43159713,9.822167332));
#4487=CARTESIAN_POINT('',(-58.450415747,106.336226777,9.829735494));
#4488=CARTESIAN_POINT('',(-58.349646869,106.240856425,9.837303656));
#4489=CARTESIAN_POINT('',(-58.243777537,106.152753266,9.8436753));
#4490=CARTESIAN_POINT('',(-58.133615684,106.072316578,9.84889168));
#4491=CARTESIAN_POINT('',(-58.023453832,105.991879891,9.854108059));
#4492=CARTESIAN_POINT('',(-57.90900031,105.919109699,9.858169066));
#4493=CARTESIAN_POINT('',(-57.791084603,105.854309707,9.861076277));
#4494=CARTESIAN_POINT('',(-57.790163387,105.853803457,9.861098989));
#4495=CARTESIAN_POINT('',(-57.789199749,105.853274524,9.861122669));
#4496=CARTESIAN_POINT('',(-57.788256973,105.852757685,9.861145756));
#4497=CARTESIAN_POINT('',(-57.787314197,105.852240847,9.861168843));
#4498=CARTESIAN_POINT('',(-57.786371189,105.85172451,9.861191858));
#4499=CARTESIAN_POINT('',(-57.785427949,105.851208675,9.861214799));
#4500=CARTESIAN_POINT('',(-57.783541469,105.850177005,9.861260682));
#4501=CARTESIAN_POINT('',(-57.781654061,105.849147344,9.861306274));
#4502=CARTESIAN_POINT('',(-57.779765729,105.848119691,9.861351575));
#4503=CARTESIAN_POINT('',(-57.775989066,105.846064387,9.861442177));
#4504=CARTESIAN_POINT('',(-57.772208705,105.84401712,9.861531614));
#4505=CARTESIAN_POINT('',(-57.768424674,105.8419779,9.861619888));
#4506=CARTESIAN_POINT('',(-57.760856611,105.837899461,9.861796434));
#4507=CARTESIAN_POINT('',(-57.753273866,105.833853212,9.861968324));
#4508=CARTESIAN_POINT('',(-57.745676649,105.829839233,9.86213556));
#4509=CARTESIAN_POINT('',(-57.730482216,105.821811276,9.86247003));
#4510=CARTESIAN_POINT('',(-57.715229895,105.8139124,9.862785882));
#4511=CARTESIAN_POINT('',(-57.699921377,105.806143227,9.863083118));
#4512=CARTESIAN_POINT('',(-57.669304342,105.790604881,9.863677591));
#4513=CARTESIAN_POINT('',(-57.638462516,105.77558537,9.864197613));
#4514=CARTESIAN_POINT('',(-57.60740949,105.761089377,9.864643097));
#4515=CARTESIAN_POINT('',(-57.545303439,105.732097391,9.865534066));
#4516=CARTESIAN_POINT('',(-57.482352528,105.705199858,9.866127039));
#4517=CARTESIAN_POINT('',(-57.418666363,105.680429653,9.866419441));
#4518=CARTESIAN_POINT('',(-57.291294035,105.630889243,9.867004244));
#4519=CARTESIAN_POINT('',(-57.160980328,105.589864281,9.866389165));
#4520=CARTESIAN_POINT('',(-57.028610681,105.557544137,9.864524137));
#4521=CARTESIAN_POINT('',(-56.896241033,105.525223993,9.862659108));
#4522=CARTESIAN_POINT('',(-56.761816253,105.501608602,9.859543993));
#4523=CARTESIAN_POINT('',(-56.626222776,105.486789538,9.855091044));
#4524=CARTESIAN_POINT('',(-56.558426037,105.479380006,9.852864569));
#4525=CARTESIAN_POINT('',(-56.490337063,105.474168033,9.85030306));
#4526=CARTESIAN_POINT('',(-56.4220658,105.471156014,9.847392193));
#4527=CARTESIAN_POINT('',(-56.387930168,105.469650005,9.84593676));
#4528=CARTESIAN_POINT('',(-56.353748952,105.46869389,9.844393953));
#4529=CARTESIAN_POINT('',(-56.3195358,105.468287412,9.84276178));
#4530=CARTESIAN_POINT('',(-56.302429224,105.468084174,9.841945694));
#4531=CARTESIAN_POINT('',(-56.285314664,105.468018338,9.841107264));
#4532=CARTESIAN_POINT('',(-56.268193818,105.468089839,9.84024623));
#4533=CARTESIAN_POINT('',(-56.263913606,105.468107715,9.840030971));
#4534=CARTESIAN_POINT('',(-56.259633002,105.468134173,9.8398143));
#4535=CARTESIAN_POINT('',(-56.255352031,105.468169214,9.839596211));
#4536=CARTESIAN_POINT('',(-56.251071061,105.468204255,9.839378123));
#4537=CARTESIAN_POINT('',(-56.246818136,105.468247522,9.839160088));
#4538=CARTESIAN_POINT('',(-56.242501635,105.46830016,9.838937359));
#4539=CARTESIAN_POINT('',(-56.233868633,105.468405437,9.838491902));
#4540=CARTESIAN_POINT('',(-56.225193928,105.468546136,9.838038466));
#4541=CARTESIAN_POINT('',(-56.216477737,105.468723044,9.837577324));
#4542=B_SPLINE_CURVE_WITH_KNOTS('',3,(#4481,#4482,#4483,#4484,#4485,#4486,#4487,#4488,#4489,#4490,#4491,#4492,#4493,#4494,#4495,#4496,#4497,#4498,#4499,#4500,#4501,#4502,#4503,#4504,#4505,#4506,
#4507,#4508,#4509,#4510,#4511,#4512,#4513,#4514,#4515,#4516,#4517,#4518,#4519,#4520,#4521,#4522,#4523,#4524,#4525,#4526,#4527,#4528,#4529,#4530,#4531,
#4532,#4533,#4534,#4535,#4536,#4537,#4538,#4539,#4540,#4541),.UNSPECIFIED.,.F.,.F.,(4,3,3,3,3,3,3,3,3,3,3,3,3,3,3,3,3,3,3,3,4),(0.,0.125,0.25,0.375,0.5,0.500976562,0.501953125,0.50390625,0.5078125,0.515625,0.53125,0.5625,0.625,0.75,0.875,0.9375,0.96875,0.984375,0.98828125,0.9921875,1.),.UNSPECIFIED.);
#4543=EDGE_CURVE('',#4470,#4480,#4542,.T.);
#4544=ORIENTED_EDGE('',*,*,#4543,.T.);
#4545=CARTESIAN_POINT('',(-54.76414779,109.48979578,-0.637722019));
#4546=DIRECTION('',(-0.128363938,-0.355401836,0.925857567));
#4547=VECTOR('',#4546,11.314158588);
#4548=LINE('',#4545,#4547);
#4549=EDGE_CURVE('',#4472,#4480,#4548,.T.);
#4550=ORIENTED_EDGE('',*,*,#4549,.F.);
#4551=EDGE_LOOP('',(#4478,#4544,#4550));
#4552=FACE_BOUND('',#4551,.T.);
#4553=ADVANCED_FACE('',(#4552),#4468,.F.);
#4554=CARTESIAN_POINT('',(-77.507877647,109.001997568,0.633767591));
#4555=DIRECTION('',(0.000011531,0.933580426,0.35836795));
#4556=DIRECTION('',(-1.,0.000012352,-0.));
#4557=AXIS2_PLACEMENT_3D('',#4554,#4555,#4556);
#4558=PLANE('',#4557);
#4559=CARTESIAN_POINT('',(-20.648571147,109.490207193,-0.639891521));
#4560=VERTEX_POINT('',#4559);
#4561=CARTESIAN_POINT('',(-22.198948394,108.38472902,2.240027463));
#4562=VERTEX_POINT('',#4561);
#4563=CARTESIAN_POINT('',(-20.648571147,109.490207193,-0.639891521));
#4564=CARTESIAN_POINT('',(-20.891480427,109.428705448,-0.479666183));
#4565=CARTESIAN_POINT('',(-21.115262071,109.354667112,-0.286782522));
#4566=CARTESIAN_POINT('',(-21.307058582,109.273309125,-0.074831549));
#4567=CARTESIAN_POINT('',(-21.402956837,109.232630132,0.031143938));
#4568=CARTESIAN_POINT('',(-21.491630037,109.18995453,0.142320533));
#4569=CARTESIAN_POINT('',(-21.573210568,109.145318906,0.258602936));
#4570=CARTESIAN_POINT('',(-21.654791099,109.100683281,0.374885339));
#4571=CARTESIAN_POINT('',(-21.729667265,109.053791546,0.497044893));
#4572=CARTESIAN_POINT('',(-21.796259041,109.005634988,0.622499161));
#4573=CARTESIAN_POINT('',(-21.929442592,108.90932187,0.873407696));
#4574=CARTESIAN_POINT('',(-22.029111448,108.808953626,1.134879118));
#4575=CARTESIAN_POINT('',(-22.096731397,108.704707608,1.406451454));
#4576=CARTESIAN_POINT('',(-22.130541371,108.6525846,1.542237622));
#4577=CARTESIAN_POINT('',(-22.156270453,108.59925661,1.681162611));
#4578=CARTESIAN_POINT('',(-22.173331482,108.545814659,1.820384204));
#4579=CARTESIAN_POINT('',(-22.181861996,108.519093683,1.889995001));
#4580=CARTESIAN_POINT('',(-22.188260236,108.492309339,1.959770807));
#4581=CARTESIAN_POINT('',(-22.192531856,108.465461796,2.029711185));
#4582=CARTESIAN_POINT('',(-22.196803476,108.438614253,2.099651563));
#4583=CARTESIAN_POINT('',(-22.198948394,108.41132933,2.170731289));
#4584=CARTESIAN_POINT('',(-22.198948394,108.38472902,2.240027463));
#4585=B_SPLINE_CURVE_WITH_KNOTS('',3,(#4563,#4564,#4565,#4566,#4567,#4568,#4569,#4570,#4571,#4572,#4573,#4574,#4575,#4576,#4577,#4578,#4579,#4580,#4581,#4582,#4583,#4584),.UNSPECIFIED.,.F.,.F.,(4,3,3,3,3,3,3,4),(-0.00043532,0.000455395,0.000900753,0.00134611,0.002236825,0.002682183,0.002904862,0.00312754),.UNSPECIFIED.);
#4586=EDGE_CURVE('',#4560,#4562,#4585,.T.);
#4587=ORIENTED_EDGE('',*,*,#4586,.F.);
#4588=CARTESIAN_POINT('',(-20.648571147,109.490207193,-0.639891521));
#4589=DIRECTION('',(-1.,0.000012352,-0.));
#4590=VECTOR('',#4589,34.133066846);
#4591=LINE('',#4588,#4590);
#4592=EDGE_CURVE('',#4560,#4472,#4591,.T.);
#4593=ORIENTED_EDGE('',*,*,#4592,.T.);
#4594=ORIENTED_EDGE('',*,*,#4549,.T.);
#4595=CARTESIAN_POINT('',(-5.610586651,105.468097982,9.837577324));
#4596=VERTEX_POINT('',#4595);
#4597=CARTESIAN_POINT('',(-56.216477737,105.468723044,9.837577324));
#4598=DIRECTION('',(1.,-0.000012352,0.));
#4599=VECTOR('',#4598,50.60589109);
#4600=LINE('',#4597,#4599);
#4601=EDGE_CURVE('',#4480,#4596,#4600,.T.);
#4602=ORIENTED_EDGE('',*,*,#4601,.T.);
#4603=CARTESIAN_POINT('',(-1.368237298,109.486781432,-0.63158749));
#4604=VERTEX_POINT('',#4603);
#4605=CARTESIAN_POINT('',(-5.610586651,105.468097982,9.837577324));
#4606=DIRECTION('',(0.353835465,0.335180488,-0.873186409));
#4607=VECTOR('',#4606,11.989610361);
#4608=LINE('',#4605,#4607);
#4609=EDGE_CURVE('',#4596,#4604,#4608,.T.);
#4610=ORIENTED_EDGE('',*,*,#4609,.T.);
#4611=CARTESIAN_POINT('',(-1.468872793,109.489970294,-0.639891521));
#4612=VERTEX_POINT('',#4611);
#4613=CARTESIAN_POINT('',(-1.368237298,109.486781432,-0.63158749));
#4614=CARTESIAN_POINT('',(-1.40176442,109.487917539,-0.634546071));
#4615=CARTESIAN_POINT('',(-1.435309611,109.488980388,-0.637313808));
#4616=CARTESIAN_POINT('',(-1.468872793,109.489970294,-0.639891521));
#4617=B_SPLINE_CURVE_WITH_KNOTS('',3,(#4613,#4614,#4615,#4616),.UNSPECIFIED.,.F.,.F.,(4,4),(0.,0.000101028),.UNSPECIFIED.);
#4618=EDGE_CURVE('',#4604,#4612,#4617,.T.);
#4619=ORIENTED_EDGE('',*,*,#4618,.T.);
#4620=CARTESIAN_POINT('',(-10.409325728,109.490080722,-0.639891521));
#4621=VERTEX_POINT('',#4620);
#4622=CARTESIAN_POINT('',(-1.468872793,109.489970294,-0.639891521));
#4623=DIRECTION('',(-1.,0.000012352,-0.));
#4624=VECTOR('',#4623,8.940452935);
#4625=LINE('',#4622,#4624);
#4626=EDGE_CURVE('',#4612,#4621,#4625,.T.);
#4627=ORIENTED_EDGE('',*,*,#4626,.T.);
#4628=CARTESIAN_POINT('',(-8.858948482,108.384564251,2.240027463));
#4629=VERTEX_POINT('',#4628);
#4630=CARTESIAN_POINT('',(-10.409325728,109.490080722,-0.639891521));
#4631=CARTESIAN_POINT('',(-10.166416725,109.428573047,-0.479666366));
#4632=CARTESIAN_POINT('',(-9.942635383,109.354529305,-0.286783024));
#4633=CARTESIAN_POINT('',(-9.750839038,109.273166703,-0.07483237));
#4634=CARTESIAN_POINT('',(-9.654940865,109.232485402,0.031142956));
#4635=CARTESIAN_POINT('',(-9.566267725,109.189807674,0.142319386));
#4636=CARTESIAN_POINT('',(-9.484687233,109.1451701,0.258601618));
#4637=CARTESIAN_POINT('',(-9.403106741,109.100532525,0.37488385));
#4638=CARTESIAN_POINT('',(-9.328230611,109.053639026,0.497043183));
#4639=CARTESIAN_POINT('',(-9.261638765,109.005480838,0.622497409));
#4640=CARTESIAN_POINT('',(-9.128455073,108.909164462,0.87340586));
#4641=CARTESIAN_POINT('',(-9.028786028,108.808793751,1.134877296));
#4642=CARTESIAN_POINT('',(-8.961165902,108.704546016,1.406449756));
#4643=CARTESIAN_POINT('',(-8.927355839,108.652422148,1.542235985));
#4644=CARTESIAN_POINT('',(-8.901626652,108.599093465,1.681161126));
#4645=CARTESIAN_POINT('',(-8.884565535,108.545650964,1.820383051));
#4646=CARTESIAN_POINT('',(-8.876034977,108.518929714,1.889994014));
#4647=CARTESIAN_POINT('',(-8.869636701,108.492145144,1.959769999));
#4648=CARTESIAN_POINT('',(-8.865365057,108.465297421,2.029710569));
#4649=CARTESIAN_POINT('',(-8.861093413,108.438449699,2.099651139));
#4650=CARTESIAN_POINT('',(-8.858948482,108.411164641,2.170731076));
#4651=CARTESIAN_POINT('',(-8.858948482,108.384564251,2.240027463));
#4652=B_SPLINE_CURVE_WITH_KNOTS('',3,(#4630,#4631,#4632,#4633,#4634,#4635,#4636,#4637,#4638,#4639,#4640,#4641,#4642,#4643,#4644,#4645,#4646,#4647,#4648,#4649,#4650,#4651),.UNSPECIFIED.,.F.,.F.,(4,3,3,3,3,3,3,4),(-0.000435321,0.000455396,0.000900755,0.001346114,0.002236832,0.002682191,0.00290487,0.00312755),.UNSPECIFIED.);
#4653=EDGE_CURVE('',#4621,#4629,#4652,.T.);
#4654=ORIENTED_EDGE('',*,*,#4653,.T.);
#4655=CARTESIAN_POINT('',(-8.858948482,108.13121399,2.900027457));
#4656=VERTEX_POINT('',#4655);
#4657=CARTESIAN_POINT('',(-8.858948482,108.384564251,2.240027463));
#4658=DIRECTION('',(-0.,-0.35836795,0.933580426));
#4659=VECTOR('',#4658,0.706955689);
#4660=LINE('',#4657,#4659);
#4661=EDGE_CURVE('',#4629,#4656,#4660,.T.);
#4662=ORIENTED_EDGE('',*,*,#4661,.T.);
#4663=CARTESIAN_POINT('',(-12.30894847,106.806925687,6.350027444));
#4664=VERTEX_POINT('',#4663);
#4665=CARTESIAN_POINT('',(-8.858948482,108.13121399,2.900027457));
#4666=CARTESIAN_POINT('',(-8.858948482,108.046667962,3.12027739));
#4667=CARTESIAN_POINT('',(-8.879846222,107.963383956,3.337240316));
#4668=CARTESIAN_POINT('',(-8.920925871,107.881318742,3.551028827));
#4669=CARTESIAN_POINT('',(-8.941465696,107.840286136,3.657923083));
#4670=CARTESIAN_POINT('',(-8.967084773,107.799560267,3.764018422));
#4671=CARTESIAN_POINT('',(-8.99790353,107.759148409,3.869295903));
#4672=CARTESIAN_POINT('',(-9.028722288,107.718736551,3.974573385));
#4673=CARTESIAN_POINT('',(-9.064951454,107.678444934,4.079537802));
#4674=CARTESIAN_POINT('',(-9.106108331,107.638984947,4.182335907));
#4675=CARTESIAN_POINT('',(-9.188422085,107.560064973,4.387932116));
#4676=CARTESIAN_POINT('',(-9.289567814,107.484910127,4.583720438));
#4677=CARTESIAN_POINT('',(-9.409508887,107.413513085,4.769719951));
#4678=CARTESIAN_POINT('',(-9.469479424,107.377814564,4.862719707));
#4679=CARTESIAN_POINT('',(-9.534180098,107.343061752,4.953255959));
#4680=CARTESIAN_POINT('',(-9.60381016,107.309294486,5.041224935));
#4681=CARTESIAN_POINT('',(-9.673440222,107.275527221,5.12919391));
#4682=CARTESIAN_POINT('',(-9.748407323,107.242607544,5.214955011));
#4683=CARTESIAN_POINT('',(-9.826865752,107.211411677,5.296225548));
#4684=CARTESIAN_POINT('',(-9.983782608,107.149019942,5.458766623));
#4685=CARTESIAN_POINT('',(-10.155538762,107.092874591,5.605035791));
#4686=CARTESIAN_POINT('',(-10.342441111,107.043104807,5.734696524));
#4687=CARTESIAN_POINT('',(-10.529343461,106.993335023,5.864357258));
#4688=CARTESIAN_POINT('',(-10.734105169,106.94960569,5.978282655));
#4689=CARTESIAN_POINT('',(-10.946173408,106.914606099,6.069466531));
#4690=CARTESIAN_POINT('',(-11.158241647,106.879606508,6.160650406));
#4691=CARTESIAN_POINT('',(-11.378518554,106.852833699,6.230403046));
#4692=CARTESIAN_POINT('',(-11.607309706,106.834593922,6.27792665));
#4693=CARTESIAN_POINT('',(-11.721705282,106.825474034,6.301688452));
#4694=CARTESIAN_POINT('',(-11.838716994,106.818500063,6.319860032));
#4695=CARTESIAN_POINT('',(-11.955880986,106.813874536,6.331913711));
#4696=CARTESIAN_POINT('',(-12.014462982,106.811561773,6.337940551));
#4697=CARTESIAN_POINT('',(-12.07317605,106.809825349,6.342465979));
#4698=CARTESIAN_POINT('',(-12.132020388,106.808666141,6.345487712));
#4699=CARTESIAN_POINT('',(-12.190864726,106.807506934,6.348509444));
#4700=CARTESIAN_POINT('',(-12.250788291,106.806924968,6.350027444));
#4701=CARTESIAN_POINT('',(-12.30894847,106.806925687,6.350027444));
#4702=B_SPLINE_CURVE_WITH_KNOTS('',3,(#4665,#4666,#4667,#4668,#4669,#4670,#4671,#4672,#4673,#4674,#4675,#4676,#4677,#4678,#4679,#4680,#4681,#4682,#4683,#4684,#4685,#4686,#4687,#4688,#4689,#4690,
#4691,#4692,#4693,#4694,#4695,#4696,#4697,#4698,#4699,#4700,#4701),.UNSPECIFIED.,.F.,.F.,(4,3,3,3,3,3,3,3,3,3,3,3,4),(0.,0.000697922,0.001046883,0.001395844,0.002093766,0.002442728,0.002791689,0.003489611,0.004187533,0.004885455,0.005234416,0.005408897,0.005583377),.UNSPECIFIED.);
#4703=EDGE_CURVE('',#4656,#4664,#4702,.T.);
#4704=ORIENTED_EDGE('',*,*,#4703,.T.);
#4705=CARTESIAN_POINT('',(-18.748948406,106.807005231,6.350027444));
#4706=VERTEX_POINT('',#4705);
#4707=CARTESIAN_POINT('',(-18.748948406,106.807005231,6.350027444));
#4708=DIRECTION('',(1.,-0.000012352,-0.));
#4709=VECTOR('',#4708,6.439999937);
#4710=LINE('',#4707,#4709);
#4711=EDGE_CURVE('',#4706,#4664,#4710,.T.);
#4712=ORIENTED_EDGE('',*,*,#4711,.F.);
#4713=CARTESIAN_POINT('',(-22.198948394,108.13137876,2.900027457));
#4714=VERTEX_POINT('',#4713);
#4715=CARTESIAN_POINT('',(-22.198948394,108.13137876,2.900027457));
#4716=CARTESIAN_POINT('',(-22.198948394,108.046832485,3.120278032));
#4717=CARTESIAN_POINT('',(-22.178050534,107.963547794,3.337241399));
#4718=CARTESIAN_POINT('',(-22.136970747,107.881481465,3.551030171));
#4719=CARTESIAN_POINT('',(-22.116430853,107.840448301,3.657924558));
#4720=CARTESIAN_POINT('',(-22.090811702,107.799721767,3.764019983));
#4721=CARTESIAN_POINT('',(-22.059992877,107.759309132,3.869297505));
#4722=CARTESIAN_POINT('',(-22.029174052,107.718896496,3.974575028));
#4723=CARTESIAN_POINT('',(-21.99294483,107.67860399,4.079539429));
#4724=CARTESIAN_POINT('',(-21.951787896,107.639142989,4.182337528));
#4725=CARTESIAN_POINT('',(-21.869474026,107.560220986,4.387933725));
#4726=CARTESIAN_POINT('',(-21.768328226,107.485063694,4.58372191));
#4727=CARTESIAN_POINT('',(-21.648387188,107.413663778,4.769721191));
#4728=CARTESIAN_POINT('',(-21.58841667,107.37796382,4.862720832));
#4729=CARTESIAN_POINT('',(-21.523716041,107.343209463,4.953256946));
#4730=CARTESIAN_POINT('',(-21.45408606,107.309440538,5.041225763));
#4731=CARTESIAN_POINT('',(-21.38445608,107.275671613,5.12919458));
#4732=CARTESIAN_POINT('',(-21.309489082,107.242750144,5.214955525));
#4733=CARTESIAN_POINT('',(-21.23103074,107.211552383,5.296225946));
#4734=CARTESIAN_POINT('',(-21.074114057,107.149156861,5.458766789));
#4735=CARTESIAN_POINT('',(-20.902358145,107.093007353,5.605035734));
#4736=CARTESIAN_POINT('',(-20.715456126,107.043233026,5.734696274));
#4737=CARTESIAN_POINT('',(-20.528554107,106.9934587,5.864356814));
#4738=CARTESIAN_POINT('',(-20.323792747,106.949724342,5.978282121));
#4739=CARTESIAN_POINT('',(-20.111724567,106.914719489,6.069466058));
#4740=CARTESIAN_POINT('',(-19.899656388,106.879714635,6.160649995));
#4741=CARTESIAN_POINT('',(-19.679379537,106.852936358,6.230402704));
#4742=CARTESIAN_POINT('',(-19.450588438,106.8346909,6.277926386));
#4743=CARTESIAN_POINT('',(-19.336192888,106.825568171,6.301688228));
#4744=CARTESIAN_POINT('',(-19.219181088,106.818591283,6.319859876));
#4745=CARTESIAN_POINT('',(-19.102016818,106.813962839,6.331913616));
#4746=CARTESIAN_POINT('',(-19.043434683,106.811648617,6.337940486));
#4747=CARTESIAN_POINT('',(-18.984721469,106.809910733,6.342465937));
#4748=CARTESIAN_POINT('',(-18.925876976,106.808750066,6.345487686));
#4749=CARTESIAN_POINT('',(-18.867032483,106.807589398,6.348509435));
#4750=CARTESIAN_POINT('',(-18.807108749,106.807005949,6.350027444));
#4751=CARTESIAN_POINT('',(-18.748948406,106.807005231,6.350027444));
#4752=B_SPLINE_CURVE_WITH_KNOTS('',3,(#4715,#4716,#4717,#4718,#4719,#4720,#4721,#4722,#4723,#4724,#4725,#4726,#4727,#4728,#4729,#4730,#4731,#4732,#4733,#4734,#4735,#4736,#4737,#4738,#4739,#4740,
#4741,#4742,#4743,#4744,#4745,#4746,#4747,#4748,#4749,#4750,#4751),.UNSPECIFIED.,.F.,.F.,(4,3,3,3,3,3,3,3,3,3,3,3,4),(0.,0.000697924,0.001046886,0.001395848,0.002093772,0.002442734,0.002791696,0.003489621,0.004187545,0.004885469,0.005234431,0.005408912,0.005583393),.UNSPECIFIED.);
#4753=EDGE_CURVE('',#4714,#4706,#4752,.T.);
#4754=ORIENTED_EDGE('',*,*,#4753,.F.);
#4755=CARTESIAN_POINT('',(-22.198948394,108.38472902,2.240027463));
#4756=DIRECTION('',(-0.,-0.35836795,0.933580426));
#4757=VECTOR('',#4756,0.706955689);
#4758=LINE('',#4755,#4757);
#4759=EDGE_CURVE('',#4562,#4714,#4758,.T.);
#4760=ORIENTED_EDGE('',*,*,#4759,.F.);
#4761=EDGE_LOOP('',(#4587,#4593,#4594,#4602,#4610,#4619,#4627,#4654,#4662,#4704,#4712,#4754,#4760));
#4762=FACE_BOUND('',#4761,.T.);
#4763=ADVANCED_FACE('',(#4762),#4558,.T.);
#4764=CARTESIAN_POINT('',(-11.349421521,92.563270968,21.132560839));
#4765=DIRECTION('',(-0.353835465,-0.335180488,0.873186409));
#4766=DIRECTION('',(0.926798026,0.,0.37556014));
#4767=AXIS2_PLACEMENT_3D('',#4764,#4765,#4766);
#4768=CYLINDRICAL_SURFACE('',#4767,8.);
#4769=CARTESIAN_POINT('',(5.000011814,105.780035199,-0.354677254));
#4770=VERTEX_POINT('',#4769);
#4771=CARTESIAN_POINT('',(0.790927005,101.811057943,10.015668519));
#4772=VERTEX_POINT('',#4771);
#4773=CARTESIAN_POINT('',(4.992685002,105.791290102,-0.353325952));
#4774=DIRECTION('',(-0.353835465,-0.335180488,0.873186409));
#4775=VECTOR('',#4774,11.874892195);
#4776=LINE('',#4773,#4775);
#4777=EDGE_CURVE('',#4770,#4772,#4776,.T.);
#4778=ORIENTED_EDGE('',*,*,#4777,.F.);
#4779=CARTESIAN_POINT('',(5.000013899,105.780036414,-0.354676581));
#4780=CARTESIAN_POINT('',(4.836715547,106.056037639,-0.347243178));
#4781=CARTESIAN_POINT('',(4.654970358,106.321944252,-0.341157086));
#4782=CARTESIAN_POINT('',(4.455064565,106.576560285,-0.337146656));
#4783=CARTESIAN_POINT('',(4.255158773,106.831176318,-0.333136227));
#4784=CARTESIAN_POINT('',(4.041058683,107.069555945,-0.33128797));
#4785=CARTESIAN_POINT('',(3.813606289,107.292653518,-0.332021459));
#4786=CARTESIAN_POINT('',(3.586153895,107.515751092,-0.332754948));
#4787=CARTESIAN_POINT('',(3.345343736,107.72356038,-0.336070119));
#4788=CARTESIAN_POINT('',(3.091339381,107.916262749,-0.342300027));
#4789=CARTESIAN_POINT('',(2.837335026,108.108965117,-0.348529934));
#4790=CARTESIAN_POINT('',(2.569279861,108.287054597,-0.357712819));
#4791=CARTESIAN_POINT('',(2.289361604,108.448423221,-0.369977884));
#4792=CARTESIAN_POINT('',(1.72952509,108.771160471,-0.394508014));
#4793=CARTESIAN_POINT('',(1.141325148,109.017716903,-0.430572367));
#4794=CARTESIAN_POINT('',(0.526085126,109.191957354,-0.475770138));
#4795=CARTESIAN_POINT('',(0.218465115,109.279077579,-0.498369024));
#4796=CARTESIAN_POINT('',(-0.098100749,109.348117304,-0.523409142));
#4797=CARTESIAN_POINT('',(-0.415045467,109.397239645,-0.549686459));
#4798=CARTESIAN_POINT('',(-0.731990184,109.446361986,-0.575963776));
#4799=CARTESIAN_POINT('',(-1.049705692,109.475987929,-0.6034798));
#4800=CARTESIAN_POINT('',(-1.368237298,109.486781432,-0.63158749));
#4801=B_SPLINE_CURVE_WITH_KNOTS('',3,(#4779,#4780,#4781,#4782,#4783,#4784,#4785,#4786,#4787,#4788,#4789,#4790,#4791,#4792,#4793,#4794,#4795,#4796,#4797,#4798,#4799,#4800),.UNSPECIFIED.,.F.,.F.,(4,3,3,3,3,3,3,4),(0.003884796,0.00484435,0.005803903,0.006763457,0.007723011,0.009642119,0.010601673,0.011561227),.UNSPECIFIED.);
#4802=EDGE_CURVE('',#4770,#4604,#4801,.T.);
#4803=ORIENTED_EDGE('',*,*,#4802,.T.);
#4804=ORIENTED_EDGE('',*,*,#4609,.F.);
#4805=CARTESIAN_POINT('',(-5.610586651,105.468097982,9.837577324));
#4806=CARTESIAN_POINT('',(-4.225715381,105.437599823,9.916983183));
#4807=CARTESIAN_POINT('',(-2.918762693,105.054760148,9.980252816));
#4808=CARTESIAN_POINT('',(-1.818562266,104.409185157,10.009575965));
#4809=CARTESIAN_POINT('',(-0.718361839,103.763610166,10.038899113));
#4810=CARTESIAN_POINT('',(0.174438772,102.857872316,10.035000834));
#4811=CARTESIAN_POINT('',(0.790927005,101.811057943,10.015668519));
#4812=B_SPLINE_CURVE_WITH_KNOTS('',3,(#4805,#4806,#4807,#4808,#4809,#4810,#4811),.UNSPECIFIED.,.F.,.F.,(4,3,4),(0.,0.5,1.),.UNSPECIFIED.);
#4813=EDGE_CURVE('',#4596,#4772,#4812,.T.);
#4814=ORIENTED_EDGE('',*,*,#4813,.T.);
#4815=EDGE_LOOP('',(#4778,#4803,#4804,#4814));
#4816=FACE_BOUND('',#4815,.T.);
#4817=ADVANCED_FACE('',(#4816),#4768,.T.);
#4818=CARTESIAN_POINT('',(-8.407511624,102.920838159,23.667794994));
#4819=DIRECTION('',(-0.761110443,-0.439421052,-0.477095412));
#4820=DIRECTION('',(0.41317822,0.238545155,-0.878851505));
#4821=AXIS2_PLACEMENT_3D('',#4818,#4819,#4820);
#4822=PLANE('',#4821);
#4823=CARTESIAN_POINT('',(4.161466458,95.973029097,10.015668519));
#4824=VERTEX_POINT('',#4823);
#4825=CARTESIAN_POINT('',(8.151182015,100.321915845,-0.354466737));
#4826=VERTEX_POINT('',#4825);
#4827=CARTESIAN_POINT('',(4.161466458,95.973029097,10.015668519));
#4828=DIRECTION('',(0.333546428,0.365688429,-0.868918151));
#4829=VECTOR('',#4828,11.931891688);
#4830=LINE('',#4827,#4829);
#4831=EDGE_CURVE('',#4824,#4826,#4830,.T.);
#4832=ORIENTED_EDGE('',*,*,#4831,.T.);
#4833=CARTESIAN_POINT('',(8.151345455,100.322010206,-0.35494561));
#4834=DIRECTION('',(-0.499994652,0.866028492,0.));
#4835=VECTOR('',#4834,6.302455118);
#4836=LINE('',#4833,#4835);
#4837=EDGE_CURVE('',#4826,#4770,#4836,.T.);
#4838=ORIENTED_EDGE('',*,*,#4837,.T.);
#4839=ORIENTED_EDGE('',*,*,#4777,.T.);
#4840=CARTESIAN_POINT('',(0.790927005,101.811057943,10.015668519));
#4841=DIRECTION('',(0.499994652,-0.866028492,0.));
#4842=VECTOR('',#4841,6.741151015);
#4843=LINE('',#4840,#4842);
#4844=EDGE_CURVE('',#4772,#4824,#4843,.T.);
#4845=ORIENTED_EDGE('',*,*,#4844,.T.);
#4846=EDGE_LOOP('',(#4832,#4838,#4839,#4845));
#4847=FACE_BOUND('',#4846,.T.);
#4848=ADVANCED_FACE('',(#4847),#4822,.F.);
#4849=CARTESIAN_POINT('',(-6.601517508,88.123210058,13.455641305));
#4850=DIRECTION('',(0.333546428,0.365688429,-0.868918151));
#4851=DIRECTION('',(0.,0.921700555,0.387902161));
#4852=AXIS2_PLACEMENT_3D('',#4849,#4850,#4851);
#4853=CYLINDRICAL_SURFACE('',#4852,10.);
#4854=CARTESIAN_POINT('',(9.517813631,95.560427438,-0.632370878));
#4855=VERTEX_POINT('',#4854);
#4856=CARTESIAN_POINT('',(5.498777067,91.154098822,9.837577324));
#4857=VERTEX_POINT('',#4856);
#4858=CARTESIAN_POINT('',(9.517813631,95.560427438,-0.632370878));
#4859=DIRECTION('',(-0.333546428,-0.365688429,0.868918151));
#4860=VECTOR('',#4859,12.049406713);
#4861=LINE('',#4858,#4860);
#4862=EDGE_CURVE('',#4855,#4857,#4861,.T.);
#4863=ORIENTED_EDGE('',*,*,#4862,.F.);
#4864=CARTESIAN_POINT('',(9.517813631,95.560427438,-0.632370878));
#4865=CARTESIAN_POINT('',(9.505611899,95.977072893,-0.600584288));
#4866=CARTESIAN_POINT('',(9.468026674,96.394243722,-0.570140988));
#4867=CARTESIAN_POINT('',(9.405086354,96.805871242,-0.541973253));
#4868=CARTESIAN_POINT('',(9.342146035,97.217498762,-0.513805517));
#4869=CARTESIAN_POINT('',(9.253964072,97.624556028,-0.487832182));
#4870=CARTESIAN_POINT('',(9.139550428,98.026874024,-0.464294826));
#4871=CARTESIAN_POINT('',(9.025136784,98.42919202,-0.440757469));
#4872=CARTESIAN_POINT('',(8.885706087,98.822452167,-0.419911758));
#4873=CARTESIAN_POINT('',(8.720789621,99.206106749,-0.401644381));
#4874=CARTESIAN_POINT('',(8.638331389,99.39793404,-0.392510693));
#4875=CARTESIAN_POINT('',(8.549301122,99.587688162,-0.38400462));
#4876=CARTESIAN_POINT('',(8.454287598,99.773827739,-0.376148205));
#4877=CARTESIAN_POINT('',(8.359274073,99.959967315,-0.36829179));
#4878=CARTESIAN_POINT('',(8.258082245,100.142566187,-0.360749372));
#4879=CARTESIAN_POINT('',(8.151095907,100.321863709,-0.35444526));
#4880=B_SPLINE_CURVE_WITH_KNOTS('',3,(#4864,#4865,#4866,#4867,#4868,#4869,#4870,#4871,#4872,#4873,#4874,#4875,#4876,#4877,#4878,#4879),.UNSPECIFIED.,.F.,.F.,(4,3,3,3,3,4),(0.003743357,0.004982896,0.006222436,0.007461975,0.008081745,0.008701515),.UNSPECIFIED.);
#4881=EDGE_CURVE('',#4855,#4826,#4880,.T.);
#4882=ORIENTED_EDGE('',*,*,#4881,.T.);
#4883=ORIENTED_EDGE('',*,*,#4831,.F.);
#4884=CARTESIAN_POINT('',(4.161466458,95.973029097,10.015668519));
#4885=CARTESIAN_POINT('',(4.963471297,94.618126332,9.984141366));
#4886=CARTESIAN_POINT('',(5.465252226,92.961049054,9.924912521));
#4887=CARTESIAN_POINT('',(5.498777067,91.154098822,9.837577324));
#4888=B_SPLINE_CURVE_WITH_KNOTS('',3,(#4884,#4885,#4886,#4887),.UNSPECIFIED.,.F.,.F.,(4,4),(0.,1.),.UNSPECIFIED.);
#4889=EDGE_CURVE('',#4824,#4857,#4888,.T.);
#4890=ORIENTED_EDGE('',*,*,#4889,.T.);
#4891=EDGE_LOOP('',(#4863,#4882,#4883,#4890));
#4892=FACE_BOUND('',#4891,.T.);
#4893=ADVANCED_FACE('',(#4892),#4853,.T.);
#4894=CARTESIAN_POINT('',(8.769504695,45.260491939,1.317040549));
#4895=DIRECTION('',(0.933580426,-0.,0.35836795));
#4896=DIRECTION('',(0.,1.,-0.));
#4897=AXIS2_PLACEMENT_3D('',#4894,#4895,#4896);
#4898=PLANE('',#4897);
#4899=CARTESIAN_POINT('',(5.498777067,36.623326398,9.837577324));
#4900=VERTEX_POINT('',#4899);
#4901=CARTESIAN_POINT('',(9.520684076,35.925360942,-0.639851627));
#4902=VERTEX_POINT('',#4901);
#4903=CARTESIAN_POINT('',(5.498777067,36.623326398,9.837577324));
#4904=DIRECTION('',(0.357659716,-0.062838233,-0.931735415));
#4905=VECTOR('',#4904,11.244524649);
#4906=LINE('',#4903,#4905);
#4907=EDGE_CURVE('',#4900,#4902,#4906,.T.);
#4908=ORIENTED_EDGE('',*,*,#4907,.T.);
#4909=CARTESIAN_POINT('',(9.520700535,95.45557895,-0.639891521));
#4910=VERTEX_POINT('',#4909);
#4911=CARTESIAN_POINT('',(9.520700535,35.925360942,-0.639891521));
#4912=DIRECTION('',(0.,1.,-0.));
#4913=VECTOR('',#4912,59.530218008);
#4914=LINE('',#4911,#4913);
#4915=EDGE_CURVE('',#4902,#4910,#4914,.T.);
#4916=ORIENTED_EDGE('',*,*,#4915,.T.);
#4917=CARTESIAN_POINT('',(9.517813631,95.560427438,-0.632370878));
#4918=CARTESIAN_POINT('',(9.518836769,95.525490985,-0.635036243));
#4919=CARTESIAN_POINT('',(9.519798958,95.490541465,-0.637542833));
#4920=CARTESIAN_POINT('',(9.520700535,95.45557895,-0.639891521));
#4921=B_SPLINE_CURVE_WITH_KNOTS('',3,(#4917,#4918,#4919,#4920),.UNSPECIFIED.,.F.,.F.,(4,4),(0.,0.000105157),.UNSPECIFIED.);
#4922=EDGE_CURVE('',#4855,#4910,#4921,.T.);
#4923=ORIENTED_EDGE('',*,*,#4922,.F.);
#4924=ORIENTED_EDGE('',*,*,#4862,.T.);
#4925=CARTESIAN_POINT('',(5.498777067,91.154098822,9.837577324));
#4926=DIRECTION('',(-0.,-1.,0.));
#4927=VECTOR('',#4926,54.530772424);
#4928=LINE('',#4925,#4927);
#4929=EDGE_CURVE('',#4857,#4900,#4928,.T.);
#4930=ORIENTED_EDGE('',*,*,#4929,.T.);
#4931=EDGE_LOOP('',(#4908,#4916,#4923,#4924,#4930));
#4932=FACE_BOUND('',#4931,.T.);
#4933=ADVANCED_FACE('',(#4932),#4898,.T.);
#4934=CARTESIAN_POINT('',(-15.756752049,36.257185866,-4.55057895));
#4935=DIRECTION('',(-0.357659716,0.062838233,0.931735415));
#4936=DIRECTION('',(0.933580426,0.,0.35836795));
#4937=AXIS2_PLACEMENT_3D('',#4934,#4935,#4936);
#4938=CYLINDRICAL_SURFACE('',#4937,25.);
#4939=CARTESIAN_POINT('',(8.119993431,27.952975482,-0.639848643));
#4940=VERTEX_POINT('',#4939);
#4941=CARTESIAN_POINT('',(4.101036466,28.667731853,9.837577324));
#4942=VERTEX_POINT('',#4941);
#4943=CARTESIAN_POINT('',(8.122748964,27.961145963,-0.639341927));
#4944=DIRECTION('',(-0.357659716,0.062838233,0.931735415));
#4945=VECTOR('',#4944,11.244521868);
#4946=LINE('',#4943,#4945);
#4947=EDGE_CURVE('',#4940,#4942,#4946,.T.);
#4948=ORIENTED_EDGE('',*,*,#4947,.F.);
#4949=CARTESIAN_POINT('',(8.119993052,27.952975806,-0.63985159));
#4950=CARTESIAN_POINT('',(8.350148949,28.591066901,-0.636255755));
#4951=CARTESIAN_POINT('',(8.552875137,29.239457434,-0.633332787));
#4952=CARTESIAN_POINT('',(8.726980005,29.893863158,-0.631356595));
#4953=CARTESIAN_POINT('',(8.901084872,30.548268883,-0.629380404));
#4954=CARTESIAN_POINT('',(9.047006124,31.209835778,-0.62834394));
#4955=CARTESIAN_POINT('',(9.164509511,31.878623592,-0.628343864));
#4956=CARTESIAN_POINT('',(9.282012897,32.547411406,-0.628343789));
#4957=CARTESIAN_POINT('',(9.370342751,33.21911925,-0.629380107));
#4958=CARTESIAN_POINT('',(9.429733984,33.893722869,-0.631356346));
#4959=CARTESIAN_POINT('',(9.489125218,34.568326488,-0.633332584));
#4960=CARTESIAN_POINT('',(9.519554009,35.247079188,-0.636256008));
#4961=CARTESIAN_POINT('',(9.520683609,35.92536093,-0.639851591));
#4962=B_SPLINE_CURVE_WITH_KNOTS('',3,(#4949,#4950,#4951,#4952,#4953,#4954,#4955,#4956,#4957,#4958,#4959,#4960,#4961),.UNSPECIFIED.,.F.,.F.,(4,3,3,3,4),(0.002928497,0.004959995,0.006991494,0.009022993,0.011054492),.UNSPECIFIED.);
#4963=EDGE_CURVE('',#4940,#4902,#4962,.T.);
#4964=ORIENTED_EDGE('',*,*,#4963,.T.);
#4965=ORIENTED_EDGE('',*,*,#4907,.F.);
#4966=CARTESIAN_POINT('',(5.498777067,36.623326398,9.837577324));
#4967=CARTESIAN_POINT('',(5.495228731,33.91426097,9.846821057));
#4968=CARTESIAN_POINT('',(5.021122994,31.215768128,9.846821057));
#4969=CARTESIAN_POINT('',(4.101036466,28.667731853,9.837577324));
#4970=B_SPLINE_CURVE_WITH_KNOTS('',3,(#4966,#4967,#4968,#4969),.UNSPECIFIED.,.F.,.F.,(4,4),(0.,1.),.UNSPECIFIED.);
#4971=EDGE_CURVE('',#4900,#4942,#4970,.T.);
#4972=ORIENTED_EDGE('',*,*,#4971,.T.);
#4973=EDGE_LOOP('',(#4948,#4964,#4965,#4972));
#4974=FACE_BOUND('',#4973,.T.);
#4975=ADVANCED_FACE('',(#4974),#4938,.T.);
#4976=CARTESIAN_POINT('',(-6.18003979,-8.362266482,2.134807959));
#4977=DIRECTION('',(0.877670802,-0.318223782,0.35836795));
#4978=DIRECTION('',(0.340863811,0.940112686,-0.));
#4979=AXIS2_PLACEMENT_3D('',#4976,#4977,#4978);
#4980=PLANE('',#4979);
#4981=ORIENTED_EDGE('',*,*,#3554,.T.);
#4982=CARTESIAN_POINT('',(-0.259610453,4.841726569,-0.639891521));
#4983=VERTEX_POINT('',#4982);
#4984=CARTESIAN_POINT('',(-0.29161817,4.759543584,-0.634479043));
#4985=CARTESIAN_POINT('',(-0.28091008,4.786915186,-0.636398532));
#4986=CARTESIAN_POINT('',(-0.27024089,4.814309542,-0.638202547));
#4987=CARTESIAN_POINT('',(-0.259610453,4.841726569,-0.639891521));
#4988=B_SPLINE_CURVE_WITH_KNOTS('',3,(#4984,#4985,#4986,#4987),.UNSPECIFIED.,.F.,.F.,(4,4),(0.,0.000088362),.UNSPECIFIED.);
#4989=EDGE_CURVE('',#3531,#4983,#4988,.T.);
#4990=ORIENTED_EDGE('',*,*,#4989,.T.);
#4991=CARTESIAN_POINT('',(-0.259610453,4.841726569,-0.639891521));
#4992=DIRECTION('',(0.340863811,0.940112686,0.));
#4993=VECTOR('',#4992,24.583482007);
#4994=LINE('',#4991,#4993);
#4995=EDGE_CURVE('',#4983,#4940,#4994,.T.);
#4996=ORIENTED_EDGE('',*,*,#4995,.T.);
#4997=ORIENTED_EDGE('',*,*,#4947,.T.);
#4998=CARTESIAN_POINT('',(4.101036466,28.667731853,9.837577324));
#4999=DIRECTION('',(-0.340863811,-0.940112686,-0.));
#5000=VECTOR('',#4999,20.298572395);
#5001=LINE('',#4998,#5000);
#5002=EDGE_CURVE('',#4942,#3549,#5001,.T.);
#5003=ORIENTED_EDGE('',*,*,#5002,.T.);
#5004=EDGE_LOOP('',(#4981,#4990,#4996,#4997,#5003));
#5005=FACE_BOUND('',#5004,.T.);
#5006=ADVANCED_FACE('',(#5005),#4980,.T.);
#5007=CARTESIAN_POINT('',(-0.983761696,25.601176889,12.0000254));
#5008=DIRECTION('',(-0.939692621,0.342020143,0.));
#5009=DIRECTION('',(0.,0.,1.));
#5010=AXIS2_PLACEMENT_3D('',#5007,#5008,#5009);
#5011=PLANE('',#5010);
#5012=CARTESIAN_POINT('',(0.510230253,29.705886034,10.8000254));
#5013=DIRECTION('',(0.,0.,-1.));
#5014=VECTOR('',#5013,7.81);
#5015=LINE('',#5012,#5014);
#5016=EDGE_CURVE('',#1332,#191,#5015,.T.);
#5017=ORIENTED_EDGE('',*,*,#5016,.T.);
#5018=ORIENTED_EDGE('',*,*,#196,.T.);
#5019=CARTESIAN_POINT('',(-6.210904092,11.239721188,2.9900254));
#5020=DIRECTION('',(0.,0.,1.));
#5021=VECTOR('',#5020,7.81);
#5022=LINE('',#5019,#5021);
#5023=EDGE_CURVE('',#182,#1341,#5022,.T.);
#5024=ORIENTED_EDGE('',*,*,#5023,.T.);
#5025=ORIENTED_EDGE('',*,*,#1346,.F.);
#5026=EDGE_LOOP('',(#5017,#5018,#5024,#5025));
#5027=FACE_BOUND('',#5026,.T.);
#5028=ADVANCED_FACE('',(#5027),#5011,.T.);
#5029=CARTESIAN_POINT('',(-21.102700025,37.572349331,0.642373652));
#5030=DIRECTION('',(0.,0.,-1.));
#5031=DIRECTION('',(0.,1.,0.));
#5032=AXIS2_PLACEMENT_3D('',#5029,#5030,#5031);
#5033=CYLINDRICAL_SURFACE('',#5032,23.);
#5034=ORIENTED_EDGE('',*,*,#3359,.F.);
#5035=ORIENTED_EDGE('',*,*,#205,.T.);
#5036=ORIENTED_EDGE('',*,*,#5016,.F.);
#5037=ORIENTED_EDGE('',*,*,#1338,.F.);
#5038=EDGE_LOOP('',(#5034,#5035,#5036,#5037));
#5039=FACE_BOUND('',#5038,.T.);
#5040=ADVANCED_FACE('',(#5039),#5033,.F.);
#5041=CARTESIAN_POINT('',(-7.150596713,11.581741332,12.0000254));
#5042=DIRECTION('',(-0.,-0.,-1.));
#5043=DIRECTION('',(0.,1.,-0.));
#5044=AXIS2_PLACEMENT_3D('',#5041,#5042,#5043);
#5045=CYLINDRICAL_SURFACE('',#5044,1.);
#5046=ORIENTED_EDGE('',*,*,#5023,.F.);
#5047=ORIENTED_EDGE('',*,*,#188,.T.);
#5048=ORIENTED_EDGE('',*,*,#2925,.F.);
#5049=ORIENTED_EDGE('',*,*,#1355,.F.);
#5050=EDGE_LOOP('',(#5046,#5047,#5048,#5049));
#5051=FACE_BOUND('',#5050,.T.);
#5052=ADVANCED_FACE('',(#5051),#5045,.F.);
#5053=CARTESIAN_POINT('',(-8.396146627,89.644330121,0.642373652));
#5054=DIRECTION('',(0.,0.,1.));
#5055=DIRECTION('',(0.,-1.,0.));
#5056=AXIS2_PLACEMENT_3D('',#5053,#5054,#5055);
#5057=CYLINDRICAL_SURFACE('',#5056,10.293446601);
#5058=CARTESIAN_POINT('',(1.132870131,93.537000484,-0.8999746));
#5059=VERTEX_POINT('',#5058);
#5060=CARTESIAN_POINT('',(-8.396146627,89.644330121,-0.8999746));
#5061=DIRECTION('',(-0.,-0.,1.));
#5062=DIRECTION('',(-1.,0.,0.));
#5063=AXIS2_PLACEMENT_3D('',#5060,#5061,#5062);
#5064=CIRCLE('',#5063,10.293446601);
#5065=EDGE_CURVE('',#5059,#1930,#5064,.T.);
#5066=ORIENTED_EDGE('',*,*,#5065,.F.);
#5067=CARTESIAN_POINT('',(1.132870131,93.537000484,-2.0999746));
#5068=VERTEX_POINT('',#5067);
#5069=CARTESIAN_POINT('',(1.132870131,93.537000484,-0.8999746));
#5070=DIRECTION('',(0.,0.,-1.));
#5071=VECTOR('',#5070,1.2);
#5072=LINE('',#5069,#5071);
#5073=EDGE_CURVE('',#5059,#5068,#5072,.T.);
#5074=ORIENTED_EDGE('',*,*,#5073,.T.);
#5075=CARTESIAN_POINT('',(1.402443827,92.797529775,-2.0999746));
#5076=VERTEX_POINT('',#5075);
#5077=CARTESIAN_POINT('',(-8.396146627,89.644330121,-2.0999746));
#5078=DIRECTION('',(-0.,-0.,-1.));
#5079=DIRECTION('',(0.,-1.,0.));
#5080=AXIS2_PLACEMENT_3D('',#5077,#5078,#5079);
#5081=CIRCLE('',#5080,10.293446601);
#5082=EDGE_CURVE('',#5068,#5076,#5081,.T.);
#5083=ORIENTED_EDGE('',*,*,#5082,.T.);
#5084=CARTESIAN_POINT('',(-8.396146627,89.644330121,-2.0999746));
#5085=DIRECTION('',(-0.,-0.,-1.));
#5086=DIRECTION('',(0.,-1.,0.));
#5087=AXIS2_PLACEMENT_3D('',#5084,#5085,#5086);
#5088=CIRCLE('',#5087,10.293446601);
#5089=EDGE_CURVE('',#5076,#3363,#5088,.T.);
#5090=ORIENTED_EDGE('',*,*,#5089,.T.);
#5091=ORIENTED_EDGE('',*,*,#3368,.F.);
#5092=ORIENTED_EDGE('',*,*,#1321,.F.);
#5093=ORIENTED_EDGE('',*,*,#1943,.F.);
#5094=EDGE_LOOP('',(#5066,#5074,#5083,#5090,#5091,#5092,#5093));
#5095=FACE_BOUND('',#5094,.T.);
#5096=ADVANCED_FACE('',(#5095),#5057,.F.);
#5097=CARTESIAN_POINT('',(4.161466458,95.973029097,10.015668519));
#5098=CARTESIAN_POINT('',(5.004493244,94.551753098,9.983389562));
#5099=CARTESIAN_POINT('',(5.468334943,92.880323296,9.921619229));
#5100=CARTESIAN_POINT('',(5.498777067,91.154098822,9.837577324));
#5101=CARTESIAN_POINT('',(3.019800794,95.313897519,10.8000254));
#5102=CARTESIAN_POINT('',(3.725841441,94.094265878,10.8000254));
#5103=CARTESIAN_POINT('',(4.099952187,92.651453652,10.8000254));
#5104=CARTESIAN_POINT('',(4.098406428,91.154098822,10.8000254));
#5105=B_SPLINE_SURFACE_WITH_KNOTS('',1,3,((#5097,#5098,#5099,#5100),(#5101,#5102,#5103,#5104)),.UNSPECIFIED.,.F.,.F.,.U.,(2,2),(4,4),(0.,1.),(0.269458533,0.761154304),.UNSPECIFIED.);
#5106=CARTESIAN_POINT('',(3.019800794,95.313897519,10.8000254));
#5107=DIRECTION('',(0.744254479,0.429689395,-0.511324059));
#5108=VECTOR('',#5107,1.533972178);
#5109=LINE('',#5106,#5108);
#5110=EDGE_CURVE('',#1597,#4824,#5109,.T.);
#5111=ORIENTED_EDGE('',*,*,#5110,.F.);
#5112=ORIENTED_EDGE('',*,*,#1602,.F.);
#5113=CARTESIAN_POINT('',(5.498777067,91.154098822,9.837577324));
#5114=DIRECTION('',(-0.824126189,0.,0.566406237));
#5115=VECTOR('',#5114,1.699218711);
#5116=LINE('',#5113,#5115);
#5117=EDGE_CURVE('',#4857,#1589,#5116,.T.);
#5118=ORIENTED_EDGE('',*,*,#5117,.F.);
#5119=ORIENTED_EDGE('',*,*,#4889,.F.);
#5120=EDGE_LOOP('',(#5111,#5112,#5118,#5119));
#5121=FACE_BOUND('',#5120,.T.);
#5122=ADVANCED_FACE('',(#5121),#5105,.T.);
#5123=CARTESIAN_POINT('',(5.498777067,45.260491939,9.837577324));
#5124=DIRECTION('',(0.566406237,-0.,0.824126189));
#5125=DIRECTION('',(0.,1.,-0.));
#5126=AXIS2_PLACEMENT_3D('',#5123,#5124,#5125);
#5127=PLANE('',#5126);
#5128=ORIENTED_EDGE('',*,*,#5117,.T.);
#5129=ORIENTED_EDGE('',*,*,#1594,.F.);
#5130=CARTESIAN_POINT('',(5.498777067,36.623326398,9.837577324));
#5131=DIRECTION('',(-0.824126189,0.,0.566406237));
#5132=VECTOR('',#5131,1.699218711);
#5133=LINE('',#5130,#5132);
#5134=EDGE_CURVE('',#4900,#1581,#5133,.T.);
#5135=ORIENTED_EDGE('',*,*,#5134,.F.);
#5136=ORIENTED_EDGE('',*,*,#4929,.F.);
#5137=EDGE_LOOP('',(#5128,#5129,#5135,#5136));
#5138=FACE_BOUND('',#5137,.T.);
#5139=ADVANCED_FACE('',(#5138),#5127,.T.);
#5140=CARTESIAN_POINT('',(-1.989178959,106.626411401,10.015668519));
#5141=DIRECTION('',(-0.442821204,-0.255659295,-0.859387984));
#5142=DIRECTION('',(0.499994652,-0.866028492,0.));
#5143=AXIS2_PLACEMENT_3D('',#5140,#5141,#5142);
#5144=PLANE('',#5143);
#5145=ORIENTED_EDGE('',*,*,#5110,.T.);
#5146=ORIENTED_EDGE('',*,*,#4844,.F.);
#5147=CARTESIAN_POINT('',(-0.35073866,101.151926365,10.8000254));
#5148=DIRECTION('',(0.744254479,0.429689395,-0.511324059));
#5149=VECTOR('',#5148,1.533972178);
#5150=LINE('',#5147,#5149);
#5151=EDGE_CURVE('',#1605,#4772,#5150,.T.);
#5152=ORIENTED_EDGE('',*,*,#5151,.F.);
#5153=ORIENTED_EDGE('',*,*,#1610,.F.);
#5154=EDGE_LOOP('',(#5145,#5146,#5152,#5153));
#5155=FACE_BOUND('',#5154,.T.);
#5156=ADVANCED_FACE('',(#5155),#5144,.F.);
#5157=CARTESIAN_POINT('',(5.498777067,36.623326398,9.837577324));
#5158=CARTESIAN_POINT('',(5.495991235,33.914148322,9.847114196));
#5159=CARTESIAN_POINT('',(5.021878232,31.215614119,9.847114196));
#5160=CARTESIAN_POINT('',(4.101036466,28.667731853,9.837577324));
#5161=CARTESIAN_POINT('',(4.098406428,36.623326398,10.8000254));
#5162=CARTESIAN_POINT('',(4.099228955,34.076094411,10.8000254));
#5163=CARTESIAN_POINT('',(3.653562732,31.53947226,10.8000254));
#5164=CARTESIAN_POINT('',(2.784530262,29.145067525,10.8000254));
#5165=B_SPLINE_SURFACE_WITH_KNOTS('',1,3,((#5157,#5158,#5159,#5160),(#5161,#5162,#5163,#5164)),.UNSPECIFIED.,.F.,.F.,.U.,(2,2),(4,4),(0.,1.),(2.979332628,3.303852679),.UNSPECIFIED.);
#5166=ORIENTED_EDGE('',*,*,#5134,.T.);
#5167=ORIENTED_EDGE('',*,*,#1586,.F.);
#5168=CARTESIAN_POINT('',(4.101036466,28.667731853,9.837577324));
#5169=DIRECTION('',(-0.774771485,0.280914793,0.566406237));
#5170=VECTOR('',#5169,1.699218711);
#5171=LINE('',#5168,#5170);
#5172=EDGE_CURVE('',#4942,#1573,#5171,.T.);
#5173=ORIENTED_EDGE('',*,*,#5172,.F.);
#5174=ORIENTED_EDGE('',*,*,#4971,.F.);
#5175=EDGE_LOOP('',(#5166,#5167,#5173,#5174));
#5176=FACE_BOUND('',#5175,.T.);
#5177=ADVANCED_FACE('',(#5176),#5165,.T.);
#5178=CARTESIAN_POINT('',(-5.610586651,105.468097982,9.837577324));
#5179=CARTESIAN_POINT('',(-2.954126611,105.426103333,9.99623004));
#5180=CARTESIAN_POINT('',(-0.49148643,104.019252668,10.064741107));
#5181=CARTESIAN_POINT('',(0.790927005,101.811057943,10.015668519));
#5182=CARTESIAN_POINT('',(-5.610603948,104.067727342,10.8000254));
#5183=CARTESIAN_POINT('',(-3.399994723,104.083088166,10.8000254));
#5184=CARTESIAN_POINT('',(-1.376542724,102.961389606,10.8000254));
#5185=CARTESIAN_POINT('',(-0.35073866,101.151926365,10.8000254));
#5186=B_SPLINE_SURFACE_WITH_KNOTS('',1,3,((#5178,#5179,#5180,#5181),(#5182,#5183,#5184,#5185)),.UNSPECIFIED.,.F.,.F.,.U.,(2,2),(4,4),(0.,1.),(2.396883555,3.347453523),.UNSPECIFIED.);
#5187=ORIENTED_EDGE('',*,*,#5151,.T.);
#5188=ORIENTED_EDGE('',*,*,#4813,.F.);
#5189=CARTESIAN_POINT('',(-5.610603948,104.067727342,10.8000254));
#5190=DIRECTION('',(0.000010179,0.824126189,-0.566406237));
#5191=VECTOR('',#5190,1.699218711);
#5192=LINE('',#5189,#5191);
#5193=EDGE_CURVE('',#1613,#4596,#5192,.T.);
#5194=ORIENTED_EDGE('',*,*,#5193,.F.);
#5195=ORIENTED_EDGE('',*,*,#1620,.F.);
#5196=EDGE_LOOP('',(#5187,#5188,#5194,#5195));
#5197=FACE_BOUND('',#5196,.T.);
#5198=ADVANCED_FACE('',(#5197),#5186,.T.);
#5199=CARTESIAN_POINT('',(-8.959780143,-7.354394868,9.837577324));
#5200=DIRECTION('',(0.532485689,-0.193067388,0.824126189));
#5201=DIRECTION('',(0.340863811,0.940112686,0.));
#5202=AXIS2_PLACEMENT_3D('',#5199,#5200,#5201);
#5203=PLANE('',#5202);
#5204=ORIENTED_EDGE('',*,*,#5172,.T.);
#5205=ORIENTED_EDGE('',*,*,#1578,.F.);
#5206=CARTESIAN_POINT('',(-2.818012273,9.584786435,9.837577324));
#5207=DIRECTION('',(-0.774771485,0.280914793,0.566406237));
#5208=VECTOR('',#5207,1.699218711);
#5209=LINE('',#5206,#5208);
#5210=EDGE_CURVE('',#3549,#1563,#5209,.T.);
#5211=ORIENTED_EDGE('',*,*,#5210,.F.);
#5212=ORIENTED_EDGE('',*,*,#5002,.F.);
#5213=EDGE_LOOP('',(#5204,#5205,#5211,#5212));
#5214=FACE_BOUND('',#5213,.T.);
#5215=ADVANCED_FACE('',(#5214),#5203,.T.);
#5216=CARTESIAN_POINT('',(-77.507921285,105.468986026,9.837577324));
#5217=DIRECTION('',(0.000006996,0.566406237,0.824126189));
#5218=DIRECTION('',(-1.,0.000012352,-0.));
#5219=AXIS2_PLACEMENT_3D('',#5216,#5217,#5218);
#5220=PLANE('',#5219);
#5221=ORIENTED_EDGE('',*,*,#5193,.T.);
#5222=ORIENTED_EDGE('',*,*,#4601,.F.);
#5223=CARTESIAN_POINT('',(-56.216495034,104.068352404,10.8000254));
#5224=DIRECTION('',(0.000010179,0.824126189,-0.566406237));
#5225=VECTOR('',#5224,1.699218711);
#5226=LINE('',#5223,#5225);
#5227=EDGE_CURVE('',#1623,#4480,#5226,.T.);
#5228=ORIENTED_EDGE('',*,*,#5227,.F.);
#5229=ORIENTED_EDGE('',*,*,#1628,.F.);
#5230=EDGE_LOOP('',(#5221,#5222,#5228,#5229));
#5231=FACE_BOUND('',#5230,.T.);
#5232=ADVANCED_FACE('',(#5231),#5220,.T.);
#5233=CARTESIAN_POINT('',(-2.818012273,9.584786435,9.837577324));
#5234=CARTESIAN_POINT('',(-3.490399163,7.812038933,9.917413191));
#5235=CARTESIAN_POINT('',(-4.652116364,6.278770605,9.969394334));
#5236=CARTESIAN_POINT('',(-6.135742103,5.205949602,9.986029452));
#5237=CARTESIAN_POINT('',(-4.134518477,10.062122107,10.8000254));
#5238=CARTESIAN_POINT('',(-4.689675923,8.524018438,10.8000254));
#5239=CARTESIAN_POINT('',(-5.666476116,7.20038157,10.8000254));
#5240=CARTESIAN_POINT('',(-6.924146741,6.281968453,10.8000254));
#5241=B_SPLINE_SURFACE_WITH_KNOTS('',1,3,((#5233,#5234,#5235,#5236),(#5237,#5238,#5239,#5240)),.UNSPECIFIED.,.F.,.F.,.U.,(2,2),(4,4),(0.,1.),(2.460122793,3.008296673),.UNSPECIFIED.);
#5242=ORIENTED_EDGE('',*,*,#5210,.T.);
#5243=ORIENTED_EDGE('',*,*,#1570,.F.);
#5244=CARTESIAN_POINT('',(-6.135742103,5.205949602,9.986029452));
#5245=DIRECTION('',(-0.504518878,0.688570053,0.520895366));
#5246=VECTOR('',#5245,1.562686099);
#5247=LINE('',#5244,#5246);
#5248=EDGE_CURVE('',#3523,#1555,#5247,.T.);
#5249=ORIENTED_EDGE('',*,*,#5248,.F.);
#5250=ORIENTED_EDGE('',*,*,#3561,.F.);
#5251=EDGE_LOOP('',(#5242,#5243,#5249,#5250));
#5252=FACE_BOUND('',#5251,.T.);
#5253=ADVANCED_FACE('',(#5252),#5241,.T.);
#5254=CARTESIAN_POINT('',(-56.216495034,104.068352404,10.8000254));
#5255=CARTESIAN_POINT('',(-57.781870241,104.057879562,10.8000254));
#5256=CARTESIAN_POINT('',(-59.288722517,104.868929361,10.8000254));
#5257=CARTESIAN_POINT('',(-60.169584937,106.196067791,10.8000254));
#5258=CARTESIAN_POINT('',(-56.216477737,105.468723044,9.837577324));
#5259=CARTESIAN_POINT('',(-57.325378078,105.43978376,9.89377593));
#5260=CARTESIAN_POINT('',(-58.381710947,106.020283547,9.867737959));
#5261=CARTESIAN_POINT('',(-58.98767095,106.991611442,9.769269075));
#5262=B_SPLINE_SURFACE_WITH_KNOTS('',1,3,((#5254,#5255,#5256,#5257),(#5258,#5259,#5260,#5261)),.UNSPECIFIED.,.F.,.F.,.U.,(2,2),(4,4),(0.,1.),(5.960485804,6.878683608),.UNSPECIFIED.);
#5263=ORIENTED_EDGE('',*,*,#5227,.T.);
#5264=ORIENTED_EDGE('',*,*,#4543,.F.);
#5265=CARTESIAN_POINT('',(-58.98767095,106.991611442,9.769269075));
#5266=CARTESIAN_POINT('',(-58.91035501,106.869239942,9.781993975));
#5267=CARTESIAN_POINT('',(-58.826437811,106.753056071,9.793316029));
#5268=CARTESIAN_POINT('',(-58.736644993,106.64364531,9.803359377));
#5269=CARTESIAN_POINT('',(-58.646852176,106.534234549,9.813402724));
#5270=CARTESIAN_POINT('',(-58.551184626,106.43159713,9.822167332));
#5271=CARTESIAN_POINT('',(-58.450415747,106.336226777,9.829735494));
#5272=CARTESIAN_POINT('',(-58.349646869,106.240856425,9.837303656));
#5273=CARTESIAN_POINT('',(-58.243777537,106.152753266,9.8436753));
#5274=CARTESIAN_POINT('',(-58.133615684,106.072316578,9.84889168));
#5275=CARTESIAN_POINT('',(-58.023453832,105.991879891,9.854108059));
#5276=CARTESIAN_POINT('',(-57.90900031,105.919109699,9.858169066));
#5277=CARTESIAN_POINT('',(-57.791084603,105.854309707,9.861076277));
#5278=CARTESIAN_POINT('',(-57.790163387,105.853803457,9.861098989));
#5279=CARTESIAN_POINT('',(-57.789199749,105.853274524,9.861122669));
#5280=CARTESIAN_POINT('',(-57.788256973,105.852757685,9.861145756));
#5281=CARTESIAN_POINT('',(-57.787314197,105.852240847,9.861168843));
#5282=CARTESIAN_POINT('',(-57.786371189,105.85172451,9.861191858));
#5283=CARTESIAN_POINT('',(-57.785427949,105.851208675,9.861214799));
#5284=CARTESIAN_POINT('',(-57.783541469,105.850177005,9.861260682));
#5285=CARTESIAN_POINT('',(-57.781654061,105.849147344,9.861306274));
#5286=CARTESIAN_POINT('',(-57.779765729,105.848119691,9.861351575));
#5287=CARTESIAN_POINT('',(-57.775989066,105.846064387,9.861442177));
#5288=CARTESIAN_POINT('',(-57.772208705,105.84401712,9.861531614));
#5289=CARTESIAN_POINT('',(-57.768424674,105.8419779,9.861619888));
#5290=CARTESIAN_POINT('',(-57.760856611,105.837899461,9.861796434));
#5291=CARTESIAN_POINT('',(-57.753273866,105.833853212,9.861968324));
#5292=CARTESIAN_POINT('',(-57.745676649,105.829839233,9.86213556));
#5293=CARTESIAN_POINT('',(-57.730482216,105.821811276,9.86247003));
#5294=CARTESIAN_POINT('',(-57.715229895,105.8139124,9.862785882));
#5295=CARTESIAN_POINT('',(-57.699921377,105.806143227,9.863083118));
#5296=CARTESIAN_POINT('',(-57.669304342,105.790604881,9.863677591));
#5297=CARTESIAN_POINT('',(-57.638462516,105.77558537,9.864197613));
#5298=CARTESIAN_POINT('',(-57.60740949,105.761089377,9.864643097));
#5299=CARTESIAN_POINT('',(-57.545303439,105.732097391,9.865534066));
#5300=CARTESIAN_POINT('',(-57.482352528,105.705199858,9.866127039));
#5301=CARTESIAN_POINT('',(-57.418666363,105.680429653,9.866419441));
#5302=CARTESIAN_POINT('',(-57.291294035,105.630889243,9.867004244));
#5303=CARTESIAN_POINT('',(-57.160980328,105.589864281,9.866389165));
#5304=CARTESIAN_POINT('',(-57.028610681,105.557544137,9.864524137));
#5305=CARTESIAN_POINT('',(-56.896241033,105.525223993,9.862659108));
#5306=CARTESIAN_POINT('',(-56.761816253,105.501608602,9.859543993));
#5307=CARTESIAN_POINT('',(-56.626222776,105.486789538,9.855091044));
#5308=CARTESIAN_POINT('',(-56.558426037,105.479380006,9.852864569));
#5309=CARTESIAN_POINT('',(-56.490337063,105.474168033,9.85030306));
#5310=CARTESIAN_POINT('',(-56.4220658,105.471156014,9.847392193));
#5311=CARTESIAN_POINT('',(-56.387930168,105.469650005,9.84593676));
#5312=CARTESIAN_POINT('',(-56.353748952,105.46869389,9.844393953));
#5313=CARTESIAN_POINT('',(-56.3195358,105.468287412,9.84276178));
#5314=CARTESIAN_POINT('',(-56.302429224,105.468084174,9.841945694));
#5315=CARTESIAN_POINT('',(-56.285314664,105.468018338,9.841107264));
#5316=CARTESIAN_POINT('',(-56.268193818,105.468089839,9.84024623));
#5317=CARTESIAN_POINT('',(-56.263913606,105.468107715,9.840030971));
#5318=CARTESIAN_POINT('',(-56.259633002,105.468134173,9.8398143));
#5319=CARTESIAN_POINT('',(-56.255352031,105.468169214,9.839596211));
#5320=CARTESIAN_POINT('',(-56.251071061,105.468204255,9.839378123));
#5321=CARTESIAN_POINT('',(-56.246818136,105.468247522,9.839160088));
#5322=CARTESIAN_POINT('',(-56.242501635,105.46830016,9.838937359));
#5323=CARTESIAN_POINT('',(-56.233868633,105.468405437,9.838491902));
#5324=CARTESIAN_POINT('',(-56.225193928,105.468546136,9.838038466));
#5325=CARTESIAN_POINT('',(-56.216477737,105.468723044,9.837577324));
#5326=B_SPLINE_CURVE_WITH_KNOTS('',3,(#5265,#5266,#5267,#5268,#5269,#5270,#5271,#5272,#5273,#5274,#5275,#5276,#5277,#5278,#5279,#5280,#5281,#5282,#5283,#5284,#5285,#5286,#5287,#5288,#5289,#5290,
#5291,#5292,#5293,#5294,#5295,#5296,#5297,#5298,#5299,#5300,#5301,#5302,#5303,#5304,#5305,#5306,#5307,#5308,#5309,#5310,#5311,#5312,#5313,#5314,#5315,
#5316,#5317,#5318,#5319,#5320,#5321,#5322,#5323,#5324,#5325),.UNSPECIFIED.,.F.,.F.,(4,3,3,3,3,3,3,3,3,3,3,3,3,3,3,3,3,3,3,3,4),(0.,0.125,0.25,0.375,0.5,0.500976562,0.501953125,0.50390625,0.5078125,0.515625,0.53125,0.5625,0.625,0.75,0.875,0.9375,0.96875,0.984375,0.98828125,0.9921875,1.),.UNSPECIFIED.);
#5327=EDGE_CURVE('',#4430,#4470,#5326,.T.);
#5328=ORIENTED_EDGE('',*,*,#5327,.F.);
#5329=CARTESIAN_POINT('',(-60.169584937,106.196067791,10.8000254));
#5330=DIRECTION('',(0.672120653,0.452402903,-0.586161617));
#5331=VECTOR('',#5330,1.758484852);
#5332=LINE('',#5329,#5331);
#5333=EDGE_CURVE('',#1631,#4430,#5332,.T.);
#5334=ORIENTED_EDGE('',*,*,#5333,.F.);
#5335=ORIENTED_EDGE('',*,*,#1638,.F.);
#5336=EDGE_LOOP('',(#5263,#5264,#5328,#5334,#5335));
#5337=FACE_BOUND('',#5336,.T.);
#5338=ADVANCED_FACE('',(#5337),#5262,.T.);
#5339=CARTESIAN_POINT('',(-4.767684566,6.208332513,9.986029452));
#5340=DIRECTION('',(-0.307866945,0.420178447,-0.853620535));
#5341=DIRECTION('',(-0.806646543,-0.59103414,0.));
#5342=AXIS2_PLACEMENT_3D('',#5339,#5340,#5341);
#5343=PLANE('',#5342);
#5344=ORIENTED_EDGE('',*,*,#5248,.T.);
#5345=ORIENTED_EDGE('',*,*,#1560,.F.);
#5346=CARTESIAN_POINT('',(-19.384269249,-4.50131551,9.986029452));
#5347=DIRECTION('',(-0.504518878,0.688570053,0.520895366));
#5348=VECTOR('',#5347,1.562686099);
#5349=LINE('',#5346,#5348);
#5350=EDGE_CURVE('',#3572,#1545,#5349,.T.);
#5351=ORIENTED_EDGE('',*,*,#5350,.F.);
#5352=ORIENTED_EDGE('',*,*,#3592,.F.);
#5353=EDGE_LOOP('',(#5344,#5345,#5351,#5352));
#5354=FACE_BOUND('',#5353,.T.);
#5355=ADVANCED_FACE('',(#5354),#5343,.F.);
#5356=CARTESIAN_POINT('',(-59.208722818,107.320021196,9.769269075));
#5357=DIRECTION('',(-0.486267803,-0.327305767,-0.810194149));
#5358=DIRECTION('',(0.558388262,-0.829579742,0.));
#5359=AXIS2_PLACEMENT_3D('',#5356,#5357,#5358);
#5360=PLANE('',#5359);
#5361=ORIENTED_EDGE('',*,*,#5333,.T.);
#5362=ORIENTED_EDGE('',*,*,#4459,.F.);
#5363=CARTESIAN_POINT('',(-60.736624124,107.038499939,10.8000254));
#5364=DIRECTION('',(0.672120653,0.452402903,-0.586161617));
#5365=VECTOR('',#5364,1.758484852);
#5366=LINE('',#5363,#5365);
#5367=EDGE_CURVE('',#1641,#4350,#5366,.T.);
#5368=ORIENTED_EDGE('',*,*,#5367,.F.);
#5369=ORIENTED_EDGE('',*,*,#1646,.F.);
#5370=EDGE_LOOP('',(#5361,#5362,#5368,#5369));
#5371=FACE_BOUND('',#5370,.T.);
#5372=ADVANCED_FACE('',(#5371),#5360,.F.);
#5373=CARTESIAN_POINT('',(-19.384269249,-4.50131551,9.986029452));
#5374=CARTESIAN_POINT('',(-22.327993939,-6.671618377,10.015656876));
#5375=CARTESIAN_POINT('',(-26.357489536,-7.18368448,9.940405491));
#5376=CARTESIAN_POINT('',(-29.949462241,-5.843934474,9.78872302));
#5377=CARTESIAN_POINT('',(-20.172673887,-3.425296659,10.8000254));
#5378=CARTESIAN_POINT('',(-22.738135387,-5.333249633,10.8000254));
#5379=CARTESIAN_POINT('',(-26.274255932,-5.750310552,10.8000254));
#5380=CARTESIAN_POINT('',(-29.444255181,-4.518815437,10.8000254));
#5381=B_SPLINE_SURFACE_WITH_KNOTS('',1,3,((#5373,#5374,#5375,#5376),(#5377,#5378,#5379,#5380)),.UNSPECIFIED.,.F.,.F.,.U.,(2,2),(4,4),(0.,1.),(6.149889326,7.070057647),.UNSPECIFIED.);
#5382=ORIENTED_EDGE('',*,*,#5350,.T.);
#5383=ORIENTED_EDGE('',*,*,#1552,.F.);
#5384=CARTESIAN_POINT('',(-29.949462241,-5.843934474,9.78872302));
#5385=DIRECTION('',(0.290046927,0.760770653,0.580603818));
#5386=VECTOR('',#5385,1.741811454);
#5387=LINE('',#5384,#5386);
#5388=EDGE_CURVE('',#3605,#1537,#5387,.T.);
#5389=ORIENTED_EDGE('',*,*,#5388,.F.);
#5390=ORIENTED_EDGE('',*,*,#3652,.F.);
#5391=EDGE_LOOP('',(#5382,#5383,#5389,#5390));
#5392=FACE_BOUND('',#5391,.T.);
#5393=ADVANCED_FACE('',(#5392),#5381,.T.);
#5394=CARTESIAN_POINT('',(-62.344844311,109.304490061,9.837577324));
#5395=CARTESIAN_POINT('',(-61.251527089,109.290284291,9.89377593));
#5396=CARTESIAN_POINT('',(-60.18797424,108.729774496,9.867737959));
#5397=CARTESIAN_POINT('',(-59.554710137,107.83404359,9.769269075));
#5398=CARTESIAN_POINT('',(-62.344861608,107.904119422,10.8000254));
#5399=CARTESIAN_POINT('',(-61.708019252,107.908380093,10.8000254));
#5400=CARTESIAN_POINT('',(-61.09498581,107.57842031,10.8000254));
#5401=CARTESIAN_POINT('',(-60.736624124,107.038499939,10.8000254));
#5402=B_SPLINE_SURFACE_WITH_KNOTS('',1,3,((#5394,#5395,#5396,#5397),(#5398,#5399,#5400,#5401)),.UNSPECIFIED.,.F.,.F.,.U.,(2,2),(4,4),(0.,1.),(5.960485804,6.878683608),.UNSPECIFIED.);
#5403=ORIENTED_EDGE('',*,*,#5367,.T.);
#5404=ORIENTED_EDGE('',*,*,#4395,.F.);
#5405=CARTESIAN_POINT('',(-62.344844311,109.304490061,9.837577324));
#5406=CARTESIAN_POINT('',(-62.336358968,109.304329886,9.837994324));
#5407=CARTESIAN_POINT('',(-62.328046794,109.304142252,9.838398437));
#5408=CARTESIAN_POINT('',(-62.319907977,109.303930542,9.838790936));
#5409=CARTESIAN_POINT('',(-62.317873273,109.303877615,9.838889061));
#5410=CARTESIAN_POINT('',(-62.315779457,109.303821323,9.838989825));
#5411=CARTESIAN_POINT('',(-62.313695813,109.303763412,9.839089846));
#5412=CARTESIAN_POINT('',(-62.311612169,109.303705501,9.839189867));
#5413=CARTESIAN_POINT('',(-62.309528506,109.303645725,9.839289649));
#5414=CARTESIAN_POINT('',(-62.307444829,109.303584084,9.83938919));
#5415=CARTESIAN_POINT('',(-62.303277476,109.303460801,9.839588272));
#5416=CARTESIAN_POINT('',(-62.299110063,109.303330059,9.839786394));
#5417=CARTESIAN_POINT('',(-62.294942617,109.303191853,9.83998355));
#5418=CARTESIAN_POINT('',(-62.278272832,109.302639032,9.840772176));
#5419=CARTESIAN_POINT('',(-62.26160251,109.301966807,9.841545358));
#5420=CARTESIAN_POINT('',(-62.244933288,109.301175059,9.842302822));
#5421=CARTESIAN_POINT('',(-62.211594843,109.299591562,9.843817751));
#5422=CARTESIAN_POINT('',(-62.178260788,109.297529948,9.845269804));
#5423=CARTESIAN_POINT('',(-62.144944275,109.294989516,9.846656889));
#5424=CARTESIAN_POINT('',(-62.078311251,109.289908651,9.849431057));
#5425=CARTESIAN_POINT('',(-62.011748321,109.282912156,9.851945224));
#5426=CARTESIAN_POINT('',(-61.945361743,109.273998682,9.854184141));
#5427=CARTESIAN_POINT('',(-61.812588586,109.256171736,9.858661974));
#5428=CARTESIAN_POINT('',(-61.680520163,109.230670983,9.862036637));
#5429=CARTESIAN_POINT('',(-61.550018303,109.197555361,9.864211265));
#5430=CARTESIAN_POINT('',(-61.419516442,109.16443974,9.866385893));
#5431=CARTESIAN_POINT('',(-61.290581919,109.123709106,9.867360326));
#5432=CARTESIAN_POINT('',(-61.164082618,109.075517579,9.867073395));
#5433=CARTESIAN_POINT('',(-61.037583317,109.027326053,9.866786465));
#5434=CARTESIAN_POINT('',(-60.913520051,108.971673575,9.865238037));
#5435=CARTESIAN_POINT('',(-60.792754842,108.908810955,9.862404875));
#5436=CARTESIAN_POINT('',(-60.671989634,108.845948335,9.859571712));
#5437=CARTESIAN_POINT('',(-60.554523324,108.775875608,9.855453712));
#5438=CARTESIAN_POINT('',(-60.441199662,108.698940431,9.850067346));
#5439=CARTESIAN_POINT('',(-60.327876,108.622005254,9.84468098));
#5440=CARTESIAN_POINT('',(-60.218695843,108.538207761,9.83802618));
#5441=CARTESIAN_POINT('',(-60.114471927,108.447991188,9.830160409));
#5442=CARTESIAN_POINT('',(-60.010248011,108.357774615,9.822294638));
#5443=CARTESIAN_POINT('',(-59.910981197,108.261139197,9.813217866));
#5444=CARTESIAN_POINT('',(-59.81744032,108.15862099,9.803029271));
#5445=CARTESIAN_POINT('',(-59.723899443,108.056102782,9.792840675));
#5446=CARTESIAN_POINT('',(-59.636085352,107.947702123,9.781540268));
#5447=CARTESIAN_POINT('',(-59.554710137,107.83404359,9.769269075));
#5448=B_SPLINE_CURVE_WITH_KNOTS('',3,(#5405,#5406,#5407,#5408,#5409,#5410,#5411,#5412,#5413,#5414,#5415,#5416,#5417,#5418,#5419,#5420,#5421,#5422,#5423,#5424,#5425,#5426,#5427,#5428,#5429,#5430,
#5431,#5432,#5433,#5434,#5435,#5436,#5437,#5438,#5439,#5440,#5441,#5442,#5443,#5444,#5445,#5446,#5447),.UNSPECIFIED.,.F.,.F.,(4,3,3,3,3,3,3,3,3,3,3,3,3,3,4),(0.,0.0078125,0.009765625,0.01171875,0.015625,0.03125,0.0625,0.125,0.25,0.375,0.5,0.625,0.75,0.875,1.),.UNSPECIFIED.);
#5449=EDGE_CURVE('',#4300,#4342,#5448,.T.);
#5450=ORIENTED_EDGE('',*,*,#5449,.F.);
#5451=CARTESIAN_POINT('',(-62.344861608,107.904119422,10.8000254));
#5452=DIRECTION('',(0.000010179,0.824126189,-0.566406237));
#5453=VECTOR('',#5452,1.699218711);
#5454=LINE('',#5451,#5453);
#5455=EDGE_CURVE('',#1649,#4300,#5454,.T.);
#5456=ORIENTED_EDGE('',*,*,#5455,.F.);
#5457=ORIENTED_EDGE('',*,*,#1656,.F.);
#5458=EDGE_LOOP('',(#5403,#5404,#5450,#5456,#5457));
#5459=FACE_BOUND('',#5458,.T.);
#5460=ADVANCED_FACE('',(#5459),#5402,.T.);
#5461=CARTESIAN_POINT('',(-90.795062159,17.35369969,9.78872302));
#5462=DIRECTION('',(-0.206835179,-0.542512675,0.814186224));
#5463=DIRECTION('',(0.934393915,-0.356241507,-0.));
#5464=AXIS2_PLACEMENT_3D('',#5461,#5462,#5463);
#5465=PLANE('',#5464);
#5466=ORIENTED_EDGE('',*,*,#5388,.T.);
#5467=ORIENTED_EDGE('',*,*,#1542,.F.);
#5468=CARTESIAN_POINT('',(-39.356994094,-2.257274426,9.78872302));
#5469=DIRECTION('',(0.290046927,0.760770653,0.580603818));
#5470=VECTOR('',#5469,1.741811454);
#5471=LINE('',#5468,#5470);
#5472=EDGE_CURVE('',#3663,#1529,#5471,.T.);
#5473=ORIENTED_EDGE('',*,*,#5472,.F.);
#5474=ORIENTED_EDGE('',*,*,#3692,.F.);
#5475=EDGE_LOOP('',(#5466,#5467,#5473,#5474));
#5476=FACE_BOUND('',#5475,.T.);
#5477=ADVANCED_FACE('',(#5476),#5465,.T.);
#5478=CARTESIAN_POINT('',(-77.507873908,109.304677348,9.837577324));
#5479=DIRECTION('',(0.000006996,0.566406237,0.824126189));
#5480=DIRECTION('',(-1.,0.000012352,-0.));
#5481=AXIS2_PLACEMENT_3D('',#5478,#5479,#5480);
#5482=PLANE('',#5481);
#5483=ORIENTED_EDGE('',*,*,#5455,.T.);
#5484=ORIENTED_EDGE('',*,*,#4329,.F.);
#5485=CARTESIAN_POINT('',(-133.246485616,107.904995167,10.8000254));
#5486=DIRECTION('',(0.000010179,0.824126189,-0.566406237));
#5487=VECTOR('',#5486,1.699218711);
#5488=LINE('',#5485,#5487);
#5489=EDGE_CURVE('',#1659,#4242,#5488,.T.);
#5490=ORIENTED_EDGE('',*,*,#5489,.F.);
#5491=ORIENTED_EDGE('',*,*,#1664,.F.);
#5492=EDGE_LOOP('',(#5483,#5484,#5490,#5491));
#5493=FACE_BOUND('',#5492,.T.);
#5494=ADVANCED_FACE('',(#5493),#5482,.T.);
#5495=CARTESIAN_POINT('',(-50.971254671,2.470598849,10.8000254));
#5496=CARTESIAN_POINT('',(-46.843929098,1.707159612,10.8000254));
#5497=CARTESIAN_POINT('',(-42.784330552,0.567355738,10.8000254));
#5498=CARTESIAN_POINT('',(-38.851787034,-0.932155389,10.8000254));
#5499=CARTESIAN_POINT('',(-51.228566726,1.079880923,9.799719463));
#5500=CARTESIAN_POINT('',(-47.185541119,0.331592194,9.798487594));
#5501=CARTESIAN_POINT('',(-43.208978745,-0.786238341,9.79480417));
#5502=CARTESIAN_POINT('',(-39.356994094,-2.257274426,9.78872302));
#5503=B_SPLINE_SURFACE_WITH_KNOTS('',1,3,((#5495,#5496,#5497,#5498),(#5499,#5500,#5501,#5502)),.UNSPECIFIED.,.F.,.F.,.U.,(2,2),(4,4),(0.,1.),(0.043187337,0.214505661),.UNSPECIFIED.);
#5504=ORIENTED_EDGE('',*,*,#5472,.T.);
#5505=ORIENTED_EDGE('',*,*,#1534,.F.);
#5506=CARTESIAN_POINT('',(-51.228566726,1.079880923,9.799719463));
#5507=DIRECTION('',(0.148536465,0.802808574,0.577438579));
#5508=VECTOR('',#5507,1.732315737);
#5509=LINE('',#5506,#5508);
#5510=EDGE_CURVE('',#3705,#1521,#5509,.T.);
#5511=ORIENTED_EDGE('',*,*,#5510,.F.);
#5512=ORIENTED_EDGE('',*,*,#3725,.F.);
#5513=EDGE_LOOP('',(#5504,#5505,#5511,#5512));
#5514=FACE_BOUND('',#5513,.T.);
#5515=ADVANCED_FACE('',(#5514),#5503,.T.);
#5516=CARTESIAN_POINT('',(-139.704566548,105.683900303,10.143481764));
#5517=CARTESIAN_POINT('',(-138.445086356,107.856192448,10.160424564));
#5518=CARTESIAN_POINT('',(-135.969306824,109.244519143,10.043152896));
#5519=CARTESIAN_POINT('',(-133.246468319,109.305365807,9.837577324));
#5520=CARTESIAN_POINT('',(-138.633685689,105.057964566,10.8000254));
#5521=CARTESIAN_POINT('',(-137.618111799,106.828236312,10.8000254));
#5522=CARTESIAN_POINT('',(-135.552872281,107.919675283,10.8000254));
#5523=CARTESIAN_POINT('',(-133.246485616,107.904995167,10.8000254));
#5524=B_SPLINE_SURFACE_WITH_KNOTS('',1,3,((#5516,#5517,#5518,#5519),(#5520,#5521,#5522,#5523)),.UNSPECIFIED.,.F.,.F.,.U.,(2,2),(4,4),(0.,1.),(3.084326155,4.022728066),.UNSPECIFIED.);
#5525=ORIENTED_EDGE('',*,*,#5489,.T.);
#5526=ORIENTED_EDGE('',*,*,#4289,.F.);
#5527=CARTESIAN_POINT('',(-138.633685689,105.057964566,10.8000254));
#5528=DIRECTION('',(-0.763042505,0.44600253,-0.467811798));
#5529=VECTOR('',#5528,1.403435395);
#5530=LINE('',#5527,#5529);
#5531=EDGE_CURVE('',#1667,#4200,#5530,.T.);
#5532=ORIENTED_EDGE('',*,*,#5531,.F.);
#5533=ORIENTED_EDGE('',*,*,#1674,.F.);
#5534=EDGE_LOOP('',(#5525,#5526,#5532,#5533));
#5535=FACE_BOUND('',#5534,.T.);
#5536=ADVANCED_FACE('',(#5535),#5524,.T.);
#5537=CARTESIAN_POINT('',(-85.6915078,7.456249576,9.799719463));
#5538=DIRECTION('',(-0.105055242,-0.567801645,0.816434129));
#5539=DIRECTION('',(0.983310894,-0.181933189,-0.));
#5540=AXIS2_PLACEMENT_3D('',#5537,#5538,#5539);
#5541=PLANE('',#5540);
#5542=ORIENTED_EDGE('',*,*,#5510,.T.);
#5543=ORIENTED_EDGE('',*,*,#1526,.F.);
#5544=CARTESIAN_POINT('',(-56.854457347,2.120788967,9.799719463));
#5545=DIRECTION('',(0.148536465,0.802808574,0.577438579));
#5546=VECTOR('',#5545,1.732315737);
#5547=LINE('',#5544,#5546);
#5548=EDGE_CURVE('',#3736,#1513,#5547,.T.);
#5549=ORIENTED_EDGE('',*,*,#5548,.F.);
#5550=ORIENTED_EDGE('',*,*,#3756,.F.);
#5551=EDGE_LOOP('',(#5542,#5543,#5549,#5550));
#5552=FACE_BOUND('',#5551,.T.);
#5553=ADVANCED_FACE('',(#5552),#5541,.T.);
#5554=CARTESIAN_POINT('',(-148.91316118,89.92939525,10.143481764));
#5555=DIRECTION('',(-0.403879763,0.236069937,0.883828106));
#5556=DIRECTION('',(-0.504625874,-0.863338131,-0.));
#5557=AXIS2_PLACEMENT_3D('',#5554,#5555,#5556);
#5558=PLANE('',#5557);
#5559=ORIENTED_EDGE('',*,*,#5531,.T.);
#5560=ORIENTED_EDGE('',*,*,#4229,.F.);
#5561=CARTESIAN_POINT('',(-149.670012574,86.176487572,10.8000254));
#5562=DIRECTION('',(-0.763042505,0.44600253,-0.467811798));
#5563=VECTOR('',#5562,1.403435395);
#5564=LINE('',#5561,#5563);
#5565=EDGE_CURVE('',#1677,#4160,#5564,.T.);
#5566=ORIENTED_EDGE('',*,*,#5565,.F.);
#5567=ORIENTED_EDGE('',*,*,#1682,.F.);
#5568=EDGE_LOOP('',(#5559,#5560,#5566,#5567));
#5569=FACE_BOUND('',#5568,.T.);
#5570=ADVANCED_FACE('',(#5569),#5558,.T.);
#5571=CARTESIAN_POINT('',(-69.121048905,4.668294443,10.8000254));
#5572=CARTESIAN_POINT('',(-64.92388097,4.663638031,10.8000254));
#5573=CARTESIAN_POINT('',(-60.728810491,4.276154587,10.8000254));
#5574=CARTESIAN_POINT('',(-56.597145292,3.511506894,10.8000254));
#5575=CARTESIAN_POINT('',(-69.122683426,3.255539977,9.804130694));
#5576=CARTESIAN_POINT('',(-65.01116796,3.251333852,9.80512632));
#5577=CARTESIAN_POINT('',(-60.90174053,2.87123188,9.803648712));
#5578=CARTESIAN_POINT('',(-56.854457347,2.120788967,9.799719463));
#5579=B_SPLINE_SURFACE_WITH_KNOTS('',1,3,((#5571,#5572,#5573,#5574),(#5575,#5576,#5577,#5578)),.UNSPECIFIED.,.F.,.F.,.U.,(2,2),(4,4),(0.,1.),(6.248658566,6.419976889),.UNSPECIFIED.);
#5580=ORIENTED_EDGE('',*,*,#5548,.T.);
#5581=ORIENTED_EDGE('',*,*,#1518,.F.);
#5582=CARTESIAN_POINT('',(-69.122683426,3.255539977,9.804130694));
#5583=DIRECTION('',(0.000945634,0.817333594,0.576163954));
#5584=VECTOR('',#5583,1.728491862);
#5585=LINE('',#5582,#5584);
#5586=EDGE_CURVE('',#3769,#1505,#5585,.T.);
#5587=ORIENTED_EDGE('',*,*,#5586,.F.);
#5588=ORIENTED_EDGE('',*,*,#3789,.F.);
#5589=EDGE_LOOP('',(#5580,#5581,#5587,#5588));
#5590=FACE_BOUND('',#5589,.T.);
#5591=ADVANCED_FACE('',(#5590),#5579,.T.);
#5592=CARTESIAN_POINT('',(-151.849218464,82.652153838,10.181703278));
#5593=CARTESIAN_POINT('',(-151.839711798,84.096330843,10.196520721));
#5594=CARTESIAN_POINT('',(-151.458719561,85.523006601,10.183381886));
#5595=CARTESIAN_POINT('',(-150.740893434,86.802423309,10.143481764));
#5596=CARTESIAN_POINT('',(-150.635692972,82.652153838,10.8000254));
#5597=CARTESIAN_POINT('',(-150.636762984,83.881020564,10.8000254));
#5598=CARTESIAN_POINT('',(-150.304805547,85.092527801,10.8000254));
#5599=CARTESIAN_POINT('',(-149.670012574,86.176487572,10.8000254));
#5600=B_SPLINE_SURFACE_WITH_KNOTS('',1,3,((#5592,#5593,#5594,#5595),(#5596,#5597,#5598,#5599)),.UNSPECIFIED.,.F.,.F.,.U.,(2,2),(4,4),(0.,1.),(3.026149567,3.458250283),.UNSPECIFIED.);
#5601=ORIENTED_EDGE('',*,*,#5565,.T.);
#5602=ORIENTED_EDGE('',*,*,#4189,.F.);
#5603=CARTESIAN_POINT('',(-150.635692972,82.652153838,10.8000254));
#5604=DIRECTION('',(-0.891006524,0.,-0.4539905));
#5605=VECTOR('',#5604,1.361971499);
#5606=LINE('',#5603,#5605);
#5607=EDGE_CURVE('',#1453,#4118,#5606,.T.);
#5608=ORIENTED_EDGE('',*,*,#5607,.F.);
#5609=ORIENTED_EDGE('',*,*,#1688,.F.);
#5610=EDGE_LOOP('',(#5601,#5602,#5608,#5609));
#5611=FACE_BOUND('',#5610,.T.);
#5612=ADVANCED_FACE('',(#5611),#5600,.T.);
#5613=CARTESIAN_POINT('',(-77.465067219,3.265191902,9.804130694));
#5614=DIRECTION('',(-0.000666607,-0.576163568,0.817334141));
#5615=DIRECTION('',(0.999999331,-0.001156974,0.));
#5616=AXIS2_PLACEMENT_3D('',#5613,#5614,#5615);
#5617=PLANE('',#5616);
#5618=ORIENTED_EDGE('',*,*,#5586,.T.);
#5619=ORIENTED_EDGE('',*,*,#1510,.F.);
#5620=CARTESIAN_POINT('',(-74.192880938,3.261406066,9.804130694));
#5621=DIRECTION('',(0.000945634,0.817333594,0.576163954));
#5622=VECTOR('',#5621,1.728491862);
#5623=LINE('',#5620,#5622);
#5624=EDGE_CURVE('',#3800,#1497,#5623,.T.);
#5625=ORIENTED_EDGE('',*,*,#5624,.F.);
#5626=ORIENTED_EDGE('',*,*,#3820,.F.);
#5627=EDGE_LOOP('',(#5618,#5619,#5625,#5626));
#5628=FACE_BOUND('',#5627,.T.);
#5629=ADVANCED_FACE('',(#5628),#5617,.T.);
#5630=CARTESIAN_POINT('',(-151.849218464,55.761848833,10.181703278));
#5631=DIRECTION('',(-0.4539905,0.,0.891006524));
#5632=DIRECTION('',(-0.,-1.,-0.));
#5633=AXIS2_PLACEMENT_3D('',#5630,#5631,#5632);
#5634=PLANE('',#5633);
#5635=ORIENTED_EDGE('',*,*,#5607,.T.);
#5636=ORIENTED_EDGE('',*,*,#4147,.F.);
#5637=CARTESIAN_POINT('',(-150.635692972,11.279094365,10.8000254));
#5638=DIRECTION('',(-0.891006524,0.,-0.4539905));
#5639=VECTOR('',#5638,1.361971499);
#5640=LINE('',#5637,#5639);
#5641=EDGE_CURVE('',#1455,#4054,#5640,.T.);
#5642=ORIENTED_EDGE('',*,*,#5641,.F.);
#5643=ORIENTED_EDGE('',*,*,#1460,.F.);
#5644=EDGE_LOOP('',(#5635,#5636,#5642,#5643));
#5645=FACE_BOUND('',#5644,.T.);
#5646=ADVANCED_FACE('',(#5645),#5634,.T.);
#5647=CARTESIAN_POINT('',(-86.716266457,3.546353949,10.8000254));
#5648=CARTESIAN_POINT('',(-82.584470907,4.301441029,10.8000254));
#5649=CARTESIAN_POINT('',(-78.389026465,4.67921686,10.8000254));
#5650=CARTESIAN_POINT('',(-74.191246417,4.674160532,10.8000254));
#5651=CARTESIAN_POINT('',(-86.462209547,2.155794861,9.801822681));
#5652=CARTESIAN_POINT('',(-82.41481664,2.896624734,9.805057733));
#5653=CARTESIAN_POINT('',(-78.3050199,3.266965888,9.805830837));
#5654=CARTESIAN_POINT('',(-74.192880938,3.261406066,9.804130694));
#5655=B_SPLINE_SURFACE_WITH_KNOTS('',1,3,((#5647,#5648,#5649,#5650),(#5651,#5652,#5653,#5654)),.UNSPECIFIED.,.F.,.F.,.U.,(2,2),(4,4),(0.,1.),(6.17081201,6.342130333),.UNSPECIFIED.);
#5656=ORIENTED_EDGE('',*,*,#5624,.T.);
#5657=ORIENTED_EDGE('',*,*,#1502,.F.);
#5658=CARTESIAN_POINT('',(-86.462209547,2.155794861,9.801822681));
#5659=DIRECTION('',(-0.146811816,0.803562102,0.576831205));
#5660=VECTOR('',#5659,1.730493616);
#5661=LINE('',#5658,#5660);
#5662=EDGE_CURVE('',#3833,#1489,#5661,.T.);
#5663=ORIENTED_EDGE('',*,*,#5662,.F.);
#5664=ORIENTED_EDGE('',*,*,#3853,.F.);
#5665=EDGE_LOOP('',(#5656,#5657,#5663,#5664));
#5666=FACE_BOUND('',#5665,.T.);
#5667=ADVANCED_FACE('',(#5666),#5655,.T.);
#5668=CARTESIAN_POINT('',(-147.231585167,6.185689991,9.946512752));
#5669=CARTESIAN_POINT('',(-149.852487055,6.653671641,10.233293843));
#5670=CARTESIAN_POINT('',(-151.780671199,8.780523411,10.3315023));
#5671=CARTESIAN_POINT('',(-151.849218464,11.279094365,10.181703278));
#5672=CARTESIAN_POINT('',(-147.04431106,7.526205755,10.8000254));
#5673=CARTESIAN_POINT('',(-149.16625647,7.795294317,10.8000254));
#5674=CARTESIAN_POINT('',(-150.665909043,9.362387208,10.8000254));
#5675=CARTESIAN_POINT('',(-150.635692972,11.279094365,10.8000254));
#5676=B_SPLINE_SURFACE_WITH_KNOTS('',1,3,((#5668,#5669,#5670,#5671),(#5672,#5673,#5674,#5675)),.UNSPECIFIED.,.F.,.F.,.U.,(2,2),(4,4),(0.,1.),(5.459574604,6.668167267),.UNSPECIFIED.);
#5677=ORIENTED_EDGE('',*,*,#5641,.T.);
#5678=ORIENTED_EDGE('',*,*,#4107,.F.);
#5679=CARTESIAN_POINT('',(-147.04431106,7.526205755,10.8000254));
#5680=DIRECTION('',(-0.117034021,-0.837734339,-0.533389366));
#5681=VECTOR('',#5680,1.600168098);
#5682=LINE('',#5679,#5681);
#5683=EDGE_CURVE('',#1463,#4003,#5682,.T.);
#5684=ORIENTED_EDGE('',*,*,#5683,.F.);
#5685=ORIENTED_EDGE('',*,*,#1470,.F.);
#5686=EDGE_LOOP('',(#5677,#5678,#5684,#5685));
#5687=FACE_BOUND('',#5686,.T.);
#5688=ADVANCED_FACE('',(#5687),#5676,.T.);
#5689=CARTESIAN_POINT('',(-68.862994502,5.371193783,9.801822681));
#5690=DIRECTION('',(0.103671728,-0.567438466,0.816863367));
#5691=DIRECTION('',(0.983716658,0.179726282,0.));
#5692=AXIS2_PLACEMENT_3D('',#5689,#5690,#5691);
#5693=PLANE('',#5692);
#5694=ORIENTED_EDGE('',*,*,#5662,.T.);
#5695=ORIENTED_EDGE('',*,*,#1494,.F.);
#5696=CARTESIAN_POINT('',(-92.558645373,1.0419683,9.801822681));
#5697=DIRECTION('',(-0.146811816,0.803562102,0.576831205));
#5698=VECTOR('',#5697,1.730493616);
#5699=LINE('',#5696,#5698);
#5700=EDGE_CURVE('',#3864,#1481,#5699,.T.);
#5701=ORIENTED_EDGE('',*,*,#5700,.F.);
#5702=ORIENTED_EDGE('',*,*,#3893,.F.);
#5703=EDGE_LOOP('',(#5694,#5695,#5701,#5702));
#5704=FACE_BOUND('',#5703,.T.);
#5705=ADVANCED_FACE('',(#5704),#5693,.T.);
#5706=CARTESIAN_POINT('',(-78.176978419,-3.461447447,9.946512752));
#5707=DIRECTION('',(-0.073799419,-0.528259275,0.845869839));
#5708=DIRECTION('',(0.99038209,-0.138359374,0.));
#5709=AXIS2_PLACEMENT_3D('',#5706,#5707,#5708);
#5710=PLANE('',#5709);
#5711=ORIENTED_EDGE('',*,*,#5683,.T.);
#5712=ORIENTED_EDGE('',*,*,#4041,.F.);
#5713=CARTESIAN_POINT('',(-107.936377239,2.062709107,10.8000254));
#5714=DIRECTION('',(-0.117034021,-0.837734339,-0.533389366));
#5715=VECTOR('',#5714,1.600168098);
#5716=LINE('',#5713,#5715);
#5717=EDGE_CURVE('',#1473,#4030,#5716,.T.);
#5718=ORIENTED_EDGE('',*,*,#5717,.F.);
#5719=ORIENTED_EDGE('',*,*,#1478,.F.);
#5720=EDGE_LOOP('',(#5711,#5712,#5718,#5719));
#5721=FACE_BOUND('',#5720,.T.);
#5722=ADVANCED_FACE('',(#5721),#5710,.T.);
#5723=CARTESIAN_POINT('',(-92.558645373,1.0419683,9.801822681));
#5724=CARTESIAN_POINT('',(-97.795832312,0.10436292,9.859108634));
#5725=CARTESIAN_POINT('',(-103.06892589,-0.003970046,9.908126558));
#5726=CARTESIAN_POINT('',(-108.123651346,0.722193344,9.946512752));
#5727=CARTESIAN_POINT('',(-92.812702283,2.432527387,10.8000254));
#5728=CARTESIAN_POINT('',(-97.904530096,1.500852702,10.8000254));
#5729=CARTESIAN_POINT('',(-103.028110095,1.37556612,10.8000254));
#5730=CARTESIAN_POINT('',(-107.936377239,2.062709107,10.8000254));
#5731=B_SPLINE_SURFACE_WITH_KNOTS('',1,3,((#5723,#5724,#5725,#5726),(#5727,#5728,#5729,#5730)),.UNSPECIFIED.,.F.,.F.,.U.,(2,2),(4,4),(0.,1.),(2.310897025,2.623590959),.UNSPECIFIED.);
#5732=ORIENTED_EDGE('',*,*,#5700,.T.);
#5733=ORIENTED_EDGE('',*,*,#1486,.F.);
#5734=ORIENTED_EDGE('',*,*,#5717,.T.);
#5735=CARTESIAN_POINT('',(-92.558645373,1.0419683,9.801822681));
#5736=CARTESIAN_POINT('',(-93.897301636,0.802636715,9.816350785));
#5737=CARTESIAN_POINT('',(-95.223550906,0.61967926,9.830372306));
#5738=CARTESIAN_POINT('',(-96.533320022,0.49006407,9.843656089));
#5739=CARTESIAN_POINT('',(-97.843089138,0.36044888,9.856939871));
#5740=CARTESIAN_POINT('',(-99.136378014,0.284171895,9.869487626));
#5741=CARTESIAN_POINT('',(-100.409567651,0.258013553,9.881319867));
#5742=CARTESIAN_POINT('',(-100.410189325,0.25800078,9.881325645));
#5743=CARTESIAN_POINT('',(-100.410840353,0.257987417,9.881331695));
#5744=CARTESIAN_POINT('',(-100.411476698,0.257974368,9.881337608));
#5745=CARTESIAN_POINT('',(-100.412113044,0.257961318,9.881343522));
#5746=CARTESIAN_POINT('',(-100.412749385,0.257948282,9.881349435));
#5747=CARTESIAN_POINT('',(-100.413385723,0.257935257,9.881355349));
#5748=CARTESIAN_POINT('',(-100.414658398,0.257909209,9.881367175));
#5749=CARTESIAN_POINT('',(-100.415931057,0.25788321,9.881379001));
#5750=CARTESIAN_POINT('',(-100.4172037,0.257857262,9.881390826));
#5751=CARTESIAN_POINT('',(-100.419748987,0.257805365,9.881414476));
#5752=CARTESIAN_POINT('',(-100.42229421,0.257753668,9.881438124));
#5753=CARTESIAN_POINT('',(-100.424839371,0.25770217,9.881461768));
#5754=CARTESIAN_POINT('',(-100.429929691,0.257599176,9.881509058));
#5755=CARTESIAN_POINT('',(-100.435019759,0.257496981,9.881556337));
#5756=CARTESIAN_POINT('',(-100.440109574,0.257395585,9.881603605));
#5757=CARTESIAN_POINT('',(-100.450289204,0.257192793,9.881698142));
#5758=CARTESIAN_POINT('',(-100.460467823,0.256993199,9.881792636));
#5759=CARTESIAN_POINT('',(-100.470645427,0.2567968,9.881887087));
#5760=CARTESIAN_POINT('',(-100.491000637,0.256404004,9.88207599));
#5761=CARTESIAN_POINT('',(-100.511351792,0.256023991,9.882264721));
#5762=CARTESIAN_POINT('',(-100.531698879,0.255656752,9.882453279));
#5763=CARTESIAN_POINT('',(-100.572393053,0.254922274,9.882830397));
#5764=CARTESIAN_POINT('',(-100.613070955,0.254238891,9.883206826));
#5765=CARTESIAN_POINT('',(-100.653732476,0.253606524,9.883582559));
#5766=CARTESIAN_POINT('',(-100.735055517,0.252341791,9.884334026));
#5767=CARTESIAN_POINT('',(-100.81631303,0.251281119,9.885082709));
#5768=CARTESIAN_POINT('',(-100.897504141,0.250423866,9.885828557));
#5769=CARTESIAN_POINT('',(-100.978695253,0.249566612,9.886574405));
#5770=CARTESIAN_POINT('',(-101.059819962,0.248912778,9.887317416));
#5771=CARTESIAN_POINT('',(-101.140877399,0.248461715,9.888057543));
#5772=CARTESIAN_POINT('',(-101.161141759,0.248348949,9.888242575));
#5773=CARTESIAN_POINT('',(-101.181920918,0.24824623,9.888432163));
#5774=CARTESIAN_POINT('',(-101.202591305,0.248157412,9.888620618));
#5775=CARTESIAN_POINT('',(-101.223261692,0.248068595,9.888809072));
#5776=CARTESIAN_POINT('',(-101.243927303,0.247992969,9.888997341));
#5777=CARTESIAN_POINT('',(-101.264588123,0.247930522,9.889185425));
#5778=CARTESIAN_POINT('',(-101.305909765,0.247805628,9.889561593));
#5779=CARTESIAN_POINT('',(-101.347212245,0.247733451,9.88993702));
#5780=CARTESIAN_POINT('',(-101.388495449,0.247713894,9.890311703));
#5781=CARTESIAN_POINT('',(-101.718761084,0.247557443,9.89330917));
#5782=CARTESIAN_POINT('',(-102.047792919,0.250768771,9.896258998));
#5783=CARTESIAN_POINT('',(-102.375533224,0.257298224,9.899160779));
#5784=CARTESIAN_POINT('',(-103.031013835,0.270357128,9.904964342));
#5785=CARTESIAN_POINT('',(-103.681326627,0.296689112,9.910574833));
#5786=CARTESIAN_POINT('',(-104.326030105,0.335889357,9.915999934));
#5787=CARTESIAN_POINT('',(-105.615437061,0.414289846,9.926850134));
#5788=CARTESIAN_POINT('',(-106.882379743,0.544170076,9.93694572));
#5789=CARTESIAN_POINT('',(-108.123651346,0.722193344,9.946512752));
#5790=B_SPLINE_CURVE_WITH_KNOTS('',3,(#5735,#5736,#5737,#5738,#5739,#5740,#5741,#5742,#5743,#5744,#5745,#5746,#5747,#5748,#5749,#5750,#5751,#5752,#5753,#5754,#5755,#5756,#5757,#5758,#5759,#5760,
#5761,#5762,#5763,#5764,#5765,#5766,#5767,#5768,#5769,#5770,#5771,#5772,#5773,#5774,#5775,#5776,#5777,#5778,#5779,#5780,#5781,#5782,#5783,#5784,#5785,
#5786,#5787,#5788,#5789),.UNSPECIFIED.,.F.,.F.,(4,3,3,3,3,3,3,3,3,3,3,3,3,3,3,3,3,3,4),(0.,0.25,0.5,0.50012207,0.500244141,0.500488281,0.500976562,0.501953125,0.50390625,0.5078125,0.515625,0.53125,0.546875,0.55078125,0.5546875,0.5625,0.625,0.75,1.),.UNSPECIFIED.);
#5791=EDGE_CURVE('',#3904,#4030,#5790,.T.);
#5792=ORIENTED_EDGE('',*,*,#5791,.F.);
#5793=ORIENTED_EDGE('',*,*,#3992,.F.);
#5794=EDGE_LOOP('',(#5732,#5733,#5734,#5792,#5793));
#5795=FACE_BOUND('',#5794,.T.);
#5796=ADVANCED_FACE('',(#5795),#5731,.T.);
#5797=CARTESIAN_POINT('',(6.539861651,99.370683606,-3.4999746));
#5798=CARTESIAN_POINT('',(7.204370496,98.222795003,-3.4999746));
#5799=CARTESIAN_POINT('',(7.556474727,96.864854084,-3.4999746));
#5800=CARTESIAN_POINT('',(7.555019895,95.45557895,-3.4999746));
#5801=CARTESIAN_POINT('',(8.062082538,100.24952571,-0.545783775));
#5802=CARTESIAN_POINT('',(8.909239567,98.832777963,-0.588822384));
#5803=CARTESIAN_POINT('',(9.380985069,97.170013609,-0.671182828));
#5804=CARTESIAN_POINT('',(9.422180748,95.45557895,-0.783238701));
#5805=CARTESIAN_POINT('',(8.160432882,100.306307498,-0.354914179));
#5806=CARTESIAN_POINT('',(9.019390769,98.872188823,-0.400733503));
#5807=CARTESIAN_POINT('',(9.498866266,97.189729896,-0.488415237));
#5808=CARTESIAN_POINT('',(9.542817585,95.45557895,-0.607711014));
#5809=CARTESIAN_POINT('',(8.160556192,100.306378691,-0.35467487));
#5810=CARTESIAN_POINT('',(9.019528875,98.872238236,-0.400497679));
#5811=CARTESIAN_POINT('',(9.499014064,97.189754616,-0.488186085));
#5812=CARTESIAN_POINT('',(9.542968838,95.45557895,-0.607490939));
#5813=B_SPLINE_SURFACE_WITH_KNOTS('',1,3,((#5797,#5798,#5799,#5800),(#5801,#5802,#5803,#5804),(#5805,#5806,#5807,#5808),(#5809,#5810,#5811,#5812)),.UNSPECIFIED.,.F.,.F.,.U.,(2,1,1,2),(4,4),(0.,1.,1.064609772,1.064690779),(0.269458533,0.761154304),.UNSPECIFIED.);
#5814=CARTESIAN_POINT('',(6.539861651,99.370683606,-3.4999746));
#5815=VERTEX_POINT('',#5814);
#5816=CARTESIAN_POINT('',(8.160416687,100.306298148,-0.35494561));
#5817=DIRECTION('',(-0.442821204,-0.255659295,-0.859387984));
#5818=VECTOR('',#5817,3.659614807);
#5819=LINE('',#5816,#5818);
#5820=EDGE_CURVE('',#4826,#5815,#5819,.T.);
#5821=ORIENTED_EDGE('',*,*,#5820,.F.);
#5822=ORIENTED_EDGE('',*,*,#4881,.F.);
#5823=ORIENTED_EDGE('',*,*,#4922,.T.);
#5824=CARTESIAN_POINT('',(7.555019895,95.45557895,-3.4999746));
#5825=VERTEX_POINT('',#5824);
#5826=CARTESIAN_POINT('',(7.555019895,95.45557895,-3.4999746));
#5827=DIRECTION('',(0.566406237,-0.,0.824126189));
#5828=VECTOR('',#5827,3.470443141);
#5829=LINE('',#5826,#5828);
#5830=EDGE_CURVE('',#5825,#4910,#5829,.T.);
#5831=ORIENTED_EDGE('',*,*,#5830,.F.);
#5832=CARTESIAN_POINT('',(6.539861651,99.370683606,-3.4999746));
#5833=CARTESIAN_POINT('',(7.557247293,97.613227112,-3.4999746));
#5834=CARTESIAN_POINT('',(7.555019895,95.45557895,-3.4999746));
#5835=B_SPLINE_CURVE_WITH_KNOTS('',2,(#5832,#5833,#5834),.UNSPECIFIED.,.F.,.F.,(3,3),(0.,1.),.UNSPECIFIED.);
#5836=EDGE_CURVE('',#5815,#5825,#5835,.T.);
#5837=ORIENTED_EDGE('',*,*,#5836,.F.);
#5838=EDGE_LOOP('',(#5821,#5822,#5823,#5831,#5837));
#5839=FACE_BOUND('',#5838,.T.);
#5840=ADVANCED_FACE('',(#5839),#5813,.T.);
#5841=CARTESIAN_POINT('',(7.555019895,55.761848833,-3.4999746));
#5842=DIRECTION('',(-0.824126189,0.,0.566406237));
#5843=DIRECTION('',(-0.,-1.,-0.));
#5844=AXIS2_PLACEMENT_3D('',#5841,#5842,#5843);
#5845=PLANE('',#5844);
#5846=ORIENTED_EDGE('',*,*,#5830,.T.);
#5847=ORIENTED_EDGE('',*,*,#4915,.F.);
#5848=CARTESIAN_POINT('',(7.555019895,35.934012659,-3.4999746));
#5849=VERTEX_POINT('',#5848);
#5850=CARTESIAN_POINT('',(7.555019895,35.934012659,-3.4999746));
#5851=DIRECTION('',(0.566406237,-0.,0.824126189));
#5852=VECTOR('',#5851,3.470466696);
#5853=LINE('',#5850,#5852);
#5854=EDGE_CURVE('',#5849,#4902,#5853,.T.);
#5855=ORIENTED_EDGE('',*,*,#5854,.F.);
#5856=CARTESIAN_POINT('',(7.555019895,95.45557895,-3.4999746));
#5857=DIRECTION('',(-0.,-1.,0.));
#5858=VECTOR('',#5857,59.521566291);
#5859=LINE('',#5856,#5858);
#5860=EDGE_CURVE('',#5825,#5849,#5859,.T.);
#5861=ORIENTED_EDGE('',*,*,#5860,.F.);
#5862=EDGE_LOOP('',(#5846,#5847,#5855,#5861));
#5863=FACE_BOUND('',#5862,.T.);
#5864=ADVANCED_FACE('',(#5863),#5845,.F.);
#5865=CARTESIAN_POINT('',(4.411267683,103.057569092,-3.4999746));
#5866=DIRECTION('',(0.744254479,0.429689395,-0.511324059));
#5867=DIRECTION('',(-0.499994652,0.866028492,0.));
#5868=AXIS2_PLACEMENT_3D('',#5865,#5866,#5867);
#5869=PLANE('',#5868);
#5870=ORIENTED_EDGE('',*,*,#5820,.T.);
#5871=CARTESIAN_POINT('',(3.386363194,104.832781059,-3.4999746));
#5872=VERTEX_POINT('',#5871);
#5873=CARTESIAN_POINT('',(3.386363194,104.832781059,-3.4999746));
#5874=DIRECTION('',(0.499994652,-0.866028492,0.));
#5875=VECTOR('',#5874,6.307064381);
#5876=LINE('',#5873,#5875);
#5877=EDGE_CURVE('',#5872,#5815,#5876,.T.);
#5878=ORIENTED_EDGE('',*,*,#5877,.F.);
#5879=CARTESIAN_POINT('',(5.006983804,105.76843346,-0.354818346));
#5880=DIRECTION('',(-0.442821204,-0.255659295,-0.859387984));
#5881=VECTOR('',#5880,3.659762894);
#5882=LINE('',#5879,#5881);
#5883=EDGE_CURVE('',#4770,#5872,#5882,.T.);
#5884=ORIENTED_EDGE('',*,*,#5883,.F.);
#5885=ORIENTED_EDGE('',*,*,#4837,.F.);
#5886=EDGE_LOOP('',(#5870,#5878,#5884,#5885));
#5887=FACE_BOUND('',#5886,.T.);
#5888=ADVANCED_FACE('',(#5887),#5869,.T.);
#5889=CARTESIAN_POINT('',(7.555019895,35.934012659,-3.4999746));
#5890=CARTESIAN_POINT('',(7.555824922,33.440977097,-3.4999746));
#5891=CARTESIAN_POINT('',(7.119640959,30.958325631,-3.4999746));
#5892=CARTESIAN_POINT('',(6.269098541,28.614865677,-3.4999746));
#5893=CARTESIAN_POINT('',(9.422180748,35.934012659,-0.783238701));
#5894=CARTESIAN_POINT('',(9.418174628,33.225048979,-0.770522872));
#5895=CARTESIAN_POINT('',(8.944061625,30.526514776,-0.770522872));
#5896=CARTESIAN_POINT('',(8.024440146,27.978418114,-0.783238701));
#5897=CARTESIAN_POINT('',(9.520696433,35.934012659,-0.63989749));
#5898=CARTESIAN_POINT('',(9.516436466,33.213656117,-0.626510745));
#5899=CARTESIAN_POINT('',(9.04032224,30.503731446,-0.626510745));
#5900=CARTESIAN_POINT('',(8.117055992,27.944837682,-0.63989749));
#5901=CARTESIAN_POINT('',(9.52071527,35.934012659,-0.639870082));
#5902=CARTESIAN_POINT('',(9.516455254,33.213653938,-0.626483208));
#5903=CARTESIAN_POINT('',(9.040340646,30.50372709,-0.626483208));
#5904=CARTESIAN_POINT('',(8.1170737,27.944831261,-0.639870082));
#5905=B_SPLINE_SURFACE_WITH_KNOTS('',1,3,((#5889,#5890,#5891,#5892),(#5893,#5894,#5895,#5896),(#5897,#5898,#5899,#5900),(#5901,#5902,#5903,#5904)),.UNSPECIFIED.,.F.,.F.,.U.,(2,1,1,2),(4,4),(0.,1.,1.052762291,1.05277238),(2.979332628,3.303852679),.UNSPECIFIED.);
#5906=ORIENTED_EDGE('',*,*,#5854,.T.);
#5907=ORIENTED_EDGE('',*,*,#4963,.F.);
#5908=CARTESIAN_POINT('',(6.269098541,28.614865677,-3.4999746));
#5909=VERTEX_POINT('',#5908);
#5910=CARTESIAN_POINT('',(6.269098541,28.614865677,-3.4999746));
#5911=DIRECTION('',(0.532485689,-0.193067388,0.824126189));
#5912=VECTOR('',#5911,3.470443141);
#5913=LINE('',#5910,#5912);
#5914=EDGE_CURVE('',#5909,#4940,#5913,.T.);
#5915=ORIENTED_EDGE('',*,*,#5914,.F.);
#5916=CARTESIAN_POINT('',(7.555019895,35.934012659,-3.4999746));
#5917=CARTESIAN_POINT('',(7.556238156,32.161261573,-3.4999746));
#5918=CARTESIAN_POINT('',(6.269098541,28.614865677,-3.4999746));
#5919=B_SPLINE_CURVE_WITH_KNOTS('',2,(#5916,#5917,#5918),.UNSPECIFIED.,.F.,.F.,(3,3),(0.,1.),.UNSPECIFIED.);
#5920=EDGE_CURVE('',#5849,#5909,#5919,.T.);
#5921=ORIENTED_EDGE('',*,*,#5920,.F.);
#5922=EDGE_LOOP('',(#5906,#5907,#5915,#5921));
#5923=FACE_BOUND('',#5922,.T.);
#5924=ADVANCED_FACE('',(#5923),#5905,.T.);
#5925=CARTESIAN_POINT('',(-1.468897073,107.524289654,-3.4999746));
#5926=CARTESIAN_POINT('',(0.571665288,107.538468875,-3.4999746));
#5927=CARTESIAN_POINT('',(2.439467134,106.50305482,-3.4999746));
#5928=CARTESIAN_POINT('',(3.386363194,104.832781059,-3.4999746));
#5929=CARTESIAN_POINT('',(-1.46887401,109.391450506,-0.783238701));
#5930=CARTESIAN_POINT('',(1.166156105,109.329155765,-0.571701746));
#5931=CARTESIAN_POINT('',(3.619542193,107.913538903,-0.480353657));
#5932=CARTESIAN_POINT('',(4.90858408,105.711623163,-0.545783775));
#5933=CARTESIAN_POINT('',(-1.468872521,109.512067478,-0.607739918));
#5934=CARTESIAN_POINT('',(1.204559696,109.444832585,-0.38253786));
#5935=CARTESIAN_POINT('',(3.695774018,108.004654951,-0.285288763));
#5936=CARTESIAN_POINT('',(5.006918229,105.768395601,-0.35494561));
#5937=CARTESIAN_POINT('',(-1.4688725,109.513713558,-0.605344856));
#5938=CARTESIAN_POINT('',(1.205083796,109.446411246,-0.379956308));
#5939=CARTESIAN_POINT('',(3.696814367,108.005898427,-0.282626679));
#5940=CARTESIAN_POINT('',(5.008260212,105.769170384,-0.352341209));
#5941=B_SPLINE_SURFACE_WITH_KNOTS('',1,3,((#5925,#5926,#5927,#5928),(#5929,#5930,#5931,#5932),(#5933,#5934,#5935,#5936),(#5937,#5938,#5939,#5940)),.UNSPECIFIED.,.F.,.F.,.U.,(2,1,1,2),(4,4),(0.,1.,1.064599133,1.065480728),(2.396883555,3.347453523),.UNSPECIFIED.);
#5942=ORIENTED_EDGE('',*,*,#5883,.T.);
#5943=CARTESIAN_POINT('',(-1.468897073,107.524289654,-3.4999746));
#5944=VERTEX_POINT('',#5943);
#5945=CARTESIAN_POINT('',(-1.468897073,107.524289654,-3.4999746));
#5946=CARTESIAN_POINT('',(0.061207204,107.534921864,-3.4999746));
#5947=CARTESIAN_POINT('',(1.368857924,106.810205225,-3.4999746));
#5948=CARTESIAN_POINT('',(2.676043872,106.085746168,-3.4999746));
#5949=CARTESIAN_POINT('',(3.386363194,104.832781059,-3.4999746));
#5950=B_SPLINE_CURVE_WITH_KNOTS('',2,(#5945,#5946,#5947,#5948,#5949),.UNSPECIFIED.,.F.,.F.,(3,2,3),(0.,0.5,1.),.UNSPECIFIED.);
#5951=EDGE_CURVE('',#5944,#5872,#5950,.T.);
#5952=ORIENTED_EDGE('',*,*,#5951,.F.);
#5953=CARTESIAN_POINT('',(-1.468872793,109.489970294,-0.639891521));
#5954=DIRECTION('',(-0.000006996,-0.566406237,-0.824126189));
#5955=VECTOR('',#5954,3.470443141);
#5956=LINE('',#5953,#5955);
#5957=EDGE_CURVE('',#4612,#5944,#5956,.T.);
#5958=ORIENTED_EDGE('',*,*,#5957,.F.);
#5959=ORIENTED_EDGE('',*,*,#4618,.F.);
#5960=ORIENTED_EDGE('',*,*,#4802,.F.);
#5961=EDGE_LOOP('',(#5942,#5952,#5958,#5959,#5960));
#5962=FACE_BOUND('',#5961,.T.);
#5963=ADVANCED_FACE('',(#5962),#5941,.T.);
#5964=CARTESIAN_POINT('',(5.234397846,25.761129906,-3.4999746));
#5965=DIRECTION('',(-0.774771485,0.280914793,0.566406237));
#5966=DIRECTION('',(-0.340863811,-0.940112686,0.));
#5967=AXIS2_PLACEMENT_3D('',#5964,#5965,#5966);
#5968=PLANE('',#5967);
#5969=CARTESIAN_POINT('',(-2.10757176,5.511755962,-3.4999746));
#5970=VERTEX_POINT('',#5969);
#5971=CARTESIAN_POINT('',(-2.10757176,5.511755962,-3.4999746));
#5972=DIRECTION('',(0.532485689,-0.193067388,0.824126189));
#5973=VECTOR('',#5972,3.470443141);
#5974=LINE('',#5971,#5973);
#5975=EDGE_CURVE('',#5970,#4983,#5974,.T.);
#5976=ORIENTED_EDGE('',*,*,#5975,.F.);
#5977=CARTESIAN_POINT('',(6.269098541,28.614865677,-3.4999746));
#5978=DIRECTION('',(-0.340863811,-0.940112686,0.));
#5979=VECTOR('',#5978,24.574830291);
#5980=LINE('',#5977,#5979);
#5981=EDGE_CURVE('',#5909,#5970,#5980,.T.);
#5982=ORIENTED_EDGE('',*,*,#5981,.F.);
#5983=ORIENTED_EDGE('',*,*,#5914,.T.);
#5984=ORIENTED_EDGE('',*,*,#4995,.F.);
#5985=EDGE_LOOP('',(#5976,#5982,#5983,#5984));
#5986=FACE_BOUND('',#5985,.T.);
#5987=ADVANCED_FACE('',(#5986),#5968,.F.);
#5988=CARTESIAN_POINT('',(-77.507851792,107.525228853,-3.4999746));
#5989=DIRECTION('',(-0.000010179,-0.824126189,0.566406237));
#5990=DIRECTION('',(1.,-0.000012352,-0.));
#5991=AXIS2_PLACEMENT_3D('',#5988,#5989,#5990);
#5992=PLANE('',#5991);
#5993=CARTESIAN_POINT('',(-18.748948406,109.098377911,-1.209972525));
#5994=VERTEX_POINT('',#5993);
#5995=CARTESIAN_POINT('',(-18.748948406,109.098377911,-1.209972525));
#5996=CARTESIAN_POINT('',(-19.096015719,109.098382198,-1.209972525));
#5997=CARTESIAN_POINT('',(-19.431917808,109.133592851,-1.158746743));
#5998=CARTESIAN_POINT('',(-19.757096358,109.201884737,-1.059387276));
#5999=CARTESIAN_POINT('',(-19.919685633,109.23603068,-1.009707543));
#6000=CARTESIAN_POINT('',(-20.074816733,109.277580317,-0.949255234));
#6001=CARTESIAN_POINT('',(-20.223233297,109.325795439,-0.879104463));
#6002=CARTESIAN_POINT('',(-20.29744158,109.349903,-0.844029078));
#6003=CARTESIAN_POINT('',(-20.369962352,109.375685743,-0.806516257));
#6004=CARTESIAN_POINT('',(-20.440841077,109.40309854,-0.766631664));
#6005=CARTESIAN_POINT('',(-20.476280439,109.416804938,-0.746689367));
#6006=CARTESIAN_POINT('',(-20.511308933,109.430919204,-0.726153614));
#6007=CARTESIAN_POINT('',(-20.545929776,109.445438141,-0.705029051));
#6008=CARTESIAN_POINT('',(-20.58055062,109.459957079,-0.683904488));
#6009=CARTESIAN_POINT('',(-20.613890975,109.474484951,-0.662766902));
#6010=CARTESIAN_POINT('',(-20.648571147,109.490207193,-0.639891521));
#6011=B_SPLINE_CURVE_WITH_KNOTS('',3,(#5995,#5996,#5997,#5998,#5999,#6000,#6001,#6002,#6003,#6004,#6005,#6006,#6007,#6008,#6009,#6010),.UNSPECIFIED.,.F.,.F.,(4,3,3,3,3,4),(0.,0.001024574,0.001536861,0.001793005,0.001921077,0.002049148),.UNSPECIFIED.);
#6012=EDGE_CURVE('',#5994,#4560,#6011,.T.);
#6013=ORIENTED_EDGE('',*,*,#6012,.F.);
#6014=CARTESIAN_POINT('',(-15.260703544,109.098334826,-1.209972525));
#6015=VERTEX_POINT('',#6014);
#6016=CARTESIAN_POINT('',(-15.260703544,109.098334826,-1.209972525));
#6017=DIRECTION('',(-1.,0.000012352,0.));
#6018=VECTOR('',#6017,3.488244862);
#6019=LINE('',#6016,#6018);
#6020=EDGE_CURVE('',#6015,#5994,#6019,.T.);
#6021=ORIENTED_EDGE('',*,*,#6020,.F.);
#6022=CARTESIAN_POINT('',(-12.30894847,109.098298367,-1.209972525));
#6023=VERTEX_POINT('',#6022);
#6024=CARTESIAN_POINT('',(-12.30894847,109.098298367,-1.209972525));
#6025=DIRECTION('',(-1.,0.000012352,0.));
#6026=VECTOR('',#6025,2.951755075);
#6027=LINE('',#6024,#6026);
#6028=EDGE_CURVE('',#6023,#6015,#6027,.T.);
#6029=ORIENTED_EDGE('',*,*,#6028,.F.);
#6030=CARTESIAN_POINT('',(-12.30894847,109.098298367,-1.209972525));
#6031=CARTESIAN_POINT('',(-11.961882596,109.09829408,-1.209972525));
#6032=CARTESIAN_POINT('',(-11.625980591,109.133496221,-1.158747055));
#6033=CARTESIAN_POINT('',(-11.300801945,109.201779989,-1.059387712));
#6034=CARTESIAN_POINT('',(-11.138212622,109.235921873,-1.009708041));
#6035=CARTESIAN_POINT('',(-10.983081355,109.277467665,-0.949255751));
#6036=CARTESIAN_POINT('',(-10.834664541,109.325679163,-0.879104918));
#6037=CARTESIAN_POINT('',(-10.760456135,109.349784912,-0.844029502));
#6038=CARTESIAN_POINT('',(-10.687935217,109.375565898,-0.806516631));
#6039=CARTESIAN_POINT('',(-10.617056331,109.402976995,-0.766631963));
#6040=CARTESIAN_POINT('',(-10.581616888,109.416682544,-0.746689629));
#6041=CARTESIAN_POINT('',(-10.546588309,109.430795973,-0.726153833));
#6042=CARTESIAN_POINT('',(-10.511967377,109.44531409,-0.70502922));
#6043=CARTESIAN_POINT('',(-10.477346444,109.459832206,-0.683904607));
#6044=CARTESIAN_POINT('',(-10.444006011,109.474359287,-0.662766975));
#6045=CARTESIAN_POINT('',(-10.409325728,109.490080722,-0.639891521));
#6046=B_SPLINE_CURVE_WITH_KNOTS('',3,(#6030,#6031,#6032,#6033,#6034,#6035,#6036,#6037,#6038,#6039,#6040,#6041,#6042,#6043,#6044,#6045),.UNSPECIFIED.,.F.,.F.,(4,3,3,3,3,4),(0.,0.00102457,0.001536855,0.001792998,0.001921069,0.00204914),.UNSPECIFIED.);
#6047=EDGE_CURVE('',#6023,#4621,#6046,.T.);
#6048=ORIENTED_EDGE('',*,*,#6047,.T.);
#6049=ORIENTED_EDGE('',*,*,#4626,.F.);
#6050=ORIENTED_EDGE('',*,*,#5957,.T.);
#6051=CARTESIAN_POINT('',(-54.799453257,107.524948369,-3.4999746));
#6052=VERTEX_POINT('',#6051);
#6053=CARTESIAN_POINT('',(-54.799453257,107.524948369,-3.4999746));
#6054=DIRECTION('',(1.,-0.000012352,0.));
#6055=VECTOR('',#6054,53.330556188);
#6056=LINE('',#6053,#6055);
#6057=EDGE_CURVE('',#6052,#5944,#6056,.T.);
#6058=ORIENTED_EDGE('',*,*,#6057,.F.);
#6059=CARTESIAN_POINT('',(-54.799428977,109.490689098,-0.639804091));
#6060=DIRECTION('',(-0.000006996,-0.566406237,-0.824126189));
#6061=VECTOR('',#6060,3.47054923);
#6062=LINE('',#6059,#6061);
#6063=EDGE_CURVE('',#4472,#6052,#6062,.T.);
#6064=ORIENTED_EDGE('',*,*,#6063,.F.);
#6065=ORIENTED_EDGE('',*,*,#4592,.F.);
#6066=EDGE_LOOP('',(#6013,#6021,#6029,#6048,#6049,#6050,#6058,#6064,#6065));
#6067=FACE_BOUND('',#6066,.T.);
#6068=ADVANCED_FACE('',(#6067),#5992,.F.);
#6069=CARTESIAN_POINT('',(-2.10757176,5.511755962,-3.4999746));
#6070=CARTESIAN_POINT('',(-2.630072885,4.064128979,-3.4999746));
#6071=CARTESIAN_POINT('',(-3.549414243,2.818353103,-3.4999746));
#6072=CARTESIAN_POINT('',(-4.733104244,1.953964288,-3.4999746));
#6073=CARTESIAN_POINT('',(-0.352230155,4.875308399,-0.783238701));
#6074=CARTESIAN_POINT('',(-1.031037205,3.114822973,-0.676790878));
#6075=CARTESIAN_POINT('',(-2.196934574,1.589538485,-0.607482687));
#6076=CARTESIAN_POINT('',(-3.681898059,0.519272487,-0.585302531));
#6077=CARTESIAN_POINT('',(-0.259610453,4.841726569,-0.639891521));
#6078=CARTESIAN_POINT('',(-0.946664906,3.064733327,-0.527827034));
#6079=CARTESIAN_POINT('',(-2.125571676,1.52470071,-0.454861831));
#6080=CARTESIAN_POINT('',(-3.626431703,0.443571708,-0.431511351));
#6081=CARTESIAN_POINT('',(-0.242015652,4.835347088,-0.612660111));
#6082=CARTESIAN_POINT('',(-0.930636849,3.055217886,-0.499528636));
#6083=CARTESIAN_POINT('',(-2.112014993,1.512383592,-0.425868717));
#6084=CARTESIAN_POINT('',(-3.615894857,0.429190965,-0.402295912));
#6085=B_SPLINE_SURFACE_WITH_KNOTS('',1,3,((#6069,#6070,#6071,#6072),(#6073,#6074,#6075,#6076),(#6077,#6078,#6079,#6080),(#6081,#6082,#6083,#6084)),.UNSPECIFIED.,.F.,.F.,.U.,(2,1,1,2),(4,4),(0.,1.,1.052764488,1.062788065),(2.460122793,3.008296673),.UNSPECIFIED.);
#6086=ORIENTED_EDGE('',*,*,#3546,.F.);
#6087=CARTESIAN_POINT('',(-4.733104244,1.953964288,-3.4999746));
#6088=VERTEX_POINT('',#6087);
#6089=CARTESIAN_POINT('',(-4.733104244,1.953964288,-3.4999746));
#6090=DIRECTION('',(0.307866945,-0.420178447,0.853620535));
#6091=VECTOR('',#6090,3.628786278);
#6092=LINE('',#6089,#6091);
#6093=EDGE_CURVE('',#6088,#3521,#6092,.T.);
#6094=ORIENTED_EDGE('',*,*,#6093,.F.);
#6095=CARTESIAN_POINT('',(-2.10757176,5.511755962,-3.4999746));
#6096=CARTESIAN_POINT('',(-2.499566597,4.425706046,-3.4999746));
#6097=CARTESIAN_POINT('',(-3.172392173,3.514145812,-3.4999746));
#6098=CARTESIAN_POINT('',(-3.84560647,2.602058932,-3.4999746));
#6099=CARTESIAN_POINT('',(-4.733104244,1.953964288,-3.4999746));
#6100=B_SPLINE_CURVE_WITH_KNOTS('',2,(#6095,#6096,#6097,#6098,#6099),.UNSPECIFIED.,.F.,.F.,(3,2,3),(0.,0.5,1.),.UNSPECIFIED.);
#6101=EDGE_CURVE('',#5970,#6088,#6100,.T.);
#6102=ORIENTED_EDGE('',*,*,#6101,.F.);
#6103=ORIENTED_EDGE('',*,*,#5975,.T.);
#6104=ORIENTED_EDGE('',*,*,#4989,.F.);
#6105=EDGE_LOOP('',(#6086,#6094,#6102,#6103,#6104));
#6106=FACE_BOUND('',#6105,.T.);
#6107=ADVANCED_FACE('',(#6106),#6085,.T.);
#6108=CARTESIAN_POINT('',(-54.781743386,109.495199525,-0.635432682));
#6109=CARTESIAN_POINT('',(-54.787638567,109.494994571,-0.635000458));
#6110=CARTESIAN_POINT('',(-54.793533748,109.494789617,-0.634568234));
#6111=CARTESIAN_POINT('',(-54.799428929,109.494584663,-0.63413601));
#6112=CARTESIAN_POINT('',(-55.877522826,109.457103211,-0.55509207));
#6113=CARTESIAN_POINT('',(-56.899684539,110.02406362,-0.591714755));
#6114=CARTESIAN_POINT('',(-57.480977223,110.981953733,-0.730212293));
#6115=CARTESIAN_POINT('',(-54.781722924,109.49136322,-0.641010808));
#6116=CARTESIAN_POINT('',(-54.787624941,109.491158543,-0.640579426));
#6117=CARTESIAN_POINT('',(-54.793526959,109.490953865,-0.640148043));
#6118=CARTESIAN_POINT('',(-54.799428976,109.490749187,-0.639716661));
#6119=CARTESIAN_POINT('',(-55.878773112,109.453318313,-0.560826643));
#6120=CARTESIAN_POINT('',(-56.902168753,110.020910176,-0.597378013));
#6121=CARTESIAN_POINT('',(-57.484214368,110.979774819,-0.735605855));
#6122=CARTESIAN_POINT('',(-54.781196683,109.392701917,-0.784467911));
#6123=CARTESIAN_POINT('',(-54.78727452,109.392504352,-0.784058174));
#6124=CARTESIAN_POINT('',(-54.793352357,109.392306787,-0.783648438));
#6125=CARTESIAN_POINT('',(-54.799430194,109.392109222,-0.783238701));
#6126=CARTESIAN_POINT('',(-55.910927722,109.355979096,-0.708307227));
#6127=CARTESIAN_POINT('',(-56.966057261,109.939810548,-0.743024522));
#6128=CARTESIAN_POINT('',(-57.567466581,110.923737941,-0.874316366));
#6129=CARTESIAN_POINT('',(-54.771235451,107.525137155,-3.4999746));
#6130=CARTESIAN_POINT('',(-54.780641386,107.525074226,-3.4999746));
#6131=CARTESIAN_POINT('',(-54.790047321,107.525011298,-3.4999746));
#6132=CARTESIAN_POINT('',(-54.799453257,107.524948369,-3.4999746));
#6133=CARTESIAN_POINT('',(-56.51958394,107.513440165,-3.4999746));
#6134=CARTESIAN_POINT('',(-58.175406021,108.404671634,-3.4999746));
#6135=CARTESIAN_POINT('',(-59.143351897,109.863013073,-3.4999746));
#6136=B_SPLINE_SURFACE_WITH_KNOTS('',1,3,((#6108,#6109,#6110,#6111,#6112,#6113,#6114),(#6115,#6116,#6117,#6118,#6119,#6120,#6121),(#6122,#6123,#6124,#6125,#6126,#6127,#6128),(#6129,#6130,#6131,#6132,#6133,#6134,#6135)),.UNSPECIFIED.,.F.,.F.,.U.,(2,1,1,2),(4,3,4),(-0.054883028,-0.052828853,0.,1.),(5.95546496,5.960485804,6.878683608),.UNSPECIFIED.);
#6137=ORIENTED_EDGE('',*,*,#6063,.T.);
#6138=CARTESIAN_POINT('',(-59.143351897,109.863013073,-3.4999746));
#6139=VERTEX_POINT('',#6138);
#6140=CARTESIAN_POINT('',(-59.143351897,109.863013073,-3.4999746));
#6141=CARTESIAN_POINT('',(-58.417542738,108.769483364,-3.4999746));
#6142=CARTESIAN_POINT('',(-57.253471879,108.142787105,-3.4999746));
#6143=CARTESIAN_POINT('',(-56.08981818,107.51631543,-3.4999746));
#6144=CARTESIAN_POINT('',(-54.799453257,107.524948369,-3.4999746));
#6145=B_SPLINE_CURVE_WITH_KNOTS('',2,(#6140,#6141,#6142,#6143,#6144),.UNSPECIFIED.,.F.,.F.,(3,2,3),(0.,0.5,1.),.UNSPECIFIED.);
#6146=EDGE_CURVE('',#6139,#6052,#6145,.T.);
#6147=ORIENTED_EDGE('',*,*,#6146,.F.);
#6148=CARTESIAN_POINT('',(-57.492013417,110.974525296,-0.748600226));
#6149=VERTEX_POINT('',#6148);
#6150=CARTESIAN_POINT('',(-57.492013417,110.974525296,-0.748600226));
#6151=DIRECTION('',(-0.486267803,-0.327305767,-0.810194149));
#6152=VECTOR('',#6151,3.395944514);
#6153=LINE('',#6150,#6152);
#6154=EDGE_CURVE('',#6149,#6139,#6153,.T.);
#6155=ORIENTED_EDGE('',*,*,#6154,.F.);
#6156=CARTESIAN_POINT('',(-54.781679842,109.491199774,-0.641253678));
#6157=CARTESIAN_POINT('',(-54.916668057,109.487551064,-0.629888618));
#6158=CARTESIAN_POINT('',(-55.051063732,109.492109787,-0.61940191));
#6159=CARTESIAN_POINT('',(-55.184908773,109.505940745,-0.612011821));
#6160=CARTESIAN_POINT('',(-55.318753814,109.519771702,-0.604621733));
#6161=CARTESIAN_POINT('',(-55.452027153,109.542557594,-0.599515238));
#6162=CARTESIAN_POINT('',(-55.584683448,109.57476566,-0.596536676));
#6163=CARTESIAN_POINT('',(-55.84999604,109.639181792,-0.590579552));
#6164=CARTESIAN_POINT('',(-56.102746472,109.738667558,-0.593182123));
#6165=CARTESIAN_POINT('',(-56.340656882,109.871321961,-0.603133592));
#6166=CARTESIAN_POINT('',(-56.578567292,110.003976363,-0.61308506));
#6167=CARTESIAN_POINT('',(-56.792538002,110.164421776,-0.629976198));
#6168=CARTESIAN_POINT('',(-56.984992921,110.349742641,-0.653963563));
#6169=CARTESIAN_POINT('',(-57.17744784,110.535063506,-0.677950928));
#6170=CARTESIAN_POINT('',(-57.349199032,110.747995196,-0.7096524));
#6171=CARTESIAN_POINT('',(-57.492013417,110.974525296,-0.748600226));
#6172=B_SPLINE_CURVE_WITH_KNOTS('',3,(#6156,#6157,#6158,#6159,#6160,#6161,#6162,#6163,#6164,#6165,#6166,#6167,#6168,#6169,#6170,#6171),.UNSPECIFIED.,.F.,.F.,(4,3,3,3,3,4),(0.001743794,0.002147981,0.002552168,0.003360543,0.004168917,0.004977291),.UNSPECIFIED.);
#6173=EDGE_CURVE('',#4472,#6149,#6172,.T.);
#6174=ORIENTED_EDGE('',*,*,#6173,.F.);
#6175=EDGE_LOOP('',(#6137,#6147,#6155,#6174));
#6176=FACE_BOUND('',#6175,.T.);
#6177=ADVANCED_FACE('',(#6176),#6136,.T.);
#6178=CARTESIAN_POINT('',(-26.43328168,-13.945869183,-3.4999746));
#6179=DIRECTION('',(0.504518878,-0.688570053,-0.520895366));
#6180=DIRECTION('',(0.806646543,0.59103414,-0.));
#6181=AXIS2_PLACEMENT_3D('',#6178,#6179,#6180);
#6182=PLANE('',#6181);
#6183=ORIENTED_EDGE('',*,*,#6093,.T.);
#6184=ORIENTED_EDGE('',*,*,#3585,.F.);
#6185=CARTESIAN_POINT('',(-17.981631389,-7.753300824,-3.4999746));
#6186=VERTEX_POINT('',#6185);
#6187=CARTESIAN_POINT('',(-17.981631389,-7.753300824,-3.4999746));
#6188=DIRECTION('',(0.307866945,-0.420178447,0.853620535));
#6189=VECTOR('',#6188,3.628808173);
#6190=LINE('',#6187,#6189);
#6191=EDGE_CURVE('',#6186,#3574,#6190,.T.);
#6192=ORIENTED_EDGE('',*,*,#6191,.F.);
#6193=CARTESIAN_POINT('',(-4.733104244,1.953964288,-3.4999746));
#6194=DIRECTION('',(-0.806646543,-0.59103414,0.));
#6195=VECTOR('',#6194,16.424203709);
#6196=LINE('',#6193,#6195);
#6197=EDGE_CURVE('',#6088,#6186,#6196,.T.);
#6198=ORIENTED_EDGE('',*,*,#6197,.F.);
#6199=EDGE_LOOP('',(#6183,#6184,#6192,#6198));
#6200=FACE_BOUND('',#6199,.T.);
#6201=ADVANCED_FACE('',(#6200),#6182,.T.);
#6202=CARTESIAN_POINT('',(-39.808403551,81.137693151,-3.4999746));
#6203=DIRECTION('',(0.672120653,0.452402903,-0.586161617));
#6204=DIRECTION('',(-0.558388262,0.829579742,-0.));
#6205=AXIS2_PLACEMENT_3D('',#6202,#6203,#6204);
#6206=PLANE('',#6205);
#6207=ORIENTED_EDGE('',*,*,#6154,.T.);
#6208=CARTESIAN_POINT('',(-59.710391084,110.705445221,-3.4999746));
#6209=VERTEX_POINT('',#6208);
#6210=CARTESIAN_POINT('',(-59.710391084,110.705445221,-3.4999746));
#6211=DIRECTION('',(0.558388262,-0.829579742,0.));
#6212=VECTOR('',#6211,1.015492671);
#6213=LINE('',#6210,#6212);
#6214=EDGE_CURVE('',#6209,#6139,#6213,.T.);
#6215=ORIENTED_EDGE('',*,*,#6214,.F.);
#6216=CARTESIAN_POINT('',(-58.05940341,111.816721318,-0.74918472));
#6217=DIRECTION('',(-0.486267803,-0.327305767,-0.810194149));
#6218=VECTOR('',#6217,3.39522309);
#6219=LINE('',#6216,#6218);
#6220=EDGE_CURVE('',#4440,#6209,#6219,.T.);
#6221=ORIENTED_EDGE('',*,*,#6220,.F.);
#6222=ORIENTED_EDGE('',*,*,#4445,.F.);
#6223=CARTESIAN_POINT('',(-55.065127992,111.977640376,2.808391445));
#6224=DIRECTION('',(-0.672120653,-0.452402903,0.586161617));
#6225=DIRECTION('',(0.656087732,0.003079916,0.754678343));
#6226=AXIS2_PLACEMENT_3D('',#6223,#6224,#6225);
#6227=ELLIPSE('',#6226,4.504612098,3.557576165);
#6228=EDGE_CURVE('',#4432,#6149,#6227,.T.);
#6229=ORIENTED_EDGE('',*,*,#6228,.T.);
#6230=EDGE_LOOP('',(#6207,#6215,#6221,#6222,#6229));
#6231=FACE_BOUND('',#6230,.T.);
#6232=ADVANCED_FACE('',(#6231),#6206,.T.);
#6233=CARTESIAN_POINT('',(-17.981631389,-7.753300824,-3.4999746));
#6234=CARTESIAN_POINT('',(-20.423387708,-9.569253327,-3.4999746));
#6235=CARTESIAN_POINT('',(-23.788998412,-9.966203791,-3.4999746));
#6236=CARTESIAN_POINT('',(-26.806141993,-8.794090711,-3.4999746));
#6237=CARTESIAN_POINT('',(-16.930425205,-9.187992625,-0.585302531));
#6238=CARTESIAN_POINT('',(-19.876532444,-11.353744985,-0.545799299));
#6239=CARTESIAN_POINT('',(-23.89997655,-11.877369029,-0.646134478));
#6240=CARTESIAN_POINT('',(-27.479751406,-10.560916094,-0.848377773));
#6241=CARTESIAN_POINT('',(-16.864448044,-9.278038605,-0.402368117));
#6242=CARTESIAN_POINT('',(-19.842210007,-11.465745556,-0.360385533));
#6243=CARTESIAN_POINT('',(-23.906941903,-11.99732005,-0.467018078));
#6244=CARTESIAN_POINT('',(-27.52202935,-10.671807871,-0.681954828));
#6245=CARTESIAN_POINT('',(-16.864438085,-9.278052198,-0.402340504));
#6246=CARTESIAN_POINT('',(-19.842204826,-11.465762462,-0.360357545));
#6247=CARTESIAN_POINT('',(-23.906942954,-11.997338156,-0.466991041));
#6248=CARTESIAN_POINT('',(-27.522035732,-10.67182461,-0.681929707));
#6249=B_SPLINE_SURFACE_WITH_KNOTS('',1,3,((#6233,#6234,#6235,#6236),(#6237,#6238,#6239,#6240),(#6241,#6242,#6243,#6244),(#6245,#6246,#6247,#6248)),.UNSPECIFIED.,.F.,.F.,.U.,(2,1,1,2),(4,4),(0.,1.,1.062763292,1.062772766),(6.149889326,7.070057647),.UNSPECIFIED.);
#6250=ORIENTED_EDGE('',*,*,#6191,.T.);
#6251=ORIENTED_EDGE('',*,*,#3641,.F.);
#6252=ORIENTED_EDGE('',*,*,#3685,.T.);
#6253=CARTESIAN_POINT('',(-26.806141993,-8.794090711,-3.4999746));
#6254=VERTEX_POINT('',#6253);
#6255=CARTESIAN_POINT('',(-26.806141993,-8.794090711,-3.4999746));
#6256=DIRECTION('',(-0.206835179,-0.542512675,0.814186224));
#6257=VECTOR('',#6256,3.416805777);
#6258=LINE('',#6255,#6257);
#6259=EDGE_CURVE('',#6254,#3673,#6258,.T.);
#6260=ORIENTED_EDGE('',*,*,#6259,.F.);
#6261=CARTESIAN_POINT('',(-17.981631389,-7.753300824,-3.4999746));
#6262=CARTESIAN_POINT('',(-19.812575775,-9.114987907,-3.4999746));
#6263=CARTESIAN_POINT('',(-22.178116468,-9.394220361,-3.4999746));
#6264=CARTESIAN_POINT('',(-24.542823755,-9.673354438,-3.4999746));
#6265=CARTESIAN_POINT('',(-26.806141993,-8.794090711,-3.4999746));
#6266=B_SPLINE_CURVE_WITH_KNOTS('',2,(#6261,#6262,#6263,#6264,#6265),.UNSPECIFIED.,.F.,.F.,(3,2,3),(0.,0.5,1.),.UNSPECIFIED.);
#6267=EDGE_CURVE('',#6186,#6254,#6266,.T.);
#6268=ORIENTED_EDGE('',*,*,#6267,.F.);
#6269=EDGE_LOOP('',(#6250,#6251,#6252,#6260,#6268));
#6270=FACE_BOUND('',#6269,.T.);
#6271=ADVANCED_FACE('',(#6270),#6249,.T.);
#6272=CARTESIAN_POINT('',(-60.927819831,111.360715387,-3.4999746));
#6273=CARTESIAN_POINT('',(-60.445732951,111.363940696,-3.4999746));
#6274=CARTESIAN_POINT('',(-59.981669314,111.114162582,-3.4999746));
#6275=CARTESIAN_POINT('',(-59.710391084,110.705445221,-3.4999746));
#6276=CARTESIAN_POINT('',(-60.927796768,113.22787624,-0.783238701));
#6277=CARTESIAN_POINT('',(-59.837076733,113.206479627,-0.708307227));
#6278=CARTESIAN_POINT('',(-58.772320554,112.649301497,-0.743024522));
#6279=CARTESIAN_POINT('',(-58.134505768,111.766170089,-0.874316366));
#6280=CARTESIAN_POINT('',(-60.927795669,113.316859988,-0.653766543));
#6281=CARTESIAN_POINT('',(-59.808069852,113.294289962,-0.575264042));
#6282=CARTESIAN_POINT('',(-58.71468632,112.722461994,-0.611635867));
#6283=CARTESIAN_POINT('',(-58.05940341,111.816721318,-0.74918472));
#6284=CARTESIAN_POINT('',(-60.927795497,113.330764626,-0.633535169));
#6285=CARTESIAN_POINT('',(-59.803537225,113.308011243,-0.554474657));
#6286=CARTESIAN_POINT('',(-58.70568037,112.733894084,-0.59110502));
#6287=CARTESIAN_POINT('',(-58.047667884,111.824620474,-0.729631596));
#6288=B_SPLINE_SURFACE_WITH_KNOTS('',1,3,((#6272,#6273,#6274,#6275),(#6276,#6277,#6278,#6279),(#6280,#6281,#6282,#6283),(#6284,#6285,#6286,#6287)),.UNSPECIFIED.,.F.,.F.,.U.,(2,1,1,2),(4,4),(0.,1.,1.047657248,1.05510419),(5.960485804,6.878683608),.UNSPECIFIED.);
#6289=ORIENTED_EDGE('',*,*,#6220,.T.);
#6290=CARTESIAN_POINT('',(-60.927819831,111.360715387,-3.4999746));
#6291=VERTEX_POINT('',#6290);
#6292=CARTESIAN_POINT('',(-60.927819831,111.360715387,-3.4999746));
#6293=CARTESIAN_POINT('',(-60.566516699,111.363132616,-3.4999746));
#6294=CARTESIAN_POINT('',(-60.240052214,111.187558806,-3.4999746));
#6295=CARTESIAN_POINT('',(-59.913997019,111.012205113,-3.4999746));
#6296=CARTESIAN_POINT('',(-59.710391084,110.705445221,-3.4999746));
#6297=B_SPLINE_CURVE_WITH_KNOTS('',2,(#6292,#6293,#6294,#6295,#6296),.UNSPECIFIED.,.F.,.F.,(3,2,3),(0.,0.5,1.),.UNSPECIFIED.);
#6298=EDGE_CURVE('',#6291,#6209,#6297,.T.);
#6299=ORIENTED_EDGE('',*,*,#6298,.F.);
#6300=CARTESIAN_POINT('',(-60.927795551,113.326396027,-0.639891521));
#6301=DIRECTION('',(-0.000006996,-0.566406237,-0.824126189));
#6302=VECTOR('',#6301,3.470443141);
#6303=LINE('',#6300,#6302);
#6304=EDGE_CURVE('',#4302,#6291,#6303,.T.);
#6305=ORIENTED_EDGE('',*,*,#6304,.F.);
#6306=CARTESIAN_POINT('',(-58.097508339,111.868605045,-0.74116974));
#6307=CARTESIAN_POINT('',(-58.420387106,112.305871766,-0.669245136));
#6308=CARTESIAN_POINT('',(-58.846627591,112.668300643,-0.617530727));
#6309=CARTESIAN_POINT('',(-59.335885067,112.921536957,-0.599941912));
#6310=CARTESIAN_POINT('',(-59.580513805,113.048155114,-0.591147505));
#6311=CARTESIAN_POINT('',(-59.83495897,113.145186808,-0.590629213));
#6312=CARTESIAN_POINT('',(-60.099012281,113.213276448,-0.597506097));
#6313=CARTESIAN_POINT('',(-60.231038936,113.247321269,-0.600944539));
#6314=CARTESIAN_POINT('',(-60.366183134,113.274139877,-0.606271724));
#6315=CARTESIAN_POINT('',(-60.502271151,113.293033228,-0.613267803));
#6316=CARTESIAN_POINT('',(-60.638359168,113.311926578,-0.620263882));
#6317=CARTESIAN_POINT('',(-60.774315676,113.322832829,-0.628852177));
#6318=CARTESIAN_POINT('',(-60.91017175,113.325919251,-0.638772267));
#6319=B_SPLINE_CURVE_WITH_KNOTS('',3,(#6306,#6307,#6308,#6309,#6310,#6311,#6312,#6313,#6314,#6315,#6316,#6317,#6318),.UNSPECIFIED.,.F.,.F.,(4,3,3,3,4),(0.001882967,0.003519593,0.004337907,0.004747063,0.00515622),.UNSPECIFIED.);
#6320=EDGE_CURVE('',#4340,#4302,#6319,.T.);
#6321=ORIENTED_EDGE('',*,*,#6320,.F.);
#6322=ORIENTED_EDGE('',*,*,#4419,.F.);
#6323=ORIENTED_EDGE('',*,*,#4452,.T.);
#6324=EDGE_LOOP('',(#6289,#6299,#6305,#6321,#6322,#6323));
#6325=FACE_BOUND('',#6324,.T.);
#6326=ADVANCED_FACE('',(#6325),#6288,.T.);
#6327=CARTESIAN_POINT('',(-92.562685762,16.27586091,-3.4999746));
#6328=DIRECTION('',(0.290046927,0.760770653,0.580603818));
#6329=DIRECTION('',(-0.934393915,0.356241507,0.));
#6330=AXIS2_PLACEMENT_3D('',#6327,#6328,#6329);
#6331=PLANE('',#6330);
#6332=ORIENTED_EDGE('',*,*,#6259,.T.);
#6333=ORIENTED_EDGE('',*,*,#3678,.F.);
#6334=CARTESIAN_POINT('',(-39.178392286,-4.077119616,-3.4999746));
#6335=VERTEX_POINT('',#6334);
#6336=CARTESIAN_POINT('',(-39.178392286,-4.077119616,-3.4999746));
#6337=DIRECTION('',(-0.206835179,-0.542512675,0.814186224));
#6338=VECTOR('',#6337,3.416807732);
#6339=LINE('',#6336,#6338);
#6340=EDGE_CURVE('',#6335,#3665,#6339,.T.);
#6341=ORIENTED_EDGE('',*,*,#6340,.F.);
#6342=CARTESIAN_POINT('',(-26.806141993,-8.794090711,-3.4999746));
#6343=DIRECTION('',(-0.934393915,0.356241507,0.));
#6344=VECTOR('',#6343,13.240936283);
#6345=LINE('',#6342,#6344);
#6346=EDGE_CURVE('',#6254,#6335,#6345,.T.);
#6347=ORIENTED_EDGE('',*,*,#6346,.F.);
#6348=EDGE_LOOP('',(#6332,#6333,#6341,#6347));
#6349=FACE_BOUND('',#6348,.T.);
#6350=ADVANCED_FACE('',(#6349),#6331,.F.);
#6351=CARTESIAN_POINT('',(-77.507804415,111.360920175,-3.4999746));
#6352=DIRECTION('',(-0.000010179,-0.824126189,0.566406237));
#6353=DIRECTION('',(1.,-0.000012352,-0.));
#6354=AXIS2_PLACEMENT_3D('',#6351,#6352,#6353);
#6355=PLANE('',#6354);
#6356=ORIENTED_EDGE('',*,*,#6304,.T.);
#6357=CARTESIAN_POINT('',(-139.003405599,111.361679742,-3.4999746));
#6358=VERTEX_POINT('',#6357);
#6359=CARTESIAN_POINT('',(-139.003405599,111.361679742,-3.4999746));
#6360=DIRECTION('',(1.,-0.000012352,0.));
#6361=VECTOR('',#6360,78.075585774);
#6362=LINE('',#6359,#6361);
#6363=EDGE_CURVE('',#6358,#6291,#6362,.T.);
#6364=ORIENTED_EDGE('',*,*,#6363,.F.);
#6365=CARTESIAN_POINT('',(-139.003381319,113.327360382,-0.639891521));
#6366=DIRECTION('',(-0.000006996,-0.566406237,-0.824126189));
#6367=VECTOR('',#6366,3.470443141);
#6368=LINE('',#6365,#6367);
#6369=EDGE_CURVE('',#4310,#6358,#6368,.T.);
#6370=ORIENTED_EDGE('',*,*,#6369,.F.);
#6371=ORIENTED_EDGE('',*,*,#4315,.F.);
#6372=EDGE_LOOP('',(#6356,#6364,#6370,#6371));
#6373=FACE_BOUND('',#6372,.T.);
#6374=ADVANCED_FACE('',(#6373),#6355,.F.);
#6375=CARTESIAN_POINT('',(-51.740543353,-2.598177387,-0.7004641));
#6376=CARTESIAN_POINT('',(-47.70315502,-3.34560041,-0.702188678));
#6377=CARTESIAN_POINT('',(-43.73218522,-4.462396904,-0.707345359));
#6378=CARTESIAN_POINT('',(-39.885666712,-5.932245721,-0.715858783));
#6379=CARTESIAN_POINT('',(-39.882323433,-5.93352327,-0.715866183));
#6380=CARTESIAN_POINT('',(-39.878980154,-5.934800819,-0.715873582));
#6381=CARTESIAN_POINT('',(-39.875636875,-5.936078367,-0.715880982));
#6382=CARTESIAN_POINT('',(-51.740259162,-2.596641392,-0.702672685));
#6383=CARTESIAN_POINT('',(-47.702777723,-3.344081149,-0.704395903));
#6384=CARTESIAN_POINT('',(-43.731716212,-4.460901912,-0.709548516));
#6385=CARTESIAN_POINT('',(-39.88510873,-5.930782178,-0.718055223));
#6386=CARTESIAN_POINT('',(-39.881765374,-5.932059754,-0.718062617));
#6387=CARTESIAN_POINT('',(-39.878422017,-5.93333733,-0.718070011));
#6388=CARTESIAN_POINT('',(-39.875078661,-5.934614906,-0.718077404));
#6389=CARTESIAN_POINT('',(-51.723397089,-2.505505412,-0.83371585));
#6390=CARTESIAN_POINT('',(-47.680391338,-3.253938006,-0.835358341));
#6391=CARTESIAN_POINT('',(-43.703888334,-4.372198717,-0.840269573));
#6392=CARTESIAN_POINT('',(-39.8520017,-5.843944999,-0.848377773));
#6393=CARTESIAN_POINT('',(-39.848653755,-5.845224197,-0.848384821));
#6394=CARTESIAN_POINT('',(-39.84530581,-5.846503394,-0.848391868));
#6395=CARTESIAN_POINT('',(-39.841957865,-5.847782592,-0.848398916));
#6396=CARTESIAN_POINT('',(-51.380314349,-0.651214844,-3.4999746));
#6397=CARTESIAN_POINT('',(-47.224908644,-1.419848117,-3.4999746));
#6398=CARTESIAN_POINT('',(-43.137690744,-2.567406611,-3.4999746));
#6399=CARTESIAN_POINT('',(-39.178392286,-4.077119616,-3.4999746));
#6400=CARTESIAN_POINT('',(-39.174950982,-4.078431813,-3.4999746));
#6401=CARTESIAN_POINT('',(-39.171509678,-4.079744011,-3.4999746));
#6402=CARTESIAN_POINT('',(-39.168068375,-4.081056208,-3.4999746));
#6403=B_SPLINE_SURFACE_WITH_KNOTS('',1,3,((#6375,#6376,#6377,#6378,#6379,#6380,#6381),(#6382,#6383,#6384,#6385,#6386,#6387,#6388),(#6389,#6390,#6391,#6392,#6393,#6394,#6395),(#6396,#6397,#6398,#6399,#6400,#6401,#6402)),.UNSPECIFIED.,.F.,.F.,.U.,(2,1,1,2),(4,3,4),(-0.049977051,-0.049148705,0.,1.),(0.043187337,0.214505661,0.214654566),.UNSPECIFIED.);
#6404=ORIENTED_EDGE('',*,*,#6340,.T.);
#6405=ORIENTED_EDGE('',*,*,#3717,.F.);
#6406=CARTESIAN_POINT('',(-51.380314349,-0.651214844,-3.4999746));
#6407=VERTEX_POINT('',#6406);
#6408=CARTESIAN_POINT('',(-51.380314349,-0.651214844,-3.4999746));
#6409=DIRECTION('',(-0.105055242,-0.567801645,0.816434129));
#6410=VECTOR('',#6409,3.428948398);
#6411=LINE('',#6408,#6410);
#6412=EDGE_CURVE('',#6407,#3703,#6411,.T.);
#6413=ORIENTED_EDGE('',*,*,#6412,.F.);
#6414=CARTESIAN_POINT('',(-39.178392286,-4.077119616,-3.4999746));
#6415=CARTESIAN_POINT('',(-45.131912,-1.806993675,-3.4999746));
#6416=CARTESIAN_POINT('',(-51.380314349,-0.651214844,-3.4999746));
#6417=B_SPLINE_CURVE_WITH_KNOTS('',2,(#6414,#6415,#6416),.UNSPECIFIED.,.F.,.F.,(3,3),(0.,1.),.UNSPECIFIED.);
#6418=EDGE_CURVE('',#6335,#6407,#6417,.T.);
#6419=ORIENTED_EDGE('',*,*,#6418,.F.);
#6420=EDGE_LOOP('',(#6404,#6405,#6413,#6419));
#6421=FACE_BOUND('',#6420,.T.);
#6422=ADVANCED_FACE('',(#6421),#6403,.T.);
#6423=CARTESIAN_POINT('',(-143.976205666,108.733651495,-3.4999746));
#6424=CARTESIAN_POINT('',(-143.038752845,110.367748491,-3.4999746));
#6425=CARTESIAN_POINT('',(-141.132377905,111.375230618,-3.4999746));
#6426=CARTESIAN_POINT('',(-139.003405599,111.361679742,-3.4999746));
#6427=CARTESIAN_POINT('',(-145.404046811,109.568232478,-0.375366114));
#6428=CARTESIAN_POINT('',(-144.141385586,111.738356673,-0.352775714));
#6429=CARTESIAN_POINT('',(-141.687623962,113.141689098,-0.509137938));
#6430=CARTESIAN_POINT('',(-139.003382536,113.228840595,-0.783238701));
#6431=CARTESIAN_POINT('',(-145.479386119,109.612268716,-0.210497746));
#6432=CARTESIAN_POINT('',(-144.199565439,111.810676112,-0.186715375));
#6433=CARTESIAN_POINT('',(-141.716921236,113.234895376,-0.351327972));
#6434=CARTESIAN_POINT('',(-139.003381319,113.327360382,-0.639891521));
#6435=CARTESIAN_POINT('',(-145.506815741,109.628301481,-0.150472279));
#6436=CARTESIAN_POINT('',(-144.220747627,111.837006258,-0.126255934));
#6437=CARTESIAN_POINT('',(-141.727587821,113.268830026,-0.293872336));
#6438=CARTESIAN_POINT('',(-139.003380876,113.363229581,-0.587701513));
#6439=CARTESIAN_POINT('',(-145.50683071,109.62831023,-0.150439522));
#6440=CARTESIAN_POINT('',(-144.220759187,111.837020627,-0.12622294));
#6441=CARTESIAN_POINT('',(-141.727593642,113.268848545,-0.293840981));
#6442=CARTESIAN_POINT('',(-139.003380876,113.363249155,-0.587673032));
#6443=B_SPLINE_SURFACE_WITH_KNOTS('',1,3,((#6423,#6424,#6425,#6426),(#6427,#6428,#6429,#6430),(#6431,#6432,#6433,#6434),(#6435,#6436,#6437,#6438),(#6439,#6440,#6441,#6442)),.UNSPECIFIED.,.F.,.F.,.U.,(2,1,1,1,2),(4,4),(0.,1.,1.052764488,1.071975045,1.071985528),(3.084326155,4.022728066),.UNSPECIFIED.);
#6444=ORIENTED_EDGE('',*,*,#6369,.T.);
#6445=CARTESIAN_POINT('',(-143.976205666,108.733651495,-3.4999746));
#6446=VERTEX_POINT('',#6445);
#6447=CARTESIAN_POINT('',(-143.976205666,108.733651495,-3.4999746));
#6448=CARTESIAN_POINT('',(-143.273261779,109.958970218,-3.4999746));
#6449=CARTESIAN_POINT('',(-141.936625439,110.665533571,-3.4999746));
#6450=CARTESIAN_POINT('',(-140.600465664,111.371845005,-3.4999746));
#6451=CARTESIAN_POINT('',(-139.003405599,111.361679742,-3.4999746));
#6452=B_SPLINE_CURVE_WITH_KNOTS('',2,(#6447,#6448,#6449,#6450,#6451),.UNSPECIFIED.,.F.,.F.,(3,2,3),(0.,0.5,1.),.UNSPECIFIED.);
#6453=EDGE_CURVE('',#6446,#6358,#6452,.T.);
#6454=ORIENTED_EDGE('',*,*,#6453,.F.);
#6455=CARTESIAN_POINT('',(-145.506826528,109.628307786,-0.150448675));
#6456=DIRECTION('',(0.403879763,-0.236069937,-0.883828106));
#6457=VECTOR('',#6456,3.789793402);
#6458=LINE('',#6455,#6457);
#6459=EDGE_CURVE('',#4202,#6446,#6458,.T.);
#6460=ORIENTED_EDGE('',*,*,#6459,.F.);
#6461=ORIENTED_EDGE('',*,*,#4278,.F.);
#6462=ORIENTED_EDGE('',*,*,#4322,.T.);
#6463=EDGE_LOOP('',(#6444,#6454,#6460,#6461,#6462));
#6464=FACE_BOUND('',#6463,.T.);
#6465=ADVANCED_FACE('',(#6464),#6443,.T.);
#6466=CARTESIAN_POINT('',(-86.735778174,5.890289282,-3.4999746));
#6467=DIRECTION('',(0.148536465,0.802808574,0.577438579));
#6468=DIRECTION('',(-0.983310894,0.181933189,-0.));
#6469=AXIS2_PLACEMENT_3D('',#6466,#6467,#6468);
#6470=PLANE('',#6469);
#6471=ORIENTED_EDGE('',*,*,#6412,.T.);
#6472=ORIENTED_EDGE('',*,*,#3749,.F.);
#6473=CARTESIAN_POINT('',(-56.649524112,0.323699743,-3.4999746));
#6474=VERTEX_POINT('',#6473);
#6475=CARTESIAN_POINT('',(-56.649524112,0.323699743,-3.4999746));
#6476=DIRECTION('',(-0.105055242,-0.567801645,0.816434129));
#6477=VECTOR('',#6476,3.428949204);
#6478=LINE('',#6475,#6477);
#6479=EDGE_CURVE('',#6474,#3738,#6478,.T.);
#6480=ORIENTED_EDGE('',*,*,#6479,.F.);
#6481=CARTESIAN_POINT('',(-51.380314349,-0.651214844,-3.4999746));
#6482=DIRECTION('',(-0.983310894,0.181933189,0.));
#6483=VECTOR('',#6482,5.358640683);
#6484=LINE('',#6481,#6483);
#6485=EDGE_CURVE('',#6407,#6474,#6484,.T.);
#6486=ORIENTED_EDGE('',*,*,#6485,.F.);
#6487=EDGE_LOOP('',(#6471,#6472,#6480,#6486));
#6488=FACE_BOUND('',#6487,.T.);
#6489=ADVANCED_FACE('',(#6488),#6470,.F.);
#6490=CARTESIAN_POINT('',(-150.128225132,98.208481733,-3.4999746));
#6491=DIRECTION('',(0.763042505,-0.44600253,0.467811798));
#6492=DIRECTION('',(0.504625874,0.863338131,-0.));
#6493=AXIS2_PLACEMENT_3D('',#6490,#6491,#6492);
#6494=PLANE('',#6493);
#6495=ORIENTED_EDGE('',*,*,#6459,.T.);
#6496=CARTESIAN_POINT('',(-156.664825606,87.02535235,-3.4999746));
#6497=VERTEX_POINT('',#6496);
#6498=CARTESIAN_POINT('',(-156.664825606,87.02535235,-3.4999746));
#6499=DIRECTION('',(0.504625874,0.863338131,0.));
#6500=VECTOR('',#6499,25.144608324);
#6501=LINE('',#6498,#6500);
#6502=EDGE_CURVE('',#6497,#6446,#6501,.T.);
#6503=ORIENTED_EDGE('',*,*,#6502,.F.);
#6504=CARTESIAN_POINT('',(-158.195448414,87.920009778,-0.150444417));
#6505=DIRECTION('',(0.403879763,-0.236069937,-0.883828106));
#6506=VECTOR('',#6505,3.789798219);
#6507=LINE('',#6504,#6506);
#6508=EDGE_CURVE('',#4210,#6497,#6507,.T.);
#6509=ORIENTED_EDGE('',*,*,#6508,.F.);
#6510=ORIENTED_EDGE('',*,*,#4215,.F.);
#6511=EDGE_LOOP('',(#6495,#6503,#6509,#6510));
#6512=FACE_BOUND('',#6511,.T.);
#6513=ADVANCED_FACE('',(#6512),#6494,.F.);
#6514=CARTESIAN_POINT('',(-69.260922849,-0.490190356,-0.693246149));
#6515=CARTESIAN_POINT('',(-65.155154995,-0.494247825,-0.691851785));
#6516=CARTESIAN_POINT('',(-61.051485674,-0.874029827,-0.69392116));
#6517=CARTESIAN_POINT('',(-57.009886947,-1.623986131,-0.699424032));
#6518=CARTESIAN_POINT('',(-57.007629657,-1.624404992,-0.699427106));
#6519=CARTESIAN_POINT('',(-57.005372367,-1.624823853,-0.699430179));
#6520=CARTESIAN_POINT('',(-57.003115076,-1.625242714,-0.699433253));
#6521=CARTESIAN_POINT('',(-69.260922,-0.489456492,-0.694287193));
#6522=CARTESIAN_POINT('',(-65.155109654,-0.493514195,-0.692893346));
#6523=CARTESIAN_POINT('',(-61.051395844,-0.873300031,-0.694961954));
#6524=CARTESIAN_POINT('',(-57.009753285,-1.623263714,-0.700462785));
#6525=CARTESIAN_POINT('',(-57.00749597,-1.62368258,-0.700465857));
#6526=CARTESIAN_POINT('',(-57.005238655,-1.624101445,-0.70046893));
#6527=CARTESIAN_POINT('',(-57.002981341,-1.62452031,-0.700472002));
#6528=CARTESIAN_POINT('',(-69.26081308,-0.39531516,-0.827834208));
#6529=CARTESIAN_POINT('',(-65.149293134,-0.399402869,-0.826506706));
#6530=CARTESIAN_POINT('',(-61.039872353,-0.779680582,-0.828476851));
#6531=CARTESIAN_POINT('',(-56.992606852,-1.530590825,-0.83371585));
#6532=CARTESIAN_POINT('',(-56.990346397,-1.531010219,-0.833718776));
#6533=CARTESIAN_POINT('',(-56.988085942,-1.531429613,-0.833721702));
#6534=CARTESIAN_POINT('',(-56.985825486,-1.531849007,-0.833724628));
#6535=CARTESIAN_POINT('',(-69.258633719,1.488357461,-3.4999746));
#6536=CARTESIAN_POINT('',(-65.032910481,1.483669369,-3.4999746));
#6537=CARTESIAN_POINT('',(-60.809298969,1.093549694,-3.4999746));
#6538=CARTESIAN_POINT('',(-56.649524112,0.323699743,-3.4999746));
#6539=CARTESIAN_POINT('',(-56.647200819,0.323269771,-3.4999746));
#6540=CARTESIAN_POINT('',(-56.644877525,0.322839799,-3.4999746));
#6541=CARTESIAN_POINT('',(-56.642554232,0.322409827,-3.4999746));
#6542=B_SPLINE_SURFACE_WITH_KNOTS('',1,3,((#6514,#6515,#6516,#6517,#6518,#6519,#6520),(#6521,#6522,#6523,#6524,#6525,#6526,#6527),(#6528,#6529,#6530,#6531,#6532,#6533,#6534),(#6535,#6536,#6537,#6538,#6539,#6540,#6541)),.UNSPECIFIED.,.F.,.F.,.U.,(2,1,1,2),(4,3,4),(-0.050367136,-0.049977544,0.,1.),(6.248658566,6.419976889,6.420072573),.UNSPECIFIED.);
#6543=ORIENTED_EDGE('',*,*,#6479,.T.);
#6544=ORIENTED_EDGE('',*,*,#3781,.F.);
#6545=CARTESIAN_POINT('',(-69.258633719,1.488357461,-3.4999746));
#6546=VERTEX_POINT('',#6545);
#6547=CARTESIAN_POINT('',(-69.258633719,1.488357461,-3.4999746));
#6548=DIRECTION('',(-0.000666607,-0.576163568,0.817334141));
#6549=VECTOR('',#6548,3.433807949);
#6550=LINE('',#6547,#6549);
#6551=EDGE_CURVE('',#6546,#3767,#6550,.T.);
#6552=ORIENTED_EDGE('',*,*,#6551,.F.);
#6553=CARTESIAN_POINT('',(-56.649524112,0.323699743,-3.4999746));
#6554=CARTESIAN_POINT('',(-62.904496269,1.481308069,-3.4999746));
#6555=CARTESIAN_POINT('',(-69.258633719,1.488357461,-3.4999746));
#6556=B_SPLINE_CURVE_WITH_KNOTS('',2,(#6553,#6554,#6555),.UNSPECIFIED.,.F.,.F.,(3,3),(0.,1.),.UNSPECIFIED.);
#6557=EDGE_CURVE('',#6474,#6546,#6556,.T.);
#6558=ORIENTED_EDGE('',*,*,#6557,.F.);
#6559=EDGE_LOOP('',(#6543,#6544,#6552,#6558));
#6560=FACE_BOUND('',#6559,.T.);
#6561=ADVANCED_FACE('',(#6560),#6542,.T.);
#6562=CARTESIAN_POINT('',(-157.573701275,83.708332365,-3.4999746));
#6563=CARTESIAN_POINT('',(-157.574708344,84.864912813,-3.4999746));
#6564=CARTESIAN_POINT('',(-157.262277816,86.005154919,-3.4999746));
#6565=CARTESIAN_POINT('',(-156.664825606,87.02535235,-3.4999746));
#6566=CARTESIAN_POINT('',(-159.191735263,83.708332365,-0.324404095));
#6567=CARTESIAN_POINT('',(-159.178640097,85.151993185,-0.304647505));
#6568=CARTESIAN_POINT('',(-158.800829834,86.579126651,-0.322165952));
#6569=CARTESIAN_POINT('',(-158.092666752,87.859933333,-0.375366114));
#6570=CARTESIAN_POINT('',(-159.30820776,83.708332365,-0.09581395));
#6571=CARTESIAN_POINT('',(-159.294097459,85.172658367,-0.074635202));
#6572=CARTESIAN_POINT('',(-158.911580903,86.62044341,-0.093414697));
#6573=CARTESIAN_POINT('',(-158.195448414,87.920009778,-0.150444417));
#6574=CARTESIAN_POINT('',(-159.312034887,83.708332365,-0.08830279));
#6575=CARTESIAN_POINT('',(-159.29789123,85.173337397,-0.067077312));
#6576=CARTESIAN_POINT('',(-158.915220032,86.621801022,-0.085898243));
#6577=CARTESIAN_POINT('',(-158.198825679,87.921983808,-0.143053797));
#6578=B_SPLINE_SURFACE_WITH_KNOTS('',1,3,((#6562,#6563,#6564,#6565),(#6566,#6567,#6568,#6569),(#6570,#6571,#6572,#6573),(#6574,#6575,#6576,#6577)),.UNSPECIFIED.,.F.,.F.,.U.,(2,1,1,2),(4,4),(0.,1.,1.071983962,1.074349256),(3.026149567,3.458250283),.UNSPECIFIED.);
#6579=ORIENTED_EDGE('',*,*,#6508,.T.);
#6580=CARTESIAN_POINT('',(-157.573701275,83.708332365,-3.4999746));
#6581=VERTEX_POINT('',#6580);
#6582=CARTESIAN_POINT('',(-157.573701275,83.708332365,-3.4999746));
#6583=CARTESIAN_POINT('',(-157.575235868,85.470754014,-3.4999746));
#6584=CARTESIAN_POINT('',(-156.664825606,87.02535235,-3.4999746));
#6585=B_SPLINE_CURVE_WITH_KNOTS('',2,(#6582,#6583,#6584),.UNSPECIFIED.,.F.,.F.,(3,3),(0.,1.),.UNSPECIFIED.);
#6586=EDGE_CURVE('',#6581,#6497,#6585,.T.);
#6587=ORIENTED_EDGE('',*,*,#6586,.F.);
#6588=CARTESIAN_POINT('',(-159.311531881,83.708332365,-0.089289994));
#6589=DIRECTION('',(0.4539905,-0.,-0.891006524));
#6590=VECTOR('',#6589,3.827900821);
#6591=LINE('',#6588,#6590);
#6592=EDGE_CURVE('',#4120,#6581,#6591,.T.);
#6593=ORIENTED_EDGE('',*,*,#6592,.F.);
#6594=ORIENTED_EDGE('',*,*,#4181,.F.);
#6595=ORIENTED_EDGE('',*,*,#4222,.T.);
#6596=EDGE_LOOP('',(#6579,#6587,#6593,#6594,#6595));
#6597=FACE_BOUND('',#6596,.T.);
#6598=ADVANCED_FACE('',(#6597),#6578,.T.);
#6599=CARTESIAN_POINT('',(-77.571273068,1.497974972,-3.4999746));
#6600=DIRECTION('',(0.000945634,0.817333594,0.576163954));
#6601=DIRECTION('',(-0.999999331,0.001156974,0.));
#6602=AXIS2_PLACEMENT_3D('',#6599,#6600,#6601);
#6603=PLANE('',#6602);
#6604=ORIENTED_EDGE('',*,*,#6551,.T.);
#6605=ORIENTED_EDGE('',*,*,#3813,.F.);
#6606=CARTESIAN_POINT('',(-73.966110868,1.493803892,-3.4999746));
#6607=VERTEX_POINT('',#6606);
#6608=CARTESIAN_POINT('',(-73.966110868,1.493803892,-3.4999746));
#6609=DIRECTION('',(-0.000666607,-0.576163568,0.817334141));
#6610=VECTOR('',#6609,3.433808249);
#6611=LINE('',#6608,#6610);
#6612=EDGE_CURVE('',#6607,#3802,#6611,.T.);
#6613=ORIENTED_EDGE('',*,*,#6612,.F.);
#6614=CARTESIAN_POINT('',(-69.258633719,1.488357461,-3.4999746));
#6615=DIRECTION('',(-0.999999331,0.001156974,0.));
#6616=VECTOR('',#6615,4.707480299);
#6617=LINE('',#6614,#6616);
#6618=EDGE_CURVE('',#6546,#6607,#6617,.T.);
#6619=ORIENTED_EDGE('',*,*,#6618,.F.);
#6620=EDGE_LOOP('',(#6604,#6605,#6613,#6619));
#6621=FACE_BOUND('',#6620,.T.);
#6622=ADVANCED_FACE('',(#6621),#6603,.F.);
#6623=CARTESIAN_POINT('',(-157.573701275,55.761848833,-3.4999746));
#6624=DIRECTION('',(0.891006524,-0.,0.4539905));
#6625=DIRECTION('',(0.,1.,0.));
#6626=AXIS2_PLACEMENT_3D('',#6623,#6624,#6625);
#6627=PLANE('',#6626);
#6628=ORIENTED_EDGE('',*,*,#6592,.T.);
#6629=CARTESIAN_POINT('',(-157.573701275,7.431017779,-3.4999746));
#6630=VERTEX_POINT('',#6629);
#6631=CARTESIAN_POINT('',(-157.573701275,7.431017779,-3.4999746));
#6632=DIRECTION('',(0.,1.,0.));
#6633=VECTOR('',#6632,76.277314586);
#6634=LINE('',#6631,#6633);
#6635=EDGE_CURVE('',#6630,#6581,#6634,.T.);
#6636=ORIENTED_EDGE('',*,*,#6635,.F.);
#6637=CARTESIAN_POINT('',(-159.311531881,7.431017779,-0.089289994));
#6638=DIRECTION('',(0.4539905,-0.,-0.891006524));
#6639=VECTOR('',#6638,3.827900821);
#6640=LINE('',#6637,#6639);
#6641=EDGE_CURVE('',#4128,#6630,#6640,.T.);
#6642=ORIENTED_EDGE('',*,*,#6641,.F.);
#6643=ORIENTED_EDGE('',*,*,#4133,.F.);
#6644=EDGE_LOOP('',(#6628,#6636,#6642,#6643));
#6645=FACE_BOUND('',#6644,.T.);
#6646=ADVANCED_FACE('',(#6645),#6627,.F.);
#6647=CARTESIAN_POINT('',(-86.226091047,-1.590262301,-0.696336289));
#6648=CARTESIAN_POINT('',(-86.224234571,-1.589922278,-0.696334208));
#6649=CARTESIAN_POINT('',(-86.222378095,-1.589582256,-0.696332127));
#6650=CARTESIAN_POINT('',(-86.220521619,-1.589242233,-0.696330046));
#6651=CARTESIAN_POINT('',(-82.1788268,-0.848986068,-0.69179915));
#6652=CARTESIAN_POINT('',(-78.07479384,-0.479052789,-0.690716369));
#6653=CARTESIAN_POINT('',(-73.968400118,-0.484848693,-0.693097527));
#6654=CARTESIAN_POINT('',(-86.226130155,-1.590048348,-0.696644291));
#6655=CARTESIAN_POINT('',(-86.224273673,-1.589708324,-0.69664221));
#6656=CARTESIAN_POINT('',(-86.222417191,-1.589368301,-0.69664013));
#6657=CARTESIAN_POINT('',(-86.220560709,-1.589028277,-0.696638049));
#6658=CARTESIAN_POINT('',(-82.178852903,-0.848769919,-0.692107651));
#6659=CARTESIAN_POINT('',(-78.074806766,-0.478835496,-0.691024988));
#6660=CARTESIAN_POINT('',(-73.968399867,-0.484631322,-0.693405885));
#6661=CARTESIAN_POINT('',(-86.243179199,-1.496775861,-0.830917502));
#6662=CARTESIAN_POINT('',(-86.241320116,-1.496435398,-0.830915521));
#6663=CARTESIAN_POINT('',(-86.239461034,-1.496094935,-0.83091354));
#6664=CARTESIAN_POINT('',(-86.237601952,-1.495754472,-0.830911558));
#6665=CARTESIAN_POINT('',(-82.190232714,-0.754539791,-0.826598156));
#6666=CARTESIAN_POINT('',(-78.08044163,-0.384106675,-0.825567351));
#6667=CARTESIAN_POINT('',(-73.968290229,-0.389868729,-0.827834208));
#6668=CARTESIAN_POINT('',(-86.58207682,0.357276727,-3.4999746));
#6669=CARTESIAN_POINT('',(-86.580166046,0.357625922,-3.4999746));
#6670=CARTESIAN_POINT('',(-86.578255272,0.357975116,-3.4999746));
#6671=CARTESIAN_POINT('',(-86.576344498,0.358324311,-3.4999746));
#6672=CARTESIAN_POINT('',(-82.416438404,1.118548603,-3.4999746));
#6673=CARTESIAN_POINT('',(-78.192450383,1.498894621,-3.4999746));
#6674=CARTESIAN_POINT('',(-73.966110868,1.493803892,-3.4999746));
#6675=B_SPLINE_SURFACE_WITH_KNOTS('',1,3,((#6647,#6648,#6649,#6650,#6651,#6652,#6653),(#6654,#6655,#6656,#6657,#6658,#6659,#6660),(#6661,#6662,#6663,#6664,#6665,#6666,#6667),(#6668,#6669,#6670,#6671,#6672,#6673,#6674)),.UNSPECIFIED.,.F.,.F.,.U.,(2,1,1,2),(4,3,4),(-0.050422755,-0.050307358,0.,1.),(6.170733318,6.17081201,6.342130333),.UNSPECIFIED.);
#6676=ORIENTED_EDGE('',*,*,#6612,.T.);
#6677=ORIENTED_EDGE('',*,*,#3845,.F.);
#6678=CARTESIAN_POINT('',(-86.576344498,0.358324311,-3.4999746));
#6679=VERTEX_POINT('',#6678);
#6680=CARTESIAN_POINT('',(-86.576344498,0.358324311,-3.4999746));
#6681=DIRECTION('',(0.103671728,-0.567438466,0.816863367));
#6682=VECTOR('',#6681,3.431266186);
#6683=LINE('',#6680,#6682);
#6684=EDGE_CURVE('',#6679,#3831,#6683,.T.);
#6685=ORIENTED_EDGE('',*,*,#6684,.F.);
#6686=CARTESIAN_POINT('',(-73.966110868,1.493803892,-3.4999746));
#6687=CARTESIAN_POINT('',(-80.321175002,1.501458722,-3.4999746));
#6688=CARTESIAN_POINT('',(-86.576344498,0.358324311,-3.4999746));
#6689=B_SPLINE_CURVE_WITH_KNOTS('',2,(#6686,#6687,#6688),.UNSPECIFIED.,.F.,.F.,(3,3),(0.,1.),.UNSPECIFIED.);
#6690=EDGE_CURVE('',#6607,#6679,#6689,.T.);
#6691=ORIENTED_EDGE('',*,*,#6690,.F.);
#6692=EDGE_LOOP('',(#6676,#6677,#6685,#6691));
#6693=FACE_BOUND('',#6692,.T.);
#6694=ADVANCED_FACE('',(#6693),#6675,.T.);
#6695=CARTESIAN_POINT('',(-154.381361797,4.095116793,-3.4999746));
#6696=CARTESIAN_POINT('',(-156.267535495,4.334306625,-3.4999746));
#6697=CARTESIAN_POINT('',(-157.600560005,5.727278084,-3.4999746));
#6698=CARTESIAN_POINT('',(-157.573701275,7.431017779,-3.4999746));
#6699=CARTESIAN_POINT('',(-154.631060606,2.307762441,-0.637991464));
#6700=CARTESIAN_POINT('',(-157.182509608,2.812143057,-0.255616676));
#6701=CARTESIAN_POINT('',(-159.086909545,4.951459688,-0.124672067));
#6702=CARTESIAN_POINT('',(-159.191735263,7.431017779,-0.324404095));
#6703=CARTESIAN_POINT('',(-154.649547902,2.175429618,-0.426094864));
#6704=CARTESIAN_POINT('',(-157.250252811,2.69944453,-0.015409666));
#6705=CARTESIAN_POINT('',(-159.19695646,4.89401935,0.125229871));
#6706=CARTESIAN_POINT('',(-159.311531881,7.431017779,-0.089289994));
#6707=CARTESIAN_POINT('',(-154.650650866,2.167534555,-0.413452974));
#6708=CARTESIAN_POINT('',(-157.254294415,2.692720862,-0.001078759));
#6709=CARTESIAN_POINT('',(-159.203521931,4.890592422,0.140139184));
#6710=CARTESIAN_POINT('',(-159.318679026,7.431017779,-0.075262933));
#6711=B_SPLINE_SURFACE_WITH_KNOTS('',1,3,((#6695,#6696,#6697,#6698),(#6699,#6700,#6701,#6702),(#6703,#6704,#6705,#6706),(#6707,#6708,#6709,#6710)),.UNSPECIFIED.,.F.,.F.,.U.,(2,1,1,2),(4,4),(0.,1.,1.074038382,1.07845556),(5.459574604,6.668167267),.UNSPECIFIED.);
#6712=ORIENTED_EDGE('',*,*,#6641,.T.);
#6713=CARTESIAN_POINT('',(-154.381361797,4.095116793,-3.4999746));
#6714=VERTEX_POINT('',#6713);
#6715=CARTESIAN_POINT('',(-154.381361797,4.095116793,-3.4999746));
#6716=CARTESIAN_POINT('',(-155.795542352,4.274452137,-3.4999746));
#6717=CARTESIAN_POINT('',(-156.694918696,5.213861087,-3.4999746));
#6718=CARTESIAN_POINT('',(-157.593851723,6.152806987,-3.4999746));
#6719=CARTESIAN_POINT('',(-157.573701275,7.431017779,-3.4999746));
#6720=B_SPLINE_CURVE_WITH_KNOTS('',2,(#6715,#6716,#6717,#6718,#6719),.UNSPECIFIED.,.F.,.F.,(3,2,3),(0.,0.5,1.),.UNSPECIFIED.);
#6721=EDGE_CURVE('',#6714,#6630,#6720,.T.);
#6722=ORIENTED_EDGE('',*,*,#6721,.F.);
#6723=CARTESIAN_POINT('',(-154.646101657,2.200097984,-0.465594836));
#6724=DIRECTION('',(0.073799419,0.528259275,-0.845869839));
#6725=VECTOR('',#6724,3.587289231);
#6726=LINE('',#6723,#6725);
#6727=EDGE_CURVE('',#4013,#6714,#6726,.T.);
#6728=ORIENTED_EDGE('',*,*,#6727,.F.);
#6729=ORIENTED_EDGE('',*,*,#4019,.F.);
#6730=ORIENTED_EDGE('',*,*,#4090,.F.);
#6731=ORIENTED_EDGE('',*,*,#4140,.T.);
#6732=EDGE_LOOP('',(#6712,#6722,#6728,#6729,#6730,#6731));
#6733=FACE_BOUND('',#6732,.T.);
#6734=ADVANCED_FACE('',(#6733),#6711,.T.);
#6735=CARTESIAN_POINT('',(-68.006068164,3.751137362,-3.4999746));
#6736=DIRECTION('',(-0.146811816,0.803562102,0.576831205));
#6737=DIRECTION('',(-0.983716658,-0.179726282,0.));
#6738=AXIS2_PLACEMENT_3D('',#6735,#6736,#6737);
#6739=PLANE('',#6738);
#6740=ORIENTED_EDGE('',*,*,#6684,.T.);
#6741=ORIENTED_EDGE('',*,*,#3886,.F.);
#6742=CARTESIAN_POINT('',(-96.750720607,-1.500547115,-3.4999746));
#6743=VERTEX_POINT('',#6742);
#6744=CARTESIAN_POINT('',(-96.750720607,-1.500547115,-3.4999746));
#6745=DIRECTION('',(0.103671728,-0.567438466,0.816863367));
#6746=VECTOR('',#6745,3.431266186);
#6747=LINE('',#6744,#6746);
#6748=EDGE_CURVE('',#6743,#3874,#6747,.T.);
#6749=ORIENTED_EDGE('',*,*,#6748,.F.);
#6750=CARTESIAN_POINT('',(-86.576344498,0.358324311,-3.4999746));
#6751=DIRECTION('',(-0.983716658,-0.179726282,0.));
#6752=VECTOR('',#6751,10.342791315);
#6753=LINE('',#6750,#6752);
#6754=EDGE_CURVE('',#6679,#6743,#6753,.T.);
#6755=ORIENTED_EDGE('',*,*,#6754,.F.);
#6756=EDGE_LOOP('',(#6740,#6741,#6749,#6755));
#6757=FACE_BOUND('',#6756,.T.);
#6758=ADVANCED_FACE('',(#6757),#6739,.F.);
#6759=CARTESIAN_POINT('',(-86.05991514,-5.449595963,-3.4999746));
#6760=DIRECTION('',(0.117034021,0.837734339,0.533389366));
#6761=DIRECTION('',(-0.99038209,0.138359374,-0.));
#6762=AXIS2_PLACEMENT_3D('',#6759,#6760,#6761);
#6763=PLANE('',#6762);
#6764=ORIENTED_EDGE('',*,*,#6727,.T.);
#6765=CARTESIAN_POINT('',(-111.709123282,-1.866324002,-3.4999746));
#6766=VERTEX_POINT('',#6765);
#6767=CARTESIAN_POINT('',(-111.709123282,-1.866324002,-3.4999746));
#6768=DIRECTION('',(-0.99038209,0.138359374,0.));
#6769=VECTOR('',#6768,43.08664197);
#6770=LINE('',#6767,#6769);
#6771=EDGE_CURVE('',#6766,#6714,#6770,.T.);
#6772=ORIENTED_EDGE('',*,*,#6771,.F.);
#6773=CARTESIAN_POINT('',(-111.973858789,-3.761311652,-0.465644729));
#6774=VERTEX_POINT('',#6773);
#6775=CARTESIAN_POINT('',(-111.973858789,-3.761311652,-0.465644729));
#6776=DIRECTION('',(0.073799419,0.528259275,-0.845869839));
#6777=VECTOR('',#6776,3.587230247);
#6778=LINE('',#6775,#6777);
#6779=EDGE_CURVE('',#6774,#6766,#6778,.T.);
#6780=ORIENTED_EDGE('',*,*,#6779,.F.);
#6781=CARTESIAN_POINT('',(-116.270044827,26.925571893,-47.719410484));
#6782=DIRECTION('',(-0.117034021,-0.837734339,-0.533389366));
#6783=DIRECTION('',(0.39883828,-0.531513181,0.747276231));
#6784=AXIS2_PLACEMENT_3D('',#6781,#6782,#6783);
#6785=ELLIPSE('',#6784,58.056444358,47.253815648);
#6786=EDGE_CURVE('',#6774,#4022,#6785,.T.);
#6787=ORIENTED_EDGE('',*,*,#6786,.T.);
#6788=ORIENTED_EDGE('',*,*,#4027,.F.);
#6789=EDGE_LOOP('',(#6764,#6772,#6780,#6787,#6788));
#6790=FACE_BOUND('',#6789,.T.);
#6791=ADVANCED_FACE('',(#6790),#6763,.F.);
#6792=CARTESIAN_POINT('',(-96.750720607,-1.500547115,-3.4999746));
#6793=CARTESIAN_POINT('',(-101.78690467,-2.422040413,-3.4999746));
#6794=CARTESIAN_POINT('',(-106.854493928,-2.545957857,-3.4999746));
#6795=CARTESIAN_POINT('',(-111.709123282,-1.866324002,-3.4999746));
#6796=CARTESIAN_POINT('',(-96.41197806,-3.354625898,-0.830911558));
#6797=CARTESIAN_POINT('',(-101.641974291,-4.284026788,-0.754530288));
#6798=CARTESIAN_POINT('',(-106.908914988,-4.385339411,-0.689173056));
#6799=CARTESIAN_POINT('',(-111.958822091,-3.653678354,-0.637991464));
#6800=CARTESIAN_POINT('',(-96.394995313,-3.447579536,-0.69709895));
#6801=CARTESIAN_POINT('',(-101.634708253,-4.37737687,-0.61688833));
#6802=CARTESIAN_POINT('',(-106.91164337,-4.477556208,-0.548254434));
#6803=CARTESIAN_POINT('',(-111.97134066,-3.743286783,-0.494506869));
#6804=CARTESIAN_POINT('',(-96.391579208,-3.466277298,-0.670182345));
#6805=CARTESIAN_POINT('',(-101.633246679,-4.396154378,-0.589201445));
#6806=CARTESIAN_POINT('',(-106.912192188,-4.496105754,-0.519908443));
#6807=CARTESIAN_POINT('',(-111.973858789,-3.761311652,-0.465644729));
#6808=B_SPLINE_SURFACE_WITH_KNOTS('',1,3,((#6792,#6793,#6794,#6795),(#6796,#6797,#6798,#6799),(#6800,#6801,#6802,#6803),(#6804,#6805,#6806,#6807)),.UNSPECIFIED.,.F.,.F.,.U.,(2,1,1,2),(4,4),(0.,1.,1.050134675,1.06021934),(2.310897025,2.623590959),.UNSPECIFIED.);
#6809=ORIENTED_EDGE('',*,*,#6748,.T.);
#6810=ORIENTED_EDGE('',*,*,#3880,.F.);
#6811=ORIENTED_EDGE('',*,*,#3933,.F.);
#6812=CARTESIAN_POINT('',(-111.973858789,-3.761311652,-0.465644729));
#6813=CARTESIAN_POINT('',(-110.690987897,-3.94616933,-0.481553154));
#6814=CARTESIAN_POINT('',(-109.404212305,-4.07628202,-0.497972318));
#6815=CARTESIAN_POINT('',(-108.113692757,-4.153823683,-0.515311777));
#6816=CARTESIAN_POINT('',(-107.468432983,-4.192594514,-0.523981507));
#6817=CARTESIAN_POINT('',(-106.822235671,-4.218201782,-0.532876652));
#6818=CARTESIAN_POINT('',(-106.175112272,-4.230801227,-0.542021539));
#6819=CARTESIAN_POINT('',(-105.527988873,-4.243400672,-0.551166427));
#6820=CARTESIAN_POINT('',(-104.879318897,-4.242967456,-0.56057048));
#6821=CARTESIAN_POINT('',(-104.231863313,-4.229679094,-0.570199332));
#6822=CARTESIAN_POINT('',(-102.936952144,-4.203102371,-0.589457035));
#6823=CARTESIAN_POINT('',(-101.64603459,-4.125303479,-0.609639344));
#6824=CARTESIAN_POINT('',(-100.358978934,-3.997943793,-0.630578459));
#6825=CARTESIAN_POINT('',(-99.715451105,-3.934263951,-0.641048017));
#6826=CARTESIAN_POINT('',(-99.072890033,-3.858176616,-0.651702856));
#6827=CARTESIAN_POINT('',(-98.431286381,-3.769793037,-0.662499346));
#6828=CARTESIAN_POINT('',(-97.78968273,-3.681409458,-0.673295837));
#6829=CARTESIAN_POINT('',(-97.14909617,-3.580711968,-0.684233177));
#6830=CARTESIAN_POINT('',(-96.51150786,-3.468187892,-0.695218349));
#6831=B_SPLINE_CURVE_WITH_KNOTS('',3,(#6812,#6813,#6814,#6815,#6816,#6817,#6818,#6819,#6820,#6821,#6822,#6823,#6824,#6825,#6826,#6827,#6828,#6829,#6830),.UNSPECIFIED.,.F.,.F.,(4,3,3,3,3,3,4),(0.014605312,0.018482703,0.020421399,0.022360095,0.026237486,0.028176181,0.030114877),.UNSPECIFIED.);
#6832=EDGE_CURVE('',#6774,#3906,#6831,.T.);
#6833=ORIENTED_EDGE('',*,*,#6832,.F.);
#6834=ORIENTED_EDGE('',*,*,#6779,.T.);
#6835=CARTESIAN_POINT('',(-96.750720607,-1.500547115,-3.4999746));
#6836=CARTESIAN_POINT('',(-104.367209361,-2.894170392,-3.4999746));
#6837=CARTESIAN_POINT('',(-111.709123282,-1.866324002,-3.4999746));
#6838=B_SPLINE_CURVE_WITH_KNOTS('',2,(#6835,#6836,#6837),.UNSPECIFIED.,.F.,.F.,(3,3),(0.,1.),.UNSPECIFIED.);
#6839=EDGE_CURVE('',#6743,#6766,#6838,.T.);
#6840=ORIENTED_EDGE('',*,*,#6839,.F.);
#6841=EDGE_LOOP('',(#6809,#6810,#6811,#6833,#6834,#6840));
#6842=FACE_BOUND('',#6841,.T.);
#6843=ADVANCED_FACE('',(#6842),#6808,.T.);
#6844=CARTESIAN_POINT('',(-19.698948397,102.901383031,2.240027463));
#6845=DIRECTION('',(0.,1.,0.));
#6846=DIRECTION('',(-1.,0.,0.));
#6847=AXIS2_PLACEMENT_3D('',#6844,#6845,#6846);
#6848=PLANE('',#6847);
#6849=CARTESIAN_POINT('',(-18.748948406,102.901383031,-1.209972525));
#6850=VERTEX_POINT('',#6849);
#6851=CARTESIAN_POINT('',(-15.260703544,102.901383031,-1.209972525));
#6852=VERTEX_POINT('',#6851);
#6853=CARTESIAN_POINT('',(-18.748948406,102.901383031,-1.209972525));
#6854=DIRECTION('',(1.,-0.,0.));
#6855=VECTOR('',#6854,3.488244862);
#6856=LINE('',#6853,#6855);
#6857=EDGE_CURVE('',#6850,#6852,#6856,.T.);
#6858=ORIENTED_EDGE('',*,*,#6857,.F.);
#6859=CARTESIAN_POINT('',(-22.198948394,102.901383031,2.240027463));
#6860=VERTEX_POINT('',#6859);
#6861=CARTESIAN_POINT('',(-22.198948394,102.901383031,2.240027463));
#6862=CARTESIAN_POINT('',(-22.198948394,102.901383031,2.012233869));
#6863=CARTESIAN_POINT('',(-22.176609615,102.901383031,1.788244632));
#6864=CARTESIAN_POINT('',(-22.132844168,102.901383031,1.56790442));
#6865=CARTESIAN_POINT('',(-22.110961445,102.901383031,1.457734313));
#6866=CARTESIAN_POINT('',(-22.083683133,102.901383031,1.348483091));
#6867=CARTESIAN_POINT('',(-22.050885507,102.901383031,1.240171824));
#6868=CARTESIAN_POINT('',(-22.01808788,102.901383031,1.131860558));
#6869=CARTESIAN_POINT('',(-21.979584702,102.901383031,1.02419048));
#6870=CARTESIAN_POINT('',(-21.936339892,102.901383031,0.919786791));
#6871=CARTESIAN_POINT('',(-21.849850271,102.901383031,0.710979412));
#6872=CARTESIAN_POINT('',(-21.74399643,102.901383031,0.51290347));
#6873=CARTESIAN_POINT('',(-21.618954696,102.901383031,0.325461244));
#6874=CARTESIAN_POINT('',(-21.493912963,102.901383031,0.138019018));
#6875=CARTESIAN_POINT('',(-21.348341068,102.901383031,-0.039502608));
#6876=CARTESIAN_POINT('',(-21.189338765,102.901383031,-0.198618639));
#6877=CARTESIAN_POINT('',(-21.030336462,102.901383031,-0.357734669));
#6878=CARTESIAN_POINT('',(-20.856822263,102.901383031,-0.500548844));
#6879=CARTESIAN_POINT('',(-20.668454479,102.901383031,-0.626677327));
#6880=CARTESIAN_POINT('',(-20.574270586,102.901383031,-0.689741568));
#6881=CARTESIAN_POINT('',(-20.476354056,102.901383031,-0.748501762));
#6882=CARTESIAN_POINT('',(-20.376848277,102.901383031,-0.801755226));
#6883=CARTESIAN_POINT('',(-20.277342498,102.901383031,-0.855008689));
#6884=CARTESIAN_POINT('',(-20.175725444,102.901383031,-0.903125983));
#6885=CARTESIAN_POINT('',(-20.072029542,102.901383031,-0.946185998));
#6886=CARTESIAN_POINT('',(-19.864637739,102.901383031,-1.032306029));
#6887=CARTESIAN_POINT('',(-19.647745623,102.901383031,-1.098580974));
#6888=CARTESIAN_POINT('',(-19.424899353,102.901383031,-1.143105734));
#6889=CARTESIAN_POINT('',(-19.202053083,102.901383031,-1.187630495));
#6890=CARTESIAN_POINT('',(-18.976742001,102.901383031,-1.209972525));
#6891=CARTESIAN_POINT('',(-18.748948406,102.901383031,-1.209972525));
#6892=B_SPLINE_CURVE_WITH_KNOTS('',3,(#6861,#6862,#6863,#6864,#6865,#6866,#6867,#6868,#6869,#6870,#6871,#6872,#6873,#6874,#6875,#6876,#6877,#6878,#6879,#6880,#6881,#6882,#6883,#6884,#6885,#6886,
#6887,#6888,#6889,#6890,#6891),.UNSPECIFIED.,.F.,.F.,(4,3,3,3,3,3,3,3,3,3,4),(0.,0.000673681,0.001010522,0.001347362,0.002021044,0.002694725,0.003368406,0.003705247,0.004042087,0.004715768,0.00538945),.UNSPECIFIED.);
#6893=EDGE_CURVE('',#6860,#6850,#6892,.T.);
#6894=ORIENTED_EDGE('',*,*,#6893,.F.);
#6895=CARTESIAN_POINT('',(-22.198948394,102.901383031,2.900027457));
#6896=VERTEX_POINT('',#6895);
#6897=CARTESIAN_POINT('',(-22.198948394,102.901383031,2.900027457));
#6898=DIRECTION('',(0.,0.,-1.));
#6899=VECTOR('',#6898,0.659999993);
#6900=LINE('',#6897,#6899);
#6901=EDGE_CURVE('',#6896,#6860,#6900,.T.);
#6902=ORIENTED_EDGE('',*,*,#6901,.F.);
#6903=CARTESIAN_POINT('',(-18.748948406,102.901383031,6.350027444));
#6904=VERTEX_POINT('',#6903);
#6905=CARTESIAN_POINT('',(-18.748948406,102.901383031,6.350027444));
#6906=CARTESIAN_POINT('',(-18.975558211,102.901383031,6.350027444));
#6907=CARTESIAN_POINT('',(-19.199397844,102.901383031,6.327914974));
#6908=CARTESIAN_POINT('',(-19.42051047,102.901383031,6.284034594));
#6909=CARTESIAN_POINT('',(-19.641623095,102.901383031,6.240154215));
#6910=CARTESIAN_POINT('',(-19.861695024,102.901383031,6.173377526));
#6911=CARTESIAN_POINT('',(-20.069356328,102.901383031,6.087349661));
#6912=CARTESIAN_POINT('',(-20.277017633,102.901383031,6.001321796));
#6913=CARTESIAN_POINT('',(-20.474528103,102.901383031,5.895947634));
#6914=CARTESIAN_POINT('',(-20.661845436,102.901383031,5.771146553));
#6915=CARTESIAN_POINT('',(-20.849162769,102.901383031,5.646345472));
#6916=CARTESIAN_POINT('',(-21.027092259,102.901383031,5.500655525));
#6917=CARTESIAN_POINT('',(-21.186449819,102.901383031,5.34156115));
#6918=CARTESIAN_POINT('',(-21.345807378,102.901383031,5.182466776));
#6919=CARTESIAN_POINT('',(-21.488828711,102.901383031,5.008829909));
#6920=CARTESIAN_POINT('',(-21.615132432,102.901383031,4.82031104));
#6921=CARTESIAN_POINT('',(-21.678284293,102.901383031,4.726051606));
#6922=CARTESIAN_POINT('',(-21.737128863,102.901383031,4.628044019));
#6923=CARTESIAN_POINT('',(-21.790454559,102.901383031,4.528443938));
#6924=CARTESIAN_POINT('',(-21.843780254,102.901383031,4.428843858));
#6925=CARTESIAN_POINT('',(-21.891959043,102.901383031,4.327128087));
#6926=CARTESIAN_POINT('',(-21.935070238,102.901383031,4.22332923));
#6927=CARTESIAN_POINT('',(-22.021292629,102.901383031,4.015731516));
#6928=CARTESIAN_POINT('',(-22.087641438,102.901383031,3.798549406));
#6929=CARTESIAN_POINT('',(-22.132167922,102.901383031,3.575546236));
#6930=CARTESIAN_POINT('',(-22.176694406,102.901383031,3.352543067));
#6931=CARTESIAN_POINT('',(-22.198948394,102.901383031,3.127369539));
#6932=CARTESIAN_POINT('',(-22.198948394,102.901383031,2.900027457));
#6933=B_SPLINE_CURVE_WITH_KNOTS('',3,(#6905,#6906,#6907,#6908,#6909,#6910,#6911,#6912,#6913,#6914,#6915,#6916,#6917,#6918,#6919,#6920,#6921,#6922,#6923,#6924,#6925,#6926,#6927,#6928,#6929,#6930,
#6931,#6932),.UNSPECIFIED.,.F.,.F.,(4,3,3,3,3,3,3,3,3,4),(0.007071068,0.007750897,0.008430727,0.009110556,0.009790385,0.010470215,0.01081013,0.011150044,0.011829874,0.012509703),.UNSPECIFIED.);
#6934=EDGE_CURVE('',#6904,#6896,#6933,.T.);
#6935=ORIENTED_EDGE('',*,*,#6934,.F.);
#6936=CARTESIAN_POINT('',(-12.30894847,102.901383031,6.350027444));
#6937=VERTEX_POINT('',#6936);
#6938=CARTESIAN_POINT('',(-12.30894847,102.901383031,6.350027444));
#6939=DIRECTION('',(-1.,0.,0.));
#6940=VECTOR('',#6939,6.439999936);
#6941=LINE('',#6938,#6940);
#6942=EDGE_CURVE('',#6937,#6904,#6941,.T.);
#6943=ORIENTED_EDGE('',*,*,#6942,.F.);
#6944=CARTESIAN_POINT('',(-8.858948482,102.901383031,2.900027457));
#6945=VERTEX_POINT('',#6944);
#6946=CARTESIAN_POINT('',(-12.30894847,102.901383031,6.350027444));
#6947=CARTESIAN_POINT('',(-12.082338665,102.901383031,6.350027444));
#6948=CARTESIAN_POINT('',(-11.858499032,102.901383031,6.327914974));
#6949=CARTESIAN_POINT('',(-11.637386406,102.901383031,6.284034594));
#6950=CARTESIAN_POINT('',(-11.416273781,102.901383031,6.240154215));
#6951=CARTESIAN_POINT('',(-11.196201852,102.901383031,6.173377526));
#6952=CARTESIAN_POINT('',(-10.988540547,102.901383031,6.087349661));
#6953=CARTESIAN_POINT('',(-10.780879243,102.901383031,6.001321796));
#6954=CARTESIAN_POINT('',(-10.583368773,102.901383031,5.895947634));
#6955=CARTESIAN_POINT('',(-10.39605144,102.901383031,5.771146553));
#6956=CARTESIAN_POINT('',(-10.208734107,102.901383031,5.646345472));
#6957=CARTESIAN_POINT('',(-10.030804616,102.901383031,5.500655525));
#6958=CARTESIAN_POINT('',(-9.871447057,102.901383031,5.34156115));
#6959=CARTESIAN_POINT('',(-9.712089498,102.901383031,5.182466776));
#6960=CARTESIAN_POINT('',(-9.569068165,102.901383031,5.008829909));
#6961=CARTESIAN_POINT('',(-9.442764443,102.901383031,4.82031104));
#6962=CARTESIAN_POINT('',(-9.379612583,102.901383031,4.726051606));
#6963=CARTESIAN_POINT('',(-9.320768012,102.901383031,4.628044019));
#6964=CARTESIAN_POINT('',(-9.267442317,102.901383031,4.528443938));
#6965=CARTESIAN_POINT('',(-9.214116622,102.901383031,4.428843858));
#6966=CARTESIAN_POINT('',(-9.165937833,102.901383031,4.327128087));
#6967=CARTESIAN_POINT('',(-9.122826637,102.901383031,4.22332923));
#6968=CARTESIAN_POINT('',(-9.036604247,102.901383031,4.015731516));
#6969=CARTESIAN_POINT('',(-8.970255438,102.901383031,3.798549406));
#6970=CARTESIAN_POINT('',(-8.925728954,102.901383031,3.575546236));
#6971=CARTESIAN_POINT('',(-8.88120247,102.901383031,3.352543067));
#6972=CARTESIAN_POINT('',(-8.858948482,102.901383031,3.127369539));
#6973=CARTESIAN_POINT('',(-8.858948482,102.901383031,2.900027457));
#6974=B_SPLINE_CURVE_WITH_KNOTS('',3,(#6946,#6947,#6948,#6949,#6950,#6951,#6952,#6953,#6954,#6955,#6956,#6957,#6958,#6959,#6960,#6961,#6962,#6963,#6964,#6965,#6966,#6967,#6968,#6969,#6970,#6971,
#6972,#6973),.UNSPECIFIED.,.F.,.F.,(4,3,3,3,3,3,3,3,3,4),(0.007071068,0.007750897,0.008430727,0.009110556,0.009790385,0.010470215,0.01081013,0.011150044,0.011829874,0.012509703),.UNSPECIFIED.);
#6975=EDGE_CURVE('',#6937,#6945,#6974,.T.);
#6976=ORIENTED_EDGE('',*,*,#6975,.T.);
#6977=CARTESIAN_POINT('',(-8.858948482,102.901383031,2.240027463));
#6978=VERTEX_POINT('',#6977);
#6979=CARTESIAN_POINT('',(-8.858948482,102.901383031,2.900027457));
#6980=DIRECTION('',(0.,0.,-1.));
#6981=VECTOR('',#6980,0.659999993);
#6982=LINE('',#6979,#6981);
#6983=EDGE_CURVE('',#6945,#6978,#6982,.T.);
#6984=ORIENTED_EDGE('',*,*,#6983,.T.);
#6985=CARTESIAN_POINT('',(-12.30894847,102.901383031,-1.209972525));
#6986=VERTEX_POINT('',#6985);
#6987=CARTESIAN_POINT('',(-8.858948482,102.901383031,2.240027463));
#6988=CARTESIAN_POINT('',(-8.858948482,102.901383031,2.013417658));
#6989=CARTESIAN_POINT('',(-8.881060952,102.901383031,1.789578025));
#6990=CARTESIAN_POINT('',(-8.924941332,102.901383031,1.5684654));
#6991=CARTESIAN_POINT('',(-8.968821711,102.901383031,1.347352774));
#6992=CARTESIAN_POINT('',(-9.0355984,102.901383031,1.127280846));
#6993=CARTESIAN_POINT('',(-9.121626265,102.901383031,0.919619541));
#6994=CARTESIAN_POINT('',(-9.207654131,102.901383031,0.711958236));
#6995=CARTESIAN_POINT('',(-9.313028292,102.901383031,0.514447766));
#6996=CARTESIAN_POINT('',(-9.437829373,102.901383031,0.327130433));
#6997=CARTESIAN_POINT('',(-9.562630454,102.901383031,0.1398131));
#6998=CARTESIAN_POINT('',(-9.708320401,102.901383031,-0.03811639));
#6999=CARTESIAN_POINT('',(-9.867414776,102.901383031,-0.19747395));
#7000=CARTESIAN_POINT('',(-10.02650915,102.901383031,-0.356831509));
#7001=CARTESIAN_POINT('',(-10.200146018,102.901383031,-0.499852842));
#7002=CARTESIAN_POINT('',(-10.388664886,102.901383031,-0.626156563));
#7003=CARTESIAN_POINT('',(-10.48292432,102.901383031,-0.689308424));
#7004=CARTESIAN_POINT('',(-10.580931907,102.901383031,-0.748152994));
#7005=CARTESIAN_POINT('',(-10.680531988,102.901383031,-0.80147869));
#7006=CARTESIAN_POINT('',(-10.780132069,102.901383031,-0.854804385));
#7007=CARTESIAN_POINT('',(-10.881847839,102.901383031,-0.902983174));
#7008=CARTESIAN_POINT('',(-10.985646696,102.901383031,-0.946094369));
#7009=CARTESIAN_POINT('',(-11.193244411,102.901383031,-1.03231676));
#7010=CARTESIAN_POINT('',(-11.410426521,102.901383031,-1.098665569));
#7011=CARTESIAN_POINT('',(-11.63342969,102.901383031,-1.143192053));
#7012=CARTESIAN_POINT('',(-11.856432859,102.901383031,-1.187718537));
#7013=CARTESIAN_POINT('',(-12.081606387,102.901383031,-1.209972525));
#7014=CARTESIAN_POINT('',(-12.308948469,102.901383031,-1.209972525));
#7015=B_SPLINE_CURVE_WITH_KNOTS('',3,(#6987,#6988,#6989,#6990,#6991,#6992,#6993,#6994,#6995,#6996,#6997,#6998,#6999,#7000,#7001,#7002,#7003,#7004,#7005,#7006,#7007,#7008,#7009,#7010,#7011,#7012,
#7013,#7014),.UNSPECIFIED.,.F.,.F.,(4,3,3,3,3,3,3,3,3,4),(0.007071068,0.007750897,0.008430727,0.009110556,0.009790385,0.010470215,0.01081013,0.011150044,0.011829874,0.012509703),.UNSPECIFIED.);
#7016=EDGE_CURVE('',#6978,#6986,#7015,.T.);
#7017=ORIENTED_EDGE('',*,*,#7016,.T.);
#7018=CARTESIAN_POINT('',(-15.260703544,102.901383031,-1.209972525));
#7019=DIRECTION('',(1.,-0.,0.));
#7020=VECTOR('',#7019,2.951755074);
#7021=LINE('',#7018,#7020);
#7022=EDGE_CURVE('',#6852,#6986,#7021,.T.);
#7023=ORIENTED_EDGE('',*,*,#7022,.F.);
#7024=EDGE_LOOP('',(#6858,#6894,#6902,#6935,#6943,#6976,#6984,#7017,#7023));
#7025=FACE_BOUND('',#7024,.T.);
#7026=ORIENTED_EDGE('',*,*,#3087,.T.);
#7027=ORIENTED_EDGE('',*,*,#3334,.F.);
#7028=ORIENTED_EDGE('',*,*,#3291,.F.);
#7029=ORIENTED_EDGE('',*,*,#3267,.F.);
#7030=ORIENTED_EDGE('',*,*,#3224,.T.);
#7031=ORIENTED_EDGE('',*,*,#3200,.T.);
#7032=ORIENTED_EDGE('',*,*,#3158,.T.);
#7033=ORIENTED_EDGE('',*,*,#3134,.T.);
#7034=EDGE_LOOP('',(#7026,#7027,#7028,#7029,#7030,#7031,#7032,#7033));
#7035=FACE_BOUND('',#7034,.T.);
#7036=ADVANCED_FACE('',(#7025,#7035),#6848,.T.);
#7037=CARTESIAN_POINT('',(-19.698948397,111.92843119,-1.209972525));
#7038=DIRECTION('',(0.,0.,-1.));
#7039=DIRECTION('',(0.,1.,0.));
#7040=AXIS2_PLACEMENT_3D('',#7037,#7038,#7039);
#7041=PLANE('',#7040);
#7042=ORIENTED_EDGE('',*,*,#6020,.T.);
#7043=CARTESIAN_POINT('',(-18.748948406,109.098377911,-1.209972525));
#7044=DIRECTION('',(-0.,-1.,-0.));
#7045=VECTOR('',#7044,6.19699488);
#7046=LINE('',#7043,#7045);
#7047=EDGE_CURVE('',#5994,#6850,#7046,.T.);
#7048=ORIENTED_EDGE('',*,*,#7047,.T.);
#7049=ORIENTED_EDGE('',*,*,#6857,.T.);
#7050=CARTESIAN_POINT('',(-15.260703544,109.098334826,-1.209972525));
#7051=DIRECTION('',(-0.,-1.,-0.));
#7052=VECTOR('',#7051,6.196951795);
#7053=LINE('',#7050,#7052);
#7054=EDGE_CURVE('',#6015,#6852,#7053,.T.);
#7055=ORIENTED_EDGE('',*,*,#7054,.F.);
#7056=EDGE_LOOP('',(#7042,#7048,#7049,#7055));
#7057=FACE_BOUND('',#7056,.T.);
#7058=ADVANCED_FACE('',(#7057),#7041,.F.);
#7059=CARTESIAN_POINT('',(-18.748948406,109.490207193,-1.209972525));
#7060=CARTESIAN_POINT('',(-18.748948406,108.503932472,-1.209972525));
#7061=CARTESIAN_POINT('',(-18.748948406,107.517657751,-1.209972525));
#7062=CARTESIAN_POINT('',(-18.748948406,106.531383031,-1.209972525));
#7063=CARTESIAN_POINT('',(-18.748948406,106.261530623,-1.209972525));
#7064=CARTESIAN_POINT('',(-18.748948406,105.991678215,-1.209972525));
#7065=CARTESIAN_POINT('',(-18.748948406,105.721825807,-1.209972525));
#7066=CARTESIAN_POINT('',(-18.748948406,105.371017676,-1.209972525));
#7067=CARTESIAN_POINT('',(-18.748948406,105.020209546,-1.209972525));
#7068=CARTESIAN_POINT('',(-18.748948406,104.669401416,-1.209972525));
#7069=CARTESIAN_POINT('',(-18.748948406,104.213350846,-1.209972525));
#7070=CARTESIAN_POINT('',(-18.748948406,103.757300277,-1.209972525));
#7071=CARTESIAN_POINT('',(-18.748948406,103.301249707,-1.209972525));
#7072=CARTESIAN_POINT('',(-18.748948406,103.167960815,-1.209972525));
#7073=CARTESIAN_POINT('',(-18.748948406,103.034671923,-1.209972525));
#7074=CARTESIAN_POINT('',(-18.748948406,102.901383031,-1.209972525));
#7075=CARTESIAN_POINT('',(-18.952241605,109.490207193,-1.209972525));
#7076=CARTESIAN_POINT('',(-18.952241605,108.503932472,-1.209972525));
#7077=CARTESIAN_POINT('',(-18.952241605,107.517657751,-1.209972525));
#7078=CARTESIAN_POINT('',(-18.952241605,106.531383031,-1.209972525));
#7079=CARTESIAN_POINT('',(-18.952241605,106.261530623,-1.209972525));
#7080=CARTESIAN_POINT('',(-18.952241605,105.991678215,-1.209972525));
#7081=CARTESIAN_POINT('',(-18.952241605,105.721825807,-1.209972525));
#7082=CARTESIAN_POINT('',(-18.952241605,105.371017676,-1.209972525));
#7083=CARTESIAN_POINT('',(-18.952241605,105.020209546,-1.209972525));
#7084=CARTESIAN_POINT('',(-18.952241605,104.669401416,-1.209972525));
#7085=CARTESIAN_POINT('',(-18.952241605,104.213350846,-1.209972525));
#7086=CARTESIAN_POINT('',(-18.952241605,103.757300277,-1.209972525));
#7087=CARTESIAN_POINT('',(-18.952241605,103.301249707,-1.209972525));
#7088=CARTESIAN_POINT('',(-18.952241605,103.167960815,-1.209972525));
#7089=CARTESIAN_POINT('',(-18.952241605,103.034671923,-1.209972525));
#7090=CARTESIAN_POINT('',(-18.952241605,102.901383031,-1.209972525));
#7091=CARTESIAN_POINT('',(-19.163137251,109.490207193,-1.191900227));
#7092=CARTESIAN_POINT('',(-19.163137251,108.503932472,-1.191900227));
#7093=CARTESIAN_POINT('',(-19.163137251,107.517657751,-1.191900227));
#7094=CARTESIAN_POINT('',(-19.163137251,106.531383031,-1.191900227));
#7095=CARTESIAN_POINT('',(-19.163137251,106.261530623,-1.191900227));
#7096=CARTESIAN_POINT('',(-19.163137251,105.991678215,-1.191900227));
#7097=CARTESIAN_POINT('',(-19.163137251,105.721825807,-1.191900227));
#7098=CARTESIAN_POINT('',(-19.163137251,105.371017676,-1.191900227));
#7099=CARTESIAN_POINT('',(-19.163137251,105.020209546,-1.191900227));
#7100=CARTESIAN_POINT('',(-19.163137251,104.669401416,-1.191900227));
#7101=CARTESIAN_POINT('',(-19.163137251,104.213350846,-1.191900227));
#7102=CARTESIAN_POINT('',(-19.163137251,103.757300277,-1.191900227));
#7103=CARTESIAN_POINT('',(-19.163137251,103.301249707,-1.191900227));
#7104=CARTESIAN_POINT('',(-19.163137251,103.167960815,-1.191900227));
#7105=CARTESIAN_POINT('',(-19.163137251,103.034671923,-1.191900227));
#7106=CARTESIAN_POINT('',(-19.163137251,102.901383031,-1.191900227));
#7107=CARTESIAN_POINT('',(-19.376720935,109.490207193,-1.152376046));
#7108=CARTESIAN_POINT('',(-19.376720935,108.503932472,-1.152376046));
#7109=CARTESIAN_POINT('',(-19.376720935,107.517657751,-1.152376046));
#7110=CARTESIAN_POINT('',(-19.376720935,106.531383031,-1.152376046));
#7111=CARTESIAN_POINT('',(-19.376720935,106.261530623,-1.152376046));
#7112=CARTESIAN_POINT('',(-19.376720935,105.991678215,-1.152376046));
#7113=CARTESIAN_POINT('',(-19.376720935,105.721825807,-1.152376046));
#7114=CARTESIAN_POINT('',(-19.376720935,105.371017676,-1.152376046));
#7115=CARTESIAN_POINT('',(-19.376720935,105.020209546,-1.152376046));
#7116=CARTESIAN_POINT('',(-19.376720935,104.669401416,-1.152376046));
#7117=CARTESIAN_POINT('',(-19.376720935,104.213350846,-1.152376046));
#7118=CARTESIAN_POINT('',(-19.376720935,103.757300277,-1.152376046));
#7119=CARTESIAN_POINT('',(-19.376720935,103.301249707,-1.152376046));
#7120=CARTESIAN_POINT('',(-19.376720935,103.167960815,-1.152376046));
#7121=CARTESIAN_POINT('',(-19.376720935,103.034671923,-1.152376046));
#7122=CARTESIAN_POINT('',(-19.376720935,102.901383031,-1.152376046));
#7123=CARTESIAN_POINT('',(-19.590304619,109.490207193,-1.112851865));
#7124=CARTESIAN_POINT('',(-19.590304619,108.503932472,-1.112851865));
#7125=CARTESIAN_POINT('',(-19.590304619,107.517657751,-1.112851865));
#7126=CARTESIAN_POINT('',(-19.590304619,106.531383031,-1.112851865));
#7127=CARTESIAN_POINT('',(-19.590304619,106.261530623,-1.112851865));
#7128=CARTESIAN_POINT('',(-19.590304619,105.991678215,-1.112851865));
#7129=CARTESIAN_POINT('',(-19.590304619,105.721825807,-1.112851865));
#7130=CARTESIAN_POINT('',(-19.590304619,105.371017676,-1.112851865));
#7131=CARTESIAN_POINT('',(-19.590304619,105.020209546,-1.112851865));
#7132=CARTESIAN_POINT('',(-19.590304619,104.669401416,-1.112851865));
#7133=CARTESIAN_POINT('',(-19.590304619,104.213350846,-1.112851865));
#7134=CARTESIAN_POINT('',(-19.590304619,103.757300277,-1.112851865));
#7135=CARTESIAN_POINT('',(-19.590304619,103.301249707,-1.112851865));
#7136=CARTESIAN_POINT('',(-19.590304619,103.167960815,-1.112851865));
#7137=CARTESIAN_POINT('',(-19.590304619,103.034671923,-1.112851865));
#7138=CARTESIAN_POINT('',(-19.590304619,102.901383031,-1.112851865));
#7139=CARTESIAN_POINT('',(-19.806532911,109.490207193,-1.05180652));
#7140=CARTESIAN_POINT('',(-19.806532911,108.503932472,-1.05180652));
#7141=CARTESIAN_POINT('',(-19.806532911,107.517657751,-1.05180652));
#7142=CARTESIAN_POINT('',(-19.806532911,106.531383031,-1.05180652));
#7143=CARTESIAN_POINT('',(-19.806532911,106.261530623,-1.05180652));
#7144=CARTESIAN_POINT('',(-19.806532911,105.991678215,-1.05180652));
#7145=CARTESIAN_POINT('',(-19.806532911,105.721825807,-1.05180652));
#7146=CARTESIAN_POINT('',(-19.806532911,105.371017676,-1.05180652));
#7147=CARTESIAN_POINT('',(-19.806532911,105.020209546,-1.05180652));
#7148=CARTESIAN_POINT('',(-19.806532911,104.669401416,-1.05180652));
#7149=CARTESIAN_POINT('',(-19.806532911,104.213350846,-1.05180652));
#7150=CARTESIAN_POINT('',(-19.806532911,103.757300277,-1.05180652));
#7151=CARTESIAN_POINT('',(-19.806532911,103.301249707,-1.05180652));
#7152=CARTESIAN_POINT('',(-19.806532911,103.167960815,-1.05180652));
#7153=CARTESIAN_POINT('',(-19.806532911,103.034671923,-1.05180652));
#7154=CARTESIAN_POINT('',(-19.806532911,102.901383031,-1.05180652));
#7155=CARTESIAN_POINT('',(-20.018875149,109.490207193,-0.967742164));
#7156=CARTESIAN_POINT('',(-20.018875149,108.503932472,-0.967742164));
#7157=CARTESIAN_POINT('',(-20.018875149,107.517657751,-0.967742164));
#7158=CARTESIAN_POINT('',(-20.018875149,106.531383031,-0.967742164));
#7159=CARTESIAN_POINT('',(-20.018875149,106.261530623,-0.967742164));
#7160=CARTESIAN_POINT('',(-20.018875149,105.991678215,-0.967742164));
#7161=CARTESIAN_POINT('',(-20.018875149,105.721825807,-0.967742164));
#7162=CARTESIAN_POINT('',(-20.018875149,105.371017676,-0.967742164));
#7163=CARTESIAN_POINT('',(-20.018875149,105.020209546,-0.967742164));
#7164=CARTESIAN_POINT('',(-20.018875149,104.669401416,-0.967742164));
#7165=CARTESIAN_POINT('',(-20.018875149,104.213350846,-0.967742164));
#7166=CARTESIAN_POINT('',(-20.018875149,103.757300277,-0.967742164));
#7167=CARTESIAN_POINT('',(-20.018875149,103.301249707,-0.967742164));
#7168=CARTESIAN_POINT('',(-20.018875149,103.167960815,-0.967742164));
#7169=CARTESIAN_POINT('',(-20.018875149,103.034671923,-0.967742164));
#7170=CARTESIAN_POINT('',(-20.018875149,102.901383031,-0.967742164));
#7171=CARTESIAN_POINT('',(-20.231217388,109.490207193,-0.883677808));
#7172=CARTESIAN_POINT('',(-20.231217388,108.503932472,-0.883677808));
#7173=CARTESIAN_POINT('',(-20.231217388,107.517657751,-0.883677808));
#7174=CARTESIAN_POINT('',(-20.231217388,106.531383031,-0.883677808));
#7175=CARTESIAN_POINT('',(-20.231217388,106.261530623,-0.883677808));
#7176=CARTESIAN_POINT('',(-20.231217388,105.991678215,-0.883677808));
#7177=CARTESIAN_POINT('',(-20.231217388,105.721825807,-0.883677808));
#7178=CARTESIAN_POINT('',(-20.231217388,105.371017676,-0.883677808));
#7179=CARTESIAN_POINT('',(-20.231217388,105.020209546,-0.883677808));
#7180=CARTESIAN_POINT('',(-20.231217388,104.669401416,-0.883677808));
#7181=CARTESIAN_POINT('',(-20.231217388,104.213350846,-0.883677808));
#7182=CARTESIAN_POINT('',(-20.231217388,103.757300277,-0.883677808));
#7183=CARTESIAN_POINT('',(-20.231217388,103.301249707,-0.883677808));
#7184=CARTESIAN_POINT('',(-20.231217388,103.167960815,-0.883677808));
#7185=CARTESIAN_POINT('',(-20.231217388,103.034671923,-0.883677808));
#7186=CARTESIAN_POINT('',(-20.231217388,102.901383031,-0.883677808));
#7187=CARTESIAN_POINT('',(-20.439587492,109.490207193,-0.776554772));
#7188=CARTESIAN_POINT('',(-20.439587492,108.503932472,-0.776554772));
#7189=CARTESIAN_POINT('',(-20.439587492,107.517657751,-0.776554772));
#7190=CARTESIAN_POINT('',(-20.439587492,106.531383031,-0.776554772));
#7191=CARTESIAN_POINT('',(-20.439587492,106.261530623,-0.776554772));
#7192=CARTESIAN_POINT('',(-20.439587492,105.991678215,-0.776554772));
#7193=CARTESIAN_POINT('',(-20.439587492,105.721825807,-0.776554772));
#7194=CARTESIAN_POINT('',(-20.439587492,105.371017676,-0.776554772));
#7195=CARTESIAN_POINT('',(-20.439587492,105.020209546,-0.776554772));
#7196=CARTESIAN_POINT('',(-20.439587492,104.669401416,-0.776554772));
#7197=CARTESIAN_POINT('',(-20.439587492,104.213350846,-0.776554772));
#7198=CARTESIAN_POINT('',(-20.439587492,103.757300277,-0.776554772));
#7199=CARTESIAN_POINT('',(-20.439587492,103.301249707,-0.776554772));
#7200=CARTESIAN_POINT('',(-20.439587492,103.167960815,-0.776554772));
#7201=CARTESIAN_POINT('',(-20.439587492,103.034671923,-0.776554772));
#7202=CARTESIAN_POINT('',(-20.439587492,102.901383031,-0.776554772));
#7203=CARTESIAN_POINT('',(-20.636822048,109.490207193,-0.64760704));
#7204=CARTESIAN_POINT('',(-20.636822048,108.503932472,-0.64760704));
#7205=CARTESIAN_POINT('',(-20.636822048,107.517657751,-0.64760704));
#7206=CARTESIAN_POINT('',(-20.636822048,106.531383031,-0.64760704));
#7207=CARTESIAN_POINT('',(-20.636822048,106.261530623,-0.64760704));
#7208=CARTESIAN_POINT('',(-20.636822048,105.991678215,-0.64760704));
#7209=CARTESIAN_POINT('',(-20.636822048,105.721825807,-0.64760704));
#7210=CARTESIAN_POINT('',(-20.636822048,105.371017676,-0.64760704));
#7211=CARTESIAN_POINT('',(-20.636822048,105.020209546,-0.64760704));
#7212=CARTESIAN_POINT('',(-20.636822048,104.669401416,-0.64760704));
#7213=CARTESIAN_POINT('',(-20.636822048,104.213350846,-0.64760704));
#7214=CARTESIAN_POINT('',(-20.636822048,103.757300277,-0.64760704));
#7215=CARTESIAN_POINT('',(-20.636822048,103.301249707,-0.64760704));
#7216=CARTESIAN_POINT('',(-20.636822048,103.167960815,-0.64760704));
#7217=CARTESIAN_POINT('',(-20.636822048,103.034671923,-0.64760704));
#7218=CARTESIAN_POINT('',(-20.636822048,102.901383031,-0.64760704));
#7219=CARTESIAN_POINT('',(-20.834056605,109.490207193,-0.518659308));
#7220=CARTESIAN_POINT('',(-20.834056605,108.503932472,-0.518659308));
#7221=CARTESIAN_POINT('',(-20.834056605,107.517657751,-0.518659308));
#7222=CARTESIAN_POINT('',(-20.834056605,106.531383031,-0.518659308));
#7223=CARTESIAN_POINT('',(-20.834056605,106.261530623,-0.518659308));
#7224=CARTESIAN_POINT('',(-20.834056605,105.991678215,-0.518659308));
#7225=CARTESIAN_POINT('',(-20.834056605,105.721825807,-0.518659308));
#7226=CARTESIAN_POINT('',(-20.834056605,105.371017676,-0.518659308));
#7227=CARTESIAN_POINT('',(-20.834056605,105.020209546,-0.518659308));
#7228=CARTESIAN_POINT('',(-20.834056605,104.669401416,-0.518659308));
#7229=CARTESIAN_POINT('',(-20.834056605,104.213350846,-0.518659308));
#7230=CARTESIAN_POINT('',(-20.834056605,103.757300277,-0.518659308));
#7231=CARTESIAN_POINT('',(-20.834056605,103.301249707,-0.518659308));
#7232=CARTESIAN_POINT('',(-20.834056605,103.167960815,-0.518659308));
#7233=CARTESIAN_POINT('',(-20.834056605,103.034671923,-0.518659308));
#7234=CARTESIAN_POINT('',(-20.834056605,102.901383031,-0.518659308));
#7235=CARTESIAN_POINT('',(-21.020053192,109.490207193,-0.367904524));
#7236=CARTESIAN_POINT('',(-21.020053192,108.503932472,-0.367904524));
#7237=CARTESIAN_POINT('',(-21.020053192,107.517657751,-0.367904524));
#7238=CARTESIAN_POINT('',(-21.020053192,106.531383031,-0.367904524));
#7239=CARTESIAN_POINT('',(-21.020053192,106.261530623,-0.367904524));
#7240=CARTESIAN_POINT('',(-21.020053192,105.991678215,-0.367904524));
#7241=CARTESIAN_POINT('',(-21.020053192,105.721825807,-0.367904524));
#7242=CARTESIAN_POINT('',(-21.020053192,105.371017676,-0.367904524));
#7243=CARTESIAN_POINT('',(-21.020053192,105.020209546,-0.367904524));
#7244=CARTESIAN_POINT('',(-21.020053192,104.669401416,-0.367904524));
#7245=CARTESIAN_POINT('',(-21.020053192,104.213350846,-0.367904524));
#7246=CARTESIAN_POINT('',(-21.020053192,103.757300277,-0.367904524));
#7247=CARTESIAN_POINT('',(-21.020053192,103.301249707,-0.367904524));
#7248=CARTESIAN_POINT('',(-21.020053192,103.167960815,-0.367904524));
#7249=CARTESIAN_POINT('',(-21.020053192,103.034671923,-0.367904524));
#7250=CARTESIAN_POINT('',(-21.020053192,102.901383031,-0.367904524));
#7251=CARTESIAN_POINT('',(-21.188466792,109.490207193,-0.199490923));
#7252=CARTESIAN_POINT('',(-21.188466792,108.503932472,-0.199490923));
#7253=CARTESIAN_POINT('',(-21.188466792,107.517657751,-0.199490923));
#7254=CARTESIAN_POINT('',(-21.188466792,106.531383031,-0.199490923));
#7255=CARTESIAN_POINT('',(-21.188466792,106.261530623,-0.199490923));
#7256=CARTESIAN_POINT('',(-21.188466792,105.991678215,-0.199490923));
#7257=CARTESIAN_POINT('',(-21.188466792,105.721825807,-0.199490923));
#7258=CARTESIAN_POINT('',(-21.188466792,105.371017676,-0.199490923));
#7259=CARTESIAN_POINT('',(-21.188466792,105.020209546,-0.199490923));
#7260=CARTESIAN_POINT('',(-21.188466792,104.669401416,-0.199490923));
#7261=CARTESIAN_POINT('',(-21.188466792,104.213350846,-0.199490923));
#7262=CARTESIAN_POINT('',(-21.188466792,103.757300277,-0.199490923));
#7263=CARTESIAN_POINT('',(-21.188466792,103.301249707,-0.199490923));
#7264=CARTESIAN_POINT('',(-21.188466792,103.167960815,-0.199490923));
#7265=CARTESIAN_POINT('',(-21.188466792,103.034671923,-0.199490923));
#7266=CARTESIAN_POINT('',(-21.188466792,102.901383031,-0.199490923));
#7267=CARTESIAN_POINT('',(-21.356880393,109.490207193,-0.031077323));
#7268=CARTESIAN_POINT('',(-21.356880393,108.503932472,-0.031077323));
#7269=CARTESIAN_POINT('',(-21.356880393,107.517657751,-0.031077323));
#7270=CARTESIAN_POINT('',(-21.356880393,106.531383031,-0.031077323));
#7271=CARTESIAN_POINT('',(-21.356880393,106.261530623,-0.031077323));
#7272=CARTESIAN_POINT('',(-21.356880393,105.991678215,-0.031077323));
#7273=CARTESIAN_POINT('',(-21.356880393,105.721825807,-0.031077323));
#7274=CARTESIAN_POINT('',(-21.356880393,105.371017676,-0.031077323));
#7275=CARTESIAN_POINT('',(-21.356880393,105.020209546,-0.031077323));
#7276=CARTESIAN_POINT('',(-21.356880393,104.669401416,-0.031077323));
#7277=CARTESIAN_POINT('',(-21.356880393,104.213350846,-0.031077323));
#7278=CARTESIAN_POINT('',(-21.356880393,103.757300277,-0.031077323));
#7279=CARTESIAN_POINT('',(-21.356880393,103.301249707,-0.031077323));
#7280=CARTESIAN_POINT('',(-21.356880393,103.167960815,-0.031077323));
#7281=CARTESIAN_POINT('',(-21.356880393,103.034671923,-0.031077323));
#7282=CARTESIAN_POINT('',(-21.356880393,102.901383031,-0.031077323));
#7283=CARTESIAN_POINT('',(-21.507635177,109.490207193,0.154919264));
#7284=CARTESIAN_POINT('',(-21.507635177,108.503932472,0.154919264));
#7285=CARTESIAN_POINT('',(-21.507635177,107.517657751,0.154919264));
#7286=CARTESIAN_POINT('',(-21.507635177,106.531383031,0.154919264));
#7287=CARTESIAN_POINT('',(-21.507635177,106.261530623,0.154919264));
#7288=CARTESIAN_POINT('',(-21.507635177,105.991678215,0.154919264));
#7289=CARTESIAN_POINT('',(-21.507635177,105.721825807,0.154919264));
#7290=CARTESIAN_POINT('',(-21.507635177,105.371017676,0.154919264));
#7291=CARTESIAN_POINT('',(-21.507635177,105.020209546,0.154919264));
#7292=CARTESIAN_POINT('',(-21.507635177,104.669401416,0.154919264));
#7293=CARTESIAN_POINT('',(-21.507635177,104.213350846,0.154919264));
#7294=CARTESIAN_POINT('',(-21.507635177,103.757300277,0.154919264));
#7295=CARTESIAN_POINT('',(-21.507635177,103.301249707,0.154919264));
#7296=CARTESIAN_POINT('',(-21.507635177,103.167960815,0.154919264));
#7297=CARTESIAN_POINT('',(-21.507635177,103.034671923,0.154919264));
#7298=CARTESIAN_POINT('',(-21.507635177,102.901383031,0.154919264));
#7299=CARTESIAN_POINT('',(-21.636582909,109.490207193,0.352153821));
#7300=CARTESIAN_POINT('',(-21.636582909,108.503932472,0.352153821));
#7301=CARTESIAN_POINT('',(-21.636582909,107.517657751,0.352153821));
#7302=CARTESIAN_POINT('',(-21.636582909,106.531383031,0.352153821));
#7303=CARTESIAN_POINT('',(-21.636582909,106.261530623,0.352153821));
#7304=CARTESIAN_POINT('',(-21.636582909,105.991678215,0.352153821));
#7305=CARTESIAN_POINT('',(-21.636582909,105.721825807,0.352153821));
#7306=CARTESIAN_POINT('',(-21.636582909,105.371017676,0.352153821));
#7307=CARTESIAN_POINT('',(-21.636582909,105.020209546,0.352153821));
#7308=CARTESIAN_POINT('',(-21.636582909,104.669401416,0.352153821));
#7309=CARTESIAN_POINT('',(-21.636582909,104.213350846,0.352153821));
#7310=CARTESIAN_POINT('',(-21.636582909,103.757300277,0.352153821));
#7311=CARTESIAN_POINT('',(-21.636582909,103.301249707,0.352153821));
#7312=CARTESIAN_POINT('',(-21.636582909,103.167960815,0.352153821));
#7313=CARTESIAN_POINT('',(-21.636582909,103.034671923,0.352153821));
#7314=CARTESIAN_POINT('',(-21.636582909,102.901383031,0.352153821));
#7315=CARTESIAN_POINT('',(-21.765530641,109.490207193,0.549388377));
#7316=CARTESIAN_POINT('',(-21.765530641,108.503932472,0.549388377));
#7317=CARTESIAN_POINT('',(-21.765530641,107.517657751,0.549388377));
#7318=CARTESIAN_POINT('',(-21.765530641,106.531383031,0.549388377));
#7319=CARTESIAN_POINT('',(-21.765530641,106.261530623,0.549388377));
#7320=CARTESIAN_POINT('',(-21.765530641,105.991678215,0.549388377));
#7321=CARTESIAN_POINT('',(-21.765530641,105.721825807,0.549388377));
#7322=CARTESIAN_POINT('',(-21.765530641,105.371017676,0.549388377));
#7323=CARTESIAN_POINT('',(-21.765530641,105.020209546,0.549388377));
#7324=CARTESIAN_POINT('',(-21.765530641,104.669401416,0.549388377));
#7325=CARTESIAN_POINT('',(-21.765530641,104.213350846,0.549388377));
#7326=CARTESIAN_POINT('',(-21.765530641,103.757300277,0.549388377));
#7327=CARTESIAN_POINT('',(-21.765530641,103.301249707,0.549388377));
#7328=CARTESIAN_POINT('',(-21.765530641,103.167960815,0.549388377));
#7329=CARTESIAN_POINT('',(-21.765530641,103.034671923,0.549388377));
#7330=CARTESIAN_POINT('',(-21.765530641,102.901383031,0.549388377));
#7331=CARTESIAN_POINT('',(-21.872653677,109.490207193,0.757758481));
#7332=CARTESIAN_POINT('',(-21.872653677,108.503932472,0.757758481));
#7333=CARTESIAN_POINT('',(-21.872653677,107.517657751,0.757758481));
#7334=CARTESIAN_POINT('',(-21.872653677,106.531383031,0.757758481));
#7335=CARTESIAN_POINT('',(-21.872653677,106.261530623,0.757758481));
#7336=CARTESIAN_POINT('',(-21.872653677,105.991678215,0.757758481));
#7337=CARTESIAN_POINT('',(-21.872653677,105.721825807,0.757758481));
#7338=CARTESIAN_POINT('',(-21.872653677,105.371017676,0.757758481));
#7339=CARTESIAN_POINT('',(-21.872653677,105.020209546,0.757758481));
#7340=CARTESIAN_POINT('',(-21.872653677,104.669401416,0.757758481));
#7341=CARTESIAN_POINT('',(-21.872653677,104.213350846,0.757758481));
#7342=CARTESIAN_POINT('',(-21.872653677,103.757300277,0.757758481));
#7343=CARTESIAN_POINT('',(-21.872653677,103.301249707,0.757758481));
#7344=CARTESIAN_POINT('',(-21.872653677,103.167960815,0.757758481));
#7345=CARTESIAN_POINT('',(-21.872653677,103.034671923,0.757758481));
#7346=CARTESIAN_POINT('',(-21.872653677,102.901383031,0.757758481));
#7347=CARTESIAN_POINT('',(-21.956718033,109.490207193,0.97010072));
#7348=CARTESIAN_POINT('',(-21.956718033,108.503932472,0.97010072));
#7349=CARTESIAN_POINT('',(-21.956718033,107.517657751,0.97010072));
#7350=CARTESIAN_POINT('',(-21.956718033,106.531383031,0.97010072));
#7351=CARTESIAN_POINT('',(-21.956718033,106.261530623,0.97010072));
#7352=CARTESIAN_POINT('',(-21.956718033,105.991678215,0.97010072));
#7353=CARTESIAN_POINT('',(-21.956718033,105.721825807,0.97010072));
#7354=CARTESIAN_POINT('',(-21.956718033,105.371017676,0.97010072));
#7355=CARTESIAN_POINT('',(-21.956718033,105.020209546,0.97010072));
#7356=CARTESIAN_POINT('',(-21.956718033,104.669401416,0.97010072));
#7357=CARTESIAN_POINT('',(-21.956718033,104.213350846,0.97010072));
#7358=CARTESIAN_POINT('',(-21.956718033,103.757300277,0.97010072));
#7359=CARTESIAN_POINT('',(-21.956718033,103.301249707,0.97010072));
#7360=CARTESIAN_POINT('',(-21.956718033,103.167960815,0.97010072));
#7361=CARTESIAN_POINT('',(-21.956718033,103.034671923,0.97010072));
#7362=CARTESIAN_POINT('',(-21.956718033,102.901383031,0.97010072));
#7363=CARTESIAN_POINT('',(-22.040782389,109.490207193,1.182442958));
#7364=CARTESIAN_POINT('',(-22.040782389,108.503932472,1.182442958));
#7365=CARTESIAN_POINT('',(-22.040782389,107.517657751,1.182442958));
#7366=CARTESIAN_POINT('',(-22.040782389,106.531383031,1.182442958));
#7367=CARTESIAN_POINT('',(-22.040782389,106.261530623,1.182442958));
#7368=CARTESIAN_POINT('',(-22.040782389,105.991678215,1.182442958));
#7369=CARTESIAN_POINT('',(-22.040782389,105.721825807,1.182442958));
#7370=CARTESIAN_POINT('',(-22.040782389,105.371017676,1.182442958));
#7371=CARTESIAN_POINT('',(-22.040782389,105.020209546,1.182442958));
#7372=CARTESIAN_POINT('',(-22.040782389,104.669401416,1.182442958));
#7373=CARTESIAN_POINT('',(-22.040782389,104.213350846,1.182442958));
#7374=CARTESIAN_POINT('',(-22.040782389,103.757300277,1.182442958));
#7375=CARTESIAN_POINT('',(-22.040782389,103.301249707,1.182442958));
#7376=CARTESIAN_POINT('',(-22.040782389,103.167960815,1.182442958));
#7377=CARTESIAN_POINT('',(-22.040782389,103.034671923,1.182442958));
#7378=CARTESIAN_POINT('',(-22.040782389,102.901383031,1.182442958));
#7379=CARTESIAN_POINT('',(-22.101827734,109.490207193,1.39867125));
#7380=CARTESIAN_POINT('',(-22.101827734,108.503932472,1.39867125));
#7381=CARTESIAN_POINT('',(-22.101827734,107.517657751,1.39867125));
#7382=CARTESIAN_POINT('',(-22.101827734,106.531383031,1.39867125));
#7383=CARTESIAN_POINT('',(-22.101827734,106.261530623,1.39867125));
#7384=CARTESIAN_POINT('',(-22.101827734,105.991678215,1.39867125));
#7385=CARTESIAN_POINT('',(-22.101827734,105.721825807,1.39867125));
#7386=CARTESIAN_POINT('',(-22.101827734,105.371017676,1.39867125));
#7387=CARTESIAN_POINT('',(-22.101827734,105.020209546,1.39867125));
#7388=CARTESIAN_POINT('',(-22.101827734,104.669401416,1.39867125));
#7389=CARTESIAN_POINT('',(-22.101827734,104.213350846,1.39867125));
#7390=CARTESIAN_POINT('',(-22.101827734,103.757300277,1.39867125));
#7391=CARTESIAN_POINT('',(-22.101827734,103.301249707,1.39867125));
#7392=CARTESIAN_POINT('',(-22.101827734,103.167960815,1.39867125));
#7393=CARTESIAN_POINT('',(-22.101827734,103.034671923,1.39867125));
#7394=CARTESIAN_POINT('',(-22.101827734,102.901383031,1.39867125));
#7395=CARTESIAN_POINT('',(-22.141351915,109.490207193,1.612254934));
#7396=CARTESIAN_POINT('',(-22.141351915,108.503932472,1.612254934));
#7397=CARTESIAN_POINT('',(-22.141351915,107.517657751,1.612254934));
#7398=CARTESIAN_POINT('',(-22.141351915,106.531383031,1.612254934));
#7399=CARTESIAN_POINT('',(-22.141351915,106.261530623,1.612254934));
#7400=CARTESIAN_POINT('',(-22.141351915,105.991678215,1.612254934));
#7401=CARTESIAN_POINT('',(-22.141351915,105.721825807,1.612254934));
#7402=CARTESIAN_POINT('',(-22.141351915,105.371017676,1.612254934));
#7403=CARTESIAN_POINT('',(-22.141351915,105.020209546,1.612254934));
#7404=CARTESIAN_POINT('',(-22.141351915,104.669401416,1.612254934));
#7405=CARTESIAN_POINT('',(-22.141351915,104.213350846,1.612254934));
#7406=CARTESIAN_POINT('',(-22.141351915,103.757300277,1.612254934));
#7407=CARTESIAN_POINT('',(-22.141351915,103.301249707,1.612254934));
#7408=CARTESIAN_POINT('',(-22.141351915,103.167960815,1.612254934));
#7409=CARTESIAN_POINT('',(-22.141351915,103.034671923,1.612254934));
#7410=CARTESIAN_POINT('',(-22.141351915,102.901383031,1.612254934));
#7411=CARTESIAN_POINT('',(-22.180876096,109.490207193,1.825838619));
#7412=CARTESIAN_POINT('',(-22.180876096,108.503932472,1.825838619));
#7413=CARTESIAN_POINT('',(-22.180876096,107.517657751,1.825838619));
#7414=CARTESIAN_POINT('',(-22.180876096,106.531383031,1.825838619));
#7415=CARTESIAN_POINT('',(-22.180876096,106.261530623,1.825838619));
#7416=CARTESIAN_POINT('',(-22.180876096,105.991678215,1.825838619));
#7417=CARTESIAN_POINT('',(-22.180876096,105.721825807,1.825838619));
#7418=CARTESIAN_POINT('',(-22.180876096,105.371017676,1.825838619));
#7419=CARTESIAN_POINT('',(-22.180876096,105.020209546,1.825838619));
#7420=CARTESIAN_POINT('',(-22.180876096,104.669401416,1.825838619));
#7421=CARTESIAN_POINT('',(-22.180876096,104.213350846,1.825838619));
#7422=CARTESIAN_POINT('',(-22.180876096,103.757300277,1.825838619));
#7423=CARTESIAN_POINT('',(-22.180876096,103.301249707,1.825838619));
#7424=CARTESIAN_POINT('',(-22.180876096,103.167960815,1.825838619));
#7425=CARTESIAN_POINT('',(-22.180876096,103.034671923,1.825838619));
#7426=CARTESIAN_POINT('',(-22.180876096,102.901383031,1.825838619));
#7427=CARTESIAN_POINT('',(-22.198948394,109.490207193,2.036734264));
#7428=CARTESIAN_POINT('',(-22.198948394,108.503932472,2.036734264));
#7429=CARTESIAN_POINT('',(-22.198948394,107.517657751,2.036734264));
#7430=CARTESIAN_POINT('',(-22.198948394,106.531383031,2.036734264));
#7431=CARTESIAN_POINT('',(-22.198948394,106.261530623,2.036734264));
#7432=CARTESIAN_POINT('',(-22.198948394,105.991678215,2.036734264));
#7433=CARTESIAN_POINT('',(-22.198948394,105.721825807,2.036734264));
#7434=CARTESIAN_POINT('',(-22.198948394,105.371017676,2.036734264));
#7435=CARTESIAN_POINT('',(-22.198948394,105.020209546,2.036734264));
#7436=CARTESIAN_POINT('',(-22.198948394,104.669401416,2.036734264));
#7437=CARTESIAN_POINT('',(-22.198948394,104.213350846,2.036734264));
#7438=CARTESIAN_POINT('',(-22.198948394,103.757300277,2.036734264));
#7439=CARTESIAN_POINT('',(-22.198948394,103.301249707,2.036734264));
#7440=CARTESIAN_POINT('',(-22.198948394,103.167960815,2.036734264));
#7441=CARTESIAN_POINT('',(-22.198948394,103.034671923,2.036734264));
#7442=CARTESIAN_POINT('',(-22.198948394,102.901383031,2.036734264));
#7443=CARTESIAN_POINT('',(-22.198948394,109.490207193,2.240027463));
#7444=CARTESIAN_POINT('',(-22.198948394,108.503932472,2.240027463));
#7445=CARTESIAN_POINT('',(-22.198948394,107.517657751,2.240027463));
#7446=CARTESIAN_POINT('',(-22.198948394,106.531383031,2.240027463));
#7447=CARTESIAN_POINT('',(-22.198948394,106.261530623,2.240027463));
#7448=CARTESIAN_POINT('',(-22.198948394,105.991678215,2.240027463));
#7449=CARTESIAN_POINT('',(-22.198948394,105.721825807,2.240027463));
#7450=CARTESIAN_POINT('',(-22.198948394,105.371017676,2.240027463));
#7451=CARTESIAN_POINT('',(-22.198948394,105.020209546,2.240027463));
#7452=CARTESIAN_POINT('',(-22.198948394,104.669401416,2.240027463));
#7453=CARTESIAN_POINT('',(-22.198948394,104.213350846,2.240027463));
#7454=CARTESIAN_POINT('',(-22.198948394,103.757300277,2.240027463));
#7455=CARTESIAN_POINT('',(-22.198948394,103.301249707,2.240027463));
#7456=CARTESIAN_POINT('',(-22.198948394,103.167960815,2.240027463));
#7457=CARTESIAN_POINT('',(-22.198948394,103.034671923,2.240027463));
#7458=CARTESIAN_POINT('',(-22.198948394,102.901383031,2.240027463));
#7459=B_SPLINE_SURFACE_WITH_KNOTS('',3,3,((#7059,#7060,#7061,#7062,#7063,#7064,#7065,#7066,#7067,#7068,#7069,#7070,#7071,#7072,#7073,#7074),(#7075,#7076,#7077,#7078,#7079,#7080,#7081,#7082,#7083,#7084,#7085,#7086,#7087,#7088,#7089,#7090),(#7091,#7092,#7093,#7094,#7095,#7096,#7097,#7098,#7099,#7100,#7101,#7102,#7103,#7104,#7105,#7106),(#7107,#7108,#7109,#7110,#7111,#7112,#7113,#7114,#7115,#7116,#7117,#7118,#7119,#7120,#7121,#7122),(#7123,#7124,#7125,#7126,#7127,#7128,#7129,#7130,#7131,#7132,#7133,#7134,#7135,#7136,#7137,#7138),(#7139,#7140,#7141,#7142,#7143,#7144,#7145,#7146,#7147,#7148,#7149,#7150,#7151,#7152,#7153,#7154),(#7155,#7156,#7157,#7158,#7159,#7160,#7161,#7162,#7163,#7164,#7165,#7166,#7167,#7168,#7169,#7170),(#7171,#7172,#7173,#7174,#7175,#7176,#7177,#7178,#7179,#7180,#7181,#7182,#7183,#7184,#7185,#7186),(#7187,#7188,#7189,#7190,#7191,#7192,#7193,#7194,#7195,#7196,#7197,#7198,#7199,#7200,#7201,#7202),(#7203,#7204,#7205,#7206,#7207,#7208,#7209,#7210,#7211,#7212,#7213,#7214,#7215,#7216,#7217,#7218),(#7219,#7220,#7221,#7222,#7223,#7224,#7225,#7226,#7227,#7228,#7229,#7230,#7231,#7232,#7233,#7234),(#7235,#7236,#7237,#7238,#7239,#7240,#7241,#7242,#7243,#7244,#7245,#7246,#7247,#7248,#7249,#7250),(#7251,#7252,#7253,#7254,#7255,#7256,#7257,#7258,#7259,#7260,#7261,#7262,#7263,#7264,#7265,#7266),(#7267,#7268,#7269,#7270,#7271,#7272,#7273,#7274,#7275,#7276,#7277,#7278,#7279,#7280,#7281,#7282),(#7283,#7284,#7285,#7286,#7287,#7288,#7289,#7290,#7291,#7292,#7293,#7294,#7295,#7296,#7297,#7298),(#7299,#7300,#7301,#7302,#7303,#7304,#7305,#7306,#7307,#7308,#7309,#7310,#7311,#7312,#7313,#7314),(#7315,#7316,#7317,#7318,#7319,#7320,#7321,#7322,#7323,#7324,#7325,#7326,#7327,#7328,#7329,#7330),(#7331,#7332,#7333,#7334,#7335,#7336,#7337,#7338,#7339,#7340,#7341,#7342,#7343,#7344,#7345,#7346),(#7347,#7348,#7349,#7350,#7351,#7352,#7353,#7354,#7355,#7356,#7357,#7358,#7359,#7360,#7361,#7362),(#7363,#7364,#7365,#7366,#7367,#7368,#7369,#7370,#7371,#7372,#7373,#7374,#7375,#7376,#7377,#7378),(#7379,#7380,#7381,#7382,#7383,#7384,#7385,#7386,#7387,#7388,#7389,#7390,#7391,#7392,#7393,#7394),(#7395,#7396,#7397,#7398,#7399,#7400,#7401,#7402,#7403,#7404,#7405,#7406,#7407,#7408,#7409,#7410),(#7411,#7412,#7413,#7414,#7415,#7416,#7417,#7418,#7419,#7420,#7421,#7422,#7423,#7424,#7425,#7426),(#7427,#7428,#7429,#7430,#7431,#7432,#7433,#7434,#7435,#7436,#7437,#7438,#7439,#7440,#7441,#7442),(#7443,#7444,#7445,#7446,#7447,#7448,#7449,#7450,#7451,#7452,#7453,#7454,#7455,#7456,#7457,#7458)),.UNSPECIFIED.,.F.,.F.,.U.,(4,3,3,3,3,3,3,3,4),(4,3,3,3,3,4),(180.,191.25,202.5,213.75,225.,236.25,247.5,258.75,270.),(0.451769917,1.,1.15,1.345,1.5985,1.672589885),.UNSPECIFIED.);
#7460=ORIENTED_EDGE('',*,*,#4586,.T.);
#7461=CARTESIAN_POINT('',(-22.198948394,108.38472902,2.240027463));
#7462=DIRECTION('',(-0.,-1.,-0.));
#7463=VECTOR('',#7462,5.48334599);
#7464=LINE('',#7461,#7463);
#7465=EDGE_CURVE('',#4562,#6860,#7464,.T.);
#7466=ORIENTED_EDGE('',*,*,#7465,.T.);
#7467=ORIENTED_EDGE('',*,*,#6893,.T.);
#7468=ORIENTED_EDGE('',*,*,#7047,.F.);
#7469=ORIENTED_EDGE('',*,*,#6012,.T.);
#7470=EDGE_LOOP('',(#7460,#7466,#7467,#7468,#7469));
#7471=FACE_BOUND('',#7470,.T.);
#7472=ADVANCED_FACE('',(#7471),#7459,.T.);
#7473=CARTESIAN_POINT('',(-22.198948394,111.92843119,2.240027463));
#7474=DIRECTION('',(-1.,0.,-0.));
#7475=DIRECTION('',(-0.,0.,1.));
#7476=AXIS2_PLACEMENT_3D('',#7473,#7474,#7475);
#7477=PLANE('',#7476);
#7478=ORIENTED_EDGE('',*,*,#4759,.T.);
#7479=CARTESIAN_POINT('',(-22.198948394,108.13137876,2.900027457));
#7480=DIRECTION('',(-0.,-1.,-0.));
#7481=VECTOR('',#7480,5.229995729);
#7482=LINE('',#7479,#7481);
#7483=EDGE_CURVE('',#4714,#6896,#7482,.T.);
#7484=ORIENTED_EDGE('',*,*,#7483,.T.);
#7485=ORIENTED_EDGE('',*,*,#6901,.T.);
#7486=ORIENTED_EDGE('',*,*,#7465,.F.);
#7487=EDGE_LOOP('',(#7478,#7484,#7485,#7486));
#7488=FACE_BOUND('',#7487,.T.);
#7489=ADVANCED_FACE('',(#7488),#7477,.F.);
#7490=CARTESIAN_POINT('',(-22.198948394,108.13137876,2.900027457));
#7491=CARTESIAN_POINT('',(-22.198948394,107.59804685,2.900027457));
#7492=CARTESIAN_POINT('',(-22.198948394,107.06471494,2.900027457));
#7493=CARTESIAN_POINT('',(-22.198948394,106.531383031,2.900027457));
#7494=CARTESIAN_POINT('',(-22.198948394,105.654716364,2.900027457));
#7495=CARTESIAN_POINT('',(-22.198948394,104.778049697,2.900027457));
#7496=CARTESIAN_POINT('',(-22.198948394,103.901383031,2.900027457));
#7497=CARTESIAN_POINT('',(-22.198948394,103.70133859,2.900027457));
#7498=CARTESIAN_POINT('',(-22.198948394,103.501294148,2.900027457));
#7499=CARTESIAN_POINT('',(-22.198948394,103.301249707,2.900027457));
#7500=CARTESIAN_POINT('',(-22.198948394,103.167960815,2.900027457));
#7501=CARTESIAN_POINT('',(-22.198948394,103.034671923,2.900027457));
#7502=CARTESIAN_POINT('',(-22.198948394,102.901383031,2.900027457));
#7503=CARTESIAN_POINT('',(-22.198948394,108.13137876,3.103320655));
#7504=CARTESIAN_POINT('',(-22.198948394,107.59804685,3.103320655));
#7505=CARTESIAN_POINT('',(-22.198948394,107.06471494,3.103320655));
#7506=CARTESIAN_POINT('',(-22.198948394,106.531383031,3.103320655));
#7507=CARTESIAN_POINT('',(-22.198948394,105.654716364,3.103320655));
#7508=CARTESIAN_POINT('',(-22.198948394,104.778049697,3.103320655));
#7509=CARTESIAN_POINT('',(-22.198948394,103.901383031,3.103320655));
#7510=CARTESIAN_POINT('',(-22.198948394,103.70133859,3.103320655));
#7511=CARTESIAN_POINT('',(-22.198948394,103.501294148,3.103320655));
#7512=CARTESIAN_POINT('',(-22.198948394,103.301249707,3.103320655));
#7513=CARTESIAN_POINT('',(-22.198948394,103.167960815,3.103320655));
#7514=CARTESIAN_POINT('',(-22.198948394,103.034671923,3.103320655));
#7515=CARTESIAN_POINT('',(-22.198948394,102.901383031,3.103320655));
#7516=CARTESIAN_POINT('',(-22.180876096,108.13137876,3.314216301));
#7517=CARTESIAN_POINT('',(-22.180876096,107.59804685,3.314216301));
#7518=CARTESIAN_POINT('',(-22.180876096,107.06471494,3.314216301));
#7519=CARTESIAN_POINT('',(-22.180876096,106.531383031,3.314216301));
#7520=CARTESIAN_POINT('',(-22.180876096,105.654716364,3.314216301));
#7521=CARTESIAN_POINT('',(-22.180876096,104.778049697,3.314216301));
#7522=CARTESIAN_POINT('',(-22.180876096,103.901383031,3.314216301));
#7523=CARTESIAN_POINT('',(-22.180876096,103.70133859,3.314216301));
#7524=CARTESIAN_POINT('',(-22.180876096,103.501294148,3.314216301));
#7525=CARTESIAN_POINT('',(-22.180876096,103.301249707,3.314216301));
#7526=CARTESIAN_POINT('',(-22.180876096,103.167960815,3.314216301));
#7527=CARTESIAN_POINT('',(-22.180876096,103.034671923,3.314216301));
#7528=CARTESIAN_POINT('',(-22.180876096,102.901383031,3.314216301));
#7529=CARTESIAN_POINT('',(-22.141351915,108.13137876,3.527799985));
#7530=CARTESIAN_POINT('',(-22.141351915,107.59804685,3.527799985));
#7531=CARTESIAN_POINT('',(-22.141351915,107.06471494,3.527799985));
#7532=CARTESIAN_POINT('',(-22.141351915,106.531383031,3.527799985));
#7533=CARTESIAN_POINT('',(-22.141351915,105.654716364,3.527799985));
#7534=CARTESIAN_POINT('',(-22.141351915,104.778049697,3.527799985));
#7535=CARTESIAN_POINT('',(-22.141351915,103.901383031,3.527799985));
#7536=CARTESIAN_POINT('',(-22.141351915,103.70133859,3.527799985));
#7537=CARTESIAN_POINT('',(-22.141351915,103.501294148,3.527799985));
#7538=CARTESIAN_POINT('',(-22.141351915,103.301249707,3.527799985));
#7539=CARTESIAN_POINT('',(-22.141351915,103.167960815,3.527799985));
#7540=CARTESIAN_POINT('',(-22.141351915,103.034671923,3.527799985));
#7541=CARTESIAN_POINT('',(-22.141351915,102.901383031,3.527799985));
#7542=CARTESIAN_POINT('',(-22.101827734,108.13137876,3.741383669));
#7543=CARTESIAN_POINT('',(-22.101827734,107.59804685,3.741383669));
#7544=CARTESIAN_POINT('',(-22.101827734,107.06471494,3.741383669));
#7545=CARTESIAN_POINT('',(-22.101827734,106.531383031,3.741383669));
#7546=CARTESIAN_POINT('',(-22.101827734,105.654716364,3.741383669));
#7547=CARTESIAN_POINT('',(-22.101827734,104.778049697,3.741383669));
#7548=CARTESIAN_POINT('',(-22.101827734,103.901383031,3.741383669));
#7549=CARTESIAN_POINT('',(-22.101827734,103.70133859,3.741383669));
#7550=CARTESIAN_POINT('',(-22.101827734,103.501294148,3.741383669));
#7551=CARTESIAN_POINT('',(-22.101827734,103.301249707,3.741383669));
#7552=CARTESIAN_POINT('',(-22.101827734,103.167960815,3.741383669));
#7553=CARTESIAN_POINT('',(-22.101827734,103.034671923,3.741383669));
#7554=CARTESIAN_POINT('',(-22.101827734,102.901383031,3.741383669));
#7555=CARTESIAN_POINT('',(-22.040782389,108.13137876,3.957611961));
#7556=CARTESIAN_POINT('',(-22.040782389,107.59804685,3.957611961));
#7557=CARTESIAN_POINT('',(-22.040782389,107.06471494,3.957611961));
#7558=CARTESIAN_POINT('',(-22.040782389,106.531383031,3.957611961));
#7559=CARTESIAN_POINT('',(-22.040782389,105.654716364,3.957611961));
#7560=CARTESIAN_POINT('',(-22.040782389,104.778049697,3.957611961));
#7561=CARTESIAN_POINT('',(-22.040782389,103.901383031,3.957611961));
#7562=CARTESIAN_POINT('',(-22.040782389,103.70133859,3.957611961));
#7563=CARTESIAN_POINT('',(-22.040782389,103.501294148,3.957611961));
#7564=CARTESIAN_POINT('',(-22.040782389,103.301249707,3.957611961));
#7565=CARTESIAN_POINT('',(-22.040782389,103.167960815,3.957611961));
#7566=CARTESIAN_POINT('',(-22.040782389,103.034671923,3.957611961));
#7567=CARTESIAN_POINT('',(-22.040782389,102.901383031,3.957611961));
#7568=CARTESIAN_POINT('',(-21.956718033,108.13137876,4.1699542));
#7569=CARTESIAN_POINT('',(-21.956718033,107.59804685,4.1699542));
#7570=CARTESIAN_POINT('',(-21.956718033,107.06471494,4.1699542));
#7571=CARTESIAN_POINT('',(-21.956718033,106.531383031,4.1699542));
#7572=CARTESIAN_POINT('',(-21.956718033,105.654716364,4.1699542));
#7573=CARTESIAN_POINT('',(-21.956718033,104.778049697,4.1699542));
#7574=CARTESIAN_POINT('',(-21.956718033,103.901383031,4.1699542));
#7575=CARTESIAN_POINT('',(-21.956718033,103.70133859,4.1699542));
#7576=CARTESIAN_POINT('',(-21.956718033,103.501294148,4.1699542));
#7577=CARTESIAN_POINT('',(-21.956718033,103.301249707,4.1699542));
#7578=CARTESIAN_POINT('',(-21.956718033,103.167960815,4.1699542));
#7579=CARTESIAN_POINT('',(-21.956718033,103.034671923,4.1699542));
#7580=CARTESIAN_POINT('',(-21.956718033,102.901383031,4.1699542));
#7581=CARTESIAN_POINT('',(-21.872653677,108.13137876,4.382296439));
#7582=CARTESIAN_POINT('',(-21.872653677,107.59804685,4.382296439));
#7583=CARTESIAN_POINT('',(-21.872653677,107.06471494,4.382296439));
#7584=CARTESIAN_POINT('',(-21.872653677,106.531383031,4.382296439));
#7585=CARTESIAN_POINT('',(-21.872653677,105.654716364,4.382296439));
#7586=CARTESIAN_POINT('',(-21.872653677,104.778049697,4.382296439));
#7587=CARTESIAN_POINT('',(-21.872653677,103.901383031,4.382296439));
#7588=CARTESIAN_POINT('',(-21.872653677,103.70133859,4.382296439));
#7589=CARTESIAN_POINT('',(-21.872653677,103.501294148,4.382296439));
#7590=CARTESIAN_POINT('',(-21.872653677,103.301249707,4.382296439));
#7591=CARTESIAN_POINT('',(-21.872653677,103.167960815,4.382296439));
#7592=CARTESIAN_POINT('',(-21.872653677,103.034671923,4.382296439));
#7593=CARTESIAN_POINT('',(-21.872653677,102.901383031,4.382296439));
#7594=CARTESIAN_POINT('',(-21.765530641,108.13137876,4.590666543));
#7595=CARTESIAN_POINT('',(-21.765530641,107.59804685,4.590666543));
#7596=CARTESIAN_POINT('',(-21.765530641,107.06471494,4.590666543));
#7597=CARTESIAN_POINT('',(-21.765530641,106.531383031,4.590666543));
#7598=CARTESIAN_POINT('',(-21.765530641,105.654716364,4.590666543));
#7599=CARTESIAN_POINT('',(-21.765530641,104.778049697,4.590666543));
#7600=CARTESIAN_POINT('',(-21.765530641,103.901383031,4.590666543));
#7601=CARTESIAN_POINT('',(-21.765530641,103.70133859,4.590666543));
#7602=CARTESIAN_POINT('',(-21.765530641,103.501294148,4.590666543));
#7603=CARTESIAN_POINT('',(-21.765530641,103.301249707,4.590666543));
#7604=CARTESIAN_POINT('',(-21.765530641,103.167960815,4.590666543));
#7605=CARTESIAN_POINT('',(-21.765530641,103.034671923,4.590666543));
#7606=CARTESIAN_POINT('',(-21.765530641,102.901383031,4.590666543));
#7607=CARTESIAN_POINT('',(-21.636582909,108.13137876,4.787901099));
#7608=CARTESIAN_POINT('',(-21.636582909,107.59804685,4.787901099));
#7609=CARTESIAN_POINT('',(-21.636582909,107.06471494,4.787901099));
#7610=CARTESIAN_POINT('',(-21.636582909,106.531383031,4.787901099));
#7611=CARTESIAN_POINT('',(-21.636582909,105.654716364,4.787901099));
#7612=CARTESIAN_POINT('',(-21.636582909,104.778049697,4.787901099));
#7613=CARTESIAN_POINT('',(-21.636582909,103.901383031,4.787901099));
#7614=CARTESIAN_POINT('',(-21.636582909,103.70133859,4.787901099));
#7615=CARTESIAN_POINT('',(-21.636582909,103.501294148,4.787901099));
#7616=CARTESIAN_POINT('',(-21.636582909,103.301249707,4.787901099));
#7617=CARTESIAN_POINT('',(-21.636582909,103.167960815,4.787901099));
#7618=CARTESIAN_POINT('',(-21.636582909,103.034671923,4.787901099));
#7619=CARTESIAN_POINT('',(-21.636582909,102.901383031,4.787901099));
#7620=CARTESIAN_POINT('',(-21.507635177,108.13137876,4.985135655));
#7621=CARTESIAN_POINT('',(-21.507635177,107.59804685,4.985135655));
#7622=CARTESIAN_POINT('',(-21.507635177,107.06471494,4.985135655));
#7623=CARTESIAN_POINT('',(-21.507635177,106.531383031,4.985135655));
#7624=CARTESIAN_POINT('',(-21.507635177,105.654716364,4.985135655));
#7625=CARTESIAN_POINT('',(-21.507635177,104.778049697,4.985135655));
#7626=CARTESIAN_POINT('',(-21.507635177,103.901383031,4.985135655));
#7627=CARTESIAN_POINT('',(-21.507635177,103.70133859,4.985135655));
#7628=CARTESIAN_POINT('',(-21.507635177,103.501294148,4.985135655));
#7629=CARTESIAN_POINT('',(-21.507635177,103.301249707,4.985135655));
#7630=CARTESIAN_POINT('',(-21.507635177,103.167960815,4.985135655));
#7631=CARTESIAN_POINT('',(-21.507635177,103.034671923,4.985135655));
#7632=CARTESIAN_POINT('',(-21.507635177,102.901383031,4.985135655));
#7633=CARTESIAN_POINT('',(-21.356880393,108.13137876,5.171132243));
#7634=CARTESIAN_POINT('',(-21.356880393,107.59804685,5.171132243));
#7635=CARTESIAN_POINT('',(-21.356880393,107.06471494,5.171132243));
#7636=CARTESIAN_POINT('',(-21.356880393,106.531383031,5.171132243));
#7637=CARTESIAN_POINT('',(-21.356880393,105.654716364,5.171132243));
#7638=CARTESIAN_POINT('',(-21.356880393,104.778049697,5.171132243));
#7639=CARTESIAN_POINT('',(-21.356880393,103.901383031,5.171132243));
#7640=CARTESIAN_POINT('',(-21.356880393,103.70133859,5.171132243));
#7641=CARTESIAN_POINT('',(-21.356880393,103.501294148,5.171132243));
#7642=CARTESIAN_POINT('',(-21.356880393,103.301249707,5.171132243));
#7643=CARTESIAN_POINT('',(-21.356880393,103.167960815,5.171132243));
#7644=CARTESIAN_POINT('',(-21.356880393,103.034671923,5.171132243));
#7645=CARTESIAN_POINT('',(-21.356880393,102.901383031,5.171132243));
#7646=CARTESIAN_POINT('',(-21.188466792,108.13137876,5.339545843));
#7647=CARTESIAN_POINT('',(-21.188466792,107.59804685,5.339545843));
#7648=CARTESIAN_POINT('',(-21.188466792,107.06471494,5.339545843));
#7649=CARTESIAN_POINT('',(-21.188466792,106.531383031,5.339545843));
#7650=CARTESIAN_POINT('',(-21.188466792,105.654716364,5.339545843));
#7651=CARTESIAN_POINT('',(-21.188466792,104.778049697,5.339545843));
#7652=CARTESIAN_POINT('',(-21.188466792,103.901383031,5.339545843));
#7653=CARTESIAN_POINT('',(-21.188466792,103.70133859,5.339545843));
#7654=CARTESIAN_POINT('',(-21.188466792,103.501294148,5.339545843));
#7655=CARTESIAN_POINT('',(-21.188466792,103.301249707,5.339545843));
#7656=CARTESIAN_POINT('',(-21.188466792,103.167960815,5.339545843));
#7657=CARTESIAN_POINT('',(-21.188466792,103.034671923,5.339545843));
#7658=CARTESIAN_POINT('',(-21.188466792,102.901383031,5.339545843));
#7659=CARTESIAN_POINT('',(-21.020053192,108.13137876,5.507959443));
#7660=CARTESIAN_POINT('',(-21.020053192,107.59804685,5.507959443));
#7661=CARTESIAN_POINT('',(-21.020053192,107.06471494,5.507959443));
#7662=CARTESIAN_POINT('',(-21.020053192,106.531383031,5.507959443));
#7663=CARTESIAN_POINT('',(-21.020053192,105.654716364,5.507959443));
#7664=CARTESIAN_POINT('',(-21.020053192,104.778049697,5.507959443));
#7665=CARTESIAN_POINT('',(-21.020053192,103.901383031,5.507959443));
#7666=CARTESIAN_POINT('',(-21.020053192,103.70133859,5.507959443));
#7667=CARTESIAN_POINT('',(-21.020053192,103.501294148,5.507959443));
#7668=CARTESIAN_POINT('',(-21.020053192,103.301249707,5.507959443));
#7669=CARTESIAN_POINT('',(-21.020053192,103.167960815,5.507959443));
#7670=CARTESIAN_POINT('',(-21.020053192,103.034671923,5.507959443));
#7671=CARTESIAN_POINT('',(-21.020053192,102.901383031,5.507959443));
#7672=CARTESIAN_POINT('',(-20.834056605,108.13137876,5.658714228));
#7673=CARTESIAN_POINT('',(-20.834056605,107.59804685,5.658714228));
#7674=CARTESIAN_POINT('',(-20.834056605,107.06471494,5.658714228));
#7675=CARTESIAN_POINT('',(-20.834056605,106.531383031,5.658714228));
#7676=CARTESIAN_POINT('',(-20.834056605,105.654716364,5.658714228));
#7677=CARTESIAN_POINT('',(-20.834056605,104.778049697,5.658714228));
#7678=CARTESIAN_POINT('',(-20.834056605,103.901383031,5.658714228));
#7679=CARTESIAN_POINT('',(-20.834056605,103.70133859,5.658714228));
#7680=CARTESIAN_POINT('',(-20.834056605,103.501294148,5.658714228));
#7681=CARTESIAN_POINT('',(-20.834056605,103.301249707,5.658714228));
#7682=CARTESIAN_POINT('',(-20.834056605,103.167960815,5.658714228));
#7683=CARTESIAN_POINT('',(-20.834056605,103.034671923,5.658714228));
#7684=CARTESIAN_POINT('',(-20.834056605,102.901383031,5.658714228));
#7685=CARTESIAN_POINT('',(-20.636822048,108.13137876,5.78766196));
#7686=CARTESIAN_POINT('',(-20.636822048,107.59804685,5.78766196));
#7687=CARTESIAN_POINT('',(-20.636822048,107.06471494,5.78766196));
#7688=CARTESIAN_POINT('',(-20.636822048,106.531383031,5.78766196));
#7689=CARTESIAN_POINT('',(-20.636822048,105.654716364,5.78766196));
#7690=CARTESIAN_POINT('',(-20.636822048,104.778049697,5.78766196));
#7691=CARTESIAN_POINT('',(-20.636822048,103.901383031,5.78766196));
#7692=CARTESIAN_POINT('',(-20.636822048,103.70133859,5.78766196));
#7693=CARTESIAN_POINT('',(-20.636822048,103.501294148,5.78766196));
#7694=CARTESIAN_POINT('',(-20.636822048,103.301249707,5.78766196));
#7695=CARTESIAN_POINT('',(-20.636822048,103.167960815,5.78766196));
#7696=CARTESIAN_POINT('',(-20.636822048,103.034671923,5.78766196));
#7697=CARTESIAN_POINT('',(-20.636822048,102.901383031,5.78766196));
#7698=CARTESIAN_POINT('',(-20.439587492,108.13137876,5.916609692));
#7699=CARTESIAN_POINT('',(-20.439587492,107.59804685,5.916609692));
#7700=CARTESIAN_POINT('',(-20.439587492,107.06471494,5.916609692));
#7701=CARTESIAN_POINT('',(-20.439587492,106.531383031,5.916609692));
#7702=CARTESIAN_POINT('',(-20.439587492,105.654716364,5.916609692));
#7703=CARTESIAN_POINT('',(-20.439587492,104.778049697,5.916609692));
#7704=CARTESIAN_POINT('',(-20.439587492,103.901383031,5.916609692));
#7705=CARTESIAN_POINT('',(-20.439587492,103.70133859,5.916609692));
#7706=CARTESIAN_POINT('',(-20.439587492,103.501294148,5.916609692));
#7707=CARTESIAN_POINT('',(-20.439587492,103.301249707,5.916609692));
#7708=CARTESIAN_POINT('',(-20.439587492,103.167960815,5.916609692));
#7709=CARTESIAN_POINT('',(-20.439587492,103.034671923,5.916609692));
#7710=CARTESIAN_POINT('',(-20.439587492,102.901383031,5.916609692));
#7711=CARTESIAN_POINT('',(-20.231217388,108.13137876,6.023732728));
#7712=CARTESIAN_POINT('',(-20.231217388,107.59804685,6.023732728));
#7713=CARTESIAN_POINT('',(-20.231217388,107.06471494,6.023732728));
#7714=CARTESIAN_POINT('',(-20.231217388,106.531383031,6.023732728));
#7715=CARTESIAN_POINT('',(-20.231217388,105.654716364,6.023732728));
#7716=CARTESIAN_POINT('',(-20.231217388,104.778049697,6.023732728));
#7717=CARTESIAN_POINT('',(-20.231217388,103.901383031,6.023732728));
#7718=CARTESIAN_POINT('',(-20.231217388,103.70133859,6.023732728));
#7719=CARTESIAN_POINT('',(-20.231217388,103.501294148,6.023732728));
#7720=CARTESIAN_POINT('',(-20.231217388,103.301249707,6.023732728));
#7721=CARTESIAN_POINT('',(-20.231217388,103.167960815,6.023732728));
#7722=CARTESIAN_POINT('',(-20.231217388,103.034671923,6.023732728));
#7723=CARTESIAN_POINT('',(-20.231217388,102.901383031,6.023732728));
#7724=CARTESIAN_POINT('',(-20.018875149,108.13137876,6.107797084));
#7725=CARTESIAN_POINT('',(-20.018875149,107.59804685,6.107797084));
#7726=CARTESIAN_POINT('',(-20.018875149,107.06471494,6.107797084));
#7727=CARTESIAN_POINT('',(-20.018875149,106.531383031,6.107797084));
#7728=CARTESIAN_POINT('',(-20.018875149,105.654716364,6.107797084));
#7729=CARTESIAN_POINT('',(-20.018875149,104.778049697,6.107797084));
#7730=CARTESIAN_POINT('',(-20.018875149,103.901383031,6.107797084));
#7731=CARTESIAN_POINT('',(-20.018875149,103.70133859,6.107797084));
#7732=CARTESIAN_POINT('',(-20.018875149,103.501294148,6.107797084));
#7733=CARTESIAN_POINT('',(-20.018875149,103.301249707,6.107797084));
#7734=CARTESIAN_POINT('',(-20.018875149,103.167960815,6.107797084));
#7735=CARTESIAN_POINT('',(-20.018875149,103.034671923,6.107797084));
#7736=CARTESIAN_POINT('',(-20.018875149,102.901383031,6.107797084));
#7737=CARTESIAN_POINT('',(-19.806532911,108.13137876,6.19186144));
#7738=CARTESIAN_POINT('',(-19.806532911,107.59804685,6.19186144));
#7739=CARTESIAN_POINT('',(-19.806532911,107.06471494,6.19186144));
#7740=CARTESIAN_POINT('',(-19.806532911,106.531383031,6.19186144));
#7741=CARTESIAN_POINT('',(-19.806532911,105.654716364,6.19186144));
#7742=CARTESIAN_POINT('',(-19.806532911,104.778049697,6.19186144));
#7743=CARTESIAN_POINT('',(-19.806532911,103.901383031,6.19186144));
#7744=CARTESIAN_POINT('',(-19.806532911,103.70133859,6.19186144));
#7745=CARTESIAN_POINT('',(-19.806532911,103.501294148,6.19186144));
#7746=CARTESIAN_POINT('',(-19.806532911,103.301249707,6.19186144));
#7747=CARTESIAN_POINT('',(-19.806532911,103.167960815,6.19186144));
#7748=CARTESIAN_POINT('',(-19.806532911,103.034671923,6.19186144));
#7749=CARTESIAN_POINT('',(-19.806532911,102.901383031,6.19186144));
#7750=CARTESIAN_POINT('',(-19.590304619,108.13137876,6.252906785));
#7751=CARTESIAN_POINT('',(-19.590304619,107.59804685,6.252906785));
#7752=CARTESIAN_POINT('',(-19.590304619,107.06471494,6.252906785));
#7753=CARTESIAN_POINT('',(-19.590304619,106.531383031,6.252906785));
#7754=CARTESIAN_POINT('',(-19.590304619,105.654716364,6.252906785));
#7755=CARTESIAN_POINT('',(-19.590304619,104.778049697,6.252906785));
#7756=CARTESIAN_POINT('',(-19.590304619,103.901383031,6.252906785));
#7757=CARTESIAN_POINT('',(-19.590304619,103.70133859,6.252906785));
#7758=CARTESIAN_POINT('',(-19.590304619,103.501294148,6.252906785));
#7759=CARTESIAN_POINT('',(-19.590304619,103.301249707,6.252906785));
#7760=CARTESIAN_POINT('',(-19.590304619,103.167960815,6.252906785));
#7761=CARTESIAN_POINT('',(-19.590304619,103.034671923,6.252906785));
#7762=CARTESIAN_POINT('',(-19.590304619,102.901383031,6.252906785));
#7763=CARTESIAN_POINT('',(-19.376720935,108.13137876,6.292430965));
#7764=CARTESIAN_POINT('',(-19.376720935,107.59804685,6.292430965));
#7765=CARTESIAN_POINT('',(-19.376720935,107.06471494,6.292430965));
#7766=CARTESIAN_POINT('',(-19.376720935,106.531383031,6.292430965));
#7767=CARTESIAN_POINT('',(-19.376720935,105.654716364,6.292430965));
#7768=CARTESIAN_POINT('',(-19.376720935,104.778049697,6.292430965));
#7769=CARTESIAN_POINT('',(-19.376720935,103.901383031,6.292430965));
#7770=CARTESIAN_POINT('',(-19.376720935,103.70133859,6.292430965));
#7771=CARTESIAN_POINT('',(-19.376720935,103.501294148,6.292430965));
#7772=CARTESIAN_POINT('',(-19.376720935,103.301249707,6.292430965));
#7773=CARTESIAN_POINT('',(-19.376720935,103.167960815,6.292430965));
#7774=CARTESIAN_POINT('',(-19.376720935,103.034671923,6.292430965));
#7775=CARTESIAN_POINT('',(-19.376720935,102.901383031,6.292430965));
#7776=CARTESIAN_POINT('',(-19.163137251,108.13137876,6.331955146));
#7777=CARTESIAN_POINT('',(-19.163137251,107.59804685,6.331955146));
#7778=CARTESIAN_POINT('',(-19.163137251,107.06471494,6.331955146));
#7779=CARTESIAN_POINT('',(-19.163137251,106.531383031,6.331955146));
#7780=CARTESIAN_POINT('',(-19.163137251,105.654716364,6.331955146));
#7781=CARTESIAN_POINT('',(-19.163137251,104.778049697,6.331955146));
#7782=CARTESIAN_POINT('',(-19.163137251,103.901383031,6.331955146));
#7783=CARTESIAN_POINT('',(-19.163137251,103.70133859,6.331955146));
#7784=CARTESIAN_POINT('',(-19.163137251,103.501294148,6.331955146));
#7785=CARTESIAN_POINT('',(-19.163137251,103.301249707,6.331955146));
#7786=CARTESIAN_POINT('',(-19.163137251,103.167960815,6.331955146));
#7787=CARTESIAN_POINT('',(-19.163137251,103.034671923,6.331955146));
#7788=CARTESIAN_POINT('',(-19.163137251,102.901383031,6.331955146));
#7789=CARTESIAN_POINT('',(-18.952241605,108.13137876,6.350027444));
#7790=CARTESIAN_POINT('',(-18.952241605,107.59804685,6.350027444));
#7791=CARTESIAN_POINT('',(-18.952241605,107.06471494,6.350027444));
#7792=CARTESIAN_POINT('',(-18.952241605,106.531383031,6.350027444));
#7793=CARTESIAN_POINT('',(-18.952241605,105.654716364,6.350027444));
#7794=CARTESIAN_POINT('',(-18.952241605,104.778049697,6.350027444));
#7795=CARTESIAN_POINT('',(-18.952241605,103.901383031,6.350027444));
#7796=CARTESIAN_POINT('',(-18.952241605,103.70133859,6.350027444));
#7797=CARTESIAN_POINT('',(-18.952241605,103.501294148,6.350027444));
#7798=CARTESIAN_POINT('',(-18.952241605,103.301249707,6.350027444));
#7799=CARTESIAN_POINT('',(-18.952241605,103.167960815,6.350027444));
#7800=CARTESIAN_POINT('',(-18.952241605,103.034671923,6.350027444));
#7801=CARTESIAN_POINT('',(-18.952241605,102.901383031,6.350027444));
#7802=CARTESIAN_POINT('',(-18.748948406,108.13137876,6.350027444));
#7803=CARTESIAN_POINT('',(-18.748948406,107.59804685,6.350027444));
#7804=CARTESIAN_POINT('',(-18.748948406,107.06471494,6.350027444));
#7805=CARTESIAN_POINT('',(-18.748948406,106.531383031,6.350027444));
#7806=CARTESIAN_POINT('',(-18.748948406,105.654716364,6.350027444));
#7807=CARTESIAN_POINT('',(-18.748948406,104.778049697,6.350027444));
#7808=CARTESIAN_POINT('',(-18.748948406,103.901383031,6.350027444));
#7809=CARTESIAN_POINT('',(-18.748948406,103.70133859,6.350027444));
#7810=CARTESIAN_POINT('',(-18.748948406,103.501294148,6.350027444));
#7811=CARTESIAN_POINT('',(-18.748948406,103.301249707,6.350027444));
#7812=CARTESIAN_POINT('',(-18.748948406,103.167960815,6.350027444));
#7813=CARTESIAN_POINT('',(-18.748948406,103.034671923,6.350027444));
#7814=CARTESIAN_POINT('',(-18.748948406,102.901383031,6.350027444));
#7815=B_SPLINE_SURFACE_WITH_KNOTS('',3,3,((#7490,#7491,#7492,#7493,#7494,#7495,#7496,#7497,#7498,#7499,#7500,#7501,#7502),(#7503,#7504,#7505,#7506,#7507,#7508,#7509,#7510,#7511,#7512,#7513,#7514,#7515),(#7516,#7517,#7518,#7519,#7520,#7521,#7522,#7523,#7524,#7525,#7526,#7527,#7528),(#7529,#7530,#7531,#7532,#7533,#7534,#7535,#7536,#7537,#7538,#7539,#7540,#7541),(#7542,#7543,#7544,#7545,#7546,#7547,#7548,#7549,#7550,#7551,#7552,#7553,#7554),(#7555,#7556,#7557,#7558,#7559,#7560,#7561,#7562,#7563,#7564,#7565,#7566,#7567),(#7568,#7569,#7570,#7571,#7572,#7573,#7574,#7575,#7576,#7577,#7578,#7579,#7580),(#7581,#7582,#7583,#7584,#7585,#7586,#7587,#7588,#7589,#7590,#7591,#7592,#7593),(#7594,#7595,#7596,#7597,#7598,#7599,#7600,#7601,#7602,#7603,#7604,#7605,#7606),(#7607,#7608,#7609,#7610,#7611,#7612,#7613,#7614,#7615,#7616,#7617,#7618,#7619),(#7620,#7621,#7622,#7623,#7624,#7625,#7626,#7627,#7628,#7629,#7630,#7631,#7632),(#7633,#7634,#7635,#7636,#7637,#7638,#7639,#7640,#7641,#7642,#7643,#7644,#7645),(#7646,#7647,#7648,#7649,#7650,#7651,#7652,#7653,#7654,#7655,#7656,#7657,#7658),(#7659,#7660,#7661,#7662,#7663,#7664,#7665,#7666,#7667,#7668,#7669,#7670,#7671),(#7672,#7673,#7674,#7675,#7676,#7677,#7678,#7679,#7680,#7681,#7682,#7683,#7684),(#7685,#7686,#7687,#7688,#7689,#7690,#7691,#7692,#7693,#7694,#7695,#7696,#7697),(#7698,#7699,#7700,#7701,#7702,#7703,#7704,#7705,#7706,#7707,#7708,#7709,#7710),(#7711,#7712,#7713,#7714,#7715,#7716,#7717,#7718,#7719,#7720,#7721,#7722,#7723),(#7724,#7725,#7726,#7727,#7728,#7729,#7730,#7731,#7732,#7733,#7734,#7735,#7736),(#7737,#7738,#7739,#7740,#7741,#7742,#7743,#7744,#7745,#7746,#7747,#7748,#7749),(#7750,#7751,#7752,#7753,#7754,#7755,#7756,#7757,#7758,#7759,#7760,#7761,#7762),(#7763,#7764,#7765,#7766,#7767,#7768,#7769,#7770,#7771,#7772,#7773,#7774,#7775),(#7776,#7777,#7778,#7779,#7780,#7781,#7782,#7783,#7784,#7785,#7786,#7787,#7788),(#7789,#7790,#7791,#7792,#7793,#7794,#7795,#7796,#7797,#7798,#7799,#7800,#7801),(#7802,#7803,#7804,#7805,#7806,#7807,#7808,#7809,#7810,#7811,#7812,#7813,#7814)),.UNSPECIFIED.,.F.,.F.,.U.,(4,3,3,3,3,3,3,3,4),(4,3,3,3,4),(90.,101.25,112.5,123.75,135.,146.25,157.5,168.75,180.),(0.70354244,1.,1.487303415,1.5985,1.672589885),.UNSPECIFIED.);
#7816=ORIENTED_EDGE('',*,*,#4753,.T.);
#7817=CARTESIAN_POINT('',(-18.748948406,106.807005231,6.350027444));
#7818=DIRECTION('',(0.,-1.,-0.));
#7819=VECTOR('',#7818,3.9056222);
#7820=LINE('',#7817,#7819);
#7821=EDGE_CURVE('',#4706,#6904,#7820,.T.);
#7822=ORIENTED_EDGE('',*,*,#7821,.T.);
#7823=ORIENTED_EDGE('',*,*,#6934,.T.);
#7824=ORIENTED_EDGE('',*,*,#7483,.F.);
#7825=EDGE_LOOP('',(#7816,#7822,#7823,#7824));
#7826=FACE_BOUND('',#7825,.T.);
#7827=ADVANCED_FACE('',(#7826),#7815,.T.);
#7828=CARTESIAN_POINT('',(-19.698948397,111.92843119,6.350027444));
#7829=DIRECTION('',(-0.,-0.,1.));
#7830=DIRECTION('',(0.,-1.,-0.));
#7831=AXIS2_PLACEMENT_3D('',#7828,#7829,#7830);
#7832=PLANE('',#7831);
#7833=ORIENTED_EDGE('',*,*,#4711,.T.);
#7834=CARTESIAN_POINT('',(-12.30894847,106.806925687,6.350027444));
#7835=DIRECTION('',(0.,-1.,-0.));
#7836=VECTOR('',#7835,3.905542656);
#7837=LINE('',#7834,#7836);
#7838=EDGE_CURVE('',#4664,#6937,#7837,.T.);
#7839=ORIENTED_EDGE('',*,*,#7838,.T.);
#7840=ORIENTED_EDGE('',*,*,#6942,.T.);
#7841=ORIENTED_EDGE('',*,*,#7821,.F.);
#7842=EDGE_LOOP('',(#7833,#7839,#7840,#7841));
#7843=FACE_BOUND('',#7842,.T.);
#7844=ADVANCED_FACE('',(#7843),#7832,.F.);
#7845=CARTESIAN_POINT('',(-12.30894847,108.13121399,6.350027444));
#7846=CARTESIAN_POINT('',(-12.30894847,107.597937004,6.350027444));
#7847=CARTESIAN_POINT('',(-12.30894847,107.064660017,6.350027444));
#7848=CARTESIAN_POINT('',(-12.30894847,106.531383031,6.350027444));
#7849=CARTESIAN_POINT('',(-12.30894847,105.654716364,6.350027444));
#7850=CARTESIAN_POINT('',(-12.30894847,104.778049697,6.350027444));
#7851=CARTESIAN_POINT('',(-12.30894847,103.901383031,6.350027444));
#7852=CARTESIAN_POINT('',(-12.30894847,103.70133859,6.350027444));
#7853=CARTESIAN_POINT('',(-12.30894847,103.501294148,6.350027444));
#7854=CARTESIAN_POINT('',(-12.30894847,103.301249707,6.350027444));
#7855=CARTESIAN_POINT('',(-12.30894847,103.167960815,6.350027444));
#7856=CARTESIAN_POINT('',(-12.30894847,103.034671923,6.350027444));
#7857=CARTESIAN_POINT('',(-12.30894847,102.901383031,6.350027444));
#7858=CARTESIAN_POINT('',(-12.105655271,108.13121399,6.350027444));
#7859=CARTESIAN_POINT('',(-12.105655271,107.597937004,6.350027444));
#7860=CARTESIAN_POINT('',(-12.105655271,107.064660017,6.350027444));
#7861=CARTESIAN_POINT('',(-12.105655271,106.531383031,6.350027444));
#7862=CARTESIAN_POINT('',(-12.105655271,105.654716364,6.350027444));
#7863=CARTESIAN_POINT('',(-12.105655271,104.778049697,6.350027444));
#7864=CARTESIAN_POINT('',(-12.105655271,103.901383031,6.350027444));
#7865=CARTESIAN_POINT('',(-12.105655271,103.70133859,6.350027444));
#7866=CARTESIAN_POINT('',(-12.105655271,103.501294148,6.350027444));
#7867=CARTESIAN_POINT('',(-12.105655271,103.301249707,6.350027444));
#7868=CARTESIAN_POINT('',(-12.105655271,103.167960815,6.350027444));
#7869=CARTESIAN_POINT('',(-12.105655271,103.034671923,6.350027444));
#7870=CARTESIAN_POINT('',(-12.105655271,102.901383031,6.350027444));
#7871=CARTESIAN_POINT('',(-11.894759625,108.13121399,6.331955146));
#7872=CARTESIAN_POINT('',(-11.894759625,107.597937004,6.331955146));
#7873=CARTESIAN_POINT('',(-11.894759625,107.064660017,6.331955146));
#7874=CARTESIAN_POINT('',(-11.894759625,106.531383031,6.331955146));
#7875=CARTESIAN_POINT('',(-11.894759625,105.654716364,6.331955146));
#7876=CARTESIAN_POINT('',(-11.894759625,104.778049697,6.331955146));
#7877=CARTESIAN_POINT('',(-11.894759625,103.901383031,6.331955146));
#7878=CARTESIAN_POINT('',(-11.894759625,103.70133859,6.331955146));
#7879=CARTESIAN_POINT('',(-11.894759625,103.501294148,6.331955146));
#7880=CARTESIAN_POINT('',(-11.894759625,103.301249707,6.331955146));
#7881=CARTESIAN_POINT('',(-11.894759625,103.167960815,6.331955146));
#7882=CARTESIAN_POINT('',(-11.894759625,103.034671923,6.331955146));
#7883=CARTESIAN_POINT('',(-11.894759625,102.901383031,6.331955146));
#7884=CARTESIAN_POINT('',(-11.681175941,108.13121399,6.292430965));
#7885=CARTESIAN_POINT('',(-11.681175941,107.597937004,6.292430965));
#7886=CARTESIAN_POINT('',(-11.681175941,107.064660017,6.292430965));
#7887=CARTESIAN_POINT('',(-11.681175941,106.531383031,6.292430965));
#7888=CARTESIAN_POINT('',(-11.681175941,105.654716364,6.292430965));
#7889=CARTESIAN_POINT('',(-11.681175941,104.778049697,6.292430965));
#7890=CARTESIAN_POINT('',(-11.681175941,103.901383031,6.292430965));
#7891=CARTESIAN_POINT('',(-11.681175941,103.70133859,6.292430965));
#7892=CARTESIAN_POINT('',(-11.681175941,103.501294148,6.292430965));
#7893=CARTESIAN_POINT('',(-11.681175941,103.301249707,6.292430965));
#7894=CARTESIAN_POINT('',(-11.681175941,103.167960815,6.292430965));
#7895=CARTESIAN_POINT('',(-11.681175941,103.034671923,6.292430965));
#7896=CARTESIAN_POINT('',(-11.681175941,102.901383031,6.292430965));
#7897=CARTESIAN_POINT('',(-11.467592257,108.13121399,6.252906785));
#7898=CARTESIAN_POINT('',(-11.467592257,107.597937004,6.252906785));
#7899=CARTESIAN_POINT('',(-11.467592257,107.064660017,6.252906785));
#7900=CARTESIAN_POINT('',(-11.467592257,106.531383031,6.252906785));
#7901=CARTESIAN_POINT('',(-11.467592257,105.654716364,6.252906785));
#7902=CARTESIAN_POINT('',(-11.467592257,104.778049697,6.252906785));
#7903=CARTESIAN_POINT('',(-11.467592257,103.901383031,6.252906785));
#7904=CARTESIAN_POINT('',(-11.467592257,103.70133859,6.252906785));
#7905=CARTESIAN_POINT('',(-11.467592257,103.501294148,6.252906785));
#7906=CARTESIAN_POINT('',(-11.467592257,103.301249707,6.252906785));
#7907=CARTESIAN_POINT('',(-11.467592257,103.167960815,6.252906785));
#7908=CARTESIAN_POINT('',(-11.467592257,103.034671923,6.252906785));
#7909=CARTESIAN_POINT('',(-11.467592257,102.901383031,6.252906785));
#7910=CARTESIAN_POINT('',(-11.251363965,108.13121399,6.19186144));
#7911=CARTESIAN_POINT('',(-11.251363965,107.597937004,6.19186144));
#7912=CARTESIAN_POINT('',(-11.251363965,107.064660017,6.19186144));
#7913=CARTESIAN_POINT('',(-11.251363965,106.531383031,6.19186144));
#7914=CARTESIAN_POINT('',(-11.251363965,105.654716364,6.19186144));
#7915=CARTESIAN_POINT('',(-11.251363965,104.778049697,6.19186144));
#7916=CARTESIAN_POINT('',(-11.251363965,103.901383031,6.19186144));
#7917=CARTESIAN_POINT('',(-11.251363965,103.70133859,6.19186144));
#7918=CARTESIAN_POINT('',(-11.251363965,103.501294148,6.19186144));
#7919=CARTESIAN_POINT('',(-11.251363965,103.301249707,6.19186144));
#7920=CARTESIAN_POINT('',(-11.251363965,103.167960815,6.19186144));
#7921=CARTESIAN_POINT('',(-11.251363965,103.034671923,6.19186144));
#7922=CARTESIAN_POINT('',(-11.251363965,102.901383031,6.19186144));
#7923=CARTESIAN_POINT('',(-11.039021726,108.13121399,6.107797084));
#7924=CARTESIAN_POINT('',(-11.039021726,107.597937004,6.107797084));
#7925=CARTESIAN_POINT('',(-11.039021726,107.064660017,6.107797084));
#7926=CARTESIAN_POINT('',(-11.039021726,106.531383031,6.107797084));
#7927=CARTESIAN_POINT('',(-11.039021726,105.654716364,6.107797084));
#7928=CARTESIAN_POINT('',(-11.039021726,104.778049697,6.107797084));
#7929=CARTESIAN_POINT('',(-11.039021726,103.901383031,6.107797084));
#7930=CARTESIAN_POINT('',(-11.039021726,103.70133859,6.107797084));
#7931=CARTESIAN_POINT('',(-11.039021726,103.501294148,6.107797084));
#7932=CARTESIAN_POINT('',(-11.039021726,103.301249707,6.107797084));
#7933=CARTESIAN_POINT('',(-11.039021726,103.167960815,6.107797084));
#7934=CARTESIAN_POINT('',(-11.039021726,103.034671923,6.107797084));
#7935=CARTESIAN_POINT('',(-11.039021726,102.901383031,6.107797084));
#7936=CARTESIAN_POINT('',(-10.826679488,108.13121399,6.023732728));
#7937=CARTESIAN_POINT('',(-10.826679488,107.597937004,6.023732728));
#7938=CARTESIAN_POINT('',(-10.826679488,107.064660017,6.023732728));
#7939=CARTESIAN_POINT('',(-10.826679488,106.531383031,6.023732728));
#7940=CARTESIAN_POINT('',(-10.826679488,105.654716364,6.023732728));
#7941=CARTESIAN_POINT('',(-10.826679488,104.778049697,6.023732728));
#7942=CARTESIAN_POINT('',(-10.826679488,103.901383031,6.023732728));
#7943=CARTESIAN_POINT('',(-10.826679488,103.70133859,6.023732728));
#7944=CARTESIAN_POINT('',(-10.826679488,103.501294148,6.023732728));
#7945=CARTESIAN_POINT('',(-10.826679488,103.301249707,6.023732728));
#7946=CARTESIAN_POINT('',(-10.826679488,103.167960815,6.023732728));
#7947=CARTESIAN_POINT('',(-10.826679488,103.034671923,6.023732728));
#7948=CARTESIAN_POINT('',(-10.826679488,102.901383031,6.023732728));
#7949=CARTESIAN_POINT('',(-10.618309383,108.13121399,5.916609692));
#7950=CARTESIAN_POINT('',(-10.618309383,107.597937004,5.916609692));
#7951=CARTESIAN_POINT('',(-10.618309383,107.064660017,5.916609692));
#7952=CARTESIAN_POINT('',(-10.618309383,106.531383031,5.916609692));
#7953=CARTESIAN_POINT('',(-10.618309383,105.654716364,5.916609692));
#7954=CARTESIAN_POINT('',(-10.618309383,104.778049697,5.916609692));
#7955=CARTESIAN_POINT('',(-10.618309383,103.901383031,5.916609692));
#7956=CARTESIAN_POINT('',(-10.618309383,103.70133859,5.916609692));
#7957=CARTESIAN_POINT('',(-10.618309383,103.501294148,5.916609692));
#7958=CARTESIAN_POINT('',(-10.618309383,103.301249707,5.916609692));
#7959=CARTESIAN_POINT('',(-10.618309383,103.167960815,5.916609692));
#7960=CARTESIAN_POINT('',(-10.618309383,103.034671923,5.916609692));
#7961=CARTESIAN_POINT('',(-10.618309383,102.901383031,5.916609692));
#7962=CARTESIAN_POINT('',(-10.421074827,108.13121399,5.78766196));
#7963=CARTESIAN_POINT('',(-10.421074827,107.597937004,5.78766196));
#7964=CARTESIAN_POINT('',(-10.421074827,107.064660017,5.78766196));
#7965=CARTESIAN_POINT('',(-10.421074827,106.531383031,5.78766196));
#7966=CARTESIAN_POINT('',(-10.421074827,105.654716364,5.78766196));
#7967=CARTESIAN_POINT('',(-10.421074827,104.778049697,5.78766196));
#7968=CARTESIAN_POINT('',(-10.421074827,103.901383031,5.78766196));
#7969=CARTESIAN_POINT('',(-10.421074827,103.70133859,5.78766196));
#7970=CARTESIAN_POINT('',(-10.421074827,103.501294148,5.78766196));
#7971=CARTESIAN_POINT('',(-10.421074827,103.301249707,5.78766196));
#7972=CARTESIAN_POINT('',(-10.421074827,103.167960815,5.78766196));
#7973=CARTESIAN_POINT('',(-10.421074827,103.034671923,5.78766196));
#7974=CARTESIAN_POINT('',(-10.421074827,102.901383031,5.78766196));
#7975=CARTESIAN_POINT('',(-10.223840271,108.13121399,5.658714228));
#7976=CARTESIAN_POINT('',(-10.223840271,107.597937004,5.658714228));
#7977=CARTESIAN_POINT('',(-10.223840271,107.064660017,5.658714228));
#7978=CARTESIAN_POINT('',(-10.223840271,106.531383031,5.658714228));
#7979=CARTESIAN_POINT('',(-10.223840271,105.654716364,5.658714228));
#7980=CARTESIAN_POINT('',(-10.223840271,104.778049697,5.658714228));
#7981=CARTESIAN_POINT('',(-10.223840271,103.901383031,5.658714228));
#7982=CARTESIAN_POINT('',(-10.223840271,103.70133859,5.658714228));
#7983=CARTESIAN_POINT('',(-10.223840271,103.501294148,5.658714228));
#7984=CARTESIAN_POINT('',(-10.223840271,103.301249707,5.658714228));
#7985=CARTESIAN_POINT('',(-10.223840271,103.167960815,5.658714228));
#7986=CARTESIAN_POINT('',(-10.223840271,103.034671923,5.658714228));
#7987=CARTESIAN_POINT('',(-10.223840271,102.901383031,5.658714228));
#7988=CARTESIAN_POINT('',(-10.037843684,108.13121399,5.507959443));
#7989=CARTESIAN_POINT('',(-10.037843684,107.597937004,5.507959443));
#7990=CARTESIAN_POINT('',(-10.037843684,107.064660017,5.507959443));
#7991=CARTESIAN_POINT('',(-10.037843684,106.531383031,5.507959443));
#7992=CARTESIAN_POINT('',(-10.037843684,105.654716364,5.507959443));
#7993=CARTESIAN_POINT('',(-10.037843684,104.778049697,5.507959443));
#7994=CARTESIAN_POINT('',(-10.037843684,103.901383031,5.507959443));
#7995=CARTESIAN_POINT('',(-10.037843684,103.70133859,5.507959443));
#7996=CARTESIAN_POINT('',(-10.037843684,103.501294148,5.507959443));
#7997=CARTESIAN_POINT('',(-10.037843684,103.301249707,5.507959443));
#7998=CARTESIAN_POINT('',(-10.037843684,103.167960815,5.507959443));
#7999=CARTESIAN_POINT('',(-10.037843684,103.034671923,5.507959443));
#8000=CARTESIAN_POINT('',(-10.037843684,102.901383031,5.507959443));
#8001=CARTESIAN_POINT('',(-9.869430083,108.13121399,5.339545843));
#8002=CARTESIAN_POINT('',(-9.869430083,107.597937004,5.339545843));
#8003=CARTESIAN_POINT('',(-9.869430083,107.064660017,5.339545843));
#8004=CARTESIAN_POINT('',(-9.869430083,106.531383031,5.339545843));
#8005=CARTESIAN_POINT('',(-9.869430083,105.654716364,5.339545843));
#8006=CARTESIAN_POINT('',(-9.869430083,104.778049697,5.339545843));
#8007=CARTESIAN_POINT('',(-9.869430083,103.901383031,5.339545843));
#8008=CARTESIAN_POINT('',(-9.869430083,103.70133859,5.339545843));
#8009=CARTESIAN_POINT('',(-9.869430083,103.501294148,5.339545843));
#8010=CARTESIAN_POINT('',(-9.869430083,103.301249707,5.339545843));
#8011=CARTESIAN_POINT('',(-9.869430083,103.167960815,5.339545843));
#8012=CARTESIAN_POINT('',(-9.869430083,103.034671923,5.339545843));
#8013=CARTESIAN_POINT('',(-9.869430083,102.901383031,5.339545843));
#8014=CARTESIAN_POINT('',(-9.701016483,108.13121399,5.171132243));
#8015=CARTESIAN_POINT('',(-9.701016483,107.597937004,5.171132243));
#8016=CARTESIAN_POINT('',(-9.701016483,107.064660017,5.171132243));
#8017=CARTESIAN_POINT('',(-9.701016483,106.531383031,5.171132243));
#8018=CARTESIAN_POINT('',(-9.701016483,105.654716364,5.171132243));
#8019=CARTESIAN_POINT('',(-9.701016483,104.778049697,5.171132243));
#8020=CARTESIAN_POINT('',(-9.701016483,103.901383031,5.171132243));
#8021=CARTESIAN_POINT('',(-9.701016483,103.70133859,5.171132243));
#8022=CARTESIAN_POINT('',(-9.701016483,103.501294148,5.171132243));
#8023=CARTESIAN_POINT('',(-9.701016483,103.301249707,5.171132243));
#8024=CARTESIAN_POINT('',(-9.701016483,103.167960815,5.171132243));
#8025=CARTESIAN_POINT('',(-9.701016483,103.034671923,5.171132243));
#8026=CARTESIAN_POINT('',(-9.701016483,102.901383031,5.171132243));
#8027=CARTESIAN_POINT('',(-9.550261698,108.13121399,4.985135655));
#8028=CARTESIAN_POINT('',(-9.550261698,107.597937004,4.985135655));
#8029=CARTESIAN_POINT('',(-9.550261698,107.064660017,4.985135655));
#8030=CARTESIAN_POINT('',(-9.550261698,106.531383031,4.985135655));
#8031=CARTESIAN_POINT('',(-9.550261698,105.654716364,4.985135655));
#8032=CARTESIAN_POINT('',(-9.550261698,104.778049697,4.985135655));
#8033=CARTESIAN_POINT('',(-9.550261698,103.901383031,4.985135655));
#8034=CARTESIAN_POINT('',(-9.550261698,103.70133859,4.985135655));
#8035=CARTESIAN_POINT('',(-9.550261698,103.501294148,4.985135655));
#8036=CARTESIAN_POINT('',(-9.550261698,103.301249707,4.985135655));
#8037=CARTESIAN_POINT('',(-9.550261698,103.167960815,4.985135655));
#8038=CARTESIAN_POINT('',(-9.550261698,103.034671923,4.985135655));
#8039=CARTESIAN_POINT('',(-9.550261698,102.901383031,4.985135655));
#8040=CARTESIAN_POINT('',(-9.421313966,108.13121399,4.787901099));
#8041=CARTESIAN_POINT('',(-9.421313966,107.597937004,4.787901099));
#8042=CARTESIAN_POINT('',(-9.421313966,107.064660017,4.787901099));
#8043=CARTESIAN_POINT('',(-9.421313966,106.531383031,4.787901099));
#8044=CARTESIAN_POINT('',(-9.421313966,105.654716364,4.787901099));
#8045=CARTESIAN_POINT('',(-9.421313966,104.778049697,4.787901099));
#8046=CARTESIAN_POINT('',(-9.421313966,103.901383031,4.787901099));
#8047=CARTESIAN_POINT('',(-9.421313966,103.70133859,4.787901099));
#8048=CARTESIAN_POINT('',(-9.421313966,103.501294148,4.787901099));
#8049=CARTESIAN_POINT('',(-9.421313966,103.301249707,4.787901099));
#8050=CARTESIAN_POINT('',(-9.421313966,103.167960815,4.787901099));
#8051=CARTESIAN_POINT('',(-9.421313966,103.034671923,4.787901099));
#8052=CARTESIAN_POINT('',(-9.421313966,102.901383031,4.787901099));
#8053=CARTESIAN_POINT('',(-9.292366234,108.13121399,4.590666543));
#8054=CARTESIAN_POINT('',(-9.292366234,107.597937004,4.590666543));
#8055=CARTESIAN_POINT('',(-9.292366234,107.064660017,4.590666543));
#8056=CARTESIAN_POINT('',(-9.292366234,106.531383031,4.590666543));
#8057=CARTESIAN_POINT('',(-9.292366234,105.654716364,4.590666543));
#8058=CARTESIAN_POINT('',(-9.292366234,104.778049697,4.590666543));
#8059=CARTESIAN_POINT('',(-9.292366234,103.901383031,4.590666543));
#8060=CARTESIAN_POINT('',(-9.292366234,103.70133859,4.590666543));
#8061=CARTESIAN_POINT('',(-9.292366234,103.501294148,4.590666543));
#8062=CARTESIAN_POINT('',(-9.292366234,103.301249707,4.590666543));
#8063=CARTESIAN_POINT('',(-9.292366234,103.167960815,4.590666543));
#8064=CARTESIAN_POINT('',(-9.292366234,103.034671923,4.590666543));
#8065=CARTESIAN_POINT('',(-9.292366234,102.901383031,4.590666543));
#8066=CARTESIAN_POINT('',(-9.185243198,108.13121399,4.382296439));
#8067=CARTESIAN_POINT('',(-9.185243198,107.597937004,4.382296439));
#8068=CARTESIAN_POINT('',(-9.185243198,107.064660017,4.382296439));
#8069=CARTESIAN_POINT('',(-9.185243198,106.531383031,4.382296439));
#8070=CARTESIAN_POINT('',(-9.185243198,105.654716364,4.382296439));
#8071=CARTESIAN_POINT('',(-9.185243198,104.778049697,4.382296439));
#8072=CARTESIAN_POINT('',(-9.185243198,103.901383031,4.382296439));
#8073=CARTESIAN_POINT('',(-9.185243198,103.70133859,4.382296439));
#8074=CARTESIAN_POINT('',(-9.185243198,103.501294148,4.382296439));
#8075=CARTESIAN_POINT('',(-9.185243198,103.301249707,4.382296439));
#8076=CARTESIAN_POINT('',(-9.185243198,103.167960815,4.382296439));
#8077=CARTESIAN_POINT('',(-9.185243198,103.034671923,4.382296439));
#8078=CARTESIAN_POINT('',(-9.185243198,102.901383031,4.382296439));
#8079=CARTESIAN_POINT('',(-9.101178843,108.13121399,4.1699542));
#8080=CARTESIAN_POINT('',(-9.101178843,107.597937004,4.1699542));
#8081=CARTESIAN_POINT('',(-9.101178843,107.064660017,4.1699542));
#8082=CARTESIAN_POINT('',(-9.101178843,106.531383031,4.1699542));
#8083=CARTESIAN_POINT('',(-9.101178843,105.654716364,4.1699542));
#8084=CARTESIAN_POINT('',(-9.101178843,104.778049697,4.1699542));
#8085=CARTESIAN_POINT('',(-9.101178843,103.901383031,4.1699542));
#8086=CARTESIAN_POINT('',(-9.101178843,103.70133859,4.1699542));
#8087=CARTESIAN_POINT('',(-9.101178843,103.501294148,4.1699542));
#8088=CARTESIAN_POINT('',(-9.101178843,103.301249707,4.1699542));
#8089=CARTESIAN_POINT('',(-9.101178843,103.167960815,4.1699542));
#8090=CARTESIAN_POINT('',(-9.101178843,103.034671923,4.1699542));
#8091=CARTESIAN_POINT('',(-9.101178843,102.901383031,4.1699542));
#8092=CARTESIAN_POINT('',(-9.017114487,108.13121399,3.957611961));
#8093=CARTESIAN_POINT('',(-9.017114487,107.597937004,3.957611961));
#8094=CARTESIAN_POINT('',(-9.017114487,107.064660017,3.957611961));
#8095=CARTESIAN_POINT('',(-9.017114487,106.531383031,3.957611961));
#8096=CARTESIAN_POINT('',(-9.017114487,105.654716364,3.957611961));
#8097=CARTESIAN_POINT('',(-9.017114487,104.778049697,3.957611961));
#8098=CARTESIAN_POINT('',(-9.017114487,103.901383031,3.957611961));
#8099=CARTESIAN_POINT('',(-9.017114487,103.70133859,3.957611961));
#8100=CARTESIAN_POINT('',(-9.017114487,103.501294148,3.957611961));
#8101=CARTESIAN_POINT('',(-9.017114487,103.301249707,3.957611961));
#8102=CARTESIAN_POINT('',(-9.017114487,103.167960815,3.957611961));
#8103=CARTESIAN_POINT('',(-9.017114487,103.034671923,3.957611961));
#8104=CARTESIAN_POINT('',(-9.017114487,102.901383031,3.957611961));
#8105=CARTESIAN_POINT('',(-8.956069142,108.13121399,3.741383669));
#8106=CARTESIAN_POINT('',(-8.956069142,107.597937004,3.741383669));
#8107=CARTESIAN_POINT('',(-8.956069142,107.064660017,3.741383669));
#8108=CARTESIAN_POINT('',(-8.956069142,106.531383031,3.741383669));
#8109=CARTESIAN_POINT('',(-8.956069142,105.654716364,3.741383669));
#8110=CARTESIAN_POINT('',(-8.956069142,104.778049697,3.741383669));
#8111=CARTESIAN_POINT('',(-8.956069142,103.901383031,3.741383669));
#8112=CARTESIAN_POINT('',(-8.956069142,103.70133859,3.741383669));
#8113=CARTESIAN_POINT('',(-8.956069142,103.501294148,3.741383669));
#8114=CARTESIAN_POINT('',(-8.956069142,103.301249707,3.741383669));
#8115=CARTESIAN_POINT('',(-8.956069142,103.167960815,3.741383669));
#8116=CARTESIAN_POINT('',(-8.956069142,103.034671923,3.741383669));
#8117=CARTESIAN_POINT('',(-8.956069142,102.901383031,3.741383669));
#8118=CARTESIAN_POINT('',(-8.916544961,108.13121399,3.527799985));
#8119=CARTESIAN_POINT('',(-8.916544961,107.597937004,3.527799985));
#8120=CARTESIAN_POINT('',(-8.916544961,107.064660017,3.527799985));
#8121=CARTESIAN_POINT('',(-8.916544961,106.531383031,3.527799985));
#8122=CARTESIAN_POINT('',(-8.916544961,105.654716364,3.527799985));
#8123=CARTESIAN_POINT('',(-8.916544961,104.778049697,3.527799985));
#8124=CARTESIAN_POINT('',(-8.916544961,103.901383031,3.527799985));
#8125=CARTESIAN_POINT('',(-8.916544961,103.70133859,3.527799985));
#8126=CARTESIAN_POINT('',(-8.916544961,103.501294148,3.527799985));
#8127=CARTESIAN_POINT('',(-8.916544961,103.301249707,3.527799985));
#8128=CARTESIAN_POINT('',(-8.916544961,103.167960815,3.527799985));
#8129=CARTESIAN_POINT('',(-8.916544961,103.034671923,3.527799985));
#8130=CARTESIAN_POINT('',(-8.916544961,102.901383031,3.527799985));
#8131=CARTESIAN_POINT('',(-8.87702078,108.13121399,3.314216301));
#8132=CARTESIAN_POINT('',(-8.87702078,107.597937004,3.314216301));
#8133=CARTESIAN_POINT('',(-8.87702078,107.064660017,3.314216301));
#8134=CARTESIAN_POINT('',(-8.87702078,106.531383031,3.314216301));
#8135=CARTESIAN_POINT('',(-8.87702078,105.654716364,3.314216301));
#8136=CARTESIAN_POINT('',(-8.87702078,104.778049697,3.314216301));
#8137=CARTESIAN_POINT('',(-8.87702078,103.901383031,3.314216301));
#8138=CARTESIAN_POINT('',(-8.87702078,103.70133859,3.314216301));
#8139=CARTESIAN_POINT('',(-8.87702078,103.501294148,3.314216301));
#8140=CARTESIAN_POINT('',(-8.87702078,103.301249707,3.314216301));
#8141=CARTESIAN_POINT('',(-8.87702078,103.167960815,3.314216301));
#8142=CARTESIAN_POINT('',(-8.87702078,103.034671923,3.314216301));
#8143=CARTESIAN_POINT('',(-8.87702078,102.901383031,3.314216301));
#8144=CARTESIAN_POINT('',(-8.858948482,108.13121399,3.103320655));
#8145=CARTESIAN_POINT('',(-8.858948482,107.597937004,3.103320655));
#8146=CARTESIAN_POINT('',(-8.858948482,107.064660017,3.103320655));
#8147=CARTESIAN_POINT('',(-8.858948482,106.531383031,3.103320655));
#8148=CARTESIAN_POINT('',(-8.858948482,105.654716364,3.103320655));
#8149=CARTESIAN_POINT('',(-8.858948482,104.778049697,3.103320655));
#8150=CARTESIAN_POINT('',(-8.858948482,103.901383031,3.103320655));
#8151=CARTESIAN_POINT('',(-8.858948482,103.70133859,3.103320655));
#8152=CARTESIAN_POINT('',(-8.858948482,103.501294148,3.103320655));
#8153=CARTESIAN_POINT('',(-8.858948482,103.301249707,3.103320655));
#8154=CARTESIAN_POINT('',(-8.858948482,103.167960815,3.103320655));
#8155=CARTESIAN_POINT('',(-8.858948482,103.034671923,3.103320655));
#8156=CARTESIAN_POINT('',(-8.858948482,102.901383031,3.103320655));
#8157=CARTESIAN_POINT('',(-8.858948482,108.13121399,2.900027457));
#8158=CARTESIAN_POINT('',(-8.858948482,107.597937004,2.900027457));
#8159=CARTESIAN_POINT('',(-8.858948482,107.064660017,2.900027457));
#8160=CARTESIAN_POINT('',(-8.858948482,106.531383031,2.900027457));
#8161=CARTESIAN_POINT('',(-8.858948482,105.654716364,2.900027457));
#8162=CARTESIAN_POINT('',(-8.858948482,104.778049697,2.900027457));
#8163=CARTESIAN_POINT('',(-8.858948482,103.901383031,2.900027457));
#8164=CARTESIAN_POINT('',(-8.858948482,103.70133859,2.900027457));
#8165=CARTESIAN_POINT('',(-8.858948482,103.501294148,2.900027457));
#8166=CARTESIAN_POINT('',(-8.858948482,103.301249707,2.900027457));
#8167=CARTESIAN_POINT('',(-8.858948482,103.167960815,2.900027457));
#8168=CARTESIAN_POINT('',(-8.858948482,103.034671923,2.900027457));
#8169=CARTESIAN_POINT('',(-8.858948482,102.901383031,2.900027457));
#8170=B_SPLINE_SURFACE_WITH_KNOTS('',3,3,((#7845,#7846,#7847,#7848,#7849,#7850,#7851,#7852,#7853,#7854,#7855,#7856,#7857),(#7858,#7859,#7860,#7861,#7862,#7863,#7864,#7865,#7866,#7867,#7868,#7869,#7870),(#7871,#7872,#7873,#7874,#7875,#7876,#7877,#7878,#7879,#7880,#7881,#7882,#7883),(#7884,#7885,#7886,#7887,#7888,#7889,#7890,#7891,#7892,#7893,#7894,#7895,#7896),(#7897,#7898,#7899,#7900,#7901,#7902,#7903,#7904,#7905,#7906,#7907,#7908,#7909),(#7910,#7911,#7912,#7913,#7914,#7915,#7916,#7917,#7918,#7919,#7920,#7921,#7922),(#7923,#7924,#7925,#7926,#7927,#7928,#7929,#7930,#7931,#7932,#7933,#7934,#7935),(#7936,#7937,#7938,#7939,#7940,#7941,#7942,#7943,#7944,#7945,#7946,#7947,#7948),(#7949,#7950,#7951,#7952,#7953,#7954,#7955,#7956,#7957,#7958,#7959,#7960,#7961),(#7962,#7963,#7964,#7965,#7966,#7967,#7968,#7969,#7970,#7971,#7972,#7973,#7974),(#7975,#7976,#7977,#7978,#7979,#7980,#7981,#7982,#7983,#7984,#7985,#7986,#7987),(#7988,#7989,#7990,#7991,#7992,#7993,#7994,#7995,#7996,#7997,#7998,#7999,#8000),(#8001,#8002,#8003,#8004,#8005,#8006,#8007,#8008,#8009,#8010,#8011,#8012,#8013),(#8014,#8015,#8016,#8017,#8018,#8019,#8020,#8021,#8022,#8023,#8024,#8025,#8026),(#8027,#8028,#8029,#8030,#8031,#8032,#8033,#8034,#8035,#8036,#8037,#8038,#8039),(#8040,#8041,#8042,#8043,#8044,#8045,#8046,#8047,#8048,#8049,#8050,#8051,#8052),(#8053,#8054,#8055,#8056,#8057,#8058,#8059,#8060,#8061,#8062,#8063,#8064,#8065),(#8066,#8067,#8068,#8069,#8070,#8071,#8072,#8073,#8074,#8075,#8076,#8077,#8078),(#8079,#8080,#8081,#8082,#8083,#8084,#8085,#8086,#8087,#8088,#8089,#8090,#8091),(#8092,#8093,#8094,#8095,#8096,#8097,#8098,#8099,#8100,#8101,#8102,#8103,#8104),(#8105,#8106,#8107,#8108,#8109,#8110,#8111,#8112,#8113,#8114,#8115,#8116,#8117),(#8118,#8119,#8120,#8121,#8122,#8123,#8124,#8125,#8126,#8127,#8128,#8129,#8130),(#8131,#8132,#8133,#8134,#8135,#8136,#8137,#8138,#8139,#8140,#8141,#8142,#8143),(#8144,#8145,#8146,#8147,#8148,#8149,#8150,#8151,#8152,#8153,#8154,#8155,#8156),(#8157,#8158,#8159,#8160,#8161,#8162,#8163,#8164,#8165,#8166,#8167,#8168,#8169)),.UNSPECIFIED.,.F.,.F.,.U.,(4,3,3,3,3,3,3,3,4),(4,3,3,3,4),(90.,101.25,112.5,123.75,135.,146.25,157.5,168.75,180.),(0.70357297,1.,1.487303415,1.5985,1.672589885),.UNSPECIFIED.);
#8171=CARTESIAN_POINT('',(-8.858948482,108.13121399,2.900027457));
#8172=DIRECTION('',(-0.,-1.,-0.));
#8173=VECTOR('',#8172,5.229830959);
#8174=LINE('',#8171,#8173);
#8175=EDGE_CURVE('',#4656,#6945,#8174,.T.);
#8176=ORIENTED_EDGE('',*,*,#8175,.T.);
#8177=ORIENTED_EDGE('',*,*,#6975,.F.);
#8178=ORIENTED_EDGE('',*,*,#7838,.F.);
#8179=ORIENTED_EDGE('',*,*,#4703,.F.);
#8180=EDGE_LOOP('',(#8176,#8177,#8178,#8179));
#8181=FACE_BOUND('',#8180,.T.);
#8182=ADVANCED_FACE('',(#8181),#8170,.T.);
#8183=CARTESIAN_POINT('',(-8.858948482,111.92843119,2.240027463));
#8184=DIRECTION('',(-1.,0.,-0.));
#8185=DIRECTION('',(-0.,0.,1.));
#8186=AXIS2_PLACEMENT_3D('',#8183,#8184,#8185);
#8187=PLANE('',#8186);
#8188=CARTESIAN_POINT('',(-8.858948482,108.384564251,2.240027463));
#8189=DIRECTION('',(-0.,-1.,-0.));
#8190=VECTOR('',#8189,5.48318122);
#8191=LINE('',#8188,#8190);
#8192=EDGE_CURVE('',#4629,#6978,#8191,.T.);
#8193=ORIENTED_EDGE('',*,*,#8192,.T.);
#8194=ORIENTED_EDGE('',*,*,#6983,.F.);
#8195=ORIENTED_EDGE('',*,*,#8175,.F.);
#8196=ORIENTED_EDGE('',*,*,#4661,.F.);
#8197=EDGE_LOOP('',(#8193,#8194,#8195,#8196));
#8198=FACE_BOUND('',#8197,.T.);
#8199=ADVANCED_FACE('',(#8198),#8187,.T.);
#8200=CARTESIAN_POINT('',(-8.858948482,109.490080722,2.240027463));
#8201=CARTESIAN_POINT('',(-8.858948482,108.503848158,2.240027463));
#8202=CARTESIAN_POINT('',(-8.858948482,107.517615594,2.240027463));
#8203=CARTESIAN_POINT('',(-8.858948482,106.531383031,2.240027463));
#8204=CARTESIAN_POINT('',(-8.858948482,105.654716364,2.240027463));
#8205=CARTESIAN_POINT('',(-8.858948482,104.778049697,2.240027463));
#8206=CARTESIAN_POINT('',(-8.858948482,103.901383031,2.240027463));
#8207=CARTESIAN_POINT('',(-8.858948482,103.70133859,2.240027463));
#8208=CARTESIAN_POINT('',(-8.858948482,103.501294148,2.240027463));
#8209=CARTESIAN_POINT('',(-8.858948482,103.301249707,2.240027463));
#8210=CARTESIAN_POINT('',(-8.858948482,103.167960815,2.240027463));
#8211=CARTESIAN_POINT('',(-8.858948482,103.034671923,2.240027463));
#8212=CARTESIAN_POINT('',(-8.858948482,102.901383031,2.240027463));
#8213=CARTESIAN_POINT('',(-8.858948482,109.490080722,2.036734264));
#8214=CARTESIAN_POINT('',(-8.858948482,108.503848158,2.036734264));
#8215=CARTESIAN_POINT('',(-8.858948482,107.517615594,2.036734264));
#8216=CARTESIAN_POINT('',(-8.858948482,106.531383031,2.036734264));
#8217=CARTESIAN_POINT('',(-8.858948482,105.654716364,2.036734264));
#8218=CARTESIAN_POINT('',(-8.858948482,104.778049697,2.036734264));
#8219=CARTESIAN_POINT('',(-8.858948482,103.901383031,2.036734264));
#8220=CARTESIAN_POINT('',(-8.858948482,103.70133859,2.036734264));
#8221=CARTESIAN_POINT('',(-8.858948482,103.501294148,2.036734264));
#8222=CARTESIAN_POINT('',(-8.858948482,103.301249707,2.036734264));
#8223=CARTESIAN_POINT('',(-8.858948482,103.167960815,2.036734264));
#8224=CARTESIAN_POINT('',(-8.858948482,103.034671923,2.036734264));
#8225=CARTESIAN_POINT('',(-8.858948482,102.901383031,2.036734264));
#8226=CARTESIAN_POINT('',(-8.87702078,109.490080722,1.825838619));
#8227=CARTESIAN_POINT('',(-8.87702078,108.503848158,1.825838619));
#8228=CARTESIAN_POINT('',(-8.87702078,107.517615594,1.825838619));
#8229=CARTESIAN_POINT('',(-8.87702078,106.531383031,1.825838619));
#8230=CARTESIAN_POINT('',(-8.87702078,105.654716364,1.825838619));
#8231=CARTESIAN_POINT('',(-8.87702078,104.778049697,1.825838619));
#8232=CARTESIAN_POINT('',(-8.87702078,103.901383031,1.825838619));
#8233=CARTESIAN_POINT('',(-8.87702078,103.70133859,1.825838619));
#8234=CARTESIAN_POINT('',(-8.87702078,103.501294148,1.825838619));
#8235=CARTESIAN_POINT('',(-8.87702078,103.301249707,1.825838619));
#8236=CARTESIAN_POINT('',(-8.87702078,103.167960815,1.825838619));
#8237=CARTESIAN_POINT('',(-8.87702078,103.034671923,1.825838619));
#8238=CARTESIAN_POINT('',(-8.87702078,102.901383031,1.825838619));
#8239=CARTESIAN_POINT('',(-8.916544961,109.490080722,1.612254934));
#8240=CARTESIAN_POINT('',(-8.916544961,108.503848158,1.612254934));
#8241=CARTESIAN_POINT('',(-8.916544961,107.517615594,1.612254934));
#8242=CARTESIAN_POINT('',(-8.916544961,106.531383031,1.612254934));
#8243=CARTESIAN_POINT('',(-8.916544961,105.654716364,1.612254934));
#8244=CARTESIAN_POINT('',(-8.916544961,104.778049697,1.612254934));
#8245=CARTESIAN_POINT('',(-8.916544961,103.901383031,1.612254934));
#8246=CARTESIAN_POINT('',(-8.916544961,103.70133859,1.612254934));
#8247=CARTESIAN_POINT('',(-8.916544961,103.501294148,1.612254934));
#8248=CARTESIAN_POINT('',(-8.916544961,103.301249707,1.612254934));
#8249=CARTESIAN_POINT('',(-8.916544961,103.167960815,1.612254934));
#8250=CARTESIAN_POINT('',(-8.916544961,103.034671923,1.612254934));
#8251=CARTESIAN_POINT('',(-8.916544961,102.901383031,1.612254934));
#8252=CARTESIAN_POINT('',(-8.956069142,109.490080722,1.39867125));
#8253=CARTESIAN_POINT('',(-8.956069142,108.503848158,1.39867125));
#8254=CARTESIAN_POINT('',(-8.956069142,107.517615594,1.39867125));
#8255=CARTESIAN_POINT('',(-8.956069142,106.531383031,1.39867125));
#8256=CARTESIAN_POINT('',(-8.956069142,105.654716364,1.39867125));
#8257=CARTESIAN_POINT('',(-8.956069142,104.778049697,1.39867125));
#8258=CARTESIAN_POINT('',(-8.956069142,103.901383031,1.39867125));
#8259=CARTESIAN_POINT('',(-8.956069142,103.70133859,1.39867125));
#8260=CARTESIAN_POINT('',(-8.956069142,103.501294148,1.39867125));
#8261=CARTESIAN_POINT('',(-8.956069142,103.301249707,1.39867125));
#8262=CARTESIAN_POINT('',(-8.956069142,103.167960815,1.39867125));
#8263=CARTESIAN_POINT('',(-8.956069142,103.034671923,1.39867125));
#8264=CARTESIAN_POINT('',(-8.956069142,102.901383031,1.39867125));
#8265=CARTESIAN_POINT('',(-9.017114487,109.490080722,1.182442958));
#8266=CARTESIAN_POINT('',(-9.017114487,108.503848158,1.182442958));
#8267=CARTESIAN_POINT('',(-9.017114487,107.517615594,1.182442958));
#8268=CARTESIAN_POINT('',(-9.017114487,106.531383031,1.182442958));
#8269=CARTESIAN_POINT('',(-9.017114487,105.654716364,1.182442958));
#8270=CARTESIAN_POINT('',(-9.017114487,104.778049697,1.182442958));
#8271=CARTESIAN_POINT('',(-9.017114487,103.901383031,1.182442958));
#8272=CARTESIAN_POINT('',(-9.017114487,103.70133859,1.182442958));
#8273=CARTESIAN_POINT('',(-9.017114487,103.501294148,1.182442958));
#8274=CARTESIAN_POINT('',(-9.017114487,103.301249707,1.182442958));
#8275=CARTESIAN_POINT('',(-9.017114487,103.167960815,1.182442958));
#8276=CARTESIAN_POINT('',(-9.017114487,103.034671923,1.182442958));
#8277=CARTESIAN_POINT('',(-9.017114487,102.901383031,1.182442958));
#8278=CARTESIAN_POINT('',(-9.101178843,109.490080722,0.97010072));
#8279=CARTESIAN_POINT('',(-9.101178843,108.503848158,0.97010072));
#8280=CARTESIAN_POINT('',(-9.101178843,107.517615594,0.97010072));
#8281=CARTESIAN_POINT('',(-9.101178843,106.531383031,0.97010072));
#8282=CARTESIAN_POINT('',(-9.101178843,105.654716364,0.97010072));
#8283=CARTESIAN_POINT('',(-9.101178843,104.778049697,0.97010072));
#8284=CARTESIAN_POINT('',(-9.101178843,103.901383031,0.97010072));
#8285=CARTESIAN_POINT('',(-9.101178843,103.70133859,0.97010072));
#8286=CARTESIAN_POINT('',(-9.101178843,103.501294148,0.97010072));
#8287=CARTESIAN_POINT('',(-9.101178843,103.301249707,0.97010072));
#8288=CARTESIAN_POINT('',(-9.101178843,103.167960815,0.97010072));
#8289=CARTESIAN_POINT('',(-9.101178843,103.034671923,0.97010072));
#8290=CARTESIAN_POINT('',(-9.101178843,102.901383031,0.97010072));
#8291=CARTESIAN_POINT('',(-9.185243198,109.490080722,0.757758481));
#8292=CARTESIAN_POINT('',(-9.185243198,108.503848158,0.757758481));
#8293=CARTESIAN_POINT('',(-9.185243198,107.517615594,0.757758481));
#8294=CARTESIAN_POINT('',(-9.185243198,106.531383031,0.757758481));
#8295=CARTESIAN_POINT('',(-9.185243198,105.654716364,0.757758481));
#8296=CARTESIAN_POINT('',(-9.185243198,104.778049697,0.757758481));
#8297=CARTESIAN_POINT('',(-9.185243198,103.901383031,0.757758481));
#8298=CARTESIAN_POINT('',(-9.185243198,103.70133859,0.757758481));
#8299=CARTESIAN_POINT('',(-9.185243198,103.501294148,0.757758481));
#8300=CARTESIAN_POINT('',(-9.185243198,103.301249707,0.757758481));
#8301=CARTESIAN_POINT('',(-9.185243198,103.167960815,0.757758481));
#8302=CARTESIAN_POINT('',(-9.185243198,103.034671923,0.757758481));
#8303=CARTESIAN_POINT('',(-9.185243198,102.901383031,0.757758481));
#8304=CARTESIAN_POINT('',(-9.292366234,109.490080722,0.549388377));
#8305=CARTESIAN_POINT('',(-9.292366234,108.503848158,0.549388377));
#8306=CARTESIAN_POINT('',(-9.292366234,107.517615594,0.549388377));
#8307=CARTESIAN_POINT('',(-9.292366234,106.531383031,0.549388377));
#8308=CARTESIAN_POINT('',(-9.292366234,105.654716364,0.549388377));
#8309=CARTESIAN_POINT('',(-9.292366234,104.778049697,0.549388377));
#8310=CARTESIAN_POINT('',(-9.292366234,103.901383031,0.549388377));
#8311=CARTESIAN_POINT('',(-9.292366234,103.70133859,0.549388377));
#8312=CARTESIAN_POINT('',(-9.292366234,103.501294148,0.549388377));
#8313=CARTESIAN_POINT('',(-9.292366234,103.301249707,0.549388377));
#8314=CARTESIAN_POINT('',(-9.292366234,103.167960815,0.549388377));
#8315=CARTESIAN_POINT('',(-9.292366234,103.034671923,0.549388377));
#8316=CARTESIAN_POINT('',(-9.292366234,102.901383031,0.549388377));
#8317=CARTESIAN_POINT('',(-9.421313966,109.490080722,0.352153821));
#8318=CARTESIAN_POINT('',(-9.421313966,108.503848158,0.352153821));
#8319=CARTESIAN_POINT('',(-9.421313966,107.517615594,0.352153821));
#8320=CARTESIAN_POINT('',(-9.421313966,106.531383031,0.352153821));
#8321=CARTESIAN_POINT('',(-9.421313966,105.654716364,0.352153821));
#8322=CARTESIAN_POINT('',(-9.421313966,104.778049697,0.352153821));
#8323=CARTESIAN_POINT('',(-9.421313966,103.901383031,0.352153821));
#8324=CARTESIAN_POINT('',(-9.421313966,103.70133859,0.352153821));
#8325=CARTESIAN_POINT('',(-9.421313966,103.501294148,0.352153821));
#8326=CARTESIAN_POINT('',(-9.421313966,103.301249707,0.352153821));
#8327=CARTESIAN_POINT('',(-9.421313966,103.167960815,0.352153821));
#8328=CARTESIAN_POINT('',(-9.421313966,103.034671923,0.352153821));
#8329=CARTESIAN_POINT('',(-9.421313966,102.901383031,0.352153821));
#8330=CARTESIAN_POINT('',(-9.550261698,109.490080722,0.154919264));
#8331=CARTESIAN_POINT('',(-9.550261698,108.503848158,0.154919264));
#8332=CARTESIAN_POINT('',(-9.550261698,107.517615594,0.154919264));
#8333=CARTESIAN_POINT('',(-9.550261698,106.531383031,0.154919264));
#8334=CARTESIAN_POINT('',(-9.550261698,105.654716364,0.154919264));
#8335=CARTESIAN_POINT('',(-9.550261698,104.778049697,0.154919264));
#8336=CARTESIAN_POINT('',(-9.550261698,103.901383031,0.154919264));
#8337=CARTESIAN_POINT('',(-9.550261698,103.70133859,0.154919264));
#8338=CARTESIAN_POINT('',(-9.550261698,103.501294148,0.154919264));
#8339=CARTESIAN_POINT('',(-9.550261698,103.301249707,0.154919264));
#8340=CARTESIAN_POINT('',(-9.550261698,103.167960815,0.154919264));
#8341=CARTESIAN_POINT('',(-9.550261698,103.034671923,0.154919264));
#8342=CARTESIAN_POINT('',(-9.550261698,102.901383031,0.154919264));
#8343=CARTESIAN_POINT('',(-9.701016483,109.490080722,-0.031077323));
#8344=CARTESIAN_POINT('',(-9.701016483,108.503848158,-0.031077323));
#8345=CARTESIAN_POINT('',(-9.701016483,107.517615594,-0.031077323));
#8346=CARTESIAN_POINT('',(-9.701016483,106.531383031,-0.031077323));
#8347=CARTESIAN_POINT('',(-9.701016483,105.654716364,-0.031077323));
#8348=CARTESIAN_POINT('',(-9.701016483,104.778049697,-0.031077323));
#8349=CARTESIAN_POINT('',(-9.701016483,103.901383031,-0.031077323));
#8350=CARTESIAN_POINT('',(-9.701016483,103.70133859,-0.031077323));
#8351=CARTESIAN_POINT('',(-9.701016483,103.501294148,-0.031077323));
#8352=CARTESIAN_POINT('',(-9.701016483,103.301249707,-0.031077323));
#8353=CARTESIAN_POINT('',(-9.701016483,103.167960815,-0.031077323));
#8354=CARTESIAN_POINT('',(-9.701016483,103.034671923,-0.031077323));
#8355=CARTESIAN_POINT('',(-9.701016483,102.901383031,-0.031077323));
#8356=CARTESIAN_POINT('',(-9.869430083,109.490080722,-0.199490923));
#8357=CARTESIAN_POINT('',(-9.869430083,108.503848158,-0.199490923));
#8358=CARTESIAN_POINT('',(-9.869430083,107.517615594,-0.199490923));
#8359=CARTESIAN_POINT('',(-9.869430083,106.531383031,-0.199490923));
#8360=CARTESIAN_POINT('',(-9.869430083,105.654716364,-0.199490923));
#8361=CARTESIAN_POINT('',(-9.869430083,104.778049697,-0.199490923));
#8362=CARTESIAN_POINT('',(-9.869430083,103.901383031,-0.199490923));
#8363=CARTESIAN_POINT('',(-9.869430083,103.70133859,-0.199490923));
#8364=CARTESIAN_POINT('',(-9.869430083,103.501294148,-0.199490923));
#8365=CARTESIAN_POINT('',(-9.869430083,103.301249707,-0.199490923));
#8366=CARTESIAN_POINT('',(-9.869430083,103.167960815,-0.199490923));
#8367=CARTESIAN_POINT('',(-9.869430083,103.034671923,-0.199490923));
#8368=CARTESIAN_POINT('',(-9.869430083,102.901383031,-0.199490923));
#8369=CARTESIAN_POINT('',(-10.037843684,109.490080722,-0.367904524));
#8370=CARTESIAN_POINT('',(-10.037843684,108.503848158,-0.367904524));
#8371=CARTESIAN_POINT('',(-10.037843684,107.517615594,-0.367904524));
#8372=CARTESIAN_POINT('',(-10.037843684,106.531383031,-0.367904524));
#8373=CARTESIAN_POINT('',(-10.037843684,105.654716364,-0.367904524));
#8374=CARTESIAN_POINT('',(-10.037843684,104.778049697,-0.367904524));
#8375=CARTESIAN_POINT('',(-10.037843684,103.901383031,-0.367904524));
#8376=CARTESIAN_POINT('',(-10.037843684,103.70133859,-0.367904524));
#8377=CARTESIAN_POINT('',(-10.037843684,103.501294148,-0.367904524));
#8378=CARTESIAN_POINT('',(-10.037843684,103.301249707,-0.367904524));
#8379=CARTESIAN_POINT('',(-10.037843684,103.167960815,-0.367904524));
#8380=CARTESIAN_POINT('',(-10.037843684,103.034671923,-0.367904524));
#8381=CARTESIAN_POINT('',(-10.037843684,102.901383031,-0.367904524));
#8382=CARTESIAN_POINT('',(-10.223840271,109.490080722,-0.518659308));
#8383=CARTESIAN_POINT('',(-10.223840271,108.503848158,-0.518659308));
#8384=CARTESIAN_POINT('',(-10.223840271,107.517615594,-0.518659308));
#8385=CARTESIAN_POINT('',(-10.223840271,106.531383031,-0.518659308));
#8386=CARTESIAN_POINT('',(-10.223840271,105.654716364,-0.518659308));
#8387=CARTESIAN_POINT('',(-10.223840271,104.778049697,-0.518659308));
#8388=CARTESIAN_POINT('',(-10.223840271,103.901383031,-0.518659308));
#8389=CARTESIAN_POINT('',(-10.223840271,103.70133859,-0.518659308));
#8390=CARTESIAN_POINT('',(-10.223840271,103.501294148,-0.518659308));
#8391=CARTESIAN_POINT('',(-10.223840271,103.301249707,-0.518659308));
#8392=CARTESIAN_POINT('',(-10.223840271,103.167960815,-0.518659308));
#8393=CARTESIAN_POINT('',(-10.223840271,103.034671923,-0.518659308));
#8394=CARTESIAN_POINT('',(-10.223840271,102.901383031,-0.518659308));
#8395=CARTESIAN_POINT('',(-10.421074827,109.490080722,-0.64760704));
#8396=CARTESIAN_POINT('',(-10.421074827,108.503848158,-0.64760704));
#8397=CARTESIAN_POINT('',(-10.421074827,107.517615594,-0.64760704));
#8398=CARTESIAN_POINT('',(-10.421074827,106.531383031,-0.64760704));
#8399=CARTESIAN_POINT('',(-10.421074827,105.654716364,-0.64760704));
#8400=CARTESIAN_POINT('',(-10.421074827,104.778049697,-0.64760704));
#8401=CARTESIAN_POINT('',(-10.421074827,103.901383031,-0.64760704));
#8402=CARTESIAN_POINT('',(-10.421074827,103.70133859,-0.64760704));
#8403=CARTESIAN_POINT('',(-10.421074827,103.501294148,-0.64760704));
#8404=CARTESIAN_POINT('',(-10.421074827,103.301249707,-0.64760704));
#8405=CARTESIAN_POINT('',(-10.421074827,103.167960815,-0.64760704));
#8406=CARTESIAN_POINT('',(-10.421074827,103.034671923,-0.64760704));
#8407=CARTESIAN_POINT('',(-10.421074827,102.901383031,-0.64760704));
#8408=CARTESIAN_POINT('',(-10.618309383,109.490080722,-0.776554772));
#8409=CARTESIAN_POINT('',(-10.618309383,108.503848158,-0.776554772));
#8410=CARTESIAN_POINT('',(-10.618309383,107.517615594,-0.776554772));
#8411=CARTESIAN_POINT('',(-10.618309383,106.531383031,-0.776554772));
#8412=CARTESIAN_POINT('',(-10.618309383,105.654716364,-0.776554772));
#8413=CARTESIAN_POINT('',(-10.618309383,104.778049697,-0.776554772));
#8414=CARTESIAN_POINT('',(-10.618309383,103.901383031,-0.776554772));
#8415=CARTESIAN_POINT('',(-10.618309383,103.70133859,-0.776554772));
#8416=CARTESIAN_POINT('',(-10.618309383,103.501294148,-0.776554772));
#8417=CARTESIAN_POINT('',(-10.618309383,103.301249707,-0.776554772));
#8418=CARTESIAN_POINT('',(-10.618309383,103.167960815,-0.776554772));
#8419=CARTESIAN_POINT('',(-10.618309383,103.034671923,-0.776554772));
#8420=CARTESIAN_POINT('',(-10.618309383,102.901383031,-0.776554772));
#8421=CARTESIAN_POINT('',(-10.826679488,109.490080722,-0.883677808));
#8422=CARTESIAN_POINT('',(-10.826679488,108.503848158,-0.883677808));
#8423=CARTESIAN_POINT('',(-10.826679488,107.517615594,-0.883677808));
#8424=CARTESIAN_POINT('',(-10.826679488,106.531383031,-0.883677808));
#8425=CARTESIAN_POINT('',(-10.826679488,105.654716364,-0.883677808));
#8426=CARTESIAN_POINT('',(-10.826679488,104.778049697,-0.883677808));
#8427=CARTESIAN_POINT('',(-10.826679488,103.901383031,-0.883677808));
#8428=CARTESIAN_POINT('',(-10.826679488,103.70133859,-0.883677808));
#8429=CARTESIAN_POINT('',(-10.826679488,103.501294148,-0.883677808));
#8430=CARTESIAN_POINT('',(-10.826679488,103.301249707,-0.883677808));
#8431=CARTESIAN_POINT('',(-10.826679488,103.167960815,-0.883677808));
#8432=CARTESIAN_POINT('',(-10.826679488,103.034671923,-0.883677808));
#8433=CARTESIAN_POINT('',(-10.826679488,102.901383031,-0.883677808));
#8434=CARTESIAN_POINT('',(-11.039021726,109.490080722,-0.967742164));
#8435=CARTESIAN_POINT('',(-11.039021726,108.503848158,-0.967742164));
#8436=CARTESIAN_POINT('',(-11.039021726,107.517615594,-0.967742164));
#8437=CARTESIAN_POINT('',(-11.039021726,106.531383031,-0.967742164));
#8438=CARTESIAN_POINT('',(-11.039021726,105.654716364,-0.967742164));
#8439=CARTESIAN_POINT('',(-11.039021726,104.778049697,-0.967742164));
#8440=CARTESIAN_POINT('',(-11.039021726,103.901383031,-0.967742164));
#8441=CARTESIAN_POINT('',(-11.039021726,103.70133859,-0.967742164));
#8442=CARTESIAN_POINT('',(-11.039021726,103.501294148,-0.967742164));
#8443=CARTESIAN_POINT('',(-11.039021726,103.301249707,-0.967742164));
#8444=CARTESIAN_POINT('',(-11.039021726,103.167960815,-0.967742164));
#8445=CARTESIAN_POINT('',(-11.039021726,103.034671923,-0.967742164));
#8446=CARTESIAN_POINT('',(-11.039021726,102.901383031,-0.967742164));
#8447=CARTESIAN_POINT('',(-11.251363965,109.490080722,-1.05180652));
#8448=CARTESIAN_POINT('',(-11.251363965,108.503848158,-1.05180652));
#8449=CARTESIAN_POINT('',(-11.251363965,107.517615594,-1.05180652));
#8450=CARTESIAN_POINT('',(-11.251363965,106.531383031,-1.05180652));
#8451=CARTESIAN_POINT('',(-11.251363965,105.654716364,-1.05180652));
#8452=CARTESIAN_POINT('',(-11.251363965,104.778049697,-1.05180652));
#8453=CARTESIAN_POINT('',(-11.251363965,103.901383031,-1.05180652));
#8454=CARTESIAN_POINT('',(-11.251363965,103.70133859,-1.05180652));
#8455=CARTESIAN_POINT('',(-11.251363965,103.501294148,-1.05180652));
#8456=CARTESIAN_POINT('',(-11.251363965,103.301249707,-1.05180652));
#8457=CARTESIAN_POINT('',(-11.251363965,103.167960815,-1.05180652));
#8458=CARTESIAN_POINT('',(-11.251363965,103.034671923,-1.05180652));
#8459=CARTESIAN_POINT('',(-11.251363965,102.901383031,-1.05180652));
#8460=CARTESIAN_POINT('',(-11.467592257,109.490080722,-1.112851865));
#8461=CARTESIAN_POINT('',(-11.467592257,108.503848158,-1.112851865));
#8462=CARTESIAN_POINT('',(-11.467592257,107.517615594,-1.112851865));
#8463=CARTESIAN_POINT('',(-11.467592257,106.531383031,-1.112851865));
#8464=CARTESIAN_POINT('',(-11.467592257,105.654716364,-1.112851865));
#8465=CARTESIAN_POINT('',(-11.467592257,104.778049697,-1.112851865));
#8466=CARTESIAN_POINT('',(-11.467592257,103.901383031,-1.112851865));
#8467=CARTESIAN_POINT('',(-11.467592257,103.70133859,-1.112851865));
#8468=CARTESIAN_POINT('',(-11.467592257,103.501294148,-1.112851865));
#8469=CARTESIAN_POINT('',(-11.467592257,103.301249707,-1.112851865));
#8470=CARTESIAN_POINT('',(-11.467592257,103.167960815,-1.112851865));
#8471=CARTESIAN_POINT('',(-11.467592257,103.034671923,-1.112851865));
#8472=CARTESIAN_POINT('',(-11.467592257,102.901383031,-1.112851865));
#8473=CARTESIAN_POINT('',(-11.681175941,109.490080722,-1.152376046));
#8474=CARTESIAN_POINT('',(-11.681175941,108.503848158,-1.152376046));
#8475=CARTESIAN_POINT('',(-11.681175941,107.517615594,-1.152376046));
#8476=CARTESIAN_POINT('',(-11.681175941,106.531383031,-1.152376046));
#8477=CARTESIAN_POINT('',(-11.681175941,105.654716364,-1.152376046));
#8478=CARTESIAN_POINT('',(-11.681175941,104.778049697,-1.152376046));
#8479=CARTESIAN_POINT('',(-11.681175941,103.901383031,-1.152376046));
#8480=CARTESIAN_POINT('',(-11.681175941,103.70133859,-1.152376046));
#8481=CARTESIAN_POINT('',(-11.681175941,103.501294148,-1.152376046));
#8482=CARTESIAN_POINT('',(-11.681175941,103.301249707,-1.152376046));
#8483=CARTESIAN_POINT('',(-11.681175941,103.167960815,-1.152376046));
#8484=CARTESIAN_POINT('',(-11.681175941,103.034671923,-1.152376046));
#8485=CARTESIAN_POINT('',(-11.681175941,102.901383031,-1.152376046));
#8486=CARTESIAN_POINT('',(-11.894759625,109.490080722,-1.191900227));
#8487=CARTESIAN_POINT('',(-11.894759625,108.503848158,-1.191900227));
#8488=CARTESIAN_POINT('',(-11.894759625,107.517615594,-1.191900227));
#8489=CARTESIAN_POINT('',(-11.894759625,106.531383031,-1.191900227));
#8490=CARTESIAN_POINT('',(-11.894759625,105.654716364,-1.191900227));
#8491=CARTESIAN_POINT('',(-11.894759625,104.778049697,-1.191900227));
#8492=CARTESIAN_POINT('',(-11.894759625,103.901383031,-1.191900227));
#8493=CARTESIAN_POINT('',(-11.894759625,103.70133859,-1.191900227));
#8494=CARTESIAN_POINT('',(-11.894759625,103.501294148,-1.191900227));
#8495=CARTESIAN_POINT('',(-11.894759625,103.301249707,-1.191900227));
#8496=CARTESIAN_POINT('',(-11.894759625,103.167960815,-1.191900227));
#8497=CARTESIAN_POINT('',(-11.894759625,103.034671923,-1.191900227));
#8498=CARTESIAN_POINT('',(-11.894759625,102.901383031,-1.191900227));
#8499=CARTESIAN_POINT('',(-12.105655271,109.490080722,-1.209972525));
#8500=CARTESIAN_POINT('',(-12.105655271,108.503848158,-1.209972525));
#8501=CARTESIAN_POINT('',(-12.105655271,107.517615594,-1.209972525));
#8502=CARTESIAN_POINT('',(-12.105655271,106.531383031,-1.209972525));
#8503=CARTESIAN_POINT('',(-12.105655271,105.654716364,-1.209972525));
#8504=CARTESIAN_POINT('',(-12.105655271,104.778049697,-1.209972525));
#8505=CARTESIAN_POINT('',(-12.105655271,103.901383031,-1.209972525));
#8506=CARTESIAN_POINT('',(-12.105655271,103.70133859,-1.209972525));
#8507=CARTESIAN_POINT('',(-12.105655271,103.501294148,-1.209972525));
#8508=CARTESIAN_POINT('',(-12.105655271,103.301249707,-1.209972525));
#8509=CARTESIAN_POINT('',(-12.105655271,103.167960815,-1.209972525));
#8510=CARTESIAN_POINT('',(-12.105655271,103.034671923,-1.209972525));
#8511=CARTESIAN_POINT('',(-12.105655271,102.901383031,-1.209972525));
#8512=CARTESIAN_POINT('',(-12.30894847,109.490080722,-1.209972525));
#8513=CARTESIAN_POINT('',(-12.30894847,108.503848158,-1.209972525));
#8514=CARTESIAN_POINT('',(-12.30894847,107.517615594,-1.209972525));
#8515=CARTESIAN_POINT('',(-12.30894847,106.531383031,-1.209972525));
#8516=CARTESIAN_POINT('',(-12.30894847,105.654716364,-1.209972525));
#8517=CARTESIAN_POINT('',(-12.30894847,104.778049697,-1.209972525));
#8518=CARTESIAN_POINT('',(-12.30894847,103.901383031,-1.209972525));
#8519=CARTESIAN_POINT('',(-12.30894847,103.70133859,-1.209972525));
#8520=CARTESIAN_POINT('',(-12.30894847,103.501294148,-1.209972525));
#8521=CARTESIAN_POINT('',(-12.30894847,103.301249707,-1.209972525));
#8522=CARTESIAN_POINT('',(-12.30894847,103.167960815,-1.209972525));
#8523=CARTESIAN_POINT('',(-12.30894847,103.034671923,-1.209972525));
#8524=CARTESIAN_POINT('',(-12.30894847,102.901383031,-1.209972525));
#8525=B_SPLINE_SURFACE_WITH_KNOTS('',3,3,((#8200,#8201,#8202,#8203,#8204,#8205,#8206,#8207,#8208,#8209,#8210,#8211,#8212),(#8213,#8214,#8215,#8216,#8217,#8218,#8219,#8220,#8221,#8222,#8223,#8224,#8225),(#8226,#8227,#8228,#8229,#8230,#8231,#8232,#8233,#8234,#8235,#8236,#8237,#8238),(#8239,#8240,#8241,#8242,#8243,#8244,#8245,#8246,#8247,#8248,#8249,#8250,#8251),(#8252,#8253,#8254,#8255,#8256,#8257,#8258,#8259,#8260,#8261,#8262,#8263,#8264),(#8265,#8266,#8267,#8268,#8269,#8270,#8271,#8272,#8273,#8274,#8275,#8276,#8277),(#8278,#8279,#8280,#8281,#8282,#8283,#8284,#8285,#8286,#8287,#8288,#8289,#8290),(#8291,#8292,#8293,#8294,#8295,#8296,#8297,#8298,#8299,#8300,#8301,#8302,#8303),(#8304,#8305,#8306,#8307,#8308,#8309,#8310,#8311,#8312,#8313,#8314,#8315,#8316),(#8317,#8318,#8319,#8320,#8321,#8322,#8323,#8324,#8325,#8326,#8327,#8328,#8329),(#8330,#8331,#8332,#8333,#8334,#8335,#8336,#8337,#8338,#8339,#8340,#8341,#8342),(#8343,#8344,#8345,#8346,#8347,#8348,#8349,#8350,#8351,#8352,#8353,#8354,#8355),(#8356,#8357,#8358,#8359,#8360,#8361,#8362,#8363,#8364,#8365,#8366,#8367,#8368),(#8369,#8370,#8371,#8372,#8373,#8374,#8375,#8376,#8377,#8378,#8379,#8380,#8381),(#8382,#8383,#8384,#8385,#8386,#8387,#8388,#8389,#8390,#8391,#8392,#8393,#8394),(#8395,#8396,#8397,#8398,#8399,#8400,#8401,#8402,#8403,#8404,#8405,#8406,#8407),(#8408,#8409,#8410,#8411,#8412,#8413,#8414,#8415,#8416,#8417,#8418,#8419,#8420),(#8421,#8422,#8423,#8424,#8425,#8426,#8427,#8428,#8429,#8430,#8431,#8432,#8433),(#8434,#8435,#8436,#8437,#8438,#8439,#8440,#8441,#8442,#8443,#8444,#8445,#8446),(#8447,#8448,#8449,#8450,#8451,#8452,#8453,#8454,#8455,#8456,#8457,#8458,#8459),(#8460,#8461,#8462,#8463,#8464,#8465,#8466,#8467,#8468,#8469,#8470,#8471,#8472),(#8473,#8474,#8475,#8476,#8477,#8478,#8479,#8480,#8481,#8482,#8483,#8484,#8485),(#8486,#8487,#8488,#8489,#8490,#8491,#8492,#8493,#8494,#8495,#8496,#8497,#8498),(#8499,#8500,#8501,#8502,#8503,#8504,#8505,#8506,#8507,#8508,#8509,#8510,#8511),(#8512,#8513,#8514,#8515,#8516,#8517,#8518,#8519,#8520,#8521,#8522,#8523,#8524)),.UNSPECIFIED.,.F.,.F.,.U.,(4,3,3,3,3,3,3,3,4),(4,3,3,3,4),(180.,191.25,202.5,213.75,225.,236.25,247.5,258.75,270.),(0.45179335,1.,1.487303415,1.5985,1.672589885),.UNSPECIFIED.);
#8526=ORIENTED_EDGE('',*,*,#6047,.F.);
#8527=CARTESIAN_POINT('',(-12.30894847,109.098298367,-1.209972525));
#8528=DIRECTION('',(-0.,-1.,-0.));
#8529=VECTOR('',#8528,6.196915336);
#8530=LINE('',#8527,#8529);
#8531=EDGE_CURVE('',#6023,#6986,#8530,.T.);
#8532=ORIENTED_EDGE('',*,*,#8531,.T.);
#8533=ORIENTED_EDGE('',*,*,#7016,.F.);
#8534=ORIENTED_EDGE('',*,*,#8192,.F.);
#8535=ORIENTED_EDGE('',*,*,#4653,.F.);
#8536=EDGE_LOOP('',(#8526,#8532,#8533,#8534,#8535));
#8537=FACE_BOUND('',#8536,.T.);
#8538=ADVANCED_FACE('',(#8537),#8525,.T.);
#8539=CARTESIAN_POINT('',(-19.698948397,111.92843119,-1.209972525));
#8540=DIRECTION('',(0.,0.,-1.));
#8541=DIRECTION('',(0.,1.,0.));
#8542=AXIS2_PLACEMENT_3D('',#8539,#8540,#8541);
#8543=PLANE('',#8542);
#8544=ORIENTED_EDGE('',*,*,#6028,.T.);
#8545=ORIENTED_EDGE('',*,*,#7054,.T.);
#8546=ORIENTED_EDGE('',*,*,#7022,.T.);
#8547=ORIENTED_EDGE('',*,*,#8531,.F.);
#8548=EDGE_LOOP('',(#8544,#8545,#8546,#8547));
#8549=FACE_BOUND('',#8548,.T.);
#8550=ADVANCED_FACE('',(#8549),#8543,.F.);
#8551=CARTESIAN_POINT('',(-143.772714881,99.261010743,-2.0999746));
#8552=DIRECTION('',(0.,0.,-1.));
#8553=DIRECTION('',(-1.,0.,0.));
#8554=AXIS2_PLACEMENT_3D('',#8551,#8552,#8553);
#8555=CYLINDRICAL_SURFACE('',#8554,4.05);
#8556=CARTESIAN_POINT('',(-147.822714881,99.261010743,-3.4999746));
#8557=VERTEX_POINT('',#8556);
#8558=CARTESIAN_POINT('',(-147.822714881,99.261010743,-2.0999746));
#8559=VERTEX_POINT('',#8558);
#8560=CARTESIAN_POINT('',(-147.822714881,99.261010743,-3.4999746));
#8561=DIRECTION('',(-0.,-0.,1.));
#8562=VECTOR('',#8561,1.4);
#8563=LINE('',#8560,#8562);
#8564=EDGE_CURVE('',#8557,#8559,#8563,.T.);
#8565=ORIENTED_EDGE('',*,*,#8564,.F.);
#8566=CARTESIAN_POINT('',(-143.772714881,99.261010743,-3.4999746));
#8567=DIRECTION('',(0.,0.,-1.));
#8568=DIRECTION('',(-1.,0.,0.));
#8569=AXIS2_PLACEMENT_3D('',#8566,#8567,#8568);
#8570=CIRCLE('',#8569,4.05);
#8571=EDGE_CURVE('',#8557,#8557,#8570,.T.);
#8572=ORIENTED_EDGE('',*,*,#8571,.T.);
#8573=ORIENTED_EDGE('',*,*,#8564,.T.);
#8574=CARTESIAN_POINT('',(-143.772714881,99.261010743,-2.0999746));
#8575=DIRECTION('',(0.,0.,-1.));
#8576=DIRECTION('',(-1.,0.,0.));
#8577=AXIS2_PLACEMENT_3D('',#8574,#8575,#8576);
#8578=CIRCLE('',#8577,4.05);
#8579=EDGE_CURVE('',#8559,#8559,#8578,.T.);
#8580=ORIENTED_EDGE('',*,*,#8579,.F.);
#8581=EDGE_LOOP('',(#8565,#8572,#8573,#8580));
#8582=FACE_BOUND('',#8581,.T.);
#8583=ADVANCED_FACE('',(#8582),#8555,.F.);
#8584=CARTESIAN_POINT('',(-153.238937259,8.803353645,-2.0999746));
#8585=DIRECTION('',(0.,0.,-1.));
#8586=DIRECTION('',(-1.,0.,0.));
#8587=AXIS2_PLACEMENT_3D('',#8584,#8585,#8586);
#8588=PLANE('',#8587);
#8589=ORIENTED_EDGE('',*,*,#8579,.T.);
#8590=EDGE_LOOP('',(#8589));
#8591=FACE_BOUND('',#8590,.T.);
#8592=ADVANCED_FACE('',(#8591),#8588,.T.);
#8593=CARTESIAN_POINT('',(-10.951885694,6.734923125,-2.0999746));
#8594=DIRECTION('',(0.,0.,-1.));
#8595=DIRECTION('',(-1.,0.,0.));
#8596=AXIS2_PLACEMENT_3D('',#8593,#8594,#8595);
#8597=CYLINDRICAL_SURFACE('',#8596,4.05);
#8598=CARTESIAN_POINT('',(-15.001885694,6.734923125,-3.4999746));
#8599=VERTEX_POINT('',#8598);
#8600=CARTESIAN_POINT('',(-15.001885694,6.734923125,-2.0999746));
#8601=VERTEX_POINT('',#8600);
#8602=CARTESIAN_POINT('',(-15.001885694,6.734923125,-3.4999746));
#8603=DIRECTION('',(-0.,-0.,1.));
#8604=VECTOR('',#8603,1.4);
#8605=LINE('',#8602,#8604);
#8606=EDGE_CURVE('',#8599,#8601,#8605,.T.);
#8607=ORIENTED_EDGE('',*,*,#8606,.F.);
#8608=CARTESIAN_POINT('',(-10.951885694,6.734923125,-3.4999746));
#8609=DIRECTION('',(0.,0.,-1.));
#8610=DIRECTION('',(-1.,0.,0.));
#8611=AXIS2_PLACEMENT_3D('',#8608,#8609,#8610);
#8612=CIRCLE('',#8611,4.05);
#8613=EDGE_CURVE('',#8599,#8599,#8612,.T.);
#8614=ORIENTED_EDGE('',*,*,#8613,.T.);
#8615=ORIENTED_EDGE('',*,*,#8606,.T.);
#8616=CARTESIAN_POINT('',(-10.951885694,6.734923125,-2.0999746));
#8617=DIRECTION('',(0.,0.,-1.));
#8618=DIRECTION('',(-1.,0.,0.));
#8619=AXIS2_PLACEMENT_3D('',#8616,#8617,#8618);
#8620=CIRCLE('',#8619,4.05);
#8621=EDGE_CURVE('',#8601,#8601,#8620,.T.);
#8622=ORIENTED_EDGE('',*,*,#8621,.F.);
#8623=EDGE_LOOP('',(#8607,#8614,#8615,#8622));
#8624=FACE_BOUND('',#8623,.T.);
#8625=ADVANCED_FACE('',(#8624),#8597,.F.);
#8626=CARTESIAN_POINT('',(-153.238937259,8.803353645,-2.0999746));
#8627=DIRECTION('',(0.,0.,-1.));
#8628=DIRECTION('',(-1.,0.,0.));
#8629=AXIS2_PLACEMENT_3D('',#8626,#8627,#8628);
#8630=PLANE('',#8629);
#8631=ORIENTED_EDGE('',*,*,#8621,.T.);
#8632=EDGE_LOOP('',(#8631));
#8633=FACE_BOUND('',#8632,.T.);
#8634=ADVANCED_FACE('',(#8633),#8630,.T.);
#8635=CARTESIAN_POINT('',(-152.834242453,10.303353645,-2.0999746));
#8636=DIRECTION('',(0.,0.,-1.));
#8637=DIRECTION('',(-1.,0.,0.));
#8638=AXIS2_PLACEMENT_3D('',#8635,#8636,#8637);
#8639=CYLINDRICAL_SURFACE('',#8638,4.05);
#8640=CARTESIAN_POINT('',(-156.884242453,10.303353645,-3.4999746));
#8641=VERTEX_POINT('',#8640);
#8642=CARTESIAN_POINT('',(-156.884242453,10.303353645,-2.0999746));
#8643=VERTEX_POINT('',#8642);
#8644=CARTESIAN_POINT('',(-156.884242453,10.303353645,-3.4999746));
#8645=DIRECTION('',(-0.,-0.,1.));
#8646=VECTOR('',#8645,1.4);
#8647=LINE('',#8644,#8646);
#8648=EDGE_CURVE('',#8641,#8643,#8647,.T.);
#8649=ORIENTED_EDGE('',*,*,#8648,.F.);
#8650=CARTESIAN_POINT('',(-152.834242453,10.303353645,-3.4999746));
#8651=DIRECTION('',(0.,0.,-1.));
#8652=DIRECTION('',(-1.,0.,0.));
#8653=AXIS2_PLACEMENT_3D('',#8650,#8651,#8652);
#8654=CIRCLE('',#8653,4.05);
#8655=EDGE_CURVE('',#8641,#8641,#8654,.T.);
#8656=ORIENTED_EDGE('',*,*,#8655,.T.);
#8657=ORIENTED_EDGE('',*,*,#8648,.T.);
#8658=CARTESIAN_POINT('',(-152.834242453,10.303353645,-2.0999746));
#8659=DIRECTION('',(0.,0.,-1.));
#8660=DIRECTION('',(-1.,0.,0.));
#8661=AXIS2_PLACEMENT_3D('',#8658,#8659,#8660);
#8662=CIRCLE('',#8661,4.05);
#8663=EDGE_CURVE('',#8643,#8643,#8662,.T.);
#8664=ORIENTED_EDGE('',*,*,#8663,.F.);
#8665=EDGE_LOOP('',(#8649,#8656,#8657,#8664));
#8666=FACE_BOUND('',#8665,.T.);
#8667=ADVANCED_FACE('',(#8666),#8639,.F.);
#8668=CARTESIAN_POINT('',(-153.238937259,8.803353645,-2.0999746));
#8669=DIRECTION('',(0.,0.,-1.));
#8670=DIRECTION('',(-1.,0.,0.));
#8671=AXIS2_PLACEMENT_3D('',#8668,#8669,#8670);
#8672=PLANE('',#8671);
#8673=ORIENTED_EDGE('',*,*,#8663,.T.);
#8674=EDGE_LOOP('',(#8673));
#8675=FACE_BOUND('',#8674,.T.);
#8676=ADVANCED_FACE('',(#8675),#8672,.T.);
#8677=CARTESIAN_POINT('',(-1.549679827,98.338450861,-2.0999746));
#8678=DIRECTION('',(0.,0.,-1.));
#8679=DIRECTION('',(-1.,0.,0.));
#8680=AXIS2_PLACEMENT_3D('',#8677,#8678,#8679);
#8681=CYLINDRICAL_SURFACE('',#8680,4.05);
#8682=CARTESIAN_POINT('',(-5.599679827,98.338450861,-3.4999746));
#8683=VERTEX_POINT('',#8682);
#8684=CARTESIAN_POINT('',(-5.599679827,98.338450861,-2.0999746));
#8685=VERTEX_POINT('',#8684);
#8686=CARTESIAN_POINT('',(-5.599679827,98.338450861,-3.4999746));
#8687=DIRECTION('',(-0.,-0.,1.));
#8688=VECTOR('',#8687,1.4);
#8689=LINE('',#8686,#8688);
#8690=EDGE_CURVE('',#8683,#8685,#8689,.T.);
#8691=ORIENTED_EDGE('',*,*,#8690,.F.);
#8692=CARTESIAN_POINT('',(-1.549679827,98.338450861,-3.4999746));
#8693=DIRECTION('',(0.,0.,-1.));
#8694=DIRECTION('',(-1.,0.,0.));
#8695=AXIS2_PLACEMENT_3D('',#8692,#8693,#8694);
#8696=CIRCLE('',#8695,4.05);
#8697=EDGE_CURVE('',#8683,#8683,#8696,.T.);
#8698=ORIENTED_EDGE('',*,*,#8697,.T.);
#8699=ORIENTED_EDGE('',*,*,#8690,.T.);
#8700=CARTESIAN_POINT('',(-1.549679827,98.338450861,-2.0999746));
#8701=DIRECTION('',(0.,0.,-1.));
#8702=DIRECTION('',(-1.,0.,0.));
#8703=AXIS2_PLACEMENT_3D('',#8700,#8701,#8702);
#8704=CIRCLE('',#8703,4.05);
#8705=EDGE_CURVE('',#8685,#8685,#8704,.T.);
#8706=ORIENTED_EDGE('',*,*,#8705,.F.);
#8707=EDGE_LOOP('',(#8691,#8698,#8699,#8706));
#8708=FACE_BOUND('',#8707,.T.);
#8709=ADVANCED_FACE('',(#8708),#8681,.F.);
#8710=CARTESIAN_POINT('',(-153.238937259,8.803353645,-2.0999746));
#8711=DIRECTION('',(0.,0.,-1.));
#8712=DIRECTION('',(-1.,0.,0.));
#8713=AXIS2_PLACEMENT_3D('',#8710,#8711,#8712);
#8714=PLANE('',#8713);
#8715=ORIENTED_EDGE('',*,*,#8705,.T.);
#8716=EDGE_LOOP('',(#8715));
#8717=FACE_BOUND('',#8716,.T.);
#8718=ADVANCED_FACE('',(#8717),#8714,.T.);
#8719=CARTESIAN_POINT('',(-27.277051502,96.647195488,-2.751535371));
#8720=CARTESIAN_POINT('',(-27.277051502,96.647195488,-2.564208309));
#8721=CARTESIAN_POINT('',(-27.277051502,96.647195488,-2.0999746));
#8722=CARTESIAN_POINT('',(-27.276594779,96.70450865,-2.751535371));
#8723=CARTESIAN_POINT('',(-27.276594779,96.70450865,-2.564208309));
#8724=CARTESIAN_POINT('',(-27.276594779,96.70450865,-2.0999746));
#8725=CARTESIAN_POINT('',(-27.273778622,96.761732229,-2.751535371));
#8726=CARTESIAN_POINT('',(-27.273778622,96.761732229,-2.564208309));
#8727=CARTESIAN_POINT('',(-27.273778622,96.761732229,-2.0999746));
#8728=CARTESIAN_POINT('',(-27.268621309,96.818725143,-2.751535371));
#8729=CARTESIAN_POINT('',(-27.268621309,96.818725143,-2.564208309));
#8730=CARTESIAN_POINT('',(-27.268621309,96.818725143,-2.0999746));
#8731=CARTESIAN_POINT('',(-27.262560759,96.875629097,-2.751535371));
#8732=CARTESIAN_POINT('',(-27.262560759,96.875629097,-2.564208309));
#8733=CARTESIAN_POINT('',(-27.262560759,96.875629097,-2.0999746));
#8734=CARTESIAN_POINT('',(-27.254159038,96.932302548,-2.751535371));
#8735=CARTESIAN_POINT('',(-27.254159038,96.932302548,-2.564208309));
#8736=CARTESIAN_POINT('',(-27.254159038,96.932302548,-2.0999746));
#8737=CARTESIAN_POINT('',(-27.243425744,96.988603544,-2.751535371));
#8738=CARTESIAN_POINT('',(-27.243425744,96.988603544,-2.564208309));
#8739=CARTESIAN_POINT('',(-27.243425744,96.988603544,-2.0999746));
#8740=CARTESIAN_POINT('',(-27.231796553,97.04472635,-2.751535371));
#8741=CARTESIAN_POINT('',(-27.231796553,97.04472635,-2.564208309));
#8742=CARTESIAN_POINT('',(-27.231796553,97.04472635,-2.0999746));
#8743=CARTESIAN_POINT('',(-27.217870741,97.10030099,-2.751535371));
#8744=CARTESIAN_POINT('',(-27.217870741,97.10030099,-2.564208309));
#8745=CARTESIAN_POINT('',(-27.217870741,97.10030099,-2.0999746));
#8746=CARTESIAN_POINT('',(-27.201693758,97.155192659,-2.751535371));
#8747=CARTESIAN_POINT('',(-27.201693758,97.155192659,-2.564208309));
#8748=CARTESIAN_POINT('',(-27.201693758,97.155192659,-2.0999746));
#8749=CARTESIAN_POINT('',(-27.184648251,97.209820862,-2.751535371));
#8750=CARTESIAN_POINT('',(-27.184648251,97.209820862,-2.564208309));
#8751=CARTESIAN_POINT('',(-27.184648251,97.209820862,-2.0999746));
#8752=CARTESIAN_POINT('',(-27.165351526,97.263766249,-2.751535371));
#8753=CARTESIAN_POINT('',(-27.165351526,97.263766249,-2.564208309));
#8754=CARTESIAN_POINT('',(-27.165351526,97.263766249,-2.0999746));
#8755=CARTESIAN_POINT('',(-27.143840683,97.316891494,-2.751535371));
#8756=CARTESIAN_POINT('',(-27.143840683,97.316891494,-2.564208309));
#8757=CARTESIAN_POINT('',(-27.143840683,97.316891494,-2.0999746));
#8758=CARTESIAN_POINT('',(-27.121485929,97.36966717,-2.751535371));
#8759=CARTESIAN_POINT('',(-27.121485929,97.36966717,-2.564208309));
#8760=CARTESIAN_POINT('',(-27.121485929,97.36966717,-2.0999746));
#8761=CARTESIAN_POINT('',(-27.096985624,97.421457165,-2.751535371));
#8762=CARTESIAN_POINT('',(-27.096985624,97.421457165,-2.564208309));
#8763=CARTESIAN_POINT('',(-27.096985624,97.421457165,-2.0999746));
#8764=CARTESIAN_POINT('',(-27.070410645,97.472138132,-2.751535371));
#8765=CARTESIAN_POINT('',(-27.070410645,97.472138132,-2.564208309));
#8766=CARTESIAN_POINT('',(-27.070410645,97.472138132,-2.0999746));
#8767=CARTESIAN_POINT('',(-27.043035228,97.522391255,-2.751535371));
#8768=CARTESIAN_POINT('',(-27.043035228,97.522391255,-2.564208309));
#8769=CARTESIAN_POINT('',(-27.043035228,97.522391255,-2.0999746));
#8770=CARTESIAN_POINT('',(-27.013585062,97.571535493,-2.751535371));
#8771=CARTESIAN_POINT('',(-27.013585062,97.571535493,-2.564208309));
#8772=CARTESIAN_POINT('',(-27.013585062,97.571535493,-2.0999746));
#8773=CARTESIAN_POINT('',(-26.982123322,97.619443394,-2.751535371));
#8774=CARTESIAN_POINT('',(-26.982123322,97.619443394,-2.564208309));
#8775=CARTESIAN_POINT('',(-26.982123322,97.619443394,-2.0999746));
#8776=CARTESIAN_POINT('',(-26.949902086,97.666843801,-2.751535371));
#8777=CARTESIAN_POINT('',(-26.949902086,97.666843801,-2.564208309));
#8778=CARTESIAN_POINT('',(-26.949902086,97.666843801,-2.0999746));
#8779=CARTESIAN_POINT('',(-26.915768822,97.712858892,-2.751535371));
#8780=CARTESIAN_POINT('',(-26.915768822,97.712858892,-2.564208309));
#8781=CARTESIAN_POINT('',(-26.915768822,97.712858892,-2.0999746));
#8782=CARTESIAN_POINT('',(-26.879817108,97.757381517,-2.751535371));
#8783=CARTESIAN_POINT('',(-26.879817108,97.757381517,-2.564208309));
#8784=CARTESIAN_POINT('',(-26.879817108,97.757381517,-2.0999746));
#8785=CARTESIAN_POINT('',(-26.843163804,97.801328362,-2.751535371));
#8786=CARTESIAN_POINT('',(-26.843163804,97.801328362,-2.564208309));
#8787=CARTESIAN_POINT('',(-26.843163804,97.801328362,-2.0999746));
#8788=CARTESIAN_POINT('',(-26.804691948,97.843782867,-2.751535371));
#8789=CARTESIAN_POINT('',(-26.804691948,97.843782867,-2.564208309));
#8790=CARTESIAN_POINT('',(-26.804691948,97.843782867,-2.0999746));
#8791=CARTESIAN_POINT('',(-26.764488373,97.884632345,-2.751535371));
#8792=CARTESIAN_POINT('',(-26.764488373,97.884632345,-2.564208309));
#8793=CARTESIAN_POINT('',(-26.764488373,97.884632345,-2.0999746));
#8794=CARTESIAN_POINT('',(-26.723638895,97.92483592,-2.751535371));
#8795=CARTESIAN_POINT('',(-26.723638895,97.92483592,-2.564208309));
#8796=CARTESIAN_POINT('',(-26.723638895,97.92483592,-2.0999746));
#8797=CARTESIAN_POINT('',(-26.68118439,97.963307776,-2.751535371));
#8798=CARTESIAN_POINT('',(-26.68118439,97.963307776,-2.564208309));
#8799=CARTESIAN_POINT('',(-26.68118439,97.963307776,-2.0999746));
#8800=CARTESIAN_POINT('',(-26.637237545,97.99996108,-2.751535371));
#8801=CARTESIAN_POINT('',(-26.637237545,97.99996108,-2.564208309));
#8802=CARTESIAN_POINT('',(-26.637237545,97.99996108,-2.0999746));
#8803=CARTESIAN_POINT('',(-26.59271492,98.035912794,-2.751535371));
#8804=CARTESIAN_POINT('',(-26.59271492,98.035912794,-2.564208309));
#8805=CARTESIAN_POINT('',(-26.59271492,98.035912794,-2.0999746));
#8806=CARTESIAN_POINT('',(-26.546699829,98.070046059,-2.751535371));
#8807=CARTESIAN_POINT('',(-26.546699829,98.070046059,-2.564208309));
#8808=CARTESIAN_POINT('',(-26.546699829,98.070046059,-2.0999746));
#8809=CARTESIAN_POINT('',(-26.499299412,98.102267301,-2.751535371));
#8810=CARTESIAN_POINT('',(-26.499299412,98.102267301,-2.564208309));
#8811=CARTESIAN_POINT('',(-26.499299412,98.102267301,-2.0999746));
#8812=CARTESIAN_POINT('',(-26.45139152,98.133729035,-2.751535371));
#8813=CARTESIAN_POINT('',(-26.45139152,98.133729035,-2.564208309));
#8814=CARTESIAN_POINT('',(-26.45139152,98.133729035,-2.0999746));
#8815=CARTESIAN_POINT('',(-26.402247282,98.163179201,-2.751535371));
#8816=CARTESIAN_POINT('',(-26.402247282,98.163179201,-2.564208309));
#8817=CARTESIAN_POINT('',(-26.402247282,98.163179201,-2.0999746));
#8818=CARTESIAN_POINT('',(-26.351994159,98.190554618,-2.751535371));
#8819=CARTESIAN_POINT('',(-26.351994159,98.190554618,-2.564208309));
#8820=CARTESIAN_POINT('',(-26.351994159,98.190554618,-2.0999746));
#8821=CARTESIAN_POINT('',(-26.301313192,98.217129596,-2.751535371));
#8822=CARTESIAN_POINT('',(-26.301313192,98.217129596,-2.564208309));
#8823=CARTESIAN_POINT('',(-26.301313192,98.217129596,-2.0999746));
#8824=CARTESIAN_POINT('',(-26.249523197,98.241629902,-2.751535371));
#8825=CARTESIAN_POINT('',(-26.249523197,98.241629902,-2.564208309));
#8826=CARTESIAN_POINT('',(-26.249523197,98.241629902,-2.0999746));
#8827=CARTESIAN_POINT('',(-26.196747509,98.263984661,-2.751535371));
#8828=CARTESIAN_POINT('',(-26.196747509,98.263984661,-2.564208309));
#8829=CARTESIAN_POINT('',(-26.196747509,98.263984661,-2.0999746));
#8830=CARTESIAN_POINT('',(-26.143622276,98.285495499,-2.751535371));
#8831=CARTESIAN_POINT('',(-26.143622276,98.285495499,-2.564208309));
#8832=CARTESIAN_POINT('',(-26.143622276,98.285495499,-2.0999746));
#8833=CARTESIAN_POINT('',(-26.08967689,98.304792223,-2.751535371));
#8834=CARTESIAN_POINT('',(-26.08967689,98.304792223,-2.564208309));
#8835=CARTESIAN_POINT('',(-26.08967689,98.304792223,-2.0999746));
#8836=CARTESIAN_POINT('',(-26.035048687,98.321837731,-2.751535371));
#8837=CARTESIAN_POINT('',(-26.035048687,98.321837731,-2.564208309));
#8838=CARTESIAN_POINT('',(-26.035048687,98.321837731,-2.0999746));
#8839=CARTESIAN_POINT('',(-25.980157018,98.338014713,-2.751535371));
#8840=CARTESIAN_POINT('',(-25.980157018,98.338014713,-2.564208309));
#8841=CARTESIAN_POINT('',(-25.980157018,98.338014713,-2.0999746));
#8842=CARTESIAN_POINT('',(-25.924582377,98.351940526,-2.751535371));
#8843=CARTESIAN_POINT('',(-25.924582377,98.351940526,-2.564208309));
#8844=CARTESIAN_POINT('',(-25.924582377,98.351940526,-2.0999746));
#8845=CARTESIAN_POINT('',(-25.868459571,98.363569717,-2.751535371));
#8846=CARTESIAN_POINT('',(-25.868459571,98.363569717,-2.564208309));
#8847=CARTESIAN_POINT('',(-25.868459571,98.363569717,-2.0999746));
#8848=CARTESIAN_POINT('',(-25.812158565,98.374303012,-2.751535371));
#8849=CARTESIAN_POINT('',(-25.812158565,98.374303012,-2.564208309));
#8850=CARTESIAN_POINT('',(-25.812158565,98.374303012,-2.0999746));
#8851=CARTESIAN_POINT('',(-25.755485118,98.382704732,-2.751535371));
#8852=CARTESIAN_POINT('',(-25.755485118,98.382704732,-2.564208309));
#8853=CARTESIAN_POINT('',(-25.755485118,98.382704732,-2.0999746));
#8854=CARTESIAN_POINT('',(-25.698581167,98.388765281,-2.751535371));
#8855=CARTESIAN_POINT('',(-25.698581167,98.388765281,-2.564208309));
#8856=CARTESIAN_POINT('',(-25.698581167,98.388765281,-2.0999746));
#8857=CARTESIAN_POINT('',(-25.641588255,98.393922594,-2.751535371));
#8858=CARTESIAN_POINT('',(-25.641588255,98.393922594,-2.564208309));
#8859=CARTESIAN_POINT('',(-25.641588255,98.393922594,-2.0999746));
#8860=CARTESIAN_POINT('',(-25.584364677,98.396738751,-2.751535371));
#8861=CARTESIAN_POINT('',(-25.584364677,98.396738751,-2.564208309));
#8862=CARTESIAN_POINT('',(-25.584364677,98.396738751,-2.0999746));
#8863=CARTESIAN_POINT('',(-25.527051516,98.397195474,-2.751535371));
#8864=CARTESIAN_POINT('',(-25.527051516,98.397195474,-2.564208309));
#8865=CARTESIAN_POINT('',(-25.527051516,98.397195474,-2.0999746));
#8866=CARTESIAN_POINT('',(-25.469738355,98.396738751,-2.751535371));
#8867=CARTESIAN_POINT('',(-25.469738355,98.396738751,-2.564208309));
#8868=CARTESIAN_POINT('',(-25.469738355,98.396738751,-2.0999746));
#8869=CARTESIAN_POINT('',(-25.412514777,98.393922594,-2.751535371));
#8870=CARTESIAN_POINT('',(-25.412514777,98.393922594,-2.564208309));
#8871=CARTESIAN_POINT('',(-25.412514777,98.393922594,-2.0999746));
#8872=CARTESIAN_POINT('',(-25.355521864,98.388765281,-2.751535371));
#8873=CARTESIAN_POINT('',(-25.355521864,98.388765281,-2.564208309));
#8874=CARTESIAN_POINT('',(-25.355521864,98.388765281,-2.0999746));
#8875=CARTESIAN_POINT('',(-25.298617913,98.382704732,-2.751535371));
#8876=CARTESIAN_POINT('',(-25.298617913,98.382704732,-2.564208309));
#8877=CARTESIAN_POINT('',(-25.298617913,98.382704732,-2.0999746));
#8878=CARTESIAN_POINT('',(-25.241944466,98.374303012,-2.751535371));
#8879=CARTESIAN_POINT('',(-25.241944466,98.374303012,-2.564208309));
#8880=CARTESIAN_POINT('',(-25.241944466,98.374303012,-2.0999746));
#8881=CARTESIAN_POINT('',(-25.18564346,98.363569717,-2.751535371));
#8882=CARTESIAN_POINT('',(-25.18564346,98.363569717,-2.564208309));
#8883=CARTESIAN_POINT('',(-25.18564346,98.363569717,-2.0999746));
#8884=CARTESIAN_POINT('',(-25.129520654,98.351940526,-2.751535371));
#8885=CARTESIAN_POINT('',(-25.129520654,98.351940526,-2.564208309));
#8886=CARTESIAN_POINT('',(-25.129520654,98.351940526,-2.0999746));
#8887=CARTESIAN_POINT('',(-25.073946014,98.338014713,-2.751535371));
#8888=CARTESIAN_POINT('',(-25.073946014,98.338014713,-2.564208309));
#8889=CARTESIAN_POINT('',(-25.073946014,98.338014713,-2.0999746));
#8890=CARTESIAN_POINT('',(-25.019054345,98.321837731,-2.751535371));
#8891=CARTESIAN_POINT('',(-25.019054345,98.321837731,-2.564208309));
#8892=CARTESIAN_POINT('',(-25.019054345,98.321837731,-2.0999746));
#8893=CARTESIAN_POINT('',(-24.964426142,98.304792223,-2.751535371));
#8894=CARTESIAN_POINT('',(-24.964426142,98.304792223,-2.564208309));
#8895=CARTESIAN_POINT('',(-24.964426142,98.304792223,-2.0999746));
#8896=CARTESIAN_POINT('',(-24.910480755,98.285495499,-2.751535371));
#8897=CARTESIAN_POINT('',(-24.910480755,98.285495499,-2.564208309));
#8898=CARTESIAN_POINT('',(-24.910480755,98.285495499,-2.0999746));
#8899=CARTESIAN_POINT('',(-24.85735551,98.263984656,-2.751535371));
#8900=CARTESIAN_POINT('',(-24.85735551,98.263984656,-2.564208309));
#8901=CARTESIAN_POINT('',(-24.85735551,98.263984656,-2.0999746));
#8902=CARTESIAN_POINT('',(-24.804579834,98.241629902,-2.751535371));
#8903=CARTESIAN_POINT('',(-24.804579834,98.241629902,-2.564208309));
#8904=CARTESIAN_POINT('',(-24.804579834,98.241629902,-2.0999746));
#8905=CARTESIAN_POINT('',(-24.752789839,98.217129596,-2.751535371));
#8906=CARTESIAN_POINT('',(-24.752789839,98.217129596,-2.564208309));
#8907=CARTESIAN_POINT('',(-24.752789839,98.217129596,-2.0999746));
#8908=CARTESIAN_POINT('',(-24.702108872,98.190554618,-2.751535371));
#8909=CARTESIAN_POINT('',(-24.702108872,98.190554618,-2.564208309));
#8910=CARTESIAN_POINT('',(-24.702108872,98.190554618,-2.0999746));
#8911=CARTESIAN_POINT('',(-24.651855749,98.163179201,-2.751535371));
#8912=CARTESIAN_POINT('',(-24.651855749,98.163179201,-2.564208309));
#8913=CARTESIAN_POINT('',(-24.651855749,98.163179201,-2.0999746));
#8914=CARTESIAN_POINT('',(-24.602711511,98.133729035,-2.751535371));
#8915=CARTESIAN_POINT('',(-24.602711511,98.133729035,-2.564208309));
#8916=CARTESIAN_POINT('',(-24.602711511,98.133729035,-2.0999746));
#8917=CARTESIAN_POINT('',(-24.554803616,98.102267299,-2.751535371));
#8918=CARTESIAN_POINT('',(-24.554803616,98.102267299,-2.564208309));
#8919=CARTESIAN_POINT('',(-24.554803616,98.102267299,-2.0999746));
#8920=CARTESIAN_POINT('',(-24.507403205,98.070046061,-2.751535371));
#8921=CARTESIAN_POINT('',(-24.507403205,98.070046061,-2.564208309));
#8922=CARTESIAN_POINT('',(-24.507403205,98.070046061,-2.0999746));
#8923=CARTESIAN_POINT('',(-24.461388111,98.035912794,-2.751535371));
#8924=CARTESIAN_POINT('',(-24.461388111,98.035912794,-2.564208309));
#8925=CARTESIAN_POINT('',(-24.461388111,98.035912794,-2.0999746));
#8926=CARTESIAN_POINT('',(-24.416865484,97.999961079,-2.751535371));
#8927=CARTESIAN_POINT('',(-24.416865484,97.999961079,-2.564208309));
#8928=CARTESIAN_POINT('',(-24.416865484,97.999961079,-2.0999746));
#8929=CARTESIAN_POINT('',(-24.372918638,97.963307774,-2.751535371));
#8930=CARTESIAN_POINT('',(-24.372918638,97.963307774,-2.564208309));
#8931=CARTESIAN_POINT('',(-24.372918638,97.963307774,-2.0999746));
#8932=CARTESIAN_POINT('',(-24.330464134,97.924835918,-2.751535371));
#8933=CARTESIAN_POINT('',(-24.330464134,97.924835918,-2.564208309));
#8934=CARTESIAN_POINT('',(-24.330464134,97.924835918,-2.0999746));
#8935=CARTESIAN_POINT('',(-24.289614665,97.884632352,-2.751535371));
#8936=CARTESIAN_POINT('',(-24.289614665,97.884632352,-2.564208309));
#8937=CARTESIAN_POINT('',(-24.289614665,97.884632352,-2.0999746));
#8938=CARTESIAN_POINT('',(-24.249411086,97.84378287,-2.751535371));
#8939=CARTESIAN_POINT('',(-24.249411086,97.84378287,-2.564208309));
#8940=CARTESIAN_POINT('',(-24.249411086,97.84378287,-2.0999746));
#8941=CARTESIAN_POINT('',(-24.210939227,97.801328362,-2.751535371));
#8942=CARTESIAN_POINT('',(-24.210939227,97.801328362,-2.564208309));
#8943=CARTESIAN_POINT('',(-24.210939227,97.801328362,-2.0999746));
#8944=CARTESIAN_POINT('',(-24.174285921,97.757381515,-2.751535371));
#8945=CARTESIAN_POINT('',(-24.174285921,97.757381515,-2.564208309));
#8946=CARTESIAN_POINT('',(-24.174285921,97.757381515,-2.0999746));
#8947=CARTESIAN_POINT('',(-24.138334207,97.712858889,-2.751535371));
#8948=CARTESIAN_POINT('',(-24.138334207,97.712858889,-2.564208309));
#8949=CARTESIAN_POINT('',(-24.138334207,97.712858889,-2.0999746));
#8950=CARTESIAN_POINT('',(-24.104200943,97.666843799,-2.751535371));
#8951=CARTESIAN_POINT('',(-24.104200943,97.666843799,-2.564208309));
#8952=CARTESIAN_POINT('',(-24.104200943,97.666843799,-2.0999746));
#8953=CARTESIAN_POINT('',(-24.071979709,97.619443394,-2.751535371));
#8954=CARTESIAN_POINT('',(-24.071979709,97.619443394,-2.564208309));
#8955=CARTESIAN_POINT('',(-24.071979709,97.619443394,-2.0999746));
#8956=CARTESIAN_POINT('',(-24.040517971,97.571535497,-2.751535371));
#8957=CARTESIAN_POINT('',(-24.040517971,97.571535497,-2.564208309));
#8958=CARTESIAN_POINT('',(-24.040517971,97.571535497,-2.0999746));
#8959=CARTESIAN_POINT('',(-24.011067802,97.522391255,-2.751535371));
#8960=CARTESIAN_POINT('',(-24.011067802,97.522391255,-2.564208309));
#8961=CARTESIAN_POINT('',(-24.011067802,97.522391255,-2.0999746));
#8962=CARTESIAN_POINT('',(-23.983692384,97.472138129,-2.751535371));
#8963=CARTESIAN_POINT('',(-23.983692384,97.472138129,-2.564208309));
#8964=CARTESIAN_POINT('',(-23.983692384,97.472138129,-2.0999746));
#8965=CARTESIAN_POINT('',(-23.957117406,97.421457161,-2.751535371));
#8966=CARTESIAN_POINT('',(-23.957117406,97.421457161,-2.564208309));
#8967=CARTESIAN_POINT('',(-23.957117406,97.421457161,-2.0999746));
#8968=CARTESIAN_POINT('',(-23.932617101,97.369667167,-2.751535371));
#8969=CARTESIAN_POINT('',(-23.932617101,97.369667167,-2.564208309));
#8970=CARTESIAN_POINT('',(-23.932617101,97.369667167,-2.0999746));
#8971=CARTESIAN_POINT('',(-23.910262343,97.316891482,-2.751535371));
#8972=CARTESIAN_POINT('',(-23.910262343,97.316891482,-2.564208309));
#8973=CARTESIAN_POINT('',(-23.910262343,97.316891482,-2.0999746));
#8974=CARTESIAN_POINT('',(-23.888751505,97.263766249,-2.751535371));
#8975=CARTESIAN_POINT('',(-23.888751505,97.263766249,-2.564208309));
#8976=CARTESIAN_POINT('',(-23.888751505,97.263766249,-2.0999746));
#8977=CARTESIAN_POINT('',(-23.869454781,97.209820862,-2.751535371));
#8978=CARTESIAN_POINT('',(-23.869454781,97.209820862,-2.564208309));
#8979=CARTESIAN_POINT('',(-23.869454781,97.209820862,-2.0999746));
#8980=CARTESIAN_POINT('',(-23.852409273,97.155192659,-2.751535371));
#8981=CARTESIAN_POINT('',(-23.852409273,97.155192659,-2.564208309));
#8982=CARTESIAN_POINT('',(-23.852409273,97.155192659,-2.0999746));
#8983=CARTESIAN_POINT('',(-23.836232291,97.10030099,-2.751535371));
#8984=CARTESIAN_POINT('',(-23.836232291,97.10030099,-2.564208309));
#8985=CARTESIAN_POINT('',(-23.836232291,97.10030099,-2.0999746));
#8986=CARTESIAN_POINT('',(-23.822306478,97.04472635,-2.751535371));
#8987=CARTESIAN_POINT('',(-23.822306478,97.04472635,-2.564208309));
#8988=CARTESIAN_POINT('',(-23.822306478,97.04472635,-2.0999746));
#8989=CARTESIAN_POINT('',(-23.81067729,96.988603558,-2.751535371));
#8990=CARTESIAN_POINT('',(-23.81067729,96.988603558,-2.564208309));
#8991=CARTESIAN_POINT('',(-23.81067729,96.988603558,-2.0999746));
#8992=CARTESIAN_POINT('',(-23.799943993,96.932302548,-2.751535371));
#8993=CARTESIAN_POINT('',(-23.799943993,96.932302548,-2.564208309));
#8994=CARTESIAN_POINT('',(-23.799943993,96.932302548,-2.0999746));
#8995=CARTESIAN_POINT('',(-23.791542272,96.875629097,-2.751535371));
#8996=CARTESIAN_POINT('',(-23.791542272,96.875629097,-2.564208309));
#8997=CARTESIAN_POINT('',(-23.791542272,96.875629097,-2.0999746));
#8998=CARTESIAN_POINT('',(-23.785481722,96.818725143,-2.751535371));
#8999=CARTESIAN_POINT('',(-23.785481722,96.818725143,-2.564208309));
#9000=CARTESIAN_POINT('',(-23.785481722,96.818725143,-2.0999746));
#9001=CARTESIAN_POINT('',(-23.780324409,96.761732229,-2.751535371));
#9002=CARTESIAN_POINT('',(-23.780324409,96.761732229,-2.564208309));
#9003=CARTESIAN_POINT('',(-23.780324409,96.761732229,-2.0999746));
#9004=CARTESIAN_POINT('',(-23.777508252,96.70450865,-2.751535371));
#9005=CARTESIAN_POINT('',(-23.777508252,96.70450865,-2.564208309));
#9006=CARTESIAN_POINT('',(-23.777508252,96.70450865,-2.0999746));
#9007=CARTESIAN_POINT('',(-23.777051529,96.647195488,-2.751535371));
#9008=CARTESIAN_POINT('',(-23.777051529,96.647195488,-2.564208309));
#9009=CARTESIAN_POINT('',(-23.777051529,96.647195488,-2.0999746));
#9010=B_SPLINE_SURFACE_WITH_KNOTS('',3,1,((#8719,#8720,#8721),(#8722,#8723,#8724),(#8725,#8726,#8727),(#8728,#8729,#8730),(#8731,#8732,#8733),(#8734,#8735,#8736),(#8737,#8738,#8739),(#8740,#8741,#8742),(#8743,#8744,#8745),(#8746,#8747,#8748),(#8749,#8750,#8751),(#8752,#8753,#8754),(#8755,#8756,#8757),(#8758,#8759,#8760),(#8761,#8762,#8763),(#8764,#8765,#8766),(#8767,#8768,#8769),(#8770,#8771,#8772),(#8773,#8774,#8775),(#8776,#8777,#8778),(#8779,#8780,#8781),(#8782,#8783,#8784),(#8785,#8786,#8787),(#8788,#8789,#8790),(#8791,#8792,#8793),(#8794,#8795,#8796),
(#8797,#8798,#8799),(#8800,#8801,#8802),(#8803,#8804,#8805),(#8806,#8807,#8808),(#8809,#8810,#8811),(#8812,#8813,#8814),(#8815,#8816,#8817),(#8818,#8819,#8820),(#8821,#8822,#8823),(#8824,#8825,#8826),(#8827,#8828,#8829),(#8830,#8831,#8832),(#8833,#8834,#8835),(#8836,#8837,#8838),(#8839,#8840,#8841),(#8842,#8843,#8844),(#8845,#8846,#8847),(#8848,#8849,#8850),(#8851,#8852,#8853),(#8854,#8855,#8856),(#8857,#8858,#8859),(#8860,#8861,#8862),(#8863,#8864,#8865),(#8866,#8867,#8868),(#8869,#8870,#8871),
(#8872,#8873,#8874),(#8875,#8876,#8877),(#8878,#8879,#8880),(#8881,#8882,#8883),(#8884,#8885,#8886),(#8887,#8888,#8889),(#8890,#8891,#8892),(#8893,#8894,#8895),(#8896,#8897,#8898),(#8899,#8900,#8901),(#8902,#8903,#8904),(#8905,#8906,#8907),(#8908,#8909,#8910),(#8911,#8912,#8913),(#8914,#8915,#8916),(#8917,#8918,#8919),(#8920,#8921,#8922),(#8923,#8924,#8925),(#8926,#8927,#8928),(#8929,#8930,#8931),(#8932,#8933,#8934),(#8935,#8936,#8937),(#8938,#8939,#8940),(#8941,#8942,#8943),(#8944,#8945,#8946),
(#8947,#8948,#8949),(#8950,#8951,#8952),(#8953,#8954,#8955),(#8956,#8957,#8958),(#8959,#8960,#8961),(#8962,#8963,#8964),(#8965,#8966,#8967),(#8968,#8969,#8970),(#8971,#8972,#8973),(#8974,#8975,#8976),(#8977,#8978,#8979),(#8980,#8981,#8982),(#8983,#8984,#8985),(#8986,#8987,#8988),(#8989,#8990,#8991),(#8992,#8993,#8994),(#8995,#8996,#8997),(#8998,#8999,#9000),(#9001,#9002,#9003),(#9004,#9005,#9006),(#9007,#9008,#9009)),.UNSPECIFIED.,.F.,.F.,.U.,(4,3,3,3,3,3,3,3,3,3,3,3,3,3,3,3,3,3,3,3,3,3,3,3,3,3,
3,3,3,3,3,3,4),(2,1,2),(0.,5.625,11.25,16.875,22.5,28.125,33.75,39.375,45.,50.625,56.25,61.875,67.5,73.125,78.75,84.375,90.,95.625,101.25,106.875,112.5,118.125,123.75,129.375,135.,140.625,
146.25,151.875,157.5,163.125,168.75,174.375,180.),(1.119973182,1.15,1.224412425),.UNSPECIFIED.);
#9011=CARTESIAN_POINT('',(-27.277051502,96.647195674,-2.749974601));
#9012=VERTEX_POINT('',#9011);
#9013=CARTESIAN_POINT('',(-27.277051502,96.647195488,-2.0999746));
#9014=VERTEX_POINT('',#9013);
#9015=CARTESIAN_POINT('',(-27.277051502,96.647195488,-2.749974601));
#9016=CARTESIAN_POINT('',(-27.277051502,96.647195488,-2.533307934));
#9017=CARTESIAN_POINT('',(-27.277051502,96.647195488,-2.316641267));
#9018=CARTESIAN_POINT('',(-27.277051502,96.647195488,-2.0999746));
#9019=B_SPLINE_CURVE_WITH_KNOTS('',3,(#9015,#9016,#9017,#9018),.UNSPECIFIED.,.F.,.F.,(4,4),(1.12022336,1.224412425),.UNSPECIFIED.);
#9020=EDGE_CURVE('',#9012,#9014,#9019,.T.);
#9021=ORIENTED_EDGE('',*,*,#9020,.F.);
#9022=CARTESIAN_POINT('',(-23.777051529,96.647195551,-2.7499746));
#9023=VERTEX_POINT('',#9022);
#9024=CARTESIAN_POINT('',(-27.277051502,96.647195674,-2.749974599));
#9025=CARTESIAN_POINT('',(-27.27705149,96.760835729,-2.749649405));
#9026=CARTESIAN_POINT('',(-27.266086064,96.87347317,-2.749806259));
#9027=CARTESIAN_POINT('',(-27.244118062,96.985104362,-2.750040669));
#9028=CARTESIAN_POINT('',(-27.22215006,97.096735553,-2.75027508));
#9029=CARTESIAN_POINT('',(-27.188533776,97.208502233,-2.750576338));
#9030=CARTESIAN_POINT('',(-27.144922328,97.314274175,-2.750693648));
#9031=CARTESIAN_POINT('',(-27.10131088,97.420046116,-2.750810958));
#9032=CARTESIAN_POINT('',(-27.047758145,97.520774596,-2.750744281));
#9033=CARTESIAN_POINT('',(-26.984150824,97.616402141,-2.750554459));
#9034=CARTESIAN_POINT('',(-26.920543503,97.712029687,-2.750364637));
#9035=CARTESIAN_POINT('',(-26.846990422,97.801871514,-2.750056452));
#9036=CARTESIAN_POINT('',(-26.766444589,97.882673027,-2.749977314));
#9037=CARTESIAN_POINT('',(-26.605352924,98.044276052,-2.749819039));
#9038=CARTESIAN_POINT('',(-26.410081044,98.175216745,-2.751397603));
#9039=CARTESIAN_POINT('',(-26.199358947,98.262900492,-2.751489448));
#9040=CARTESIAN_POINT('',(-26.093997898,98.306742365,-2.751535371));
#9041=CARTESIAN_POINT('',(-25.982917817,98.340686606,-2.751284553));
#9042=CARTESIAN_POINT('',(-25.870141312,98.363234339,-2.750910239));
#9043=CARTESIAN_POINT('',(-25.757364808,98.385782073,-2.750535926));
#9044=CARTESIAN_POINT('',(-25.643140964,98.397169644,-2.750048505));
#9045=CARTESIAN_POINT('',(-25.52744216,98.39719543,-2.749975564));
#9046=CARTESIAN_POINT('',(-25.411743356,98.397221217,-2.749902623));
#9047=CARTESIAN_POINT('',(-25.297829538,98.385884095,-2.75031694));
#9048=CARTESIAN_POINT('',(-25.185655489,98.363572109,-2.750668103));
#9049=CARTESIAN_POINT('',(-25.07348144,98.341260123,-2.751019267));
#9050=CARTESIAN_POINT('',(-24.961962937,98.307402534,-2.75130109));
#9051=CARTESIAN_POINT('',(-24.856202527,98.263506592,-2.751297978));
#9052=CARTESIAN_POINT('',(-24.750442116,98.21961065,-2.751294866));
#9053=CARTESIAN_POINT('',(-24.649863761,98.165813671,-2.751014583));
#9054=CARTESIAN_POINT('',(-24.554495527,98.102061393,-2.750661692));
#9055=CARTESIAN_POINT('',(-24.459127292,98.038309115,-2.750308801));
#9056=CARTESIAN_POINT('',(-24.369286567,97.96442917,-2.749897405));
#9057=CARTESIAN_POINT('',(-24.288653088,97.883670027,-2.749975534));
#9058=CARTESIAN_POINT('',(-24.12738613,97.72215174,-2.750131792));
#9059=CARTESIAN_POINT('',(-23.996928027,97.526561961,-2.751339178));
#9060=CARTESIAN_POINT('',(-23.909766849,97.315693999,-2.751074782));
#9061=CARTESIAN_POINT('',(-23.866186261,97.210260018,-2.750942584));
#9062=CARTESIAN_POINT('',(-23.832510761,97.09907112,-2.750540904));
#9063=CARTESIAN_POINT('',(-23.810267065,96.986534691,-2.750192821));
#9064=CARTESIAN_POINT('',(-23.788023369,96.873998261,-2.749844739));
#9065=CARTESIAN_POINT('',(-23.777051533,96.760879728,-2.749569335));
#9066=CARTESIAN_POINT('',(-23.777051529,96.647195553,-2.7499746));
#9067=B_SPLINE_CURVE_WITH_KNOTS('',3,(#9024,#9025,#9026,#9027,#9028,#9029,#9030,#9031,#9032,#9033,#9034,#9035,#9036,#9037,#9038,#9039,#9040,#9041,#9042,#9043,#9044,#9045,#9046,#9047,#9048,#9049,
#9050,#9051,#9052,#9053,#9054,#9055,#9056,#9057,#9058,#9059,#9060,#9061,#9062,#9063,#9064,#9065,#9066),.UNSPECIFIED.,.F.,.F.,(4,3,3,3,3,3,3,3,3,3,3,3,3,3,4),(0.00459032,0.004931242,0.005272163,0.005613085,0.005954006,0.006635849,0.006976771,0.007317693,0.007658614,0.007999536,0.008340457,0.008681379,0.009363222,0.009704143,0.010045065),.UNSPECIFIED.);
#9068=EDGE_CURVE('',#9012,#9023,#9067,.T.);
#9069=ORIENTED_EDGE('',*,*,#9068,.T.);
#9070=CARTESIAN_POINT('',(-23.777051529,96.647195488,-2.0999746));
#9071=VERTEX_POINT('',#9070);
#9072=CARTESIAN_POINT('',(-23.777051529,96.647195488,-2.7499746));
#9073=CARTESIAN_POINT('',(-23.777051529,96.647195488,-2.533307933));
#9074=CARTESIAN_POINT('',(-23.777051529,96.647195488,-2.316641267));
#9075=CARTESIAN_POINT('',(-23.777051529,96.647195488,-2.0999746));
#9076=B_SPLINE_CURVE_WITH_KNOTS('',3,(#9072,#9073,#9074,#9075),.UNSPECIFIED.,.F.,.F.,(4,4),(-0.224412425,-0.12022336),.UNSPECIFIED.);
#9077=EDGE_CURVE('',#9023,#9071,#9076,.T.);
#9078=ORIENTED_EDGE('',*,*,#9077,.T.);
#9079=CARTESIAN_POINT('',(-23.777051529,96.647195488,-2.0999746));
#9080=CARTESIAN_POINT('',(-23.777051529,96.762798841,-2.0999746));
#9081=CARTESIAN_POINT('',(-23.788393971,96.876470415,-2.0999746));
#9082=CARTESIAN_POINT('',(-23.8106148,96.988289247,-2.0999746));
#9083=CARTESIAN_POINT('',(-23.832835629,97.100108078,-2.0999746));
#9084=CARTESIAN_POINT('',(-23.866474152,97.211232598,-2.0999746));
#9085=CARTESIAN_POINT('',(-23.91038559,97.317188949,-2.0999746));
#9086=CARTESIAN_POINT('',(-23.954297028,97.423145301,-2.0999746));
#9087=CARTESIAN_POINT('',(-24.008039466,97.523653112,-2.0999746));
#9088=CARTESIAN_POINT('',(-24.071524304,97.618761485,-2.0999746));
#9089=CARTESIAN_POINT('',(-24.135009142,97.713869858,-2.0999746));
#9090=CARTESIAN_POINT('',(-24.208914776,97.803935157,-2.0999746));
#9091=CARTESIAN_POINT('',(-24.289635274,97.884652961,-2.0999746));
#9092=CARTESIAN_POINT('',(-24.370355771,97.965370765,-2.0999746));
#9093=CARTESIAN_POINT('',(-24.458443892,98.037812099,-2.0999746));
#9094=CARTESIAN_POINT('',(-24.554074876,98.101780106,-2.0999746));
#9095=CARTESIAN_POINT('',(-24.649705861,98.165748113,-2.0999746));
#9096=CARTESIAN_POINT('',(-24.751557484,98.220121567,-2.0999746));
#9097=CARTESIAN_POINT('',(-24.856831973,98.263767701,-2.0999746));
#9098=CARTESIAN_POINT('',(-24.962106462,98.307413834,-2.0999746));
#9099=CARTESIAN_POINT('',(-25.072354207,98.341010739,-2.0999746));
#9100=CARTESIAN_POINT('',(-25.185288714,98.363499115,-2.0999746));
#9101=CARTESIAN_POINT('',(-25.29822322,98.38598749,-2.0999746));
#9102=CARTESIAN_POINT('',(-25.411756078,98.397117986,-2.0999746));
#9103=CARTESIAN_POINT('',(-25.525871246,98.397195075,-2.0999746));
#9104=CARTESIAN_POINT('',(-25.639986414,98.397272165,-2.0999746));
#9105=CARTESIAN_POINT('',(-25.75589555,98.385936385,-2.0999746));
#9106=CARTESIAN_POINT('',(-25.868111849,98.363638846,-2.0999746));
#9107=CARTESIAN_POINT('',(-25.980328148,98.341341307,-2.0999746));
#9108=CARTESIAN_POINT('',(-26.089410315,98.308336415,-2.0999746));
#9109=CARTESIAN_POINT('',(-26.195341428,98.264566362,-2.0999746));
#9110=CARTESIAN_POINT('',(-26.301272541,98.220796308,-2.0999746));
#9111=CARTESIAN_POINT('',(-26.403778547,98.166027756,-2.0999746));
#9112=CARTESIAN_POINT('',(-26.498618017,98.102722364,-2.0999746));
#9113=CARTESIAN_POINT('',(-26.593457486,98.039416972,-2.0999746));
#9114=CARTESIAN_POINT('',(-26.681862308,97.967138065,-2.0999746));
#9115=CARTESIAN_POINT('',(-26.76358272,97.885537335,-2.0999746));
#9116=CARTESIAN_POINT('',(-26.845303132,97.803936605,-2.0999746));
#9117=CARTESIAN_POINT('',(-26.917905254,97.715380259,-2.0999746));
#9118=CARTESIAN_POINT('',(-26.981313017,97.620655006,-2.0999746));
#9119=CARTESIAN_POINT('',(-27.044720781,97.525929754,-2.0999746));
#9120=CARTESIAN_POINT('',(-27.099525981,97.423724473,-2.0999746));
#9121=CARTESIAN_POINT('',(-27.143502539,97.317707264,-2.0999746));
#9122=CARTESIAN_POINT('',(-27.187479096,97.211690055,-2.0999746));
#9123=CARTESIAN_POINT('',(-27.220611649,97.10262561,-2.0999746));
#9124=CARTESIAN_POINT('',(-27.243036948,96.990552358,-2.0999746));
#9125=CARTESIAN_POINT('',(-27.254249598,96.934515732,-2.0999746));
#9126=CARTESIAN_POINT('',(-27.262769942,96.877647986,-2.0999746));
#9127=CARTESIAN_POINT('',(-27.268480621,96.820147627,-2.0999746));
#9128=CARTESIAN_POINT('',(-27.274191299,96.762647268,-2.0999746));
#9129=CARTESIAN_POINT('',(-27.277051502,96.704176649,-2.0999746));
#9130=CARTESIAN_POINT('',(-27.277051502,96.647195488,-2.0999746));
#9131=B_SPLINE_CURVE_WITH_KNOTS('',3,(#9079,#9080,#9081,#9082,#9083,#9084,#9085,#9086,#9087,#9088,#9089,#9090,#9091,#9092,#9093,#9094,#9095,#9096,#9097,#9098,#9099,#9100,#9101,#9102,#9103,#9104,
#9105,#9106,#9107,#9108,#9109,#9110,#9111,#9112,#9113,#9114,#9115,#9116,#9117,#9118,#9119,#9120,#9121,#9122,#9123,#9124,#9125,#9126,#9127,#9128,#9129,
#9130),.UNSPECIFIED.,.F.,.F.,(4,3,3,3,3,3,3,3,3,3,3,3,3,3,3,3,3,4),(0.,0.000341887,0.000683774,0.001025661,0.001367548,0.001709435,0.002051322,0.002393209,0.002735096,0.003076983,0.00341887,0.003760757,0.004102644,0.004444531,0.004786417,0.005128304,0.005299248,0.005470191),.UNSPECIFIED.);
#9132=EDGE_CURVE('',#9071,#9014,#9131,.T.);
#9133=ORIENTED_EDGE('',*,*,#9132,.T.);
#9134=EDGE_LOOP('',(#9021,#9069,#9078,#9133));
#9135=FACE_BOUND('',#9134,.T.);
#9136=ADVANCED_FACE('',(#9135),#9010,.T.);
#9137=CARTESIAN_POINT('',(-23.777051529,96.647195488,-2.751535149));
#9138=CARTESIAN_POINT('',(-23.777051529,96.647195488,-2.0999746));
#9139=CARTESIAN_POINT('',(-23.777508252,96.589882327,-2.751535149));
#9140=CARTESIAN_POINT('',(-23.777508252,96.589882327,-2.0999746));
#9141=CARTESIAN_POINT('',(-23.780324409,96.532658748,-2.751535149));
#9142=CARTESIAN_POINT('',(-23.780324409,96.532658748,-2.0999746));
#9143=CARTESIAN_POINT('',(-23.785481722,96.475665833,-2.751535149));
#9144=CARTESIAN_POINT('',(-23.785481722,96.475665833,-2.0999746));
#9145=CARTESIAN_POINT('',(-23.791542272,96.41876188,-2.751535149));
#9146=CARTESIAN_POINT('',(-23.791542272,96.41876188,-2.0999746));
#9147=CARTESIAN_POINT('',(-23.799943993,96.362088429,-2.751535149));
#9148=CARTESIAN_POINT('',(-23.799943993,96.362088429,-2.0999746));
#9149=CARTESIAN_POINT('',(-23.810677287,96.305787433,-2.751535149));
#9150=CARTESIAN_POINT('',(-23.810677287,96.305787433,-2.0999746));
#9151=CARTESIAN_POINT('',(-23.822306478,96.249664627,-2.751535149));
#9152=CARTESIAN_POINT('',(-23.822306478,96.249664627,-2.0999746));
#9153=CARTESIAN_POINT('',(-23.836232291,96.194089986,-2.751535149));
#9154=CARTESIAN_POINT('',(-23.836232291,96.194089986,-2.0999746));
#9155=CARTESIAN_POINT('',(-23.852409273,96.139198317,-2.751535149));
#9156=CARTESIAN_POINT('',(-23.852409273,96.139198317,-2.0999746));
#9157=CARTESIAN_POINT('',(-23.869454781,96.084570114,-2.751535149));
#9158=CARTESIAN_POINT('',(-23.869454781,96.084570114,-2.0999746));
#9159=CARTESIAN_POINT('',(-23.888751505,96.030624728,-2.751535149));
#9160=CARTESIAN_POINT('',(-23.888751505,96.030624728,-2.0999746));
#9161=CARTESIAN_POINT('',(-23.910262348,95.977499482,-2.751535149));
#9162=CARTESIAN_POINT('',(-23.910262348,95.977499482,-2.0999746));
#9163=CARTESIAN_POINT('',(-23.932617101,95.92472381,-2.751535149));
#9164=CARTESIAN_POINT('',(-23.932617101,95.92472381,-2.0999746));
#9165=CARTESIAN_POINT('',(-23.957117406,95.872933816,-2.751535149));
#9166=CARTESIAN_POINT('',(-23.957117406,95.872933816,-2.0999746));
#9167=CARTESIAN_POINT('',(-23.983692384,95.822252848,-2.751535149));
#9168=CARTESIAN_POINT('',(-23.983692384,95.822252848,-2.0999746));
#9169=CARTESIAN_POINT('',(-24.011067802,95.771999722,-2.751535149));
#9170=CARTESIAN_POINT('',(-24.011067802,95.771999722,-2.0999746));
#9171=CARTESIAN_POINT('',(-24.040517971,95.72285548,-2.751535149));
#9172=CARTESIAN_POINT('',(-24.040517971,95.72285548,-2.0999746));
#9173=CARTESIAN_POINT('',(-24.071979705,95.674947589,-2.751535149));
#9174=CARTESIAN_POINT('',(-24.071979705,95.674947589,-2.0999746));
#9175=CARTESIAN_POINT('',(-24.104200941,95.62754718,-2.751535149));
#9176=CARTESIAN_POINT('',(-24.104200941,95.62754718,-2.0999746));
#9177=CARTESIAN_POINT('',(-24.138334206,95.581532088,-2.751535149));
#9178=CARTESIAN_POINT('',(-24.138334206,95.581532088,-2.0999746));
#9179=CARTESIAN_POINT('',(-24.174285921,95.537009462,-2.751535149));
#9180=CARTESIAN_POINT('',(-24.174285921,95.537009462,-2.0999746));
#9181=CARTESIAN_POINT('',(-24.210939226,95.493062615,-2.751535149));
#9182=CARTESIAN_POINT('',(-24.210939226,95.493062615,-2.0999746));
#9183=CARTESIAN_POINT('',(-24.249411083,95.450608109,-2.751535149));
#9184=CARTESIAN_POINT('',(-24.249411083,95.450608109,-2.0999746));
#9185=CARTESIAN_POINT('',(-24.289614658,95.409758631,-2.751535149));
#9186=CARTESIAN_POINT('',(-24.289614658,95.409758631,-2.0999746));
#9187=CARTESIAN_POINT('',(-24.330464136,95.369555056,-2.751535149));
#9188=CARTESIAN_POINT('',(-24.330464136,95.369555056,-2.0999746));
#9189=CARTESIAN_POINT('',(-24.372918642,95.331083199,-2.751535149));
#9190=CARTESIAN_POINT('',(-24.372918642,95.331083199,-2.0999746));
#9191=CARTESIAN_POINT('',(-24.416865489,95.294429894,-2.751535149));
#9192=CARTESIAN_POINT('',(-24.416865489,95.294429894,-2.0999746));
#9193=CARTESIAN_POINT('',(-24.461388115,95.258478179,-2.751535149));
#9194=CARTESIAN_POINT('',(-24.461388115,95.258478179,-2.0999746));
#9195=CARTESIAN_POINT('',(-24.507403208,95.224344914,-2.751535149));
#9196=CARTESIAN_POINT('',(-24.507403208,95.224344914,-2.0999746));
#9197=CARTESIAN_POINT('',(-24.55480361,95.192123682,-2.751535149));
#9198=CARTESIAN_POINT('',(-24.55480361,95.192123682,-2.0999746));
#9199=CARTESIAN_POINT('',(-24.602711507,95.160661944,-2.751535149));
#9200=CARTESIAN_POINT('',(-24.602711507,95.160661944,-2.0999746));
#9201=CARTESIAN_POINT('',(-24.651855749,95.131211775,-2.751535149));
#9202=CARTESIAN_POINT('',(-24.651855749,95.131211775,-2.0999746));
#9203=CARTESIAN_POINT('',(-24.702108875,95.103836357,-2.751535149));
#9204=CARTESIAN_POINT('',(-24.702108875,95.103836357,-2.0999746));
#9205=CARTESIAN_POINT('',(-24.752789843,95.077261378,-2.751535149));
#9206=CARTESIAN_POINT('',(-24.752789843,95.077261378,-2.0999746));
#9207=CARTESIAN_POINT('',(-24.804579837,95.052761074,-2.751535149));
#9208=CARTESIAN_POINT('',(-24.804579837,95.052761074,-2.0999746));
#9209=CARTESIAN_POINT('',(-24.85735551,95.030406321,-2.751535149));
#9210=CARTESIAN_POINT('',(-24.85735551,95.030406321,-2.0999746));
#9211=CARTESIAN_POINT('',(-24.91048075,95.008895479,-2.751535149));
#9212=CARTESIAN_POINT('',(-24.91048075,95.008895479,-2.0999746));
#9213=CARTESIAN_POINT('',(-24.964426142,94.989598753,-2.751535149));
#9214=CARTESIAN_POINT('',(-24.964426142,94.989598753,-2.0999746));
#9215=CARTESIAN_POINT('',(-25.019054348,94.972553244,-2.751535149));
#9216=CARTESIAN_POINT('',(-25.019054348,94.972553244,-2.0999746));
#9217=CARTESIAN_POINT('',(-25.073946018,94.956376262,-2.751535149));
#9218=CARTESIAN_POINT('',(-25.073946018,94.956376262,-2.0999746));
#9219=CARTESIAN_POINT('',(-25.129520657,94.94245045,-2.751535149));
#9220=CARTESIAN_POINT('',(-25.129520657,94.94245045,-2.0999746));
#9221=CARTESIAN_POINT('',(-25.185643446,94.930821263,-2.751535149));
#9222=CARTESIAN_POINT('',(-25.185643446,94.930821263,-2.0999746));
#9223=CARTESIAN_POINT('',(-25.241944456,94.920087966,-2.751535149));
#9224=CARTESIAN_POINT('',(-25.241944456,94.920087966,-2.0999746));
#9225=CARTESIAN_POINT('',(-25.298617907,94.911686245,-2.751535149));
#9226=CARTESIAN_POINT('',(-25.298617907,94.911686245,-2.0999746));
#9227=CARTESIAN_POINT('',(-25.355521861,94.905625695,-2.751535149));
#9228=CARTESIAN_POINT('',(-25.355521861,94.905625695,-2.0999746));
#9229=CARTESIAN_POINT('',(-25.412514775,94.900468382,-2.751535149));
#9230=CARTESIAN_POINT('',(-25.412514775,94.900468382,-2.0999746));
#9231=CARTESIAN_POINT('',(-25.469738354,94.897652225,-2.751535149));
#9232=CARTESIAN_POINT('',(-25.469738354,94.897652225,-2.0999746));
#9233=CARTESIAN_POINT('',(-25.527051516,94.897195502,-2.751535149));
#9234=CARTESIAN_POINT('',(-25.527051516,94.897195502,-2.0999746));
#9235=CARTESIAN_POINT('',(-25.584364677,94.897652225,-2.751535149));
#9236=CARTESIAN_POINT('',(-25.584364677,94.897652225,-2.0999746));
#9237=CARTESIAN_POINT('',(-25.641588256,94.900468382,-2.751535149));
#9238=CARTESIAN_POINT('',(-25.641588256,94.900468382,-2.0999746));
#9239=CARTESIAN_POINT('',(-25.698581171,94.905625695,-2.751535149));
#9240=CARTESIAN_POINT('',(-25.698581171,94.905625695,-2.0999746));
#9241=CARTESIAN_POINT('',(-25.755485124,94.911686245,-2.751535149));
#9242=CARTESIAN_POINT('',(-25.755485124,94.911686245,-2.0999746));
#9243=CARTESIAN_POINT('',(-25.812158575,94.920087966,-2.751535149));
#9244=CARTESIAN_POINT('',(-25.812158575,94.920087966,-2.0999746));
#9245=CARTESIAN_POINT('',(-25.868459571,94.93082126,-2.751535149));
#9246=CARTESIAN_POINT('',(-25.868459571,94.93082126,-2.0999746));
#9247=CARTESIAN_POINT('',(-25.924582374,94.94245045,-2.751535149));
#9248=CARTESIAN_POINT('',(-25.924582374,94.94245045,-2.0999746));
#9249=CARTESIAN_POINT('',(-25.980157013,94.956376262,-2.751535149));
#9250=CARTESIAN_POINT('',(-25.980157013,94.956376262,-2.0999746));
#9251=CARTESIAN_POINT('',(-26.035048683,94.972553244,-2.751535149));
#9252=CARTESIAN_POINT('',(-26.035048683,94.972553244,-2.0999746));
#9253=CARTESIAN_POINT('',(-26.08967689,94.989598753,-2.751535149));
#9254=CARTESIAN_POINT('',(-26.08967689,94.989598753,-2.0999746));
#9255=CARTESIAN_POINT('',(-26.143622282,95.008895479,-2.751535149));
#9256=CARTESIAN_POINT('',(-26.143622282,95.008895479,-2.0999746));
#9257=CARTESIAN_POINT('',(-26.196747522,95.030406321,-2.751535149));
#9258=CARTESIAN_POINT('',(-26.196747522,95.030406321,-2.0999746));
#9259=CARTESIAN_POINT('',(-26.249523194,95.052761074,-2.751535149));
#9260=CARTESIAN_POINT('',(-26.249523194,95.052761074,-2.0999746));
#9261=CARTESIAN_POINT('',(-26.301313188,95.077261378,-2.751535149));
#9262=CARTESIAN_POINT('',(-26.301313188,95.077261378,-2.0999746));
#9263=CARTESIAN_POINT('',(-26.351994156,95.103836357,-2.751535149));
#9264=CARTESIAN_POINT('',(-26.351994156,95.103836357,-2.0999746));
#9265=CARTESIAN_POINT('',(-26.402247282,95.131211775,-2.751535149));
#9266=CARTESIAN_POINT('',(-26.402247282,95.131211775,-2.0999746));
#9267=CARTESIAN_POINT('',(-26.451391524,95.160661944,-2.751535149));
#9268=CARTESIAN_POINT('',(-26.451391524,95.160661944,-2.0999746));
#9269=CARTESIAN_POINT('',(-26.499299422,95.192123682,-2.751535149));
#9270=CARTESIAN_POINT('',(-26.499299422,95.192123682,-2.0999746));
#9271=CARTESIAN_POINT('',(-26.546699826,95.224344916,-2.751535149));
#9272=CARTESIAN_POINT('',(-26.546699826,95.224344916,-2.0999746));
#9273=CARTESIAN_POINT('',(-26.592714916,95.258478179,-2.751535149));
#9274=CARTESIAN_POINT('',(-26.592714916,95.258478179,-2.0999746));
#9275=CARTESIAN_POINT('',(-26.63723754,95.294429892,-2.751535149));
#9276=CARTESIAN_POINT('',(-26.63723754,95.294429892,-2.0999746));
#9277=CARTESIAN_POINT('',(-26.681184387,95.331083197,-2.751535149));
#9278=CARTESIAN_POINT('',(-26.681184387,95.331083197,-2.0999746));
#9279=CARTESIAN_POINT('',(-26.723638893,95.369555054,-2.751535149));
#9280=CARTESIAN_POINT('',(-26.723638893,95.369555054,-2.0999746));
#9281=CARTESIAN_POINT('',(-26.764488381,95.409758638,-2.751535149));
#9282=CARTESIAN_POINT('',(-26.764488381,95.409758638,-2.0999746));
#9283=CARTESIAN_POINT('',(-26.804691951,95.450608112,-2.751535149));
#9284=CARTESIAN_POINT('',(-26.804691951,95.450608112,-2.0999746));
#9285=CARTESIAN_POINT('',(-26.843163805,95.493062615,-2.751535149));
#9286=CARTESIAN_POINT('',(-26.843163805,95.493062615,-2.0999746));
#9287=CARTESIAN_POINT('',(-26.879817108,95.537009459,-2.751535149));
#9288=CARTESIAN_POINT('',(-26.879817108,95.537009459,-2.0999746));
#9289=CARTESIAN_POINT('',(-26.915768822,95.581532085,-2.751535149));
#9290=CARTESIAN_POINT('',(-26.915768822,95.581532085,-2.0999746));
#9291=CARTESIAN_POINT('',(-26.949902088,95.627547178,-2.751535149));
#9292=CARTESIAN_POINT('',(-26.949902088,95.627547178,-2.0999746));
#9293=CARTESIAN_POINT('',(-26.982123328,95.674947592,-2.751535149));
#9294=CARTESIAN_POINT('',(-26.982123328,95.674947592,-2.0999746));
#9295=CARTESIAN_POINT('',(-27.013585062,95.722855484,-2.751535149));
#9296=CARTESIAN_POINT('',(-27.013585062,95.722855484,-2.0999746));
#9297=CARTESIAN_POINT('',(-27.043035228,95.771999722,-2.751535149));
#9298=CARTESIAN_POINT('',(-27.043035228,95.771999722,-2.0999746));
#9299=CARTESIAN_POINT('',(-27.070410645,95.822252845,-2.751535149));
#9300=CARTESIAN_POINT('',(-27.070410645,95.822252845,-2.0999746));
#9301=CARTESIAN_POINT('',(-27.096985624,95.872933812,-2.751535149));
#9302=CARTESIAN_POINT('',(-27.096985624,95.872933812,-2.0999746));
#9303=CARTESIAN_POINT('',(-27.121485929,95.924723807,-2.751535149));
#9304=CARTESIAN_POINT('',(-27.121485929,95.924723807,-2.0999746));
#9305=CARTESIAN_POINT('',(-27.143840688,95.977499495,-2.751535149));
#9306=CARTESIAN_POINT('',(-27.143840688,95.977499495,-2.0999746));
#9307=CARTESIAN_POINT('',(-27.165351526,96.030624728,-2.751535149));
#9308=CARTESIAN_POINT('',(-27.165351526,96.030624728,-2.0999746));
#9309=CARTESIAN_POINT('',(-27.184648251,96.084570114,-2.751535149));
#9310=CARTESIAN_POINT('',(-27.184648251,96.084570114,-2.0999746));
#9311=CARTESIAN_POINT('',(-27.201693758,96.139198317,-2.751535149));
#9312=CARTESIAN_POINT('',(-27.201693758,96.139198317,-2.0999746));
#9313=CARTESIAN_POINT('',(-27.217870741,96.194089986,-2.751535149));
#9314=CARTESIAN_POINT('',(-27.217870741,96.194089986,-2.0999746));
#9315=CARTESIAN_POINT('',(-27.231796553,96.249664627,-2.751535149));
#9316=CARTESIAN_POINT('',(-27.231796553,96.249664627,-2.0999746));
#9317=CARTESIAN_POINT('',(-27.243425741,96.305787419,-2.751535149));
#9318=CARTESIAN_POINT('',(-27.243425741,96.305787419,-2.0999746));
#9319=CARTESIAN_POINT('',(-27.254159038,96.362088429,-2.751535149));
#9320=CARTESIAN_POINT('',(-27.254159038,96.362088429,-2.0999746));
#9321=CARTESIAN_POINT('',(-27.262560759,96.41876188,-2.751535149));
#9322=CARTESIAN_POINT('',(-27.262560759,96.41876188,-2.0999746));
#9323=CARTESIAN_POINT('',(-27.268621309,96.475665833,-2.751535149));
#9324=CARTESIAN_POINT('',(-27.268621309,96.475665833,-2.0999746));
#9325=CARTESIAN_POINT('',(-27.273778622,96.532658748,-2.751535149));
#9326=CARTESIAN_POINT('',(-27.273778622,96.532658748,-2.0999746));
#9327=CARTESIAN_POINT('',(-27.276594779,96.589882327,-2.751535149));
#9328=CARTESIAN_POINT('',(-27.276594779,96.589882327,-2.0999746));
#9329=CARTESIAN_POINT('',(-27.277051502,96.647195488,-2.751535149));
#9330=CARTESIAN_POINT('',(-27.277051502,96.647195488,-2.0999746));
#9331=B_SPLINE_SURFACE_WITH_KNOTS('',3,1,((#9137,#9138),(#9139,#9140),(#9141,#9142),(#9143,#9144),(#9145,#9146),(#9147,#9148),(#9149,#9150),(#9151,#9152),(#9153,#9154),(#9155,#9156),(#9157,#9158),(#9159,#9160),(#9161,#9162),(#9163,#9164),(#9165,#9166),(#9167,#9168),(#9169,#9170),(#9171,#9172),(#9173,#9174),(#9175,#9176),(#9177,#9178),(#9179,#9180),(#9181,#9182),(#9183,#9184),(#9185,#9186),(#9187,#9188),
(#9189,#9190),(#9191,#9192),(#9193,#9194),(#9195,#9196),(#9197,#9198),(#9199,#9200),(#9201,#9202),(#9203,#9204),(#9205,#9206),(#9207,#9208),(#9209,#9210),(#9211,#9212),(#9213,#9214),(#9215,#9216),(#9217,#9218),(#9219,#9220),(#9221,#9222),(#9223,#9224),(#9225,#9226),(#9227,#9228),(#9229,#9230),(#9231,#9232),(#9233,#9234),(#9235,#9236),(#9237,#9238),
(#9239,#9240),(#9241,#9242),(#9243,#9244),(#9245,#9246),(#9247,#9248),(#9249,#9250),(#9251,#9252),(#9253,#9254),(#9255,#9256),(#9257,#9258),(#9259,#9260),(#9261,#9262),(#9263,#9264),(#9265,#9266),(#9267,#9268),(#9269,#9270),(#9271,#9272),(#9273,#9274),(#9275,#9276),(#9277,#9278),(#9279,#9280),(#9281,#9282),(#9283,#9284),(#9285,#9286),(#9287,#9288),
(#9289,#9290),(#9291,#9292),(#9293,#9294),(#9295,#9296),(#9297,#9298),(#9299,#9300),(#9301,#9302),(#9303,#9304),(#9305,#9306),(#9307,#9308),(#9309,#9310),(#9311,#9312),(#9313,#9314),(#9315,#9316),(#9317,#9318),(#9319,#9320),(#9321,#9322),(#9323,#9324),(#9325,#9326),(#9327,#9328),(#9329,#9330)),.UNSPECIFIED.,.F.,.F.,.U.,(4,3,3,3,3,3,3,3,3,3,3,3,3,3,3,3,3,3,3,3,3,3,3,3,3,3,
3,3,3,3,3,3,4),(2,2),(180.,185.625,191.25,196.875,202.5,208.125,213.75,219.375,225.,230.625,236.25,241.875,247.5,253.125,258.75,264.375,270.,275.625,281.25,286.875,292.5,298.125,303.75,309.375,315.,320.625,
326.25,331.875,337.5,343.125,348.75,354.375,360.),(1.119973218,1.224412425),.UNSPECIFIED.);
#9332=ORIENTED_EDGE('',*,*,#9077,.F.);
#9333=CARTESIAN_POINT('',(-23.777051529,96.647195551,-2.7499746));
#9334=CARTESIAN_POINT('',(-23.777051529,96.532789917,-2.749647177));
#9335=CARTESIAN_POINT('',(-23.788163659,96.419449598,-2.749808533));
#9336=CARTESIAN_POINT('',(-23.810401661,96.307176043,-2.750045108));
#9337=CARTESIAN_POINT('',(-23.832639662,96.194902488,-2.750281683));
#9338=CARTESIAN_POINT('',(-23.866471014,96.083352954,-2.750581169));
#9339=CARTESIAN_POINT('',(-23.909967031,95.978212886,-2.750695741));
#9340=CARTESIAN_POINT('',(-23.953463048,95.873072818,-2.750810314));
#9341=CARTESIAN_POINT('',(-24.006792041,95.772918828,-2.75074306));
#9342=CARTESIAN_POINT('',(-24.070071015,95.677810243,-2.750554104));
#9343=CARTESIAN_POINT('',(-24.13334999,95.582701657,-2.750365149));
#9344=CARTESIAN_POINT('',(-24.207195198,95.492414957,-2.750056058));
#9345=CARTESIAN_POINT('',(-24.287823755,95.411552133,-2.749977152));
#9346=CARTESIAN_POINT('',(-24.368452313,95.330689309,-2.749898246));
#9347=CARTESIAN_POINT('',(-24.456519501,95.258043697,-2.750317918));
#9348=CARTESIAN_POINT('',(-24.552233368,95.193844356,-2.750711978));
#9349=CARTESIAN_POINT('',(-24.647947235,95.129645015,-2.751106039));
#9350=CARTESIAN_POINT('',(-24.749596509,95.075232102,-2.751443877));
#9351=CARTESIAN_POINT('',(-24.854893434,95.031428347,-2.751489513));
#9352=CARTESIAN_POINT('',(-24.960190359,94.987624592,-2.751535149));
#9353=CARTESIAN_POINT('',(-25.070567483,94.953849932,-2.751286412));
#9354=CARTESIAN_POINT('',(-25.183640844,94.931220822,-2.750911303));
#9355=CARTESIAN_POINT('',(-25.296714205,94.908591713,-2.750536195));
#9356=CARTESIAN_POINT('',(-25.411085814,94.897214157,-2.750048145));
#9357=CARTESIAN_POINT('',(-25.526769532,94.897195524,-2.749975496));
#9358=CARTESIAN_POINT('',(-25.64245325,94.897176892,-2.749902847));
#9359=CARTESIAN_POINT('',(-25.756209616,94.908517261,-2.750316639));
#9360=CARTESIAN_POINT('',(-25.868107957,94.930751357,-2.75066704));
#9361=CARTESIAN_POINT('',(-25.980006298,94.952985454,-2.75101744));
#9362=CARTESIAN_POINT('',(-26.091211377,94.986654429,-2.751300003));
#9363=CARTESIAN_POINT('',(-26.197234404,95.03060808,-2.751297994));
#9364=CARTESIAN_POINT('',(-26.303257431,95.074561731,-2.751295984));
#9365=CARTESIAN_POINT('',(-26.403825718,95.128359769,-2.751015771));
#9366=CARTESIAN_POINT('',(-26.498987729,95.191915464,-2.750663984));
#9367=CARTESIAN_POINT('',(-26.594149739,95.255471159,-2.750312197));
#9368=CARTESIAN_POINT('',(-26.684251828,95.329456478,-2.749898264));
#9369=CARTESIAN_POINT('',(-26.764991558,95.41026202,-2.749975093));
#9370=CARTESIAN_POINT('',(-26.845731289,95.491067563,-2.750051923));
#9371=CARTESIAN_POINT('',(-26.918185237,95.579251142,-2.750484457));
#9372=CARTESIAN_POINT('',(-26.982152999,95.674991999,-2.750777323));
#9373=CARTESIAN_POINT('',(-27.04612076,95.770732855,-2.751070189));
#9374=CARTESIAN_POINT('',(-27.100458911,95.872666614,-2.751206716));
#9375=CARTESIAN_POINT('',(-27.144065542,95.978042598,-2.751075599));
#9376=CARTESIAN_POINT('',(-27.187672172,96.083418581,-2.750944483));
#9377=CARTESIAN_POINT('',(-27.221224906,96.193826061,-2.750545965));
#9378=CARTESIAN_POINT('',(-27.243628513,96.306808414,-2.750196064));
#9379=CARTESIAN_POINT('',(-27.266032121,96.419790768,-2.749846163));
#9380=CARTESIAN_POINT('',(-27.277051502,96.533258736,-2.749568413));
#9381=CARTESIAN_POINT('',(-27.277051502,96.647195626,-2.7499746));
#9382=B_SPLINE_CURVE_WITH_KNOTS('',3,(#9333,#9334,#9335,#9336,#9337,#9338,#9339,#9340,#9341,#9342,#9343,#9344,#9345,#9346,#9347,#9348,#9349,#9350,#9351,#9352,#9353,#9354,#9355,#9356,#9357,#9358,
#9359,#9360,#9361,#9362,#9363,#9364,#9365,#9366,#9367,#9368,#9369,#9370,#9371,#9372,#9373,#9374,#9375,#9376,#9377,#9378,#9379,#9380,#9381),.UNSPECIFIED.,.F.,.F.,(4,3,3,3,3,3,3,3,3,3,3,3,3,3,3,3,4),(0.004579655,0.004922873,0.005266092,0.00560931,0.005952528,0.006295747,0.006638965,0.006982183,0.007325402,0.00766862,0.008011838,0.008355056,0.008698275,0.009041493,0.009384711,0.00972793,0.010071148),.UNSPECIFIED.);
#9383=EDGE_CURVE('',#9023,#9012,#9382,.T.);
#9384=ORIENTED_EDGE('',*,*,#9383,.T.);
#9385=ORIENTED_EDGE('',*,*,#9020,.T.);
#9386=CARTESIAN_POINT('',(-27.277051502,96.647195488,-2.0999746));
#9387=CARTESIAN_POINT('',(-27.277051502,96.531592136,-2.0999746));
#9388=CARTESIAN_POINT('',(-27.26570906,96.417920561,-2.0999746));
#9389=CARTESIAN_POINT('',(-27.243488231,96.30610173,-2.0999746));
#9390=CARTESIAN_POINT('',(-27.221267402,96.194282899,-2.0999746));
#9391=CARTESIAN_POINT('',(-27.18762888,96.083158379,-2.0999746));
#9392=CARTESIAN_POINT('',(-27.143717441,95.977202028,-2.0999746));
#9393=CARTESIAN_POINT('',(-27.099806003,95.871245676,-2.0999746));
#9394=CARTESIAN_POINT('',(-27.046063565,95.770737866,-2.0999746));
#9395=CARTESIAN_POINT('',(-26.982578728,95.675629492,-2.0999746));
#9396=CARTESIAN_POINT('',(-26.919093891,95.580521118,-2.0999746));
#9397=CARTESIAN_POINT('',(-26.845188257,95.490455819,-2.0999746));
#9398=CARTESIAN_POINT('',(-26.764467758,95.409738016,-2.0999746));
#9399=CARTESIAN_POINT('',(-26.68374726,95.329020213,-2.0999746));
#9400=CARTESIAN_POINT('',(-26.595659139,95.256578878,-2.0999746));
#9401=CARTESIAN_POINT('',(-26.500028155,95.192610871,-2.0999746));
#9402=CARTESIAN_POINT('',(-26.40439717,95.128642863,-2.0999746));
#9403=CARTESIAN_POINT('',(-26.302545547,95.07426941,-2.0999746));
#9404=CARTESIAN_POINT('',(-26.197271058,95.030623276,-2.0999746));
#9405=CARTESIAN_POINT('',(-26.091996569,94.986977143,-2.0999746));
#9406=CARTESIAN_POINT('',(-25.981748825,94.953380238,-2.0999746));
#9407=CARTESIAN_POINT('',(-25.868814319,94.930891862,-2.0999746));
#9408=CARTESIAN_POINT('',(-25.755879812,94.908403487,-2.0999746));
#9409=CARTESIAN_POINT('',(-25.642346955,94.897272989,-2.0999746));
#9410=CARTESIAN_POINT('',(-25.528231787,94.8971959,-2.0999746));
#9411=CARTESIAN_POINT('',(-25.414116618,94.897118811,-2.0999746));
#9412=CARTESIAN_POINT('',(-25.298207482,94.908454591,-2.0999746));
#9413=CARTESIAN_POINT('',(-25.185991183,94.930752131,-2.0999746));
#9414=CARTESIAN_POINT('',(-25.073774884,94.95304967,-2.0999746));
#9415=CARTESIAN_POINT('',(-24.964692717,94.98605456,-2.0999746));
#9416=CARTESIAN_POINT('',(-24.858761604,95.029824615,-2.0999746));
#9417=CARTESIAN_POINT('',(-24.752830491,95.073594669,-2.0999746));
#9418=CARTESIAN_POINT('',(-24.650324484,95.12836322,-2.0999746));
#9419=CARTESIAN_POINT('',(-24.555485015,95.191668613,-2.0999746));
#9420=CARTESIAN_POINT('',(-24.460645546,95.254974005,-2.0999746));
#9421=CARTESIAN_POINT('',(-24.372240723,95.32725291,-2.0999746));
#9422=CARTESIAN_POINT('',(-24.290520311,95.408853641,-2.0999746));
#9423=CARTESIAN_POINT('',(-24.208799899,95.490454371,-2.0999746));
#9424=CARTESIAN_POINT('',(-24.136197777,95.579010717,-2.0999746));
#9425=CARTESIAN_POINT('',(-24.072790014,95.67373597,-2.0999746));
#9426=CARTESIAN_POINT('',(-24.009382251,95.768461223,-2.0999746));
#9427=CARTESIAN_POINT('',(-23.954577051,95.870666503,-2.0999746));
#9428=CARTESIAN_POINT('',(-23.910600493,95.976683712,-2.0999746));
#9429=CARTESIAN_POINT('',(-23.866623935,96.082700921,-2.0999746));
#9430=CARTESIAN_POINT('',(-23.833491383,96.191765366,-2.0999746));
#9431=CARTESIAN_POINT('',(-23.811066083,96.303838618,-2.0999746));
#9432=CARTESIAN_POINT('',(-23.799853433,96.359875244,-2.0999746));
#9433=CARTESIAN_POINT('',(-23.791333089,96.416742991,-2.0999746));
#9434=CARTESIAN_POINT('',(-23.785622411,96.47424335,-2.0999746));
#9435=CARTESIAN_POINT('',(-23.779911732,96.531743709,-2.0999746));
#9436=CARTESIAN_POINT('',(-23.777051529,96.590214328,-2.0999746));
#9437=CARTESIAN_POINT('',(-23.777051529,96.647195488,-2.0999746));
#9438=B_SPLINE_CURVE_WITH_KNOTS('',3,(#9386,#9387,#9388,#9389,#9390,#9391,#9392,#9393,#9394,#9395,#9396,#9397,#9398,#9399,#9400,#9401,#9402,#9403,#9404,#9405,#9406,#9407,#9408,#9409,#9410,#9411,
#9412,#9413,#9414,#9415,#9416,#9417,#9418,#9419,#9420,#9421,#9422,#9423,#9424,#9425,#9426,#9427,#9428,#9429,#9430,#9431,#9432,#9433,#9434,#9435,#9436,
#9437),.UNSPECIFIED.,.F.,.F.,(4,3,3,3,3,3,3,3,3,3,3,3,3,3,3,3,3,4),(0.,0.000341887,0.000683774,0.001025661,0.001367548,0.001709435,0.002051322,0.002393209,0.002735096,0.003076983,0.00341887,0.003760757,0.004102644,0.004444531,0.004786417,0.005128304,0.005299248,0.005470191),.UNSPECIFIED.);
#9439=EDGE_CURVE('',#9014,#9071,#9438,.T.);
#9440=ORIENTED_EDGE('',*,*,#9439,.T.);
#9441=EDGE_LOOP('',(#9332,#9384,#9385,#9440));
#9442=FACE_BOUND('',#9441,.T.);
#9443=ADVANCED_FACE('',(#9442),#9331,.T.);
#9444=CARTESIAN_POINT('',(-36.040069028,96.647195488,-2.751535371));
#9445=CARTESIAN_POINT('',(-36.040069028,96.647195488,-2.564208309));
#9446=CARTESIAN_POINT('',(-36.040069028,96.647195488,-2.0999746));
#9447=CARTESIAN_POINT('',(-36.040069028,96.647195488,-2.751535371));
#9448=CARTESIAN_POINT('',(-36.040069028,96.647195488,-2.564208309));
#9449=CARTESIAN_POINT('',(-36.040069028,96.647195488,-2.0999746));
#9450=CARTESIAN_POINT('',(-36.040069028,96.647195488,-2.751535371));
#9451=CARTESIAN_POINT('',(-36.040069028,96.647195488,-2.564208309));
#9452=CARTESIAN_POINT('',(-36.040069028,96.647195488,-2.0999746));
#9453=CARTESIAN_POINT('',(-36.040069028,96.647195488,-2.751535371));
#9454=CARTESIAN_POINT('',(-36.040069028,96.647195488,-2.564208309));
#9455=CARTESIAN_POINT('',(-36.040069028,96.647195488,-2.0999746));
#9456=CARTESIAN_POINT('',(-36.039612305,96.70450865,-2.751535371));
#9457=CARTESIAN_POINT('',(-36.039612305,96.70450865,-2.564208309));
#9458=CARTESIAN_POINT('',(-36.039612305,96.70450865,-2.0999746));
#9459=CARTESIAN_POINT('',(-36.036796148,96.761732229,-2.751535371));
#9460=CARTESIAN_POINT('',(-36.036796148,96.761732229,-2.564208309));
#9461=CARTESIAN_POINT('',(-36.036796148,96.761732229,-2.0999746));
#9462=CARTESIAN_POINT('',(-36.031638835,96.818725143,-2.751535371));
#9463=CARTESIAN_POINT('',(-36.031638835,96.818725143,-2.564208309));
#9464=CARTESIAN_POINT('',(-36.031638835,96.818725143,-2.0999746));
#9465=CARTESIAN_POINT('',(-36.025578285,96.875629097,-2.751535371));
#9466=CARTESIAN_POINT('',(-36.025578285,96.875629097,-2.564208309));
#9467=CARTESIAN_POINT('',(-36.025578285,96.875629097,-2.0999746));
#9468=CARTESIAN_POINT('',(-36.017176564,96.932302548,-2.751535371));
#9469=CARTESIAN_POINT('',(-36.017176564,96.932302548,-2.564208309));
#9470=CARTESIAN_POINT('',(-36.017176564,96.932302548,-2.0999746));
#9471=CARTESIAN_POINT('',(-36.00644327,96.988603544,-2.751535371));
#9472=CARTESIAN_POINT('',(-36.00644327,96.988603544,-2.564208309));
#9473=CARTESIAN_POINT('',(-36.00644327,96.988603544,-2.0999746));
#9474=CARTESIAN_POINT('',(-35.994814079,97.04472635,-2.751535371));
#9475=CARTESIAN_POINT('',(-35.994814079,97.04472635,-2.564208309));
#9476=CARTESIAN_POINT('',(-35.994814079,97.04472635,-2.0999746));
#9477=CARTESIAN_POINT('',(-35.980888267,97.10030099,-2.751535371));
#9478=CARTESIAN_POINT('',(-35.980888267,97.10030099,-2.564208309));
#9479=CARTESIAN_POINT('',(-35.980888267,97.10030099,-2.0999746));
#9480=CARTESIAN_POINT('',(-35.964711284,97.155192659,-2.751535371));
#9481=CARTESIAN_POINT('',(-35.964711284,97.155192659,-2.564208309));
#9482=CARTESIAN_POINT('',(-35.964711284,97.155192659,-2.0999746));
#9483=CARTESIAN_POINT('',(-35.947665777,97.209820862,-2.751535371));
#9484=CARTESIAN_POINT('',(-35.947665777,97.209820862,-2.564208309));
#9485=CARTESIAN_POINT('',(-35.947665777,97.209820862,-2.0999746));
#9486=CARTESIAN_POINT('',(-35.928369052,97.263766249,-2.751535371));
#9487=CARTESIAN_POINT('',(-35.928369052,97.263766249,-2.564208309));
#9488=CARTESIAN_POINT('',(-35.928369052,97.263766249,-2.0999746));
#9489=CARTESIAN_POINT('',(-35.906858209,97.316891494,-2.751535371));
#9490=CARTESIAN_POINT('',(-35.906858209,97.316891494,-2.564208309));
#9491=CARTESIAN_POINT('',(-35.906858209,97.316891494,-2.0999746));
#9492=CARTESIAN_POINT('',(-35.884503455,97.36966717,-2.751535371));
#9493=CARTESIAN_POINT('',(-35.884503455,97.36966717,-2.564208309));
#9494=CARTESIAN_POINT('',(-35.884503455,97.36966717,-2.0999746));
#9495=CARTESIAN_POINT('',(-35.86000315,97.421457165,-2.751535371));
#9496=CARTESIAN_POINT('',(-35.86000315,97.421457165,-2.564208309));
#9497=CARTESIAN_POINT('',(-35.86000315,97.421457165,-2.0999746));
#9498=CARTESIAN_POINT('',(-35.833428171,97.472138132,-2.751535371));
#9499=CARTESIAN_POINT('',(-35.833428171,97.472138132,-2.564208309));
#9500=CARTESIAN_POINT('',(-35.833428171,97.472138132,-2.0999746));
#9501=CARTESIAN_POINT('',(-35.806052754,97.522391255,-2.751535371));
#9502=CARTESIAN_POINT('',(-35.806052754,97.522391255,-2.564208309));
#9503=CARTESIAN_POINT('',(-35.806052754,97.522391255,-2.0999746));
#9504=CARTESIAN_POINT('',(-35.776602588,97.571535493,-2.751535371));
#9505=CARTESIAN_POINT('',(-35.776602588,97.571535493,-2.564208309));
#9506=CARTESIAN_POINT('',(-35.776602588,97.571535493,-2.0999746));
#9507=CARTESIAN_POINT('',(-35.745140848,97.619443394,-2.751535371));
#9508=CARTESIAN_POINT('',(-35.745140848,97.619443394,-2.564208309));
#9509=CARTESIAN_POINT('',(-35.745140848,97.619443394,-2.0999746));
#9510=CARTESIAN_POINT('',(-35.712919612,97.666843801,-2.751535371));
#9511=CARTESIAN_POINT('',(-35.712919612,97.666843801,-2.564208309));
#9512=CARTESIAN_POINT('',(-35.712919612,97.666843801,-2.0999746));
#9513=CARTESIAN_POINT('',(-35.678786348,97.712858892,-2.751535371));
#9514=CARTESIAN_POINT('',(-35.678786348,97.712858892,-2.564208309));
#9515=CARTESIAN_POINT('',(-35.678786348,97.712858892,-2.0999746));
#9516=CARTESIAN_POINT('',(-35.642834634,97.757381517,-2.751535371));
#9517=CARTESIAN_POINT('',(-35.642834634,97.757381517,-2.564208309));
#9518=CARTESIAN_POINT('',(-35.642834634,97.757381517,-2.0999746));
#9519=CARTESIAN_POINT('',(-35.60618133,97.801328362,-2.751535371));
#9520=CARTESIAN_POINT('',(-35.60618133,97.801328362,-2.564208309));
#9521=CARTESIAN_POINT('',(-35.60618133,97.801328362,-2.0999746));
#9522=CARTESIAN_POINT('',(-35.567709474,97.843782867,-2.751535371));
#9523=CARTESIAN_POINT('',(-35.567709474,97.843782867,-2.564208309));
#9524=CARTESIAN_POINT('',(-35.567709474,97.843782867,-2.0999746));
#9525=CARTESIAN_POINT('',(-35.527505899,97.884632345,-2.751535371));
#9526=CARTESIAN_POINT('',(-35.527505899,97.884632345,-2.564208309));
#9527=CARTESIAN_POINT('',(-35.527505899,97.884632345,-2.0999746));
#9528=CARTESIAN_POINT('',(-35.486656421,97.92483592,-2.751535371));
#9529=CARTESIAN_POINT('',(-35.486656421,97.92483592,-2.564208309));
#9530=CARTESIAN_POINT('',(-35.486656421,97.92483592,-2.0999746));
#9531=CARTESIAN_POINT('',(-35.444201916,97.963307776,-2.751535371));
#9532=CARTESIAN_POINT('',(-35.444201916,97.963307776,-2.564208309));
#9533=CARTESIAN_POINT('',(-35.444201916,97.963307776,-2.0999746));
#9534=CARTESIAN_POINT('',(-35.400255071,97.99996108,-2.751535371));
#9535=CARTESIAN_POINT('',(-35.400255071,97.99996108,-2.564208309));
#9536=CARTESIAN_POINT('',(-35.400255071,97.99996108,-2.0999746));
#9537=CARTESIAN_POINT('',(-35.355732446,98.035912794,-2.751535371));
#9538=CARTESIAN_POINT('',(-35.355732446,98.035912794,-2.564208309));
#9539=CARTESIAN_POINT('',(-35.355732446,98.035912794,-2.0999746));
#9540=CARTESIAN_POINT('',(-35.309717355,98.070046059,-2.751535371));
#9541=CARTESIAN_POINT('',(-35.309717355,98.070046059,-2.564208309));
#9542=CARTESIAN_POINT('',(-35.309717355,98.070046059,-2.0999746));
#9543=CARTESIAN_POINT('',(-35.262316938,98.102267301,-2.751535371));
#9544=CARTESIAN_POINT('',(-35.262316938,98.102267301,-2.564208309));
#9545=CARTESIAN_POINT('',(-35.262316938,98.102267301,-2.0999746));
#9546=CARTESIAN_POINT('',(-35.214409046,98.133729035,-2.751535371));
#9547=CARTESIAN_POINT('',(-35.214409046,98.133729035,-2.564208309));
#9548=CARTESIAN_POINT('',(-35.214409046,98.133729035,-2.0999746));
#9549=CARTESIAN_POINT('',(-35.165264808,98.163179201,-2.751535371));
#9550=CARTESIAN_POINT('',(-35.165264808,98.163179201,-2.564208309));
#9551=CARTESIAN_POINT('',(-35.165264808,98.163179201,-2.0999746));
#9552=CARTESIAN_POINT('',(-35.115011685,98.190554618,-2.751535371));
#9553=CARTESIAN_POINT('',(-35.115011685,98.190554618,-2.564208309));
#9554=CARTESIAN_POINT('',(-35.115011685,98.190554618,-2.0999746));
#9555=CARTESIAN_POINT('',(-35.064330718,98.217129596,-2.751535371));
#9556=CARTESIAN_POINT('',(-35.064330718,98.217129596,-2.564208309));
#9557=CARTESIAN_POINT('',(-35.064330718,98.217129596,-2.0999746));
#9558=CARTESIAN_POINT('',(-35.012540723,98.241629902,-2.751535371));
#9559=CARTESIAN_POINT('',(-35.012540723,98.241629902,-2.564208309));
#9560=CARTESIAN_POINT('',(-35.012540723,98.241629902,-2.0999746));
#9561=CARTESIAN_POINT('',(-34.959765035,98.263984661,-2.751535371));
#9562=CARTESIAN_POINT('',(-34.959765035,98.263984661,-2.564208309));
#9563=CARTESIAN_POINT('',(-34.959765035,98.263984661,-2.0999746));
#9564=CARTESIAN_POINT('',(-34.906639803,98.285495499,-2.751535371));
#9565=CARTESIAN_POINT('',(-34.906639803,98.285495499,-2.564208309));
#9566=CARTESIAN_POINT('',(-34.906639803,98.285495499,-2.0999746));
#9567=CARTESIAN_POINT('',(-34.852694416,98.304792223,-2.751535371));
#9568=CARTESIAN_POINT('',(-34.852694416,98.304792223,-2.564208309));
#9569=CARTESIAN_POINT('',(-34.852694416,98.304792223,-2.0999746));
#9570=CARTESIAN_POINT('',(-34.798066213,98.321837731,-2.751535371));
#9571=CARTESIAN_POINT('',(-34.798066213,98.321837731,-2.564208309));
#9572=CARTESIAN_POINT('',(-34.798066213,98.321837731,-2.0999746));
#9573=CARTESIAN_POINT('',(-34.743174544,98.338014713,-2.751535371));
#9574=CARTESIAN_POINT('',(-34.743174544,98.338014713,-2.564208309));
#9575=CARTESIAN_POINT('',(-34.743174544,98.338014713,-2.0999746));
#9576=CARTESIAN_POINT('',(-34.687599903,98.351940526,-2.751535371));
#9577=CARTESIAN_POINT('',(-34.687599903,98.351940526,-2.564208309));
#9578=CARTESIAN_POINT('',(-34.687599903,98.351940526,-2.0999746));
#9579=CARTESIAN_POINT('',(-34.631477097,98.363569717,-2.751535371));
#9580=CARTESIAN_POINT('',(-34.631477097,98.363569717,-2.564208309));
#9581=CARTESIAN_POINT('',(-34.631477097,98.363569717,-2.0999746));
#9582=CARTESIAN_POINT('',(-34.575176091,98.374303012,-2.751535371));
#9583=CARTESIAN_POINT('',(-34.575176091,98.374303012,-2.564208309));
#9584=CARTESIAN_POINT('',(-34.575176091,98.374303012,-2.0999746));
#9585=CARTESIAN_POINT('',(-34.518502644,98.382704732,-2.751535371));
#9586=CARTESIAN_POINT('',(-34.518502644,98.382704732,-2.564208309));
#9587=CARTESIAN_POINT('',(-34.518502644,98.382704732,-2.0999746));
#9588=CARTESIAN_POINT('',(-34.461598693,98.388765281,-2.751535371));
#9589=CARTESIAN_POINT('',(-34.461598693,98.388765281,-2.564208309));
#9590=CARTESIAN_POINT('',(-34.461598693,98.388765281,-2.0999746));
#9591=CARTESIAN_POINT('',(-34.404605781,98.393922594,-2.751535371));
#9592=CARTESIAN_POINT('',(-34.404605781,98.393922594,-2.564208309));
#9593=CARTESIAN_POINT('',(-34.404605781,98.393922594,-2.0999746));
#9594=CARTESIAN_POINT('',(-34.347382203,98.396738751,-2.751535371));
#9595=CARTESIAN_POINT('',(-34.347382203,98.396738751,-2.564208309));
#9596=CARTESIAN_POINT('',(-34.347382203,98.396738751,-2.0999746));
#9597=CARTESIAN_POINT('',(-34.290069042,98.397195474,-2.751535371));
#9598=CARTESIAN_POINT('',(-34.290069042,98.397195474,-2.564208309));
#9599=CARTESIAN_POINT('',(-34.290069042,98.397195474,-2.0999746));
#9600=CARTESIAN_POINT('',(-34.232755881,98.396738751,-2.751535371));
#9601=CARTESIAN_POINT('',(-34.232755881,98.396738751,-2.564208309));
#9602=CARTESIAN_POINT('',(-34.232755881,98.396738751,-2.0999746));
#9603=CARTESIAN_POINT('',(-34.175532303,98.393922594,-2.751535371));
#9604=CARTESIAN_POINT('',(-34.175532303,98.393922594,-2.564208309));
#9605=CARTESIAN_POINT('',(-34.175532303,98.393922594,-2.0999746));
#9606=CARTESIAN_POINT('',(-34.11853939,98.388765281,-2.751535371));
#9607=CARTESIAN_POINT('',(-34.11853939,98.388765281,-2.564208309));
#9608=CARTESIAN_POINT('',(-34.11853939,98.388765281,-2.0999746));
#9609=CARTESIAN_POINT('',(-34.061635439,98.382704732,-2.751535371));
#9610=CARTESIAN_POINT('',(-34.061635439,98.382704732,-2.564208309));
#9611=CARTESIAN_POINT('',(-34.061635439,98.382704732,-2.0999746));
#9612=CARTESIAN_POINT('',(-34.004961992,98.374303012,-2.751535371));
#9613=CARTESIAN_POINT('',(-34.004961992,98.374303012,-2.564208309));
#9614=CARTESIAN_POINT('',(-34.004961992,98.374303012,-2.0999746));
#9615=CARTESIAN_POINT('',(-33.948660986,98.363569717,-2.751535371));
#9616=CARTESIAN_POINT('',(-33.948660986,98.363569717,-2.564208309));
#9617=CARTESIAN_POINT('',(-33.948660986,98.363569717,-2.0999746));
#9618=CARTESIAN_POINT('',(-33.89253818,98.351940526,-2.751535371));
#9619=CARTESIAN_POINT('',(-33.89253818,98.351940526,-2.564208309));
#9620=CARTESIAN_POINT('',(-33.89253818,98.351940526,-2.0999746));
#9621=CARTESIAN_POINT('',(-33.83696354,98.338014713,-2.751535371));
#9622=CARTESIAN_POINT('',(-33.83696354,98.338014713,-2.564208309));
#9623=CARTESIAN_POINT('',(-33.83696354,98.338014713,-2.0999746));
#9624=CARTESIAN_POINT('',(-33.782071871,98.321837731,-2.751535371));
#9625=CARTESIAN_POINT('',(-33.782071871,98.321837731,-2.564208309));
#9626=CARTESIAN_POINT('',(-33.782071871,98.321837731,-2.0999746));
#9627=CARTESIAN_POINT('',(-33.727443668,98.304792223,-2.751535371));
#9628=CARTESIAN_POINT('',(-33.727443668,98.304792223,-2.564208309));
#9629=CARTESIAN_POINT('',(-33.727443668,98.304792223,-2.0999746));
#9630=CARTESIAN_POINT('',(-33.673498281,98.285495499,-2.751535371));
#9631=CARTESIAN_POINT('',(-33.673498281,98.285495499,-2.564208309));
#9632=CARTESIAN_POINT('',(-33.673498281,98.285495499,-2.0999746));
#9633=CARTESIAN_POINT('',(-33.620373036,98.263984656,-2.751535371));
#9634=CARTESIAN_POINT('',(-33.620373036,98.263984656,-2.564208309));
#9635=CARTESIAN_POINT('',(-33.620373036,98.263984656,-2.0999746));
#9636=CARTESIAN_POINT('',(-33.56759736,98.241629902,-2.751535371));
#9637=CARTESIAN_POINT('',(-33.56759736,98.241629902,-2.564208309));
#9638=CARTESIAN_POINT('',(-33.56759736,98.241629902,-2.0999746));
#9639=CARTESIAN_POINT('',(-33.515807365,98.217129596,-2.751535371));
#9640=CARTESIAN_POINT('',(-33.515807365,98.217129596,-2.564208309));
#9641=CARTESIAN_POINT('',(-33.515807365,98.217129596,-2.0999746));
#9642=CARTESIAN_POINT('',(-33.465126398,98.190554618,-2.751535371));
#9643=CARTESIAN_POINT('',(-33.465126398,98.190554618,-2.564208309));
#9644=CARTESIAN_POINT('',(-33.465126398,98.190554618,-2.0999746));
#9645=CARTESIAN_POINT('',(-33.414873275,98.163179201,-2.751535371));
#9646=CARTESIAN_POINT('',(-33.414873275,98.163179201,-2.564208309));
#9647=CARTESIAN_POINT('',(-33.414873275,98.163179201,-2.0999746));
#9648=CARTESIAN_POINT('',(-33.365729037,98.133729035,-2.751535371));
#9649=CARTESIAN_POINT('',(-33.365729037,98.133729035,-2.564208309));
#9650=CARTESIAN_POINT('',(-33.365729037,98.133729035,-2.0999746));
#9651=CARTESIAN_POINT('',(-33.317821142,98.102267299,-2.751535371));
#9652=CARTESIAN_POINT('',(-33.317821142,98.102267299,-2.564208309));
#9653=CARTESIAN_POINT('',(-33.317821142,98.102267299,-2.0999746));
#9654=CARTESIAN_POINT('',(-33.270420731,98.070046061,-2.751535371));
#9655=CARTESIAN_POINT('',(-33.270420731,98.070046061,-2.564208309));
#9656=CARTESIAN_POINT('',(-33.270420731,98.070046061,-2.0999746));
#9657=CARTESIAN_POINT('',(-33.224405637,98.035912794,-2.751535371));
#9658=CARTESIAN_POINT('',(-33.224405637,98.035912794,-2.564208309));
#9659=CARTESIAN_POINT('',(-33.224405637,98.035912794,-2.0999746));
#9660=CARTESIAN_POINT('',(-33.17988301,97.999961079,-2.751535371));
#9661=CARTESIAN_POINT('',(-33.17988301,97.999961079,-2.564208309));
#9662=CARTESIAN_POINT('',(-33.17988301,97.999961079,-2.0999746));
#9663=CARTESIAN_POINT('',(-33.135936164,97.963307774,-2.751535371));
#9664=CARTESIAN_POINT('',(-33.135936164,97.963307774,-2.564208309));
#9665=CARTESIAN_POINT('',(-33.135936164,97.963307774,-2.0999746));
#9666=CARTESIAN_POINT('',(-33.09348166,97.924835918,-2.751535371));
#9667=CARTESIAN_POINT('',(-33.09348166,97.924835918,-2.564208309));
#9668=CARTESIAN_POINT('',(-33.09348166,97.924835918,-2.0999746));
#9669=CARTESIAN_POINT('',(-33.052632191,97.884632352,-2.751535371));
#9670=CARTESIAN_POINT('',(-33.052632191,97.884632352,-2.564208309));
#9671=CARTESIAN_POINT('',(-33.052632191,97.884632352,-2.0999746));
#9672=CARTESIAN_POINT('',(-33.012428612,97.84378287,-2.751535371));
#9673=CARTESIAN_POINT('',(-33.012428612,97.84378287,-2.564208309));
#9674=CARTESIAN_POINT('',(-33.012428612,97.84378287,-2.0999746));
#9675=CARTESIAN_POINT('',(-32.973956753,97.801328362,-2.751535371));
#9676=CARTESIAN_POINT('',(-32.973956753,97.801328362,-2.564208309));
#9677=CARTESIAN_POINT('',(-32.973956753,97.801328362,-2.0999746));
#9678=CARTESIAN_POINT('',(-32.937303447,97.757381515,-2.751535371));
#9679=CARTESIAN_POINT('',(-32.937303447,97.757381515,-2.564208309));
#9680=CARTESIAN_POINT('',(-32.937303447,97.757381515,-2.0999746));
#9681=CARTESIAN_POINT('',(-32.901351733,97.712858889,-2.751535371));
#9682=CARTESIAN_POINT('',(-32.901351733,97.712858889,-2.564208309));
#9683=CARTESIAN_POINT('',(-32.901351733,97.712858889,-2.0999746));
#9684=CARTESIAN_POINT('',(-32.86721847,97.666843799,-2.751535371));
#9685=CARTESIAN_POINT('',(-32.86721847,97.666843799,-2.564208309));
#9686=CARTESIAN_POINT('',(-32.86721847,97.666843799,-2.0999746));
#9687=CARTESIAN_POINT('',(-32.834997235,97.619443394,-2.751535371));
#9688=CARTESIAN_POINT('',(-32.834997235,97.619443394,-2.564208309));
#9689=CARTESIAN_POINT('',(-32.834997235,97.619443394,-2.0999746));
#9690=CARTESIAN_POINT('',(-32.803535497,97.571535497,-2.751535371));
#9691=CARTESIAN_POINT('',(-32.803535497,97.571535497,-2.564208309));
#9692=CARTESIAN_POINT('',(-32.803535497,97.571535497,-2.0999746));
#9693=CARTESIAN_POINT('',(-32.774085329,97.522391255,-2.751535371));
#9694=CARTESIAN_POINT('',(-32.774085329,97.522391255,-2.564208309));
#9695=CARTESIAN_POINT('',(-32.774085329,97.522391255,-2.0999746));
#9696=CARTESIAN_POINT('',(-32.746709911,97.472138129,-2.751535371));
#9697=CARTESIAN_POINT('',(-32.746709911,97.472138129,-2.564208309));
#9698=CARTESIAN_POINT('',(-32.746709911,97.472138129,-2.0999746));
#9699=CARTESIAN_POINT('',(-32.720134932,97.421457161,-2.751535371));
#9700=CARTESIAN_POINT('',(-32.720134932,97.421457161,-2.564208309));
#9701=CARTESIAN_POINT('',(-32.720134932,97.421457161,-2.0999746));
#9702=CARTESIAN_POINT('',(-32.695634627,97.369667167,-2.751535371));
#9703=CARTESIAN_POINT('',(-32.695634627,97.369667167,-2.564208309));
#9704=CARTESIAN_POINT('',(-32.695634627,97.369667167,-2.0999746));
#9705=CARTESIAN_POINT('',(-32.673279869,97.316891482,-2.751535371));
#9706=CARTESIAN_POINT('',(-32.673279869,97.316891482,-2.564208309));
#9707=CARTESIAN_POINT('',(-32.673279869,97.316891482,-2.0999746));
#9708=CARTESIAN_POINT('',(-32.651769031,97.263766249,-2.751535371));
#9709=CARTESIAN_POINT('',(-32.651769031,97.263766249,-2.564208309));
#9710=CARTESIAN_POINT('',(-32.651769031,97.263766249,-2.0999746));
#9711=CARTESIAN_POINT('',(-32.632472307,97.209820862,-2.751535371));
#9712=CARTESIAN_POINT('',(-32.632472307,97.209820862,-2.564208309));
#9713=CARTESIAN_POINT('',(-32.632472307,97.209820862,-2.0999746));
#9714=CARTESIAN_POINT('',(-32.615426799,97.155192659,-2.751535371));
#9715=CARTESIAN_POINT('',(-32.615426799,97.155192659,-2.564208309));
#9716=CARTESIAN_POINT('',(-32.615426799,97.155192659,-2.0999746));
#9717=CARTESIAN_POINT('',(-32.599249817,97.10030099,-2.751535371));
#9718=CARTESIAN_POINT('',(-32.599249817,97.10030099,-2.564208309));
#9719=CARTESIAN_POINT('',(-32.599249817,97.10030099,-2.0999746));
#9720=CARTESIAN_POINT('',(-32.585324004,97.04472635,-2.751535371));
#9721=CARTESIAN_POINT('',(-32.585324004,97.04472635,-2.564208309));
#9722=CARTESIAN_POINT('',(-32.585324004,97.04472635,-2.0999746));
#9723=CARTESIAN_POINT('',(-32.573694816,96.988603558,-2.751535371));
#9724=CARTESIAN_POINT('',(-32.573694816,96.988603558,-2.564208309));
#9725=CARTESIAN_POINT('',(-32.573694816,96.988603558,-2.0999746));
#9726=CARTESIAN_POINT('',(-32.562961519,96.932302548,-2.751535371));
#9727=CARTESIAN_POINT('',(-32.562961519,96.932302548,-2.564208309));
#9728=CARTESIAN_POINT('',(-32.562961519,96.932302548,-2.0999746));
#9729=CARTESIAN_POINT('',(-32.554559798,96.875629097,-2.751535371));
#9730=CARTESIAN_POINT('',(-32.554559798,96.875629097,-2.564208309));
#9731=CARTESIAN_POINT('',(-32.554559798,96.875629097,-2.0999746));
#9732=CARTESIAN_POINT('',(-32.548499248,96.818725143,-2.751535371));
#9733=CARTESIAN_POINT('',(-32.548499248,96.818725143,-2.564208309));
#9734=CARTESIAN_POINT('',(-32.548499248,96.818725143,-2.0999746));
#9735=CARTESIAN_POINT('',(-32.543341935,96.761732229,-2.751535371));
#9736=CARTESIAN_POINT('',(-32.543341935,96.761732229,-2.564208309));
#9737=CARTESIAN_POINT('',(-32.543341935,96.761732229,-2.0999746));
#9738=CARTESIAN_POINT('',(-32.540525778,96.70450865,-2.751535371));
#9739=CARTESIAN_POINT('',(-32.540525778,96.70450865,-2.564208309));
#9740=CARTESIAN_POINT('',(-32.540525778,96.70450865,-2.0999746));
#9741=CARTESIAN_POINT('',(-32.540069055,96.647195488,-2.751535371));
#9742=CARTESIAN_POINT('',(-32.540069055,96.647195488,-2.564208309));
#9743=CARTESIAN_POINT('',(-32.540069055,96.647195488,-2.0999746));
#9744=B_SPLINE_SURFACE_WITH_KNOTS('',3,1,((#9444,#9445,#9446),(#9447,#9448,#9449),(#9450,#9451,#9452),(#9453,#9454,#9455),(#9456,#9457,#9458),(#9459,#9460,#9461),(#9462,#9463,#9464),(#9465,#9466,#9467),(#9468,#9469,#9470),(#9471,#9472,#9473),(#9474,#9475,#9476),(#9477,#9478,#9479),(#9480,#9481,#9482),(#9483,#9484,#9485),(#9486,#9487,#9488),(#9489,#9490,#9491),(#9492,#9493,#9494),(#9495,#9496,#9497),(#9498,#9499,#9500),(#9501,#9502,#9503),(#9504,#9505,#9506),(#9507,#9508,#9509),(#9510,#9511,#9512),(#9513,#9514,#9515),(#9516,#9517,#9518),(#9519,#9520,#9521),
(#9522,#9523,#9524),(#9525,#9526,#9527),(#9528,#9529,#9530),(#9531,#9532,#9533),(#9534,#9535,#9536),(#9537,#9538,#9539),(#9540,#9541,#9542),(#9543,#9544,#9545),(#9546,#9547,#9548),(#9549,#9550,#9551),(#9552,#9553,#9554),(#9555,#9556,#9557),(#9558,#9559,#9560),(#9561,#9562,#9563),(#9564,#9565,#9566),(#9567,#9568,#9569),(#9570,#9571,#9572),(#9573,#9574,#9575),(#9576,#9577,#9578),(#9579,#9580,#9581),(#9582,#9583,#9584),(#9585,#9586,#9587),(#9588,#9589,#9590),(#9591,#9592,#9593),(#9594,#9595,#9596),
(#9597,#9598,#9599),(#9600,#9601,#9602),(#9603,#9604,#9605),(#9606,#9607,#9608),(#9609,#9610,#9611),(#9612,#9613,#9614),(#9615,#9616,#9617),(#9618,#9619,#9620),(#9621,#9622,#9623),(#9624,#9625,#9626),(#9627,#9628,#9629),(#9630,#9631,#9632),(#9633,#9634,#9635),(#9636,#9637,#9638),(#9639,#9640,#9641),(#9642,#9643,#9644),(#9645,#9646,#9647),(#9648,#9649,#9650),(#9651,#9652,#9653),(#9654,#9655,#9656),(#9657,#9658,#9659),(#9660,#9661,#9662),(#9663,#9664,#9665),(#9666,#9667,#9668),(#9669,#9670,#9671),
(#9672,#9673,#9674),(#9675,#9676,#9677),(#9678,#9679,#9680),(#9681,#9682,#9683),(#9684,#9685,#9686),(#9687,#9688,#9689),(#9690,#9691,#9692),(#9693,#9694,#9695),(#9696,#9697,#9698),(#9699,#9700,#9701),(#9702,#9703,#9704),(#9705,#9706,#9707),(#9708,#9709,#9710),(#9711,#9712,#9713),(#9714,#9715,#9716),(#9717,#9718,#9719),(#9720,#9721,#9722),(#9723,#9724,#9725),(#9726,#9727,#9728),(#9729,#9730,#9731),(#9732,#9733,#9734),(#9735,#9736,#9737),(#9738,#9739,#9740),(#9741,#9742,#9743)),.UNSPECIFIED.,.F.,.F.,.U.,(4,3,3,3,3,3,3,3,3,3,3,3,3,3,3,3,3,3,3,3,3,3,3,3,3,3,
3,3,3,3,3,3,3,4),(2,1,2),(-0.00000000018,0.,5.625,11.25,16.875,22.5,28.125,33.75,39.375,45.,50.625,56.25,61.875,67.5,73.125,78.75,84.375,90.,95.625,101.25,106.875,112.5,118.125,123.75,129.375,135.,
140.625,146.25,151.875,157.5,163.125,168.75,174.375,180.),(1.119973182,1.15,1.224412425),.UNSPECIFIED.);
#9745=CARTESIAN_POINT('',(-36.040069028,96.647195323,-2.7499746));
#9746=VERTEX_POINT('',#9745);
#9747=CARTESIAN_POINT('',(-36.040069028,96.647195488,-2.0999746));
#9748=VERTEX_POINT('',#9747);
#9749=CARTESIAN_POINT('',(-36.040069028,96.647195488,-2.7499746));
#9750=CARTESIAN_POINT('',(-36.040069028,96.647195488,-2.533307933));
#9751=CARTESIAN_POINT('',(-36.040069028,96.647195488,-2.316641267));
#9752=CARTESIAN_POINT('',(-36.040069028,96.647195488,-2.0999746));
#9753=B_SPLINE_CURVE_WITH_KNOTS('',3,(#9749,#9750,#9751,#9752),.UNSPECIFIED.,.F.,.F.,(4,4),(1.12022336,1.224412425),.UNSPECIFIED.);
#9754=EDGE_CURVE('',#9746,#9748,#9753,.T.);
#9755=ORIENTED_EDGE('',*,*,#9754,.F.);
#9756=CARTESIAN_POINT('',(-32.540069055,96.647195514,-2.7499746));
#9757=VERTEX_POINT('',#9756);
#9758=CARTESIAN_POINT('',(-36.040069028,96.647195323,-2.7499746));
#9759=CARTESIAN_POINT('',(-36.040069028,96.760835386,-2.749649394));
#9760=CARTESIAN_POINT('',(-36.029103576,96.873472834,-2.749806309));
#9761=CARTESIAN_POINT('',(-36.007135651,96.98510404,-2.750040668));
#9762=CARTESIAN_POINT('',(-35.985167726,97.096735246,-2.750275027));
#9763=CARTESIAN_POINT('',(-35.951551403,97.208501935,-2.750576338));
#9764=CARTESIAN_POINT('',(-35.90793997,97.314273893,-2.750693648));
#9765=CARTESIAN_POINT('',(-35.864328538,97.42004585,-2.750810958));
#9766=CARTESIAN_POINT('',(-35.810775815,97.520774346,-2.750744281));
#9767=CARTESIAN_POINT('',(-35.747168506,97.616401907,-2.75055446));
#9768=CARTESIAN_POINT('',(-35.683561197,97.712029467,-2.750364638));
#9769=CARTESIAN_POINT('',(-35.610008123,97.801871315,-2.750056453));
#9770=CARTESIAN_POINT('',(-35.529462296,97.882672846,-2.749977315));
#9771=CARTESIAN_POINT('',(-35.368370642,98.044275907,-2.749819038));
#9772=CARTESIAN_POINT('',(-35.173098765,98.175216635,-2.751397603));
#9773=CARTESIAN_POINT('',(-34.962376664,98.262900412,-2.751489448));
#9774=CARTESIAN_POINT('',(-34.857015613,98.306742301,-2.751535371));
#9775=CARTESIAN_POINT('',(-34.74593553,98.340686556,-2.751284553));
#9776=CARTESIAN_POINT('',(-34.633159019,98.363234303,-2.75091024));
#9777=CARTESIAN_POINT('',(-34.520382508,98.38578205,-2.750535926));
#9778=CARTESIAN_POINT('',(-34.406158658,98.397169633,-2.750048506));
#9779=CARTESIAN_POINT('',(-34.290459847,98.39719543,-2.749975564));
#9780=CARTESIAN_POINT('',(-34.174761036,98.397221228,-2.749902623));
#9781=CARTESIAN_POINT('',(-34.060847205,98.385884114,-2.75031694));
#9782=CARTESIAN_POINT('',(-33.948673147,98.363572135,-2.750668103));
#9783=CARTESIAN_POINT('',(-33.836499089,98.341260156,-2.751019266));
#9784=CARTESIAN_POINT('',(-33.724980576,98.307402573,-2.75130109));
#9785=CARTESIAN_POINT('',(-33.619220154,98.263506634,-2.751297978));
#9786=CARTESIAN_POINT('',(-33.513459732,98.219610696,-2.751294866));
#9787=CARTESIAN_POINT('',(-33.412881368,98.165813718,-2.751014583));
#9788=CARTESIAN_POINT('',(-33.317513124,98.10206144,-2.750661693));
#9789=CARTESIAN_POINT('',(-33.22214488,98.038309163,-2.750308802));
#9790=CARTESIAN_POINT('',(-33.132304145,97.964429216,-2.749897405));
#9791=CARTESIAN_POINT('',(-33.051670657,97.883670069,-2.749975534));
#9792=CARTESIAN_POINT('',(-32.890403681,97.722151776,-2.750131792));
#9793=CARTESIAN_POINT('',(-32.759945565,97.526561986,-2.751339178));
#9794=CARTESIAN_POINT('',(-32.67278438,97.31569401,-2.751074782));
#9795=CARTESIAN_POINT('',(-32.629203787,97.210260021,-2.750942584));
#9796=CARTESIAN_POINT('',(-32.595528285,97.099071116,-2.750540904));
#9797=CARTESIAN_POINT('',(-32.573284589,96.986534679,-2.750192821));
#9798=CARTESIAN_POINT('',(-32.551040892,96.873998241,-2.749844739));
#9799=CARTESIAN_POINT('',(-32.540069057,96.7608797,-2.749569335));
#9800=CARTESIAN_POINT('',(-32.540069055,96.647195516,-2.7499746));
#9801=B_SPLINE_CURVE_WITH_KNOTS('',3,(#9758,#9759,#9760,#9761,#9762,#9763,#9764,#9765,#9766,#9767,#9768,#9769,#9770,#9771,#9772,#9773,#9774,#9775,#9776,#9777,#9778,#9779,#9780,#9781,#9782,#9783,
#9784,#9785,#9786,#9787,#9788,#9789,#9790,#9791,#9792,#9793,#9794,#9795,#9796,#9797,#9798,#9799,#9800),.UNSPECIFIED.,.F.,.F.,(4,3,3,3,3,3,3,3,3,3,3,3,3,3,4),(0.00459032,0.004931241,0.005272163,0.005613084,0.005954006,0.006635849,0.006976771,0.007317692,0.007658614,0.007999536,0.008340457,0.008681379,0.009363222,0.009704143,0.010045065),.UNSPECIFIED.);
#9802=EDGE_CURVE('',#9746,#9757,#9801,.T.);
#9803=ORIENTED_EDGE('',*,*,#9802,.T.);
#9804=CARTESIAN_POINT('',(-32.540069055,96.647195488,-2.0999746));
#9805=VERTEX_POINT('',#9804);
#9806=CARTESIAN_POINT('',(-32.540069055,96.647195488,-2.7499746));
#9807=CARTESIAN_POINT('',(-32.540069055,96.647195488,-2.533307933));
#9808=CARTESIAN_POINT('',(-32.540069055,96.647195488,-2.316641267));
#9809=CARTESIAN_POINT('',(-32.540069055,96.647195488,-2.0999746));
#9810=B_SPLINE_CURVE_WITH_KNOTS('',3,(#9806,#9807,#9808,#9809),.UNSPECIFIED.,.F.,.F.,(4,4),(-0.224412425,-0.12022336),.UNSPECIFIED.);
#9811=EDGE_CURVE('',#9757,#9805,#9810,.T.);
#9812=ORIENTED_EDGE('',*,*,#9811,.T.);
#9813=CARTESIAN_POINT('',(-32.540069055,96.647195488,-2.0999746));
#9814=CARTESIAN_POINT('',(-32.540069055,96.762798841,-2.0999746));
#9815=CARTESIAN_POINT('',(-32.551411497,96.876470415,-2.0999746));
#9816=CARTESIAN_POINT('',(-32.573632326,96.988289247,-2.0999746));
#9817=CARTESIAN_POINT('',(-32.595853155,97.100108078,-2.0999746));
#9818=CARTESIAN_POINT('',(-32.629491678,97.211232598,-2.0999746));
#9819=CARTESIAN_POINT('',(-32.673403116,97.317188949,-2.0999746));
#9820=CARTESIAN_POINT('',(-32.717314555,97.423145301,-2.0999746));
#9821=CARTESIAN_POINT('',(-32.771056992,97.523653112,-2.0999746));
#9822=CARTESIAN_POINT('',(-32.83454183,97.618761485,-2.0999746));
#9823=CARTESIAN_POINT('',(-32.898026668,97.713869858,-2.0999746));
#9824=CARTESIAN_POINT('',(-32.971932302,97.803935157,-2.0999746));
#9825=CARTESIAN_POINT('',(-33.0526528,97.884652961,-2.0999746));
#9826=CARTESIAN_POINT('',(-33.133373297,97.965370765,-2.0999746));
#9827=CARTESIAN_POINT('',(-33.221461418,98.037812099,-2.0999746));
#9828=CARTESIAN_POINT('',(-33.317092402,98.101780106,-2.0999746));
#9829=CARTESIAN_POINT('',(-33.412723387,98.165748113,-2.0999746));
#9830=CARTESIAN_POINT('',(-33.51457501,98.220121567,-2.0999746));
#9831=CARTESIAN_POINT('',(-33.619849499,98.263767701,-2.0999746));
#9832=CARTESIAN_POINT('',(-33.725123989,98.307413834,-2.0999746));
#9833=CARTESIAN_POINT('',(-33.835371733,98.341010739,-2.0999746));
#9834=CARTESIAN_POINT('',(-33.94830624,98.363499115,-2.0999746));
#9835=CARTESIAN_POINT('',(-34.061240746,98.38598749,-2.0999746));
#9836=CARTESIAN_POINT('',(-34.174773604,98.397117986,-2.0999746));
#9837=CARTESIAN_POINT('',(-34.288888772,98.397195075,-2.0999746));
#9838=CARTESIAN_POINT('',(-34.40300394,98.397272165,-2.0999746));
#9839=CARTESIAN_POINT('',(-34.518913076,98.385936385,-2.0999746));
#9840=CARTESIAN_POINT('',(-34.631129375,98.363638846,-2.0999746));
#9841=CARTESIAN_POINT('',(-34.743345674,98.341341307,-2.0999746));
#9842=CARTESIAN_POINT('',(-34.852427841,98.308336415,-2.0999746));
#9843=CARTESIAN_POINT('',(-34.958358954,98.264566362,-2.0999746));
#9844=CARTESIAN_POINT('',(-35.064290067,98.220796308,-2.0999746));
#9845=CARTESIAN_POINT('',(-35.166796073,98.166027756,-2.0999746));
#9846=CARTESIAN_POINT('',(-35.261635543,98.102722364,-2.0999746));
#9847=CARTESIAN_POINT('',(-35.356475012,98.039416972,-2.0999746));
#9848=CARTESIAN_POINT('',(-35.444879834,97.967138065,-2.0999746));
#9849=CARTESIAN_POINT('',(-35.526600246,97.885537335,-2.0999746));
#9850=CARTESIAN_POINT('',(-35.608320658,97.803936605,-2.0999746));
#9851=CARTESIAN_POINT('',(-35.68092278,97.715380259,-2.0999746));
#9852=CARTESIAN_POINT('',(-35.744330543,97.620655006,-2.0999746));
#9853=CARTESIAN_POINT('',(-35.807738307,97.525929754,-2.0999746));
#9854=CARTESIAN_POINT('',(-35.862543507,97.423724473,-2.0999746));
#9855=CARTESIAN_POINT('',(-35.906520065,97.317707264,-2.0999746));
#9856=CARTESIAN_POINT('',(-35.950496622,97.211690055,-2.0999746));
#9857=CARTESIAN_POINT('',(-35.983629175,97.10262561,-2.0999746));
#9858=CARTESIAN_POINT('',(-36.006054474,96.990552358,-2.0999746));
#9859=CARTESIAN_POINT('',(-36.017267124,96.934515732,-2.0999746));
#9860=CARTESIAN_POINT('',(-36.025787468,96.877647986,-2.0999746));
#9861=CARTESIAN_POINT('',(-36.031498147,96.820147627,-2.0999746));
#9862=CARTESIAN_POINT('',(-36.037208825,96.762647268,-2.0999746));
#9863=CARTESIAN_POINT('',(-36.040069028,96.704176649,-2.0999746));
#9864=CARTESIAN_POINT('',(-36.040069028,96.647195488,-2.0999746));
#9865=B_SPLINE_CURVE_WITH_KNOTS('',3,(#9813,#9814,#9815,#9816,#9817,#9818,#9819,#9820,#9821,#9822,#9823,#9824,#9825,#9826,#9827,#9828,#9829,#9830,#9831,#9832,#9833,#9834,#9835,#9836,#9837,#9838,
#9839,#9840,#9841,#9842,#9843,#9844,#9845,#9846,#9847,#9848,#9849,#9850,#9851,#9852,#9853,#9854,#9855,#9856,#9857,#9858,#9859,#9860,#9861,#9862,#9863,
#9864),.UNSPECIFIED.,.F.,.F.,(4,3,3,3,3,3,3,3,3,3,3,3,3,3,3,3,3,4),(0.,0.000341887,0.000683774,0.001025661,0.001367548,0.001709435,0.002051322,0.002393209,0.002735096,0.003076983,0.00341887,0.003760757,0.004102644,0.004444531,0.004786417,0.005128304,0.005299248,0.005470191),.UNSPECIFIED.);
#9866=EDGE_CURVE('',#9805,#9748,#9865,.T.);
#9867=ORIENTED_EDGE('',*,*,#9866,.T.);
#9868=EDGE_LOOP('',(#9755,#9803,#9812,#9867));
#9869=FACE_BOUND('',#9868,.T.);
#9870=ADVANCED_FACE('',(#9869),#9744,.T.);
#9871=CARTESIAN_POINT('',(-32.540069055,96.647195488,-2.751535149));
#9872=CARTESIAN_POINT('',(-32.540069055,96.647195488,-2.0999746));
#9873=CARTESIAN_POINT('',(-32.540525778,96.589882327,-2.751535149));
#9874=CARTESIAN_POINT('',(-32.540525778,96.589882327,-2.0999746));
#9875=CARTESIAN_POINT('',(-32.543341935,96.532658748,-2.751535149));
#9876=CARTESIAN_POINT('',(-32.543341935,96.532658748,-2.0999746));
#9877=CARTESIAN_POINT('',(-32.548499248,96.475665833,-2.751535149));
#9878=CARTESIAN_POINT('',(-32.548499248,96.475665833,-2.0999746));
#9879=CARTESIAN_POINT('',(-32.554559798,96.41876188,-2.751535149));
#9880=CARTESIAN_POINT('',(-32.554559798,96.41876188,-2.0999746));
#9881=CARTESIAN_POINT('',(-32.562961519,96.362088429,-2.751535149));
#9882=CARTESIAN_POINT('',(-32.562961519,96.362088429,-2.0999746));
#9883=CARTESIAN_POINT('',(-32.573694814,96.305787433,-2.751535149));
#9884=CARTESIAN_POINT('',(-32.573694814,96.305787433,-2.0999746));
#9885=CARTESIAN_POINT('',(-32.585324004,96.249664627,-2.751535149));
#9886=CARTESIAN_POINT('',(-32.585324004,96.249664627,-2.0999746));
#9887=CARTESIAN_POINT('',(-32.599249817,96.194089986,-2.751535149));
#9888=CARTESIAN_POINT('',(-32.599249817,96.194089986,-2.0999746));
#9889=CARTESIAN_POINT('',(-32.615426799,96.139198317,-2.751535149));
#9890=CARTESIAN_POINT('',(-32.615426799,96.139198317,-2.0999746));
#9891=CARTESIAN_POINT('',(-32.632472307,96.084570114,-2.751535149));
#9892=CARTESIAN_POINT('',(-32.632472307,96.084570114,-2.0999746));
#9893=CARTESIAN_POINT('',(-32.651769031,96.030624728,-2.751535149));
#9894=CARTESIAN_POINT('',(-32.651769031,96.030624728,-2.0999746));
#9895=CARTESIAN_POINT('',(-32.673279874,95.977499482,-2.751535149));
#9896=CARTESIAN_POINT('',(-32.673279874,95.977499482,-2.0999746));
#9897=CARTESIAN_POINT('',(-32.695634627,95.92472381,-2.751535149));
#9898=CARTESIAN_POINT('',(-32.695634627,95.92472381,-2.0999746));
#9899=CARTESIAN_POINT('',(-32.720134932,95.872933816,-2.751535149));
#9900=CARTESIAN_POINT('',(-32.720134932,95.872933816,-2.0999746));
#9901=CARTESIAN_POINT('',(-32.746709911,95.822252848,-2.751535149));
#9902=CARTESIAN_POINT('',(-32.746709911,95.822252848,-2.0999746));
#9903=CARTESIAN_POINT('',(-32.774085329,95.771999722,-2.751535149));
#9904=CARTESIAN_POINT('',(-32.774085329,95.771999722,-2.0999746));
#9905=CARTESIAN_POINT('',(-32.803535497,95.72285548,-2.751535149));
#9906=CARTESIAN_POINT('',(-32.803535497,95.72285548,-2.0999746));
#9907=CARTESIAN_POINT('',(-32.834997231,95.674947589,-2.751535149));
#9908=CARTESIAN_POINT('',(-32.834997231,95.674947589,-2.0999746));
#9909=CARTESIAN_POINT('',(-32.867218467,95.62754718,-2.751535149));
#9910=CARTESIAN_POINT('',(-32.867218467,95.62754718,-2.0999746));
#9911=CARTESIAN_POINT('',(-32.901351733,95.581532088,-2.751535149));
#9912=CARTESIAN_POINT('',(-32.901351733,95.581532088,-2.0999746));
#9913=CARTESIAN_POINT('',(-32.937303447,95.537009462,-2.751535149));
#9914=CARTESIAN_POINT('',(-32.937303447,95.537009462,-2.0999746));
#9915=CARTESIAN_POINT('',(-32.973956752,95.493062615,-2.751535149));
#9916=CARTESIAN_POINT('',(-32.973956752,95.493062615,-2.0999746));
#9917=CARTESIAN_POINT('',(-33.012428609,95.450608109,-2.751535149));
#9918=CARTESIAN_POINT('',(-33.012428609,95.450608109,-2.0999746));
#9919=CARTESIAN_POINT('',(-33.052632184,95.409758631,-2.751535149));
#9920=CARTESIAN_POINT('',(-33.052632184,95.409758631,-2.0999746));
#9921=CARTESIAN_POINT('',(-33.093481662,95.369555056,-2.751535149));
#9922=CARTESIAN_POINT('',(-33.093481662,95.369555056,-2.0999746));
#9923=CARTESIAN_POINT('',(-33.135936168,95.331083199,-2.751535149));
#9924=CARTESIAN_POINT('',(-33.135936168,95.331083199,-2.0999746));
#9925=CARTESIAN_POINT('',(-33.179883015,95.294429894,-2.751535149));
#9926=CARTESIAN_POINT('',(-33.179883015,95.294429894,-2.0999746));
#9927=CARTESIAN_POINT('',(-33.224405641,95.258478179,-2.751535149));
#9928=CARTESIAN_POINT('',(-33.224405641,95.258478179,-2.0999746));
#9929=CARTESIAN_POINT('',(-33.270420734,95.224344914,-2.751535149));
#9930=CARTESIAN_POINT('',(-33.270420734,95.224344914,-2.0999746));
#9931=CARTESIAN_POINT('',(-33.317821136,95.192123682,-2.751535149));
#9932=CARTESIAN_POINT('',(-33.317821136,95.192123682,-2.0999746));
#9933=CARTESIAN_POINT('',(-33.365729033,95.160661944,-2.751535149));
#9934=CARTESIAN_POINT('',(-33.365729033,95.160661944,-2.0999746));
#9935=CARTESIAN_POINT('',(-33.414873275,95.131211775,-2.751535149));
#9936=CARTESIAN_POINT('',(-33.414873275,95.131211775,-2.0999746));
#9937=CARTESIAN_POINT('',(-33.465126401,95.103836357,-2.751535149));
#9938=CARTESIAN_POINT('',(-33.465126401,95.103836357,-2.0999746));
#9939=CARTESIAN_POINT('',(-33.515807369,95.077261378,-2.751535149));
#9940=CARTESIAN_POINT('',(-33.515807369,95.077261378,-2.0999746));
#9941=CARTESIAN_POINT('',(-33.567597363,95.052761074,-2.751535149));
#9942=CARTESIAN_POINT('',(-33.567597363,95.052761074,-2.0999746));
#9943=CARTESIAN_POINT('',(-33.620373036,95.030406321,-2.751535149));
#9944=CARTESIAN_POINT('',(-33.620373036,95.030406321,-2.0999746));
#9945=CARTESIAN_POINT('',(-33.673498276,95.008895479,-2.751535149));
#9946=CARTESIAN_POINT('',(-33.673498276,95.008895479,-2.0999746));
#9947=CARTESIAN_POINT('',(-33.727443668,94.989598753,-2.751535149));
#9948=CARTESIAN_POINT('',(-33.727443668,94.989598753,-2.0999746));
#9949=CARTESIAN_POINT('',(-33.782071874,94.972553244,-2.751535149));
#9950=CARTESIAN_POINT('',(-33.782071874,94.972553244,-2.0999746));
#9951=CARTESIAN_POINT('',(-33.836963544,94.956376262,-2.751535149));
#9952=CARTESIAN_POINT('',(-33.836963544,94.956376262,-2.0999746));
#9953=CARTESIAN_POINT('',(-33.892538183,94.94245045,-2.751535149));
#9954=CARTESIAN_POINT('',(-33.892538183,94.94245045,-2.0999746));
#9955=CARTESIAN_POINT('',(-33.948660972,94.930821263,-2.751535149));
#9956=CARTESIAN_POINT('',(-33.948660972,94.930821263,-2.0999746));
#9957=CARTESIAN_POINT('',(-34.004961982,94.920087966,-2.751535149));
#9958=CARTESIAN_POINT('',(-34.004961982,94.920087966,-2.0999746));
#9959=CARTESIAN_POINT('',(-34.061635433,94.911686245,-2.751535149));
#9960=CARTESIAN_POINT('',(-34.061635433,94.911686245,-2.0999746));
#9961=CARTESIAN_POINT('',(-34.118539387,94.905625695,-2.751535149));
#9962=CARTESIAN_POINT('',(-34.118539387,94.905625695,-2.0999746));
#9963=CARTESIAN_POINT('',(-34.175532301,94.900468382,-2.751535149));
#9964=CARTESIAN_POINT('',(-34.175532301,94.900468382,-2.0999746));
#9965=CARTESIAN_POINT('',(-34.23275588,94.897652225,-2.751535149));
#9966=CARTESIAN_POINT('',(-34.23275588,94.897652225,-2.0999746));
#9967=CARTESIAN_POINT('',(-34.290069042,94.897195502,-2.751535149));
#9968=CARTESIAN_POINT('',(-34.290069042,94.897195502,-2.0999746));
#9969=CARTESIAN_POINT('',(-34.347382203,94.897652225,-2.751535149));
#9970=CARTESIAN_POINT('',(-34.347382203,94.897652225,-2.0999746));
#9971=CARTESIAN_POINT('',(-34.404605782,94.900468382,-2.751535149));
#9972=CARTESIAN_POINT('',(-34.404605782,94.900468382,-2.0999746));
#9973=CARTESIAN_POINT('',(-34.461598697,94.905625695,-2.751535149));
#9974=CARTESIAN_POINT('',(-34.461598697,94.905625695,-2.0999746));
#9975=CARTESIAN_POINT('',(-34.51850265,94.911686245,-2.751535149));
#9976=CARTESIAN_POINT('',(-34.51850265,94.911686245,-2.0999746));
#9977=CARTESIAN_POINT('',(-34.575176101,94.920087966,-2.751535149));
#9978=CARTESIAN_POINT('',(-34.575176101,94.920087966,-2.0999746));
#9979=CARTESIAN_POINT('',(-34.631477097,94.93082126,-2.751535149));
#9980=CARTESIAN_POINT('',(-34.631477097,94.93082126,-2.0999746));
#9981=CARTESIAN_POINT('',(-34.6875999,94.94245045,-2.751535149));
#9982=CARTESIAN_POINT('',(-34.6875999,94.94245045,-2.0999746));
#9983=CARTESIAN_POINT('',(-34.743174539,94.956376262,-2.751535149));
#9984=CARTESIAN_POINT('',(-34.743174539,94.956376262,-2.0999746));
#9985=CARTESIAN_POINT('',(-34.798066209,94.972553244,-2.751535149));
#9986=CARTESIAN_POINT('',(-34.798066209,94.972553244,-2.0999746));
#9987=CARTESIAN_POINT('',(-34.852694416,94.989598753,-2.751535149));
#9988=CARTESIAN_POINT('',(-34.852694416,94.989598753,-2.0999746));
#9989=CARTESIAN_POINT('',(-34.906639808,95.008895479,-2.751535149));
#9990=CARTESIAN_POINT('',(-34.906639808,95.008895479,-2.0999746));
#9991=CARTESIAN_POINT('',(-34.959765048,95.030406321,-2.751535149));
#9992=CARTESIAN_POINT('',(-34.959765048,95.030406321,-2.0999746));
#9993=CARTESIAN_POINT('',(-35.01254072,95.052761074,-2.751535149));
#9994=CARTESIAN_POINT('',(-35.01254072,95.052761074,-2.0999746));
#9995=CARTESIAN_POINT('',(-35.064330714,95.077261378,-2.751535149));
#9996=CARTESIAN_POINT('',(-35.064330714,95.077261378,-2.0999746));
#9997=CARTESIAN_POINT('',(-35.115011682,95.103836357,-2.751535149));
#9998=CARTESIAN_POINT('',(-35.115011682,95.103836357,-2.0999746));
#9999=CARTESIAN_POINT('',(-35.165264808,95.131211775,-2.751535149));
#10000=CARTESIAN_POINT('',(-35.165264808,95.131211775,-2.0999746));
#10001=CARTESIAN_POINT('',(-35.21440905,95.160661944,-2.751535149));
#10002=CARTESIAN_POINT('',(-35.21440905,95.160661944,-2.0999746));
#10003=CARTESIAN_POINT('',(-35.262316948,95.192123682,-2.751535149));
#10004=CARTESIAN_POINT('',(-35.262316948,95.192123682,-2.0999746));
#10005=CARTESIAN_POINT('',(-35.309717352,95.224344916,-2.751535149));
#10006=CARTESIAN_POINT('',(-35.309717352,95.224344916,-2.0999746));
#10007=CARTESIAN_POINT('',(-35.355732442,95.258478179,-2.751535149));
#10008=CARTESIAN_POINT('',(-35.355732442,95.258478179,-2.0999746));
#10009=CARTESIAN_POINT('',(-35.400255066,95.294429892,-2.751535149));
#10010=CARTESIAN_POINT('',(-35.400255066,95.294429892,-2.0999746));
#10011=CARTESIAN_POINT('',(-35.444201913,95.331083197,-2.751535149));
#10012=CARTESIAN_POINT('',(-35.444201913,95.331083197,-2.0999746));
#10013=CARTESIAN_POINT('',(-35.486656419,95.369555054,-2.751535149));
#10014=CARTESIAN_POINT('',(-35.486656419,95.369555054,-2.0999746));
#10015=CARTESIAN_POINT('',(-35.527505907,95.409758638,-2.751535149));
#10016=CARTESIAN_POINT('',(-35.527505907,95.409758638,-2.0999746));
#10017=CARTESIAN_POINT('',(-35.567709477,95.450608112,-2.751535149));
#10018=CARTESIAN_POINT('',(-35.567709477,95.450608112,-2.0999746));
#10019=CARTESIAN_POINT('',(-35.606181331,95.493062615,-2.751535149));
#10020=CARTESIAN_POINT('',(-35.606181331,95.493062615,-2.0999746));
#10021=CARTESIAN_POINT('',(-35.642834634,95.537009459,-2.751535149));
#10022=CARTESIAN_POINT('',(-35.642834634,95.537009459,-2.0999746));
#10023=CARTESIAN_POINT('',(-35.678786348,95.581532085,-2.751535149));
#10024=CARTESIAN_POINT('',(-35.678786348,95.581532085,-2.0999746));
#10025=CARTESIAN_POINT('',(-35.712919614,95.627547178,-2.751535149));
#10026=CARTESIAN_POINT('',(-35.712919614,95.627547178,-2.0999746));
#10027=CARTESIAN_POINT('',(-35.745140855,95.674947592,-2.751535149));
#10028=CARTESIAN_POINT('',(-35.745140855,95.674947592,-2.0999746));
#10029=CARTESIAN_POINT('',(-35.776602588,95.722855484,-2.751535149));
#10030=CARTESIAN_POINT('',(-35.776602588,95.722855484,-2.0999746));
#10031=CARTESIAN_POINT('',(-35.806052754,95.771999722,-2.751535149));
#10032=CARTESIAN_POINT('',(-35.806052754,95.771999722,-2.0999746));
#10033=CARTESIAN_POINT('',(-35.833428171,95.822252845,-2.751535149));
#10034=CARTESIAN_POINT('',(-35.833428171,95.822252845,-2.0999746));
#10035=CARTESIAN_POINT('',(-35.86000315,95.872933812,-2.751535149));
#10036=CARTESIAN_POINT('',(-35.86000315,95.872933812,-2.0999746));
#10037=CARTESIAN_POINT('',(-35.884503455,95.924723807,-2.751535149));
#10038=CARTESIAN_POINT('',(-35.884503455,95.924723807,-2.0999746));
#10039=CARTESIAN_POINT('',(-35.906858214,95.977499495,-2.751535149));
#10040=CARTESIAN_POINT('',(-35.906858214,95.977499495,-2.0999746));
#10041=CARTESIAN_POINT('',(-35.928369052,96.030624728,-2.751535149));
#10042=CARTESIAN_POINT('',(-35.928369052,96.030624728,-2.0999746));
#10043=CARTESIAN_POINT('',(-35.947665777,96.084570114,-2.751535149));
#10044=CARTESIAN_POINT('',(-35.947665777,96.084570114,-2.0999746));
#10045=CARTESIAN_POINT('',(-35.964711284,96.139198317,-2.751535149));
#10046=CARTESIAN_POINT('',(-35.964711284,96.139198317,-2.0999746));
#10047=CARTESIAN_POINT('',(-35.980888267,96.194089986,-2.751535149));
#10048=CARTESIAN_POINT('',(-35.980888267,96.194089986,-2.0999746));
#10049=CARTESIAN_POINT('',(-35.994814079,96.249664627,-2.751535149));
#10050=CARTESIAN_POINT('',(-35.994814079,96.249664627,-2.0999746));
#10051=CARTESIAN_POINT('',(-36.006443267,96.305787419,-2.751535149));
#10052=CARTESIAN_POINT('',(-36.006443267,96.305787419,-2.0999746));
#10053=CARTESIAN_POINT('',(-36.017176564,96.362088429,-2.751535149));
#10054=CARTESIAN_POINT('',(-36.017176564,96.362088429,-2.0999746));
#10055=CARTESIAN_POINT('',(-36.025578285,96.41876188,-2.751535149));
#10056=CARTESIAN_POINT('',(-36.025578285,96.41876188,-2.0999746));
#10057=CARTESIAN_POINT('',(-36.031638835,96.475665833,-2.751535149));
#10058=CARTESIAN_POINT('',(-36.031638835,96.475665833,-2.0999746));
#10059=CARTESIAN_POINT('',(-36.036796148,96.532658748,-2.751535149));
#10060=CARTESIAN_POINT('',(-36.036796148,96.532658748,-2.0999746));
#10061=CARTESIAN_POINT('',(-36.039612305,96.589882327,-2.751535149));
#10062=CARTESIAN_POINT('',(-36.039612305,96.589882327,-2.0999746));
#10063=CARTESIAN_POINT('',(-36.040069028,96.647195488,-2.751535149));
#10064=CARTESIAN_POINT('',(-36.040069028,96.647195488,-2.0999746));
#10065=B_SPLINE_SURFACE_WITH_KNOTS('',3,1,((#9871,#9872),(#9873,#9874),(#9875,#9876),(#9877,#9878),(#9879,#9880),(#9881,#9882),(#9883,#9884),(#9885,#9886),(#9887,#9888),(#9889,#9890),(#9891,#9892),(#9893,#9894),(#9895,#9896),(#9897,#9898),(#9899,#9900),(#9901,#9902),(#9903,#9904),(#9905,#9906),(#9907,#9908),(#9909,#9910),(#9911,#9912),(#9913,#9914),(#9915,#9916),(#9917,#9918),(#9919,#9920),(#9921,#9922),
(#9923,#9924),(#9925,#9926),(#9927,#9928),(#9929,#9930),(#9931,#9932),(#9933,#9934),(#9935,#9936),(#9937,#9938),(#9939,#9940),(#9941,#9942),(#9943,#9944),(#9945,#9946),(#9947,#9948),(#9949,#9950),(#9951,#9952),(#9953,#9954),(#9955,#9956),(#9957,#9958),(#9959,#9960),(#9961,#9962),(#9963,#9964),(#9965,#9966),(#9967,#9968),(#9969,#9970),(#9971,#9972),
(#9973,#9974),(#9975,#9976),(#9977,#9978),(#9979,#9980),(#9981,#9982),(#9983,#9984),(#9985,#9986),(#9987,#9988),(#9989,#9990),(#9991,#9992),(#9993,#9994),(#9995,#9996),(#9997,#9998),(#9999,#10000),(#10001,#10002),(#10003,#10004),(#10005,#10006),(#10007,#10008),(#10009,#10010),(#10011,#10012),(#10013,#10014),(#10015,#10016),(#10017,#10018),(#10019,#10020),(#10021,#10022),
(#10023,#10024),(#10025,#10026),(#10027,#10028),(#10029,#10030),(#10031,#10032),(#10033,#10034),(#10035,#10036),(#10037,#10038),(#10039,#10040),(#10041,#10042),(#10043,#10044),(#10045,#10046),(#10047,#10048),(#10049,#10050),(#10051,#10052),(#10053,#10054),(#10055,#10056),(#10057,#10058),(#10059,#10060),(#10061,#10062),(#10063,#10064)),.UNSPECIFIED.,.F.,.F.,.U.,(4,3,3,3,3,3,3,3,3,3,3,3,3,3,3,3,3,3,3,3,3,3,3,3,3,3,
3,3,3,3,3,3,4),(2,2),(180.,185.625,191.25,196.875,202.5,208.125,213.75,219.375,225.,230.625,236.25,241.875,247.5,253.125,258.75,264.375,270.,275.625,281.25,286.875,292.5,298.125,303.75,309.375,315.,320.625,
326.25,331.875,337.5,343.125,348.75,354.375,360.),(1.119973218,1.224412425),.UNSPECIFIED.);
#10066=ORIENTED_EDGE('',*,*,#9811,.F.);
#10067=CARTESIAN_POINT('',(-32.540069055,96.647195514,-2.7499746));
#10068=CARTESIAN_POINT('',(-32.540069055,96.532789888,-2.749647179));
#10069=CARTESIAN_POINT('',(-32.551181188,96.419449576,-2.749808533));
#10070=CARTESIAN_POINT('',(-32.57341919,96.307176028,-2.750045108));
#10071=CARTESIAN_POINT('',(-32.595657191,96.19490248,-2.750281683));
#10072=CARTESIAN_POINT('',(-32.629488541,96.083352954,-2.750581169));
#10073=CARTESIAN_POINT('',(-32.672984555,95.978212892,-2.750695741));
#10074=CARTESIAN_POINT('',(-32.716480569,95.87307283,-2.750810314));
#10075=CARTESIAN_POINT('',(-32.769809557,95.772918846,-2.75074306));
#10076=CARTESIAN_POINT('',(-32.833088526,95.677810266,-2.750554104));
#10077=CARTESIAN_POINT('',(-32.896367495,95.582701686,-2.750365149));
#10078=CARTESIAN_POINT('',(-32.970212696,95.49241499,-2.750056058));
#10079=CARTESIAN_POINT('',(-33.050841247,95.411552168,-2.749977152));
#10080=CARTESIAN_POINT('',(-33.131469797,95.330689346,-2.749898246));
#10081=CARTESIAN_POINT('',(-33.219536977,95.258043736,-2.750317918));
#10082=CARTESIAN_POINT('',(-33.315250835,95.193844395,-2.750711978));
#10083=CARTESIAN_POINT('',(-33.410964692,95.129645055,-2.751106039));
#10084=CARTESIAN_POINT('',(-33.512613959,95.07523214,-2.751443877));
#10085=CARTESIAN_POINT('',(-33.617910875,95.031428383,-2.751489513));
#10086=CARTESIAN_POINT('',(-33.723207791,94.987624625,-2.751535149));
#10087=CARTESIAN_POINT('',(-33.833584904,94.95384996,-2.751286412));
#10088=CARTESIAN_POINT('',(-33.946658258,94.931220845,-2.750911304));
#10089=CARTESIAN_POINT('',(-34.059731611,94.908591729,-2.750536195));
#10090=CARTESIAN_POINT('',(-34.174103211,94.897214166,-2.750048146));
#10091=CARTESIAN_POINT('',(-34.289786921,94.897195524,-2.749975496));
#10092=CARTESIAN_POINT('',(-34.40547063,94.897176883,-2.749902846));
#10093=CARTESIAN_POINT('',(-34.519226993,94.908517242,-2.750316639));
#10094=CARTESIAN_POINT('',(-34.631125329,94.930751327,-2.750667039));
#10095=CARTESIAN_POINT('',(-34.743023666,94.952985412,-2.751017439));
#10096=CARTESIAN_POINT('',(-34.854228738,94.986654374,-2.751300003));
#10097=CARTESIAN_POINT('',(-34.960251765,95.030608012,-2.751297994));
#10098=CARTESIAN_POINT('',(-35.066274791,95.07456165,-2.751295985));
#10099=CARTESIAN_POINT('',(-35.166843078,95.128359673,-2.751015771));
#10100=CARTESIAN_POINT('',(-35.262005088,95.191915353,-2.750663985));
#10101=CARTESIAN_POINT('',(-35.357167099,95.255471033,-2.750312198));
#10102=CARTESIAN_POINT('',(-35.447269191,95.329456336,-2.749898264));
#10103=CARTESIAN_POINT('',(-35.528008928,95.410261864,-2.749975093));
#10104=CARTESIAN_POINT('',(-35.608748664,95.491067391,-2.750051923));
#10105=CARTESIAN_POINT('',(-35.681202619,95.579250956,-2.750484457));
#10106=CARTESIAN_POINT('',(-35.745170389,95.674991795,-2.750777323));
#10107=CARTESIAN_POINT('',(-35.809138158,95.770732634,-2.751070189));
#10108=CARTESIAN_POINT('',(-35.863476323,95.872666384,-2.751206716));
#10109=CARTESIAN_POINT('',(-35.907082967,95.978042354,-2.7510756));
#10110=CARTESIAN_POINT('',(-35.950689611,96.083418324,-2.750944484));
#10111=CARTESIAN_POINT('',(-35.984242346,96.193825787,-2.750545971));
#10112=CARTESIAN_POINT('',(-36.006645983,96.306808132,-2.750196065));
#10113=CARTESIAN_POINT('',(-36.029049621,96.419790477,-2.749846158));
#10114=CARTESIAN_POINT('',(-36.040069017,96.533258437,-2.749568423));
#10115=CARTESIAN_POINT('',(-36.040069028,96.64719532,-2.749974599));
#10116=B_SPLINE_CURVE_WITH_KNOTS('',3,(#10067,#10068,#10069,#10070,#10071,#10072,#10073,#10074,#10075,#10076,#10077,#10078,#10079,#10080,#10081,#10082,#10083,#10084,#10085,#10086,#10087,#10088,#10089,#10090,#10091,#10092,
#10093,#10094,#10095,#10096,#10097,#10098,#10099,#10100,#10101,#10102,#10103,#10104,#10105,#10106,#10107,#10108,#10109,#10110,#10111,#10112,#10113,#10114,#10115),.UNSPECIFIED.,.F.,.F.,(4,3,3,3,3,3,3,3,3,3,3,3,3,3,3,3,4),(0.004579655,0.004922873,0.005266092,0.00560931,0.005952528,0.006295747,0.006638965,0.006982183,0.007325401,0.00766862,0.008011838,0.008355056,0.008698275,0.009041493,0.009384711,0.009727929,0.010071148),.UNSPECIFIED.);
#10117=EDGE_CURVE('',#9757,#9746,#10116,.T.);
#10118=ORIENTED_EDGE('',*,*,#10117,.T.);
#10119=ORIENTED_EDGE('',*,*,#9754,.T.);
#10120=CARTESIAN_POINT('',(-36.040069028,96.647195488,-2.0999746));
#10121=CARTESIAN_POINT('',(-36.040069028,96.531592136,-2.0999746));
#10122=CARTESIAN_POINT('',(-36.028726586,96.417920561,-2.0999746));
#10123=CARTESIAN_POINT('',(-36.006505757,96.30610173,-2.0999746));
#10124=CARTESIAN_POINT('',(-35.984284928,96.194282899,-2.0999746));
#10125=CARTESIAN_POINT('',(-35.950646406,96.083158379,-2.0999746));
#10126=CARTESIAN_POINT('',(-35.906734967,95.977202028,-2.0999746));
#10127=CARTESIAN_POINT('',(-35.862823529,95.871245676,-2.0999746));
#10128=CARTESIAN_POINT('',(-35.809081091,95.770737866,-2.0999746));
#10129=CARTESIAN_POINT('',(-35.745596254,95.675629492,-2.0999746));
#10130=CARTESIAN_POINT('',(-35.682111417,95.580521118,-2.0999746));
#10131=CARTESIAN_POINT('',(-35.608205783,95.490455819,-2.0999746));
#10132=CARTESIAN_POINT('',(-35.527485284,95.409738016,-2.0999746));
#10133=CARTESIAN_POINT('',(-35.446764786,95.329020213,-2.0999746));
#10134=CARTESIAN_POINT('',(-35.358676665,95.256578878,-2.0999746));
#10135=CARTESIAN_POINT('',(-35.263045681,95.192610871,-2.0999746));
#10136=CARTESIAN_POINT('',(-35.167414696,95.128642863,-2.0999746));
#10137=CARTESIAN_POINT('',(-35.065563073,95.07426941,-2.0999746));
#10138=CARTESIAN_POINT('',(-34.960288584,95.030623276,-2.0999746));
#10139=CARTESIAN_POINT('',(-34.855014095,94.986977143,-2.0999746));
#10140=CARTESIAN_POINT('',(-34.744766351,94.953380238,-2.0999746));
#10141=CARTESIAN_POINT('',(-34.631831845,94.930891862,-2.0999746));
#10142=CARTESIAN_POINT('',(-34.518897338,94.908403487,-2.0999746));
#10143=CARTESIAN_POINT('',(-34.405364481,94.897272989,-2.0999746));
#10144=CARTESIAN_POINT('',(-34.291249313,94.8971959,-2.0999746));
#10145=CARTESIAN_POINT('',(-34.177134144,94.897118811,-2.0999746));
#10146=CARTESIAN_POINT('',(-34.061225008,94.908454591,-2.0999746));
#10147=CARTESIAN_POINT('',(-33.949008709,94.930752131,-2.0999746));
#10148=CARTESIAN_POINT('',(-33.83679241,94.95304967,-2.0999746));
#10149=CARTESIAN_POINT('',(-33.727710243,94.98605456,-2.0999746));
#10150=CARTESIAN_POINT('',(-33.62177913,95.029824615,-2.0999746));
#10151=CARTESIAN_POINT('',(-33.515848017,95.073594669,-2.0999746));
#10152=CARTESIAN_POINT('',(-33.41334201,95.12836322,-2.0999746));
#10153=CARTESIAN_POINT('',(-33.318502541,95.191668613,-2.0999746));
#10154=CARTESIAN_POINT('',(-33.223663072,95.254974005,-2.0999746));
#10155=CARTESIAN_POINT('',(-33.135258249,95.32725291,-2.0999746));
#10156=CARTESIAN_POINT('',(-33.053537837,95.408853641,-2.0999746));
#10157=CARTESIAN_POINT('',(-32.971817425,95.490454371,-2.0999746));
#10158=CARTESIAN_POINT('',(-32.899215303,95.579010717,-2.0999746));
#10159=CARTESIAN_POINT('',(-32.83580754,95.67373597,-2.0999746));
#10160=CARTESIAN_POINT('',(-32.772399777,95.768461223,-2.0999746));
#10161=CARTESIAN_POINT('',(-32.717594577,95.870666503,-2.0999746));
#10162=CARTESIAN_POINT('',(-32.673618019,95.976683712,-2.0999746));
#10163=CARTESIAN_POINT('',(-32.629641461,96.082700921,-2.0999746));
#10164=CARTESIAN_POINT('',(-32.596508909,96.191765366,-2.0999746));
#10165=CARTESIAN_POINT('',(-32.574083609,96.303838618,-2.0999746));
#10166=CARTESIAN_POINT('',(-32.562870959,96.359875244,-2.0999746));
#10167=CARTESIAN_POINT('',(-32.554350615,96.416742991,-2.0999746));
#10168=CARTESIAN_POINT('',(-32.548639937,96.47424335,-2.0999746));
#10169=CARTESIAN_POINT('',(-32.542929258,96.531743709,-2.0999746));
#10170=CARTESIAN_POINT('',(-32.540069055,96.590214328,-2.0999746));
#10171=CARTESIAN_POINT('',(-32.540069055,96.647195488,-2.0999746));
#10172=B_SPLINE_CURVE_WITH_KNOTS('',3,(#10120,#10121,#10122,#10123,#10124,#10125,#10126,#10127,#10128,#10129,#10130,#10131,#10132,#10133,#10134,#10135,#10136,#10137,#10138,#10139,#10140,#10141,#10142,#10143,#10144,#10145,
#10146,#10147,#10148,#10149,#10150,#10151,#10152,#10153,#10154,#10155,#10156,#10157,#10158,#10159,#10160,#10161,#10162,#10163,#10164,#10165,#10166,#10167,#10168,#10169,#10170,
#10171),.UNSPECIFIED.,.F.,.F.,(4,3,3,3,3,3,3,3,3,3,3,3,3,3,3,3,3,4),(0.,0.000341887,0.000683774,0.001025661,0.001367548,0.001709435,0.002051322,0.002393209,0.002735096,0.003076983,0.00341887,0.003760757,0.004102644,0.004444531,0.004786417,0.005128304,0.005299248,0.005470191),.UNSPECIFIED.);
#10173=EDGE_CURVE('',#9748,#9805,#10172,.T.);
#10174=ORIENTED_EDGE('',*,*,#10173,.T.);
#10175=EDGE_LOOP('',(#10066,#10118,#10119,#10174));
#10176=FACE_BOUND('',#10175,.T.);
#10177=ADVANCED_FACE('',(#10176),#10065,.T.);
#10178=CARTESIAN_POINT('',(-147.947922487,19.353431136,4.502790987));
#10179=DIRECTION('',(-0.000392828,0.999999923,0.));
#10180=DIRECTION('',(-0.999999923,-0.000392828,0.));
#10181=AXIS2_PLACEMENT_3D('',#10178,#10179,#10180);
#10182=CYLINDRICAL_SURFACE('',#10181,1.102565603);
#10183=ORIENTED_EDGE('',*,*,#2495,.T.);
#10184=CARTESIAN_POINT('',(-149.037626316,19.353003069,4.670708497));
#10185=VERTEX_POINT('',#10184);
#10186=CARTESIAN_POINT('',(-147.947922487,19.353431136,4.502790987));
#10187=DIRECTION('',(-0.000392828,0.999999923,0.));
#10188=DIRECTION('',(0.999999923,0.000392828,0.));
#10189=AXIS2_PLACEMENT_3D('',#10186,#10187,#10188);
#10190=CIRCLE('',#10189,1.102565603);
#10191=EDGE_CURVE('',#10185,#2483,#10190,.T.);
#10192=ORIENTED_EDGE('',*,*,#10191,.F.);
#10193=CARTESIAN_POINT('',(-149.040033065,25.479720377,4.670708497));
#10194=VERTEX_POINT('',#10193);
#10195=CARTESIAN_POINT('',(-149.040033065,25.479720377,4.670708497));
#10196=DIRECTION('',(0.000392828,-0.999999923,-0.));
#10197=VECTOR('',#10196,6.126717781);
#10198=LINE('',#10195,#10197);
#10199=EDGE_CURVE('',#10194,#10185,#10198,.T.);
#10200=ORIENTED_EDGE('',*,*,#10199,.F.);
#10201=CARTESIAN_POINT('',(-147.950329236,25.480148444,4.502790987));
#10202=DIRECTION('',(-0.000392828,0.999999923,0.));
#10203=DIRECTION('',(0.999999923,0.000392828,0.));
#10204=AXIS2_PLACEMENT_3D('',#10201,#10202,#10203);
#10205=CIRCLE('',#10204,1.102565603);
#10206=EDGE_CURVE('',#10194,#2464,#10205,.T.);
#10207=ORIENTED_EDGE('',*,*,#10206,.T.);
#10208=EDGE_LOOP('',(#10183,#10192,#10200,#10207));
#10209=FACE_BOUND('',#10208,.T.);
#10210=ADVANCED_FACE('',(#10209),#10182,.F.);
#10211=CARTESIAN_POINT('',(-147.908333482,19.353446688,2.962159549));
#10212=DIRECTION('',(0.000392828,-0.999999923,-0.));
#10213=DIRECTION('',(-0.,0.,-1.));
#10214=AXIS2_PLACEMENT_3D('',#10211,#10212,#10213);
#10215=PLANE('',#10214);
#10216=ORIENTED_EDGE('',*,*,#2488,.T.);
#10217=CARTESIAN_POINT('',(-148.915249487,19.353051143,3.630665245));
#10218=VERTEX_POINT('',#10217);
#10219=CARTESIAN_POINT('',(-147.947922487,19.353431136,3.922570541));
#10220=DIRECTION('',(-0.000392828,0.999999923,0.));
#10221=DIRECTION('',(0.999999923,0.000392828,0.));
#10222=AXIS2_PLACEMENT_3D('',#10219,#10220,#10221);
#10223=CIRCLE('',#10222,1.010410991);
#10224=EDGE_CURVE('',#2474,#10218,#10223,.T.);
#10225=ORIENTED_EDGE('',*,*,#10224,.T.);
#10226=CARTESIAN_POINT('',(-149.037626316,19.353003069,4.25387838));
#10227=VERTEX_POINT('',#10226);
#10228=CARTESIAN_POINT('',(-147.38955844,19.353650477,4.25387838));
#10229=DIRECTION('',(-0.000392828,0.999999923,0.));
#10230=DIRECTION('',(0.999999923,0.000392828,0.));
#10231=AXIS2_PLACEMENT_3D('',#10228,#10229,#10230);
#10232=CIRCLE('',#10231,1.648068003);
#10233=EDGE_CURVE('',#10218,#10227,#10232,.T.);
#10234=ORIENTED_EDGE('',*,*,#10233,.T.);
#10235=CARTESIAN_POINT('',(-149.037626316,19.353003069,4.670708497));
#10236=DIRECTION('',(0.,0.,-1.));
#10237=VECTOR('',#10236,0.416830117);
#10238=LINE('',#10235,#10237);
#10239=EDGE_CURVE('',#10185,#10227,#10238,.T.);
#10240=ORIENTED_EDGE('',*,*,#10239,.F.);
#10241=ORIENTED_EDGE('',*,*,#10191,.T.);
#10242=EDGE_LOOP('',(#10216,#10225,#10234,#10240,#10241));
#10243=FACE_BOUND('',#10242,.T.);
#10244=ADVANCED_FACE('',(#10243),#10215,.F.);
#10245=CARTESIAN_POINT('',(-147.91074023,25.480163996,2.962159549));
#10246=DIRECTION('',(0.000392828,-0.999999923,-0.));
#10247=DIRECTION('',(-0.,0.,-1.));
#10248=AXIS2_PLACEMENT_3D('',#10245,#10246,#10247);
#10249=PLANE('',#10248);
#10250=CARTESIAN_POINT('',(-149.040033065,25.479720377,4.25387838));
#10251=VERTEX_POINT('',#10250);
#10252=CARTESIAN_POINT('',(-149.040033065,25.479720377,4.670708497));
#10253=DIRECTION('',(0.,0.,-1.));
#10254=VECTOR('',#10253,0.416830117);
#10255=LINE('',#10252,#10254);
#10256=EDGE_CURVE('',#10194,#10251,#10255,.T.);
#10257=ORIENTED_EDGE('',*,*,#10256,.T.);
#10258=CARTESIAN_POINT('',(-148.917656236,25.47976845,3.630665245));
#10259=VERTEX_POINT('',#10258);
#10260=CARTESIAN_POINT('',(-147.391965189,25.480367785,4.25387838));
#10261=DIRECTION('',(-0.000392828,0.999999923,0.));
#10262=DIRECTION('',(0.999999923,0.000392828,0.));
#10263=AXIS2_PLACEMENT_3D('',#10260,#10261,#10262);
#10264=CIRCLE('',#10263,1.648068003);
#10265=EDGE_CURVE('',#10259,#10251,#10264,.T.);
#10266=ORIENTED_EDGE('',*,*,#10265,.F.);
#10267=CARTESIAN_POINT('',(-147.950329236,25.480148444,3.922570541));
#10268=DIRECTION('',(-0.000392828,0.999999923,0.));
#10269=DIRECTION('',(0.999999923,0.000392828,0.));
#10270=AXIS2_PLACEMENT_3D('',#10267,#10268,#10269);
#10271=CIRCLE('',#10270,1.010410991);
#10272=EDGE_CURVE('',#2466,#10259,#10271,.T.);
#10273=ORIENTED_EDGE('',*,*,#10272,.F.);
#10274=ORIENTED_EDGE('',*,*,#2471,.F.);
#10275=ORIENTED_EDGE('',*,*,#10206,.F.);
#10276=EDGE_LOOP('',(#10257,#10266,#10273,#10274,#10275));
#10277=FACE_BOUND('',#10276,.T.);
#10278=ADVANCED_FACE('',(#10277),#10249,.T.);
#10279=CARTESIAN_POINT('',(-147.38955844,19.353650477,4.25387838));
#10280=DIRECTION('',(-0.000392828,0.999999923,0.));
#10281=DIRECTION('',(-0.999999923,-0.000392828,0.));
#10282=AXIS2_PLACEMENT_3D('',#10279,#10280,#10281);
#10283=CYLINDRICAL_SURFACE('',#10282,1.648068003);
#10284=ORIENTED_EDGE('',*,*,#10265,.T.);
#10285=CARTESIAN_POINT('',(-149.037626316,19.353003069,4.25387838));
#10286=DIRECTION('',(-0.000392828,0.999999923,0.));
#10287=VECTOR('',#10286,6.126717781);
#10288=LINE('',#10285,#10287);
#10289=EDGE_CURVE('',#10227,#10251,#10288,.T.);
#10290=ORIENTED_EDGE('',*,*,#10289,.F.);
#10291=ORIENTED_EDGE('',*,*,#10233,.F.);
#10292=CARTESIAN_POINT('',(-148.915249487,19.353051143,3.630665245));
#10293=DIRECTION('',(-0.000392828,0.999999923,0.));
#10294=VECTOR('',#10293,6.126717781);
#10295=LINE('',#10292,#10294);
#10296=EDGE_CURVE('',#10218,#10259,#10295,.T.);
#10297=ORIENTED_EDGE('',*,*,#10296,.T.);
#10298=EDGE_LOOP('',(#10284,#10290,#10291,#10297));
#10299=FACE_BOUND('',#10298,.T.);
#10300=ADVANCED_FACE('',(#10299),#10283,.F.);
#10301=CARTESIAN_POINT('',(-147.947922487,19.353431136,3.922570541));
#10302=DIRECTION('',(-0.000392828,0.999999923,0.));
#10303=DIRECTION('',(-0.999999923,-0.000392828,0.));
#10304=AXIS2_PLACEMENT_3D('',#10301,#10302,#10303);
#10305=CYLINDRICAL_SURFACE('',#10304,1.010410991);
#10306=ORIENTED_EDGE('',*,*,#2480,.F.);
#10307=ORIENTED_EDGE('',*,*,#10272,.T.);
#10308=ORIENTED_EDGE('',*,*,#10296,.F.);
#10309=ORIENTED_EDGE('',*,*,#10224,.F.);
#10310=EDGE_LOOP('',(#10306,#10307,#10308,#10309));
#10311=FACE_BOUND('',#10310,.T.);
#10312=ADVANCED_FACE('',(#10311),#10305,.F.);
#10313=CARTESIAN_POINT('',(-149.037626316,19.353003069,4.860037566));
#10314=DIRECTION('',(-0.999999923,-0.000392828,0.));
#10315=DIRECTION('',(0.000392828,-0.999999923,0.));
#10316=AXIS2_PLACEMENT_3D('',#10313,#10314,#10315);
#10317=PLANE('',#10316);
#10318=ORIENTED_EDGE('',*,*,#10256,.F.);
#10319=ORIENTED_EDGE('',*,*,#10199,.T.);
#10320=ORIENTED_EDGE('',*,*,#10239,.T.);
#10321=ORIENTED_EDGE('',*,*,#10289,.T.);
#10322=EDGE_LOOP('',(#10318,#10319,#10320,#10321));
#10323=FACE_BOUND('',#10322,.T.);
#10324=ADVANCED_FACE('',(#10323),#10317,.F.);
#10325=CARTESIAN_POINT('',(-147.947919885,60.698343314,4.502790987));
#10326=DIRECTION('',(-0.000392828,0.999999923,0.));
#10327=DIRECTION('',(-0.999999923,-0.000392828,0.));
#10328=AXIS2_PLACEMENT_3D('',#10325,#10326,#10327);
#10329=CYLINDRICAL_SURFACE('',#10328,1.102565603);
#10330=ORIENTED_EDGE('',*,*,#2453,.T.);
#10331=CARTESIAN_POINT('',(-149.037623714,60.697915247,4.670708497));
#10332=VERTEX_POINT('',#10331);
#10333=CARTESIAN_POINT('',(-147.947919885,60.698343314,4.502790987));
#10334=DIRECTION('',(-0.000392828,0.999999923,0.));
#10335=DIRECTION('',(0.999999923,0.000392828,0.));
#10336=AXIS2_PLACEMENT_3D('',#10333,#10334,#10335);
#10337=CIRCLE('',#10336,1.102565603);
#10338=EDGE_CURVE('',#10332,#2439,#10337,.T.);
#10339=ORIENTED_EDGE('',*,*,#10338,.F.);
#10340=CARTESIAN_POINT('',(-149.040033065,66.831256018,4.670708497));
#10341=VERTEX_POINT('',#10340);
#10342=CARTESIAN_POINT('',(-149.040033065,66.831256018,4.670708497));
#10343=DIRECTION('',(0.000392828,-0.999999923,-0.));
#10344=VECTOR('',#10343,6.133341245);
#10345=LINE('',#10342,#10344);
#10346=EDGE_CURVE('',#10341,#10332,#10345,.T.);
#10347=ORIENTED_EDGE('',*,*,#10346,.F.);
#10348=CARTESIAN_POINT('',(-147.950329236,66.831684085,4.502790987));
#10349=DIRECTION('',(-0.000392828,0.999999923,0.));
#10350=DIRECTION('',(0.999999923,0.000392828,0.));
#10351=AXIS2_PLACEMENT_3D('',#10348,#10349,#10350);
#10352=CIRCLE('',#10351,1.102565603);
#10353=EDGE_CURVE('',#10341,#2447,#10352,.T.);
#10354=ORIENTED_EDGE('',*,*,#10353,.T.);
#10355=EDGE_LOOP('',(#10330,#10339,#10347,#10354));
#10356=FACE_BOUND('',#10355,.T.);
#10357=ADVANCED_FACE('',(#10356),#10329,.F.);
#10358=CARTESIAN_POINT('',(-147.90833088,60.698358865,2.962159549));
#10359=DIRECTION('',(0.000392828,-0.999999923,-0.));
#10360=DIRECTION('',(-0.,0.,-1.));
#10361=AXIS2_PLACEMENT_3D('',#10358,#10359,#10360);
#10362=PLANE('',#10361);
#10363=ORIENTED_EDGE('',*,*,#2444,.T.);
#10364=CARTESIAN_POINT('',(-148.915246886,60.69796332,3.630665245));
#10365=VERTEX_POINT('',#10364);
#10366=CARTESIAN_POINT('',(-147.947919885,60.698343314,3.922570541));
#10367=DIRECTION('',(-0.000392828,0.999999923,0.));
#10368=DIRECTION('',(0.999999923,0.000392828,0.));
#10369=AXIS2_PLACEMENT_3D('',#10366,#10367,#10368);
#10370=CIRCLE('',#10369,1.010410991);
#10371=EDGE_CURVE('',#2430,#10365,#10370,.T.);
#10372=ORIENTED_EDGE('',*,*,#10371,.T.);
#10373=CARTESIAN_POINT('',(-149.037623714,60.697915247,4.25387838));
#10374=VERTEX_POINT('',#10373);
#10375=CARTESIAN_POINT('',(-147.389555838,60.698562655,4.25387838));
#10376=DIRECTION('',(-0.000392828,0.999999923,0.));
#10377=DIRECTION('',(0.999999923,0.000392828,0.));
#10378=AXIS2_PLACEMENT_3D('',#10375,#10376,#10377);
#10379=CIRCLE('',#10378,1.648068003);
#10380=EDGE_CURVE('',#10365,#10374,#10379,.T.);
#10381=ORIENTED_EDGE('',*,*,#10380,.T.);
#10382=CARTESIAN_POINT('',(-149.037623714,60.697915247,4.670708497));
#10383=DIRECTION('',(0.,0.,-1.));
#10384=VECTOR('',#10383,0.416830117);
#10385=LINE('',#10382,#10384);
#10386=EDGE_CURVE('',#10332,#10374,#10385,.T.);
#10387=ORIENTED_EDGE('',*,*,#10386,.F.);
#10388=ORIENTED_EDGE('',*,*,#10338,.T.);
#10389=EDGE_LOOP('',(#10363,#10372,#10381,#10387,#10388));
#10390=FACE_BOUND('',#10389,.T.);
#10391=ADVANCED_FACE('',(#10390),#10362,.F.);
#10392=CARTESIAN_POINT('',(-147.91074023,66.831699637,2.962159549));
#10393=DIRECTION('',(0.000392828,-0.999999923,-0.));
#10394=DIRECTION('',(-0.,0.,-1.));
#10395=AXIS2_PLACEMENT_3D('',#10392,#10393,#10394);
#10396=PLANE('',#10395);
#10397=CARTESIAN_POINT('',(-149.040033065,66.831256018,4.25387838));
#10398=VERTEX_POINT('',#10397);
#10399=CARTESIAN_POINT('',(-149.040033065,66.831256018,4.670708497));
#10400=DIRECTION('',(0.,0.,-1.));
#10401=VECTOR('',#10400,0.416830117);
#10402=LINE('',#10399,#10401);
#10403=EDGE_CURVE('',#10341,#10398,#10402,.T.);
#10404=ORIENTED_EDGE('',*,*,#10403,.T.);
#10405=CARTESIAN_POINT('',(-148.917656236,66.831304091,3.630665245));
#10406=VERTEX_POINT('',#10405);
#10407=CARTESIAN_POINT('',(-147.391965189,66.831903426,4.25387838));
#10408=DIRECTION('',(-0.000392828,0.999999923,0.));
#10409=DIRECTION('',(0.999999923,0.000392828,0.));
#10410=AXIS2_PLACEMENT_3D('',#10407,#10408,#10409);
#10411=CIRCLE('',#10410,1.648068003);
#10412=EDGE_CURVE('',#10406,#10398,#10411,.T.);
#10413=ORIENTED_EDGE('',*,*,#10412,.F.);
#10414=CARTESIAN_POINT('',(-147.950329236,66.831684085,3.922570541));
#10415=DIRECTION('',(-0.000392828,0.999999923,0.));
#10416=DIRECTION('',(0.999999923,0.000392828,0.));
#10417=AXIS2_PLACEMENT_3D('',#10414,#10415,#10416);
#10418=CIRCLE('',#10417,1.010410991);
#10419=EDGE_CURVE('',#2428,#10406,#10418,.T.);
#10420=ORIENTED_EDGE('',*,*,#10419,.F.);
#10421=ORIENTED_EDGE('',*,*,#2459,.F.);
#10422=ORIENTED_EDGE('',*,*,#10353,.F.);
#10423=EDGE_LOOP('',(#10404,#10413,#10420,#10421,#10422));
#10424=FACE_BOUND('',#10423,.T.);
#10425=ADVANCED_FACE('',(#10424),#10396,.T.);
#10426=CARTESIAN_POINT('',(-147.389555838,60.698562655,4.25387838));
#10427=DIRECTION('',(-0.000392828,0.999999923,0.));
#10428=DIRECTION('',(-0.999999923,-0.000392828,0.));
#10429=AXIS2_PLACEMENT_3D('',#10426,#10427,#10428);
#10430=CYLINDRICAL_SURFACE('',#10429,1.648068003);
#10431=ORIENTED_EDGE('',*,*,#10412,.T.);
#10432=CARTESIAN_POINT('',(-149.037623714,60.697915247,4.25387838));
#10433=DIRECTION('',(-0.000392828,0.999999923,0.));
#10434=VECTOR('',#10433,6.133341245);
#10435=LINE('',#10432,#10434);
#10436=EDGE_CURVE('',#10374,#10398,#10435,.T.);
#10437=ORIENTED_EDGE('',*,*,#10436,.F.);
#10438=ORIENTED_EDGE('',*,*,#10380,.F.);
#10439=CARTESIAN_POINT('',(-148.915246886,60.69796332,3.630665245));
#10440=DIRECTION('',(-0.000392828,0.999999923,0.));
#10441=VECTOR('',#10440,6.133341245);
#10442=LINE('',#10439,#10441);
#10443=EDGE_CURVE('',#10365,#10406,#10442,.T.);
#10444=ORIENTED_EDGE('',*,*,#10443,.T.);
#10445=EDGE_LOOP('',(#10431,#10437,#10438,#10444));
#10446=FACE_BOUND('',#10445,.T.);
#10447=ADVANCED_FACE('',(#10446),#10430,.F.);
#10448=CARTESIAN_POINT('',(-147.947919885,60.698343314,3.922570541));
#10449=DIRECTION('',(-0.000392828,0.999999923,0.));
#10450=DIRECTION('',(-0.999999923,-0.000392828,0.));
#10451=AXIS2_PLACEMENT_3D('',#10448,#10449,#10450);
#10452=CYLINDRICAL_SURFACE('',#10451,1.010410991);
#10453=ORIENTED_EDGE('',*,*,#2436,.F.);
#10454=ORIENTED_EDGE('',*,*,#10419,.T.);
#10455=ORIENTED_EDGE('',*,*,#10443,.F.);
#10456=ORIENTED_EDGE('',*,*,#10371,.F.);
#10457=EDGE_LOOP('',(#10453,#10454,#10455,#10456));
#10458=FACE_BOUND('',#10457,.T.);
#10459=ADVANCED_FACE('',(#10458),#10452,.F.);
#10460=CARTESIAN_POINT('',(-149.037623714,60.697915247,5.063141833));
#10461=DIRECTION('',(-0.999999923,-0.000392828,0.));
#10462=DIRECTION('',(0.000392828,-0.999999923,0.));
#10463=AXIS2_PLACEMENT_3D('',#10460,#10461,#10462);
#10464=PLANE('',#10463);
#10465=ORIENTED_EDGE('',*,*,#10403,.F.);
#10466=ORIENTED_EDGE('',*,*,#10346,.T.);
#10467=ORIENTED_EDGE('',*,*,#10386,.T.);
#10468=ORIENTED_EDGE('',*,*,#10436,.T.);
#10469=EDGE_LOOP('',(#10465,#10466,#10467,#10468));
#10470=FACE_BOUND('',#10469,.T.);
#10471=ADVANCED_FACE('',(#10470),#10464,.F.);
#10472=CARTESIAN_POINT('',(1.432608282,43.069661764,2.962159549));
#10473=DIRECTION('',(-0.000392828,0.999999923,-0.));
#10474=DIRECTION('',(0.,-0.,-1.));
#10475=AXIS2_PLACEMENT_3D('',#10472,#10473,#10474);
#10476=PLANE('',#10475);
#10477=CARTESIAN_POINT('',(2.561901117,43.070105382,4.670708497));
#10478=VERTEX_POINT('',#10477);
#10479=CARTESIAN_POINT('',(1.472197288,43.069677316,4.502790987));
#10480=DIRECTION('',(0.000392828,-0.999999923,0.));
#10481=DIRECTION('',(-0.999999923,-0.000392828,0.));
#10482=AXIS2_PLACEMENT_3D('',#10479,#10480,#10481);
#10483=CIRCLE('',#10482,1.102565603);
#10484=EDGE_CURVE('',#10478,#3379,#10483,.T.);
#10485=ORIENTED_EDGE('',*,*,#10484,.F.);
#10486=CARTESIAN_POINT('',(2.561901117,43.070105382,4.25387838));
#10487=VERTEX_POINT('',#10486);
#10488=CARTESIAN_POINT('',(2.561901117,43.070105382,4.670708497));
#10489=DIRECTION('',(0.,0.,-1.));
#10490=VECTOR('',#10489,0.416830117);
#10491=LINE('',#10488,#10490);
#10492=EDGE_CURVE('',#10478,#10487,#10491,.T.);
#10493=ORIENTED_EDGE('',*,*,#10492,.T.);
#10494=CARTESIAN_POINT('',(2.439524288,43.070057309,3.630665245));
#10495=VERTEX_POINT('',#10494);
#10496=CARTESIAN_POINT('',(0.913833241,43.069457974,4.25387838));
#10497=DIRECTION('',(0.000392828,-0.999999923,0.));
#10498=DIRECTION('',(-0.999999923,-0.000392828,0.));
#10499=AXIS2_PLACEMENT_3D('',#10496,#10497,#10498);
#10500=CIRCLE('',#10499,1.648068003);
#10501=EDGE_CURVE('',#10495,#10487,#10500,.T.);
#10502=ORIENTED_EDGE('',*,*,#10501,.F.);
#10503=CARTESIAN_POINT('',(1.472197288,43.069677316,3.922570541));
#10504=DIRECTION('',(0.000392828,-0.999999923,0.));
#10505=DIRECTION('',(-0.999999923,-0.000392828,0.));
#10506=AXIS2_PLACEMENT_3D('',#10503,#10504,#10505);
#10507=CIRCLE('',#10506,1.010410991);
#10508=EDGE_CURVE('',#3381,#10495,#10507,.T.);
#10509=ORIENTED_EDGE('',*,*,#10508,.F.);
#10510=ORIENTED_EDGE('',*,*,#3386,.F.);
#10511=EDGE_LOOP('',(#10485,#10493,#10502,#10509,#10510));
#10512=FACE_BOUND('',#10511,.T.);
#10513=ADVANCED_FACE('',(#10512),#10476,.T.);
#10514=CARTESIAN_POINT('',(1.430199502,49.201550748,2.962159549));
#10515=DIRECTION('',(-0.000392828,0.999999923,-0.));
#10516=DIRECTION('',(0.,-0.,-1.));
#10517=AXIS2_PLACEMENT_3D('',#10514,#10515,#10516);
#10518=PLANE('',#10517);
#10519=ORIENTED_EDGE('',*,*,#3403,.T.);
#10520=CARTESIAN_POINT('',(2.437115508,49.201946294,3.630665245));
#10521=VERTEX_POINT('',#10520);
#10522=CARTESIAN_POINT('',(1.469788507,49.2015663,3.922570541));
#10523=DIRECTION('',(0.000392828,-0.999999923,0.));
#10524=DIRECTION('',(-0.999999923,-0.000392828,0.));
#10525=AXIS2_PLACEMENT_3D('',#10522,#10523,#10524);
#10526=CIRCLE('',#10525,1.010410991);
#10527=EDGE_CURVE('',#3389,#10521,#10526,.T.);
#10528=ORIENTED_EDGE('',*,*,#10527,.T.);
#10529=CARTESIAN_POINT('',(2.559492336,49.201994367,4.25387838));
#10530=VERTEX_POINT('',#10529);
#10531=CARTESIAN_POINT('',(0.91142446,49.201346959,4.25387838));
#10532=DIRECTION('',(0.000392828,-0.999999923,0.));
#10533=DIRECTION('',(-0.999999923,-0.000392828,0.));
#10534=AXIS2_PLACEMENT_3D('',#10531,#10532,#10533);
#10535=CIRCLE('',#10534,1.648068003);
#10536=EDGE_CURVE('',#10521,#10530,#10535,.T.);
#10537=ORIENTED_EDGE('',*,*,#10536,.T.);
#10538=CARTESIAN_POINT('',(2.559492336,49.201994367,4.670708497));
#10539=VERTEX_POINT('',#10538);
#10540=CARTESIAN_POINT('',(2.559492336,49.201994367,4.670708497));
#10541=DIRECTION('',(0.,0.,-1.));
#10542=VECTOR('',#10541,0.416830117);
#10543=LINE('',#10540,#10542);
#10544=EDGE_CURVE('',#10539,#10530,#10543,.T.);
#10545=ORIENTED_EDGE('',*,*,#10544,.F.);
#10546=CARTESIAN_POINT('',(1.469788507,49.2015663,4.502790987));
#10547=DIRECTION('',(0.000392828,-0.999999923,0.));
#10548=DIRECTION('',(-0.999999923,-0.000392828,0.));
#10549=AXIS2_PLACEMENT_3D('',#10546,#10547,#10548);
#10550=CIRCLE('',#10549,1.102565603);
#10551=EDGE_CURVE('',#10539,#3398,#10550,.T.);
#10552=ORIENTED_EDGE('',*,*,#10551,.T.);
#10553=EDGE_LOOP('',(#10519,#10528,#10537,#10545,#10552));
#10554=FACE_BOUND('',#10553,.T.);
#10555=ADVANCED_FACE('',(#10554),#10518,.F.);
#10556=CARTESIAN_POINT('',(1.472197288,43.069677316,3.922570541));
#10557=DIRECTION('',(-0.000392828,0.999999923,-0.));
#10558=DIRECTION('',(-0.999999923,-0.000392828,0.));
#10559=AXIS2_PLACEMENT_3D('',#10556,#10557,#10558);
#10560=CYLINDRICAL_SURFACE('',#10559,1.010410991);
#10561=ORIENTED_EDGE('',*,*,#10508,.T.);
#10562=CARTESIAN_POINT('',(2.439524288,43.070057309,3.630665245));
#10563=DIRECTION('',(-0.000392828,0.999999923,-0.));
#10564=VECTOR('',#10563,6.131889457);
#10565=LINE('',#10562,#10564);
#10566=EDGE_CURVE('',#10495,#10521,#10565,.T.);
#10567=ORIENTED_EDGE('',*,*,#10566,.T.);
#10568=ORIENTED_EDGE('',*,*,#10527,.F.);
#10569=ORIENTED_EDGE('',*,*,#3395,.F.);
#10570=EDGE_LOOP('',(#10561,#10567,#10568,#10569));
#10571=FACE_BOUND('',#10570,.T.);
#10572=ADVANCED_FACE('',(#10571),#10560,.F.);
#10573=CARTESIAN_POINT('',(0.913833241,43.069457974,4.25387838));
#10574=DIRECTION('',(-0.000392828,0.999999923,-0.));
#10575=DIRECTION('',(-0.999999923,-0.000392828,0.));
#10576=AXIS2_PLACEMENT_3D('',#10573,#10574,#10575);
#10577=CYLINDRICAL_SURFACE('',#10576,1.648068003);
#10578=ORIENTED_EDGE('',*,*,#10536,.F.);
#10579=ORIENTED_EDGE('',*,*,#10566,.F.);
#10580=ORIENTED_EDGE('',*,*,#10501,.T.);
#10581=CARTESIAN_POINT('',(2.561901117,43.070105382,4.25387838));
#10582=DIRECTION('',(-0.000392828,0.999999923,-0.));
#10583=VECTOR('',#10582,6.131889457);
#10584=LINE('',#10581,#10583);
#10585=EDGE_CURVE('',#10487,#10530,#10584,.T.);
#10586=ORIENTED_EDGE('',*,*,#10585,.T.);
#10587=EDGE_LOOP('',(#10578,#10579,#10580,#10586));
#10588=FACE_BOUND('',#10587,.T.);
#10589=ADVANCED_FACE('',(#10588),#10577,.F.);
#10590=CARTESIAN_POINT('',(1.472197288,43.069677316,4.502790987));
#10591=DIRECTION('',(-0.000392828,0.999999923,-0.));
#10592=DIRECTION('',(-0.999999923,-0.000392828,0.));
#10593=AXIS2_PLACEMENT_3D('',#10590,#10591,#10592);
#10594=CYLINDRICAL_SURFACE('',#10593,1.102565603);
#10595=ORIENTED_EDGE('',*,*,#10551,.F.);
#10596=CARTESIAN_POINT('',(2.561901117,43.070105382,4.670708497));
#10597=DIRECTION('',(-0.000392828,0.999999923,-0.));
#10598=VECTOR('',#10597,6.131889457);
#10599=LINE('',#10596,#10598);
#10600=EDGE_CURVE('',#10478,#10539,#10599,.T.);
#10601=ORIENTED_EDGE('',*,*,#10600,.F.);
#10602=ORIENTED_EDGE('',*,*,#10484,.T.);
#10603=ORIENTED_EDGE('',*,*,#3410,.F.);
#10604=EDGE_LOOP('',(#10595,#10601,#10602,#10603));
#10605=FACE_BOUND('',#10604,.T.);
#10606=ADVANCED_FACE('',(#10605),#10594,.F.);
#10607=CARTESIAN_POINT('',(2.561901117,43.070105382,5.157007688));
#10608=DIRECTION('',(-0.999999923,-0.000392828,0.));
#10609=DIRECTION('',(0.000392828,-0.999999923,0.));
#10610=AXIS2_PLACEMENT_3D('',#10607,#10608,#10609);
#10611=PLANE('',#10610);
#10612=ORIENTED_EDGE('',*,*,#10492,.F.);
#10613=ORIENTED_EDGE('',*,*,#10600,.T.);
#10614=ORIENTED_EDGE('',*,*,#10544,.T.);
#10615=ORIENTED_EDGE('',*,*,#10585,.F.);
#10616=EDGE_LOOP('',(#10612,#10613,#10614,#10615));
#10617=FACE_BOUND('',#10616,.T.);
#10618=ADVANCED_FACE('',(#10617),#10611,.T.);
#10619=CARTESIAN_POINT('',(1.431117339,78.989832098,2.962159549));
#10620=DIRECTION('',(-0.000392828,0.999999923,-0.));
#10621=DIRECTION('',(0.,-0.,-1.));
#10622=AXIS2_PLACEMENT_3D('',#10619,#10620,#10621);
#10623=PLANE('',#10622);
#10624=CARTESIAN_POINT('',(2.560410174,78.990275716,4.670708497));
#10625=VERTEX_POINT('',#10624);
#10626=CARTESIAN_POINT('',(1.470706345,78.98984765,4.502790987));
#10627=DIRECTION('',(0.000392828,-0.999999923,0.));
#10628=DIRECTION('',(-0.999999923,-0.000392828,0.));
#10629=AXIS2_PLACEMENT_3D('',#10626,#10627,#10628);
#10630=CIRCLE('',#10629,1.102565603);
#10631=EDGE_CURVE('',#10625,#3415,#10630,.T.);
#10632=ORIENTED_EDGE('',*,*,#10631,.F.);
#10633=CARTESIAN_POINT('',(2.560410174,78.990275716,4.25387838));
#10634=VERTEX_POINT('',#10633);
#10635=CARTESIAN_POINT('',(2.560410174,78.990275716,4.670708497));
#10636=DIRECTION('',(0.,0.,-1.));
#10637=VECTOR('',#10636,0.416830117);
#10638=LINE('',#10635,#10637);
#10639=EDGE_CURVE('',#10625,#10634,#10638,.T.);
#10640=ORIENTED_EDGE('',*,*,#10639,.T.);
#10641=CARTESIAN_POINT('',(2.438033345,78.990227643,3.630665245));
#10642=VERTEX_POINT('',#10641);
#10643=CARTESIAN_POINT('',(0.912342298,78.989628308,4.25387838));
#10644=DIRECTION('',(0.000392828,-0.999999923,0.));
#10645=DIRECTION('',(-0.999999923,-0.000392828,0.));
#10646=AXIS2_PLACEMENT_3D('',#10643,#10644,#10645);
#10647=CIRCLE('',#10646,1.648068003);
#10648=EDGE_CURVE('',#10642,#10634,#10647,.T.);
#10649=ORIENTED_EDGE('',*,*,#10648,.F.);
#10650=CARTESIAN_POINT('',(1.470706345,78.98984765,3.922570541));
#10651=DIRECTION('',(0.000392828,-0.999999923,0.));
#10652=DIRECTION('',(-0.999999923,-0.000392828,0.));
#10653=AXIS2_PLACEMENT_3D('',#10650,#10651,#10652);
#10654=CIRCLE('',#10653,1.010410991);
#10655=EDGE_CURVE('',#3417,#10642,#10654,.T.);
#10656=ORIENTED_EDGE('',*,*,#10655,.F.);
#10657=ORIENTED_EDGE('',*,*,#3422,.F.);
#10658=EDGE_LOOP('',(#10632,#10640,#10649,#10656,#10657));
#10659=FACE_BOUND('',#10658,.T.);
#10660=ADVANCED_FACE('',(#10659),#10623,.T.);
#10661=CARTESIAN_POINT('',(1.428709435,85.119490193,2.962159549));
#10662=DIRECTION('',(-0.000392828,0.999999923,-0.));
#10663=DIRECTION('',(0.,-0.,-1.));
#10664=AXIS2_PLACEMENT_3D('',#10661,#10662,#10663);
#10665=PLANE('',#10664);
#10666=ORIENTED_EDGE('',*,*,#3439,.T.);
#10667=CARTESIAN_POINT('',(2.435625441,85.119885738,3.630665245));
#10668=VERTEX_POINT('',#10667);
#10669=CARTESIAN_POINT('',(1.46829844,85.119505744,3.922570541));
#10670=DIRECTION('',(0.000392828,-0.999999923,0.));
#10671=DIRECTION('',(-0.999999923,-0.000392828,0.));
#10672=AXIS2_PLACEMENT_3D('',#10669,#10670,#10671);
#10673=CIRCLE('',#10672,1.010410991);
#10674=EDGE_CURVE('',#3425,#10668,#10673,.T.);
#10675=ORIENTED_EDGE('',*,*,#10674,.T.);
#10676=CARTESIAN_POINT('',(2.558002269,85.119933811,4.25387838));
#10677=VERTEX_POINT('',#10676);
#10678=CARTESIAN_POINT('',(0.909934393,85.119286403,4.25387838));
#10679=DIRECTION('',(0.000392828,-0.999999923,0.));
#10680=DIRECTION('',(-0.999999923,-0.000392828,0.));
#10681=AXIS2_PLACEMENT_3D('',#10678,#10679,#10680);
#10682=CIRCLE('',#10681,1.648068003);
#10683=EDGE_CURVE('',#10668,#10677,#10682,.T.);
#10684=ORIENTED_EDGE('',*,*,#10683,.T.);
#10685=CARTESIAN_POINT('',(2.558002269,85.119933811,4.670708497));
#10686=VERTEX_POINT('',#10685);
#10687=CARTESIAN_POINT('',(2.558002269,85.119933811,4.670708497));
#10688=DIRECTION('',(0.,0.,-1.));
#10689=VECTOR('',#10688,0.416830117);
#10690=LINE('',#10687,#10689);
#10691=EDGE_CURVE('',#10686,#10677,#10690,.T.);
#10692=ORIENTED_EDGE('',*,*,#10691,.F.);
#10693=CARTESIAN_POINT('',(1.46829844,85.119505744,4.502790987));
#10694=DIRECTION('',(0.000392828,-0.999999923,0.));
#10695=DIRECTION('',(-0.999999923,-0.000392828,0.));
#10696=AXIS2_PLACEMENT_3D('',#10693,#10694,#10695);
#10697=CIRCLE('',#10696,1.102565603);
#10698=EDGE_CURVE('',#10686,#3434,#10697,.T.);
#10699=ORIENTED_EDGE('',*,*,#10698,.T.);
#10700=EDGE_LOOP('',(#10666,#10675,#10684,#10692,#10699));
#10701=FACE_BOUND('',#10700,.T.);
#10702=ADVANCED_FACE('',(#10701),#10665,.F.);
#10703=CARTESIAN_POINT('',(1.470706345,78.98984765,3.922570541));
#10704=DIRECTION('',(-0.000392828,0.999999923,-0.));
#10705=DIRECTION('',(-0.999999923,-0.000392828,0.));
#10706=AXIS2_PLACEMENT_3D('',#10703,#10704,#10705);
#10707=CYLINDRICAL_SURFACE('',#10706,1.010410991);
#10708=ORIENTED_EDGE('',*,*,#10655,.T.);
#10709=CARTESIAN_POINT('',(2.438033345,78.990227643,3.630665245));
#10710=DIRECTION('',(-0.000392828,0.999999923,-0.));
#10711=VECTOR('',#10710,6.129658568);
#10712=LINE('',#10709,#10711);
#10713=EDGE_CURVE('',#10642,#10668,#10712,.T.);
#10714=ORIENTED_EDGE('',*,*,#10713,.T.);
#10715=ORIENTED_EDGE('',*,*,#10674,.F.);
#10716=ORIENTED_EDGE('',*,*,#3431,.F.);
#10717=EDGE_LOOP('',(#10708,#10714,#10715,#10716));
#10718=FACE_BOUND('',#10717,.T.);
#10719=ADVANCED_FACE('',(#10718),#10707,.F.);
#10720=CARTESIAN_POINT('',(0.912342298,78.989628308,4.25387838));
#10721=DIRECTION('',(-0.000392828,0.999999923,-0.));
#10722=DIRECTION('',(-0.999999923,-0.000392828,0.));
#10723=AXIS2_PLACEMENT_3D('',#10720,#10721,#10722);
#10724=CYLINDRICAL_SURFACE('',#10723,1.648068003);
#10725=ORIENTED_EDGE('',*,*,#10683,.F.);
#10726=ORIENTED_EDGE('',*,*,#10713,.F.);
#10727=ORIENTED_EDGE('',*,*,#10648,.T.);
#10728=CARTESIAN_POINT('',(2.560410174,78.990275716,4.25387838));
#10729=DIRECTION('',(-0.000392828,0.999999923,-0.));
#10730=VECTOR('',#10729,6.129658568);
#10731=LINE('',#10728,#10730);
#10732=EDGE_CURVE('',#10634,#10677,#10731,.T.);
#10733=ORIENTED_EDGE('',*,*,#10732,.T.);
#10734=EDGE_LOOP('',(#10725,#10726,#10727,#10733));
#10735=FACE_BOUND('',#10734,.T.);
#10736=ADVANCED_FACE('',(#10735),#10724,.F.);
#10737=CARTESIAN_POINT('',(1.470706345,78.98984765,4.502790987));
#10738=DIRECTION('',(-0.000392828,0.999999923,-0.));
#10739=DIRECTION('',(-0.999999923,-0.000392828,0.));
#10740=AXIS2_PLACEMENT_3D('',#10737,#10738,#10739);
#10741=CYLINDRICAL_SURFACE('',#10740,1.102565603);
#10742=ORIENTED_EDGE('',*,*,#10698,.F.);
#10743=CARTESIAN_POINT('',(2.560410174,78.990275716,4.670708497));
#10744=DIRECTION('',(-0.000392828,0.999999923,-0.));
#10745=VECTOR('',#10744,6.129658568);
#10746=LINE('',#10743,#10745);
#10747=EDGE_CURVE('',#10625,#10686,#10746,.T.);
#10748=ORIENTED_EDGE('',*,*,#10747,.F.);
#10749=ORIENTED_EDGE('',*,*,#10631,.T.);
#10750=ORIENTED_EDGE('',*,*,#3446,.F.);
#10751=EDGE_LOOP('',(#10742,#10748,#10749,#10750));
#10752=FACE_BOUND('',#10751,.T.);
#10753=ADVANCED_FACE('',(#10752),#10741,.F.);
#10754=CARTESIAN_POINT('',(2.560410174,78.990275716,4.917177585));
#10755=DIRECTION('',(-0.999999923,-0.000392828,0.));
#10756=DIRECTION('',(0.000392828,-0.999999923,0.));
#10757=AXIS2_PLACEMENT_3D('',#10754,#10755,#10756);
#10758=PLANE('',#10757);
#10759=ORIENTED_EDGE('',*,*,#10639,.F.);
#10760=ORIENTED_EDGE('',*,*,#10747,.T.);
#10761=ORIENTED_EDGE('',*,*,#10691,.T.);
#10762=ORIENTED_EDGE('',*,*,#10732,.F.);
#10763=EDGE_LOOP('',(#10759,#10760,#10761,#10762));
#10764=FACE_BOUND('',#10763,.T.);
#10765=ADVANCED_FACE('',(#10764),#10758,.T.);
#10766=CARTESIAN_POINT('',(-147.38022606,43.866566818,3.1000254));
#10767=DIRECTION('',(0.,1.,0.));
#10768=DIRECTION('',(0.,0.,1.));
#10769=AXIS2_PLACEMENT_3D('',#10766,#10767,#10768);
#10770=PLANE('',#10769);
#10771=CARTESIAN_POINT('',(-1.493446753,43.866566818,-2.0999746));
#10772=VERTEX_POINT('',#10771);
#10773=CARTESIAN_POINT('',(-1.493446753,43.866566818,-2.0999746));
#10774=DIRECTION('',(1.,-0.,-0.));
#10775=VECTOR('',#10774,3.390746728);
#10776=LINE('',#10773,#10775);
#10777=EDGE_CURVE('',#10772,#3347,#10776,.T.);
#10778=ORIENTED_EDGE('',*,*,#10777,.F.);
#10779=CARTESIAN_POINT('',(-1.493446753,43.866566818,2.9900254));
#10780=DIRECTION('',(-0.,-0.,-1.));
#10781=VECTOR('',#10780,5.09);
#10782=LINE('',#10779,#10781);
#10783=EDGE_CURVE('',#216,#10772,#10782,.T.);
#10784=ORIENTED_EDGE('',*,*,#10783,.F.);
#10785=ORIENTED_EDGE('',*,*,#221,.T.);
#10786=ORIENTED_EDGE('',*,*,#3352,.T.);
#10787=EDGE_LOOP('',(#10778,#10784,#10785,#10786));
#10788=FACE_BOUND('',#10787,.T.);
#10789=ADVANCED_FACE('',(#10788),#10770,.T.);
#10790=CARTESIAN_POINT('',(-38.626192101,84.669227838,3.1000254));
#10791=DIRECTION('',(1.,0.,0.));
#10792=DIRECTION('',(0.,0.,-1.));
#10793=AXIS2_PLACEMENT_3D('',#10790,#10791,#10792);
#10794=PLANE('',#10793);
#10795=CARTESIAN_POINT('',(-38.626192101,100.844500889,-2.0999746));
#10796=VERTEX_POINT('',#10795);
#10797=CARTESIAN_POINT('',(-38.626192101,100.844500889,-2.0999746));
#10798=DIRECTION('',(0.,0.,1.));
#10799=VECTOR('',#10798,5.09);
#10800=LINE('',#10797,#10799);
#10801=EDGE_CURVE('',#10796,#1900,#10800,.T.);
#10802=ORIENTED_EDGE('',*,*,#10801,.F.);
#10803=CARTESIAN_POINT('',(-38.626192101,101.702260605,-2.0999746));
#10804=DIRECTION('',(-0.,-1.,0.));
#10805=VECTOR('',#10804,0.857759716);
#10806=LINE('',#10803,#10805);
#10807=EDGE_CURVE('',#2672,#10796,#10806,.T.);
#10808=ORIENTED_EDGE('',*,*,#10807,.F.);
#10809=ORIENTED_EDGE('',*,*,#2677,.F.);
#10810=ORIENTED_EDGE('',*,*,#1913,.T.);
#10811=EDGE_LOOP('',(#10802,#10808,#10809,#10810));
#10812=FACE_BOUND('',#10811,.T.);
#10813=ADVANCED_FACE('',(#10812),#10794,.T.);
#10814=CARTESIAN_POINT('',(-147.38022606,84.669227838,2.9900254));
#10815=DIRECTION('',(0.,0.,1.));
#10816=DIRECTION('',(0.,-1.,0.));
#10817=AXIS2_PLACEMENT_3D('',#10814,#10815,#10816);
#10818=PLANE('',#10817);
#10819=ORIENTED_EDGE('',*,*,#2948,.T.);
#10820=CARTESIAN_POINT('',(-148.27353794,85.118665137,2.9900254));
#10821=VERTEX_POINT('',#10820);
#10822=CARTESIAN_POINT('',(-147.38022606,84.669227838,2.9900254));
#10823=DIRECTION('',(0.,0.,1.));
#10824=DIRECTION('',(0.,-1.,0.));
#10825=AXIS2_PLACEMENT_3D('',#10822,#10823,#10824);
#10826=CIRCLE('',#10825,1.);
#10827=EDGE_CURVE('',#2937,#10821,#10826,.T.);
#10828=ORIENTED_EDGE('',*,*,#10827,.T.);
#10829=CARTESIAN_POINT('',(-138.6801905,85.135783973,2.9900254));
#10830=VERTEX_POINT('',#10829);
#10831=CARTESIAN_POINT('',(-148.27353794,85.118665137,2.9900254));
#10832=DIRECTION('',(0.999998408,0.001784446,-0.));
#10833=VECTOR('',#10832,9.593362714);
#10834=LINE('',#10831,#10833);
#10835=EDGE_CURVE('',#10821,#10830,#10834,.T.);
#10836=ORIENTED_EDGE('',*,*,#10835,.T.);
#10837=CARTESIAN_POINT('',(-138.6801905,101.356020249,2.9900254));
#10838=VERTEX_POINT('',#10837);
#10839=CARTESIAN_POINT('',(-138.6801905,85.135783973,2.9900254));
#10840=DIRECTION('',(-0.,1.,-0.));
#10841=VECTOR('',#10840,16.220236277);
#10842=LINE('',#10839,#10841);
#10843=EDGE_CURVE('',#10830,#10838,#10842,.T.);
#10844=ORIENTED_EDGE('',*,*,#10843,.T.);
#10845=CARTESIAN_POINT('',(-136.293818763,103.743561694,2.9900254));
#10846=VERTEX_POINT('',#10845);
#10847=CARTESIAN_POINT('',(-136.292648769,101.356020249,2.9900254));
#10848=DIRECTION('',(0.,0.,1.));
#10849=DIRECTION('',(0.,-1.,0.));
#10850=AXIS2_PLACEMENT_3D('',#10847,#10848,#10849);
#10851=CIRCLE('',#10850,2.387541732);
#10852=EDGE_CURVE('',#10846,#10838,#10851,.T.);
#10853=ORIENTED_EDGE('',*,*,#10852,.F.);
#10854=CARTESIAN_POINT('',(-120.101069342,103.751496817,2.9900254));
#10855=VERTEX_POINT('',#10854);
#10856=CARTESIAN_POINT('',(-136.293818763,103.743561694,2.9900254));
#10857=DIRECTION('',(0.99999988,0.000490042,-0.));
#10858=VECTOR('',#10857,16.192751366);
#10859=LINE('',#10856,#10858);
#10860=EDGE_CURVE('',#10846,#10855,#10859,.T.);
#10861=ORIENTED_EDGE('',*,*,#10860,.T.);
#10862=CARTESIAN_POINT('',(-120.101069342,103.751496817,2.9900254));
#10863=DIRECTION('',(-0.,1.,-0.));
#10864=VECTOR('',#10863,0.140388579);
#10865=LINE('',#10862,#10864);
#10866=EDGE_CURVE('',#10855,#866,#10865,.T.);
#10867=ORIENTED_EDGE('',*,*,#10866,.T.);
#10868=ORIENTED_EDGE('',*,*,#872,.F.);
#10869=ORIENTED_EDGE('',*,*,#1752,.F.);
#10870=ORIENTED_EDGE('',*,*,#2803,.F.);
#10871=ORIENTED_EDGE('',*,*,#2822,.T.);
#10872=ORIENTED_EDGE('',*,*,#2852,.F.);
#10873=ORIENTED_EDGE('',*,*,#2877,.F.);
#10874=EDGE_LOOP('',(#10819,#10828,#10836,#10844,#10853,#10861,#10867,#10868,#10869,#10870,#10871,#10872,#10873));
#10875=FACE_BOUND('',#10874,.T.);
#10876=ADVANCED_FACE('',(#10875),#10818,.T.);
#10877=CARTESIAN_POINT('',(-57.42821091,54.446309785,-0.9999746));
#10878=DIRECTION('',(0.,0.,1.));
#10879=DIRECTION('',(1.,0.,-0.));
#10880=AXIS2_PLACEMENT_3D('',#10877,#10878,#10879);
#10881=CYLINDRICAL_SURFACE('',#10880,56.926521082);
#10882=ORIENTED_EDGE('',*,*,#230,.T.);
#10883=ORIENTED_EDGE('',*,*,#10783,.T.);
#10884=CARTESIAN_POINT('',(-11.935643407,20.225627376,-2.0999746));
#10885=VERTEX_POINT('',#10884);
#10886=CARTESIAN_POINT('',(-57.42821091,54.446309785,-2.0999746));
#10887=DIRECTION('',(-0.,-0.,-1.));
#10888=DIRECTION('',(0.,-1.,0.));
#10889=AXIS2_PLACEMENT_3D('',#10886,#10887,#10888);
#10890=CIRCLE('',#10889,56.926521082);
#10891=EDGE_CURVE('',#10772,#10885,#10890,.T.);
#10892=ORIENTED_EDGE('',*,*,#10891,.T.);
#10893=CARTESIAN_POINT('',(-11.935643407,20.225627376,-2.0999746));
#10894=DIRECTION('',(0.,0.,1.));
#10895=VECTOR('',#10894,5.09);
#10896=LINE('',#10893,#10895);
#10897=EDGE_CURVE('',#10885,#224,#10896,.T.);
#10898=ORIENTED_EDGE('',*,*,#10897,.T.);
#10899=EDGE_LOOP('',(#10882,#10883,#10892,#10898));
#10900=FACE_BOUND('',#10899,.T.);
#10901=ADVANCED_FACE('',(#10900),#10881,.F.);
#10902=CARTESIAN_POINT('',(-12.776917983,20.858461798,-0.9999746));
#10903=DIRECTION('',(0.,0.,1.));
#10904=DIRECTION('',(1.,0.,-0.));
#10905=AXIS2_PLACEMENT_3D('',#10902,#10903,#10904);
#10906=CYLINDRICAL_SURFACE('',#10905,1.052721386);
#10907=ORIENTED_EDGE('',*,*,#239,.T.);
#10908=ORIENTED_EDGE('',*,*,#10897,.F.);
#10909=CARTESIAN_POINT('',(-12.776917983,19.805740411,-2.0999746));
#10910=VERTEX_POINT('',#10909);
#10911=CARTESIAN_POINT('',(-12.776917983,20.858461798,-2.0999746));
#10912=DIRECTION('',(-0.,-0.,-1.));
#10913=DIRECTION('',(0.,-1.,0.));
#10914=AXIS2_PLACEMENT_3D('',#10911,#10912,#10913);
#10915=CIRCLE('',#10914,1.052721386);
#10916=EDGE_CURVE('',#10885,#10910,#10915,.T.);
#10917=ORIENTED_EDGE('',*,*,#10916,.T.);
#10918=CARTESIAN_POINT('',(-12.776917983,19.805740411,-2.0999746));
#10919=DIRECTION('',(0.,0.,1.));
#10920=VECTOR('',#10919,5.09);
#10921=LINE('',#10918,#10920);
#10922=EDGE_CURVE('',#10910,#233,#10921,.T.);
#10923=ORIENTED_EDGE('',*,*,#10922,.T.);
#10924=EDGE_LOOP('',(#10907,#10908,#10917,#10923));
#10925=FACE_BOUND('',#10924,.T.);
#10926=ADVANCED_FACE('',(#10925),#10906,.F.);
#10927=CARTESIAN_POINT('',(-12.452317426,19.805740411,-0.9999746));
#10928=DIRECTION('',(-0.,1.,0.));
#10929=DIRECTION('',(-1.,-0.,0.));
#10930=AXIS2_PLACEMENT_3D('',#10927,#10928,#10929);
#10931=PLANE('',#10930);
#10932=ORIENTED_EDGE('',*,*,#247,.T.);
#10933=ORIENTED_EDGE('',*,*,#10922,.F.);
#10934=CARTESIAN_POINT('',(-19.0411091,19.805740411,-2.0999746));
#10935=VERTEX_POINT('',#10934);
#10936=CARTESIAN_POINT('',(-12.776917983,19.805740411,-2.0999746));
#10937=DIRECTION('',(-1.,-0.,0.));
#10938=VECTOR('',#10937,6.264191117);
#10939=LINE('',#10936,#10938);
#10940=EDGE_CURVE('',#10910,#10935,#10939,.T.);
#10941=ORIENTED_EDGE('',*,*,#10940,.T.);
#10942=CARTESIAN_POINT('',(-19.0411091,19.805740411,-2.0999746));
#10943=DIRECTION('',(0.,0.,1.));
#10944=VECTOR('',#10943,5.09);
#10945=LINE('',#10942,#10944);
#10946=EDGE_CURVE('',#10935,#242,#10945,.T.);
#10947=ORIENTED_EDGE('',*,*,#10946,.T.);
#10948=EDGE_LOOP('',(#10932,#10933,#10941,#10947));
#10949=FACE_BOUND('',#10948,.T.);
#10950=ADVANCED_FACE('',(#10949),#10931,.T.);
#10951=CARTESIAN_POINT('',(-19.0411091,18.858461798,-0.9999746));
#10952=DIRECTION('',(0.,0.,1.));
#10953=DIRECTION('',(1.,0.,-0.));
#10954=AXIS2_PLACEMENT_3D('',#10951,#10952,#10953);
#10955=CYLINDRICAL_SURFACE('',#10954,0.947278614);
#10956=ORIENTED_EDGE('',*,*,#10946,.F.);
#10957=CARTESIAN_POINT('',(-19.930290888,19.185100006,-2.0999746));
#10958=VERTEX_POINT('',#10957);
#10959=CARTESIAN_POINT('',(-19.0411091,18.858461798,-2.0999746));
#10960=DIRECTION('',(-0.,-0.,-1.));
#10961=DIRECTION('',(0.,-1.,0.));
#10962=AXIS2_PLACEMENT_3D('',#10959,#10960,#10961);
#10963=CIRCLE('',#10962,0.947278614);
#10964=EDGE_CURVE('',#10958,#10935,#10963,.T.);
#10965=ORIENTED_EDGE('',*,*,#10964,.F.);
#10966=CARTESIAN_POINT('',(-19.930290888,19.185100006,-2.0999746));
#10967=DIRECTION('',(-0.,-0.,1.));
#10968=VECTOR('',#10967,5.09);
#10969=LINE('',#10966,#10968);
#10970=EDGE_CURVE('',#10958,#139,#10969,.T.);
#10971=ORIENTED_EDGE('',*,*,#10970,.T.);
#10972=ORIENTED_EDGE('',*,*,#254,.F.);
#10973=EDGE_LOOP('',(#10956,#10965,#10971,#10972));
#10974=FACE_BOUND('',#10973,.T.);
#10975=ADVANCED_FACE('',(#10974),#10955,.T.);
#10976=CARTESIAN_POINT('',(-19.829493612,19.459492592,-0.9999746));
#10977=DIRECTION('',(-0.93866976,0.344817463,0.));
#10978=DIRECTION('',(-0.344817463,-0.93866976,0.));
#10979=AXIS2_PLACEMENT_3D('',#10976,#10977,#10978);
#10980=PLANE('',#10979);
#10981=ORIENTED_EDGE('',*,*,#105,.T.);
#10982=ORIENTED_EDGE('',*,*,#144,.T.);
#10983=ORIENTED_EDGE('',*,*,#10970,.F.);
#10984=CARTESIAN_POINT('',(-27.099376203,-0.330743349,-2.0999746));
#10985=VERTEX_POINT('',#10984);
#10986=CARTESIAN_POINT('',(-19.930290888,19.185100006,-2.0999746));
#10987=DIRECTION('',(-0.344817463,-0.93866976,0.));
#10988=VECTOR('',#10987,20.790957797);
#10989=LINE('',#10986,#10988);
#10990=EDGE_CURVE('',#10958,#10985,#10989,.T.);
#10991=ORIENTED_EDGE('',*,*,#10990,.T.);
#10992=CARTESIAN_POINT('',(-27.099376203,-0.330743349,-2.0999746));
#10993=DIRECTION('',(0.,0.,1.));
#10994=VECTOR('',#10993,5.09);
#10995=LINE('',#10992,#10994);
#10996=EDGE_CURVE('',#10985,#100,#10995,.T.);
#10997=ORIENTED_EDGE('',*,*,#10996,.T.);
#10998=EDGE_LOOP('',(#10981,#10982,#10983,#10991,#10997));
#10999=FACE_BOUND('',#10998,.T.);
#11000=ADVANCED_FACE('',(#10999),#10980,.T.);
#11001=CARTESIAN_POINT('',(-28.087533933,0.032253368,0.));
#11002=DIRECTION('',(0.,0.,-1.));
#11003=DIRECTION('',(-1.,0.,0.));
#11004=AXIS2_PLACEMENT_3D('',#11001,#11002,#11003);
#11005=CYLINDRICAL_SURFACE('',#11004,1.052721386);
#11006=ORIENTED_EDGE('',*,*,#114,.T.);
#11007=ORIENTED_EDGE('',*,*,#10996,.F.);
#11008=CARTESIAN_POINT('',(-28.441602612,-0.959138425,-2.0999746));
#11009=VERTEX_POINT('',#11008);
#11010=CARTESIAN_POINT('',(-28.087533933,0.032253368,-2.0999746));
#11011=DIRECTION('',(-0.,-0.,-1.));
#11012=DIRECTION('',(0.,-1.,0.));
#11013=AXIS2_PLACEMENT_3D('',#11010,#11011,#11012);
#11014=CIRCLE('',#11013,1.052721386);
#11015=EDGE_CURVE('',#10985,#11009,#11014,.T.);
#11016=ORIENTED_EDGE('',*,*,#11015,.T.);
#11017=CARTESIAN_POINT('',(-28.441602612,-0.959138425,-2.0999746));
#11018=DIRECTION('',(-0.,-0.,1.));
#11019=VECTOR('',#11018,5.09);
#11020=LINE('',#11017,#11019);
#11021=EDGE_CURVE('',#11009,#108,#11020,.T.);
#11022=ORIENTED_EDGE('',*,*,#11021,.T.);
#11023=EDGE_LOOP('',(#11006,#11007,#11016,#11022));
#11024=FACE_BOUND('',#11023,.T.);
#11025=ADVANCED_FACE('',(#11024),#11005,.F.);
#11026=CARTESIAN_POINT('',(-29.848088523,-0.456821771,0.));
#11027=DIRECTION('',(-0.33633655,-0.941741857,0.));
#11028=DIRECTION('',(-0.941741857,0.33633655,0.));
#11029=AXIS2_PLACEMENT_3D('',#11026,#11027,#11028);
#11030=PLANE('',#11029);
#11031=ORIENTED_EDGE('',*,*,#11021,.F.);
#11032=CARTESIAN_POINT('',(-44.043640198,4.613020708,-2.0999746));
#11033=VERTEX_POINT('',#11032);
#11034=CARTESIAN_POINT('',(-44.043640198,4.613020708,-2.0999746));
#11035=DIRECTION('',(0.941741857,-0.33633655,0.));
#11036=VECTOR('',#11035,16.567212627);
#11037=LINE('',#11034,#11036);
#11038=EDGE_CURVE('',#11033,#11009,#11037,.T.);
#11039=ORIENTED_EDGE('',*,*,#11038,.F.);
#11040=CARTESIAN_POINT('',(-44.043640198,4.613020708,-2.0999746));
#11041=DIRECTION('',(0.,0.,1.));
#11042=VECTOR('',#11041,5.09);
#11043=LINE('',#11040,#11042);
#11044=EDGE_CURVE('',#11033,#117,#11043,.T.);
#11045=ORIENTED_EDGE('',*,*,#11044,.T.);
#11046=ORIENTED_EDGE('',*,*,#122,.F.);
#11047=EDGE_LOOP('',(#11031,#11039,#11045,#11046));
#11048=FACE_BOUND('',#11047,.T.);
#11049=ADVANCED_FACE('',(#11048),#11030,.F.);
#11050=CARTESIAN_POINT('',(-44.013706994,4.607236529,0.));
#11051=DIRECTION('',(-0.189726478,-0.981836984,0.));
#11052=DIRECTION('',(-0.981836984,0.189726478,0.));
#11053=AXIS2_PLACEMENT_3D('',#11050,#11051,#11052);
#11054=PLANE('',#11053);
#11055=ORIENTED_EDGE('',*,*,#11044,.F.);
#11056=CARTESIAN_POINT('',(-62.190691773,8.119688544,-2.0999746));
#11057=VERTEX_POINT('',#11056);
#11058=CARTESIAN_POINT('',(-62.190691773,8.119688544,-2.0999746));
#11059=DIRECTION('',(0.981836984,-0.189726478,0.));
#11060=VECTOR('',#11059,18.482754129);
#11061=LINE('',#11058,#11060);
#11062=EDGE_CURVE('',#11057,#11033,#11061,.T.);
#11063=ORIENTED_EDGE('',*,*,#11062,.F.);
#11064=CARTESIAN_POINT('',(-62.190691773,8.119688544,-2.0999746));
#11065=DIRECTION('',(0.,0.,1.));
#11066=VECTOR('',#11065,5.09);
#11067=LINE('',#11064,#11066);
#11068=EDGE_CURVE('',#11057,#469,#11067,.T.);
#11069=ORIENTED_EDGE('',*,*,#11068,.T.);
#11070=ORIENTED_EDGE('',*,*,#474,.F.);
#11071=ORIENTED_EDGE('',*,*,#128,.F.);
#11072=EDGE_LOOP('',(#11055,#11063,#11069,#11070,#11071));
#11073=FACE_BOUND('',#11072,.T.);
#11074=ADVANCED_FACE('',(#11073),#11054,.F.);
#11075=CARTESIAN_POINT('',(-62.152401225,8.119688068,0.));
#11076=DIRECTION('',(-0.00001242,-1.,0.));
#11077=DIRECTION('',(-1.,0.00001242,0.));
#11078=AXIS2_PLACEMENT_3D('',#11075,#11076,#11077);
#11079=PLANE('',#11078);
#11080=ORIENTED_EDGE('',*,*,#11068,.F.);
#11081=CARTESIAN_POINT('',(-80.686076039,8.119918264,-2.0999746));
#11082=VERTEX_POINT('',#11081);
#11083=CARTESIAN_POINT('',(-80.686076039,8.119918264,-2.0999746));
#11084=DIRECTION('',(1.,-0.00001242,0.));
#11085=VECTOR('',#11084,18.495384268);
#11086=LINE('',#11083,#11085);
#11087=EDGE_CURVE('',#11082,#11057,#11086,.T.);
#11088=ORIENTED_EDGE('',*,*,#11087,.F.);
#11089=CARTESIAN_POINT('',(-80.686076039,8.119918264,-2.0999746));
#11090=DIRECTION('',(0.,0.,1.));
#11091=VECTOR('',#11090,5.09);
#11092=LINE('',#11089,#11091);
#11093=EDGE_CURVE('',#11082,#477,#11092,.T.);
#11094=ORIENTED_EDGE('',*,*,#11093,.T.);
#11095=ORIENTED_EDGE('',*,*,#482,.F.);
#11096=EDGE_LOOP('',(#11080,#11088,#11094,#11095));
#11097=FACE_BOUND('',#11096,.T.);
#11098=ADVANCED_FACE('',(#11097),#11079,.F.);
#11099=CARTESIAN_POINT('',(-80.650010335,8.126587828,-0.9999746));
#11100=DIRECTION('',(0.181844877,-0.98332723,0.));
#11101=DIRECTION('',(0.98332723,0.181844877,0.));
#11102=AXIS2_PLACEMENT_3D('',#11099,#11100,#11101);
#11103=PLANE('',#11102);
#11104=CARTESIAN_POINT('',(-98.090037855,4.901435958,-2.0999746));
#11105=VERTEX_POINT('',#11104);
#11106=CARTESIAN_POINT('',(-98.090037855,4.901435958,-2.0999746));
#11107=DIRECTION('',(0.98332723,0.181844877,-0.));
#11108=VECTOR('',#11107,17.699054077);
#11109=LINE('',#11106,#11108);
#11110=EDGE_CURVE('',#11105,#11082,#11109,.T.);
#11111=ORIENTED_EDGE('',*,*,#11110,.F.);
#11112=CARTESIAN_POINT('',(-98.090037855,4.901435958,-2.0999746));
#11113=DIRECTION('',(0.,0.,1.));
#11114=VECTOR('',#11113,5.09);
#11115=LINE('',#11112,#11114);
#11116=EDGE_CURVE('',#11105,#485,#11115,.T.);
#11117=ORIENTED_EDGE('',*,*,#11116,.T.);
#11118=ORIENTED_EDGE('',*,*,#490,.F.);
#11119=ORIENTED_EDGE('',*,*,#11093,.F.);
#11120=EDGE_LOOP('',(#11111,#11117,#11118,#11119));
#11121=FACE_BOUND('',#11120,.T.);
#11122=ADVANCED_FACE('',(#11121),#11103,.F.);
#11123=CARTESIAN_POINT('',(-101.597335401,9.760976061,-0.9999746));
#11124=DIRECTION('',(0.,0.,1.));
#11125=DIRECTION('',(1.,0.,-0.));
#11126=AXIS2_PLACEMENT_3D('',#11123,#11124,#11125);
#11127=CYLINDRICAL_SURFACE('',#11126,0.947278614);
#11128=ORIENTED_EDGE('',*,*,#945,.F.);
#11129=CARTESIAN_POINT('',(-101.596361513,10.708254174,-2.0999746));
#11130=VERTEX_POINT('',#11129);
#11131=CARTESIAN_POINT('',(-101.597335401,9.760976061,-2.0999746));
#11132=DIRECTION('',(-0.,-0.,-1.));
#11133=DIRECTION('',(0.,-1.,0.));
#11134=AXIS2_PLACEMENT_3D('',#11131,#11132,#11133);
#11135=CIRCLE('',#11134,0.947278614);
#11136=EDGE_CURVE('',#11130,#938,#11135,.T.);
#11137=ORIENTED_EDGE('',*,*,#11136,.F.);
#11138=CARTESIAN_POINT('',(-101.596361513,10.708254174,-2.0999746));
#11139=DIRECTION('',(0.,0.,1.));
#11140=VECTOR('',#11139,5.09);
#11141=LINE('',#11138,#11140);
#11142=EDGE_CURVE('',#11130,#1071,#11141,.T.);
#11143=ORIENTED_EDGE('',*,*,#11142,.T.);
#11144=ORIENTED_EDGE('',*,*,#1077,.F.);
#11145=EDGE_LOOP('',(#11128,#11137,#11143,#11144));
#11146=FACE_BOUND('',#11145,.T.);
#11147=ADVANCED_FACE('',(#11146),#11127,.T.);
#11148=CARTESIAN_POINT('',(-114.101543563,10.721110631,-0.9999746));
#11149=DIRECTION('',(-0.00102809,-0.999999472,0.));
#11150=DIRECTION('',(0.999999472,-0.00102809,0.));
#11151=AXIS2_PLACEMENT_3D('',#11148,#11149,#11150);
#11152=PLANE('',#11151);
#11153=ORIENTED_EDGE('',*,*,#11142,.F.);
#11154=CARTESIAN_POINT('',(-148.38022606,10.756352212,-2.0999746));
#11155=DIRECTION('',(0.999999472,-0.00102809,0.));
#11156=VECTOR('',#11155,46.783889271);
#11157=LINE('',#11154,#11156);
#11158=EDGE_CURVE('',#2398,#11130,#11157,.T.);
#11159=ORIENTED_EDGE('',*,*,#11158,.F.);
#11160=ORIENTED_EDGE('',*,*,#2423,.T.);
#11161=ORIENTED_EDGE('',*,*,#1085,.F.);
#11162=EDGE_LOOP('',(#11153,#11159,#11160,#11161));
#11163=FACE_BOUND('',#11162,.T.);
#11164=ADVANCED_FACE('',(#11163),#11152,.F.);
#11165=CARTESIAN_POINT('',(-145.742460174,85.123181715,0.));
#11166=DIRECTION('',(-0.001784446,0.999998408,0.));
#11167=DIRECTION('',(0.999998408,0.001784446,0.));
#11168=AXIS2_PLACEMENT_3D('',#11165,#11166,#11167);
#11169=PLANE('',#11168);
#11170=ORIENTED_EDGE('',*,*,#10835,.F.);
#11171=CARTESIAN_POINT('',(-148.27353794,85.118665137,-2.0999746));
#11172=VERTEX_POINT('',#11171);
#11173=CARTESIAN_POINT('',(-148.27353794,85.118665137,2.9900254));
#11174=DIRECTION('',(-0.,-0.,-1.));
#11175=VECTOR('',#11174,5.09);
#11176=LINE('',#11173,#11175);
#11177=EDGE_CURVE('',#10821,#11172,#11176,.T.);
#11178=ORIENTED_EDGE('',*,*,#11177,.T.);
#11179=CARTESIAN_POINT('',(-138.6801905,85.135783973,-2.0999746));
#11180=VERTEX_POINT('',#11179);
#11181=CARTESIAN_POINT('',(-138.6801905,85.135783973,-2.0999746));
#11182=DIRECTION('',(-0.999998408,-0.001784446,0.));
#11183=VECTOR('',#11182,9.593362714);
#11184=LINE('',#11181,#11183);
#11185=EDGE_CURVE('',#11180,#11172,#11184,.T.);
#11186=ORIENTED_EDGE('',*,*,#11185,.F.);
#11187=CARTESIAN_POINT('',(-138.6801905,85.135783973,-2.0999746));
#11188=DIRECTION('',(0.,0.,1.));
#11189=VECTOR('',#11188,5.09);
#11190=LINE('',#11187,#11189);
#11191=EDGE_CURVE('',#11180,#10830,#11190,.T.);
#11192=ORIENTED_EDGE('',*,*,#11191,.T.);
#11193=EDGE_LOOP('',(#11170,#11178,#11186,#11192));
#11194=FACE_BOUND('',#11193,.T.);
#11195=ADVANCED_FACE('',(#11194),#11169,.F.);
#11196=CARTESIAN_POINT('',(-138.6801905,55.761848833,-0.9999746));
#11197=DIRECTION('',(-1.,0.,0.));
#11198=DIRECTION('',(0.,0.,1.));
#11199=AXIS2_PLACEMENT_3D('',#11196,#11197,#11198);
#11200=PLANE('',#11199);
#11201=ORIENTED_EDGE('',*,*,#11191,.F.);
#11202=CARTESIAN_POINT('',(-138.6801905,101.356020249,-2.0999746));
#11203=VERTEX_POINT('',#11202);
#11204=CARTESIAN_POINT('',(-138.6801905,101.356020249,-2.0999746));
#11205=DIRECTION('',(-0.,-1.,0.));
#11206=VECTOR('',#11205,16.220236277);
#11207=LINE('',#11204,#11206);
#11208=EDGE_CURVE('',#11203,#11180,#11207,.T.);
#11209=ORIENTED_EDGE('',*,*,#11208,.F.);
#11210=CARTESIAN_POINT('',(-138.6801905,101.356020249,-2.0999746));
#11211=DIRECTION('',(0.,0.,1.));
#11212=VECTOR('',#11211,5.09);
#11213=LINE('',#11210,#11212);
#11214=EDGE_CURVE('',#11203,#10838,#11213,.T.);
#11215=ORIENTED_EDGE('',*,*,#11214,.T.);
#11216=ORIENTED_EDGE('',*,*,#10843,.F.);
#11217=EDGE_LOOP('',(#11201,#11209,#11215,#11216));
#11218=FACE_BOUND('',#11217,.T.);
#11219=ADVANCED_FACE('',(#11218),#11200,.F.);
#11220=CARTESIAN_POINT('',(-136.292648769,101.356020249,0.));
#11221=DIRECTION('',(0.,0.,1.));
#11222=DIRECTION('',(1.,0.,-0.));
#11223=AXIS2_PLACEMENT_3D('',#11220,#11221,#11222);
#11224=CYLINDRICAL_SURFACE('',#11223,2.387541732);
#11225=ORIENTED_EDGE('',*,*,#10852,.T.);
#11226=ORIENTED_EDGE('',*,*,#11214,.F.);
#11227=CARTESIAN_POINT('',(-136.293818763,103.743561694,-2.0999746));
#11228=VERTEX_POINT('',#11227);
#11229=CARTESIAN_POINT('',(-136.292648769,101.356020249,-2.0999746));
#11230=DIRECTION('',(-0.,-0.,-1.));
#11231=DIRECTION('',(0.,-1.,0.));
#11232=AXIS2_PLACEMENT_3D('',#11229,#11230,#11231);
#11233=CIRCLE('',#11232,2.387541732);
#11234=EDGE_CURVE('',#11203,#11228,#11233,.T.);
#11235=ORIENTED_EDGE('',*,*,#11234,.T.);
#11236=CARTESIAN_POINT('',(-136.293818763,103.743561694,-2.0999746));
#11237=DIRECTION('',(0.,0.,1.));
#11238=VECTOR('',#11237,5.09);
#11239=LINE('',#11236,#11238);
#11240=EDGE_CURVE('',#11228,#10846,#11239,.T.);
#11241=ORIENTED_EDGE('',*,*,#11240,.T.);
#11242=EDGE_LOOP('',(#11225,#11226,#11235,#11241));
#11243=FACE_BOUND('',#11242,.T.);
#11244=ADVANCED_FACE('',(#11243),#11224,.F.);
#11245=CARTESIAN_POINT('',(-136.331998292,103.743542985,0.));
#11246=DIRECTION('',(-0.000490042,0.99999988,0.));
#11247=DIRECTION('',(0.99999988,0.000490042,0.));
#11248=AXIS2_PLACEMENT_3D('',#11245,#11246,#11247);
#11249=PLANE('',#11248);
#11250=ORIENTED_EDGE('',*,*,#11240,.F.);
#11251=CARTESIAN_POINT('',(-120.101069342,103.751496817,-2.0999746));
#11252=VERTEX_POINT('',#11251);
#11253=CARTESIAN_POINT('',(-120.101069342,103.751496817,-2.0999746));
#11254=DIRECTION('',(-0.99999988,-0.000490042,0.));
#11255=VECTOR('',#11254,16.192751366);
#11256=LINE('',#11253,#11255);
#11257=EDGE_CURVE('',#11252,#11228,#11256,.T.);
#11258=ORIENTED_EDGE('',*,*,#11257,.F.);
#11259=CARTESIAN_POINT('',(-120.101069342,103.751496817,2.9900254));
#11260=DIRECTION('',(0.,0.,-1.));
#11261=VECTOR('',#11260,5.09);
#11262=LINE('',#11259,#11261);
#11263=EDGE_CURVE('',#10855,#11252,#11262,.T.);
#11264=ORIENTED_EDGE('',*,*,#11263,.F.);
#11265=ORIENTED_EDGE('',*,*,#10860,.F.);
#11266=EDGE_LOOP('',(#11250,#11258,#11264,#11265));
#11267=FACE_BOUND('',#11266,.T.);
#11268=ADVANCED_FACE('',(#11267),#11249,.F.);
#11269=CARTESIAN_POINT('',(-117.752578788,106.281236672,0.));
#11270=DIRECTION('',(-0.000423629,0.99999991,0.));
#11271=DIRECTION('',(0.99999991,0.000423629,0.));
#11272=AXIS2_PLACEMENT_3D('',#11269,#11270,#11271);
#11273=PLANE('',#11272);
#11274=ORIENTED_EDGE('',*,*,#1704,.F.);
#11275=CARTESIAN_POINT('',(-84.297498037,106.295409214,-2.0999746));
#11276=DIRECTION('',(-0.99999991,-0.000423629,0.));
#11277=VECTOR('',#11276,33.41521813);
#11278=LINE('',#11275,#11277);
#11279=EDGE_CURVE('',#386,#1699,#11278,.T.);
#11280=ORIENTED_EDGE('',*,*,#11279,.F.);
#11281=ORIENTED_EDGE('',*,*,#391,.T.);
#11282=ORIENTED_EDGE('',*,*,#1805,.F.);
#11283=ORIENTED_EDGE('',*,*,#904,.F.);
#11284=EDGE_LOOP('',(#11274,#11280,#11281,#11282,#11283));
#11285=FACE_BOUND('',#11284,.T.);
#11286=ADVANCED_FACE('',(#11285),#11273,.F.);
#11287=CARTESIAN_POINT('',(-81.880471503,55.759242018,-0.9999746));
#11288=DIRECTION('',(0.999999822,0.000596255,0.));
#11289=DIRECTION('',(-0.000596255,0.999999822,0.));
#11290=AXIS2_PLACEMENT_3D('',#11287,#11288,#11289);
#11291=PLANE('',#11290);
#11292=ORIENTED_EDGE('',*,*,#406,.F.);
#11293=CARTESIAN_POINT('',(-81.909095534,103.765603251,-2.0999746));
#11294=VERTEX_POINT('',#11293);
#11295=CARTESIAN_POINT('',(-81.909095534,103.765603251,-2.0999746));
#11296=DIRECTION('',(-0.000596255,0.999999822,-0.));
#11297=VECTOR('',#11296,0.143923865);
#11298=LINE('',#11295,#11297);
#11299=EDGE_CURVE('',#11294,#394,#11298,.T.);
#11300=ORIENTED_EDGE('',*,*,#11299,.F.);
#11301=CARTESIAN_POINT('',(-81.909095534,103.765603251,-2.0999746));
#11302=DIRECTION('',(0.,0.,1.));
#11303=VECTOR('',#11302,5.09);
#11304=LINE('',#11301,#11303);
#11305=EDGE_CURVE('',#11294,#526,#11304,.T.);
#11306=ORIENTED_EDGE('',*,*,#11305,.T.);
#11307=ORIENTED_EDGE('',*,*,#531,.F.);
#11308=EDGE_LOOP('',(#11292,#11300,#11306,#11307));
#11309=FACE_BOUND('',#11308,.T.);
#11310=ADVANCED_FACE('',(#11309),#11291,.F.);
#11311=CARTESIAN_POINT('',(-77.50849115,103.765603251,-0.9999746));
#11312=DIRECTION('',(0.,1.,0.));
#11313=DIRECTION('',(0.,0.,1.));
#11314=AXIS2_PLACEMENT_3D('',#11311,#11312,#11313);
#11315=PLANE('',#11314);
#11316=ORIENTED_EDGE('',*,*,#11305,.F.);
#11317=CARTESIAN_POINT('',(-65.614550499,103.765603251,-2.0999746));
#11318=DIRECTION('',(-1.,-0.,0.));
#11319=VECTOR('',#11318,16.294545034);
#11320=LINE('',#11317,#11319);
#11321=EDGE_CURVE('',#310,#11294,#11320,.T.);
#11322=ORIENTED_EDGE('',*,*,#11321,.F.);
#11323=ORIENTED_EDGE('',*,*,#315,.T.);
#11324=ORIENTED_EDGE('',*,*,#537,.F.);
#11325=EDGE_LOOP('',(#11316,#11322,#11323,#11324));
#11326=FACE_BOUND('',#11325,.T.);
#11327=ADVANCED_FACE('',(#11326),#11315,.F.);
#11328=CARTESIAN_POINT('',(-63.227723533,55.761698934,-0.9999746));
#11329=DIRECTION('',(1.,-0.000010496,0.));
#11330=DIRECTION('',(0.000010496,1.,0.));
#11331=AXIS2_PLACEMENT_3D('',#11328,#11329,#11330);
#11332=PLANE('',#11331);
#11333=ORIENTED_EDGE('',*,*,#330,.F.);
#11334=CARTESIAN_POINT('',(-63.227250322,100.844500889,-2.0999746));
#11335=VERTEX_POINT('',#11334);
#11336=CARTESIAN_POINT('',(-63.227250322,100.844500889,-2.0999746));
#11337=DIRECTION('',(0.000010496,1.,-0.));
#11338=VECTOR('',#11337,0.533771524);
#11339=LINE('',#11336,#11338);
#11340=EDGE_CURVE('',#11335,#318,#11339,.T.);
#11341=ORIENTED_EDGE('',*,*,#11340,.F.);
#11342=CARTESIAN_POINT('',(-63.227250322,100.844500889,-2.0999746));
#11343=DIRECTION('',(0.,0.,1.));
#11344=VECTOR('',#11343,5.09);
#11345=LINE('',#11342,#11344);
#11346=EDGE_CURVE('',#11335,#1892,#11345,.T.);
#11347=ORIENTED_EDGE('',*,*,#11346,.T.);
#11348=ORIENTED_EDGE('',*,*,#1897,.F.);
#11349=EDGE_LOOP('',(#11333,#11341,#11347,#11348));
#11350=FACE_BOUND('',#11349,.T.);
#11351=ADVANCED_FACE('',(#11350),#11332,.F.);
#11352=CARTESIAN_POINT('',(-120.101069342,103.364386589,0.));
#11353=DIRECTION('',(-1.,0.,0.));
#11354=DIRECTION('',(0.,1.,0.));
#11355=AXIS2_PLACEMENT_3D('',#11352,#11353,#11354);
#11356=PLANE('',#11355);
#11357=ORIENTED_EDGE('',*,*,#11263,.T.);
#11358=CARTESIAN_POINT('',(-120.101069342,103.751496817,-2.0999746));
#11359=DIRECTION('',(-0.,1.,-0.));
#11360=VECTOR('',#11359,0.140388579);
#11361=LINE('',#11358,#11360);
#11362=EDGE_CURVE('',#11252,#1708,#11361,.T.);
#11363=ORIENTED_EDGE('',*,*,#11362,.T.);
#11364=ORIENTED_EDGE('',*,*,#1713,.F.);
#11365=ORIENTED_EDGE('',*,*,#880,.F.);
#11366=ORIENTED_EDGE('',*,*,#10866,.F.);
#11367=EDGE_LOOP('',(#11357,#11363,#11364,#11365,#11366));
#11368=FACE_BOUND('',#11367,.T.);
#11369=ADVANCED_FACE('',(#11368),#11356,.F.);
#11370=CARTESIAN_POINT('',(-77.50849115,100.844500889,-0.9999746));
#11371=DIRECTION('',(0.,1.,0.));
#11372=DIRECTION('',(0.,0.,1.));
#11373=AXIS2_PLACEMENT_3D('',#11370,#11371,#11372);
#11374=PLANE('',#11373);
#11375=ORIENTED_EDGE('',*,*,#10801,.T.);
#11376=ORIENTED_EDGE('',*,*,#1905,.F.);
#11377=ORIENTED_EDGE('',*,*,#11346,.F.);
#11378=CARTESIAN_POINT('',(-38.626192101,100.844500889,-2.0999746));
#11379=DIRECTION('',(-1.,-0.,0.));
#11380=VECTOR('',#11379,24.601058221);
#11381=LINE('',#11378,#11380);
#11382=EDGE_CURVE('',#10796,#11335,#11381,.T.);
#11383=ORIENTED_EDGE('',*,*,#11382,.F.);
#11384=EDGE_LOOP('',(#11375,#11376,#11377,#11383));
#11385=FACE_BOUND('',#11384,.T.);
#11386=ADVANCED_FACE('',(#11385),#11374,.F.);
#11387=CARTESIAN_POINT('',(-5.0979803,61.631742007,-15.908288536));
#11388=DIRECTION('',(0.,1.,-0.));
#11389=DIRECTION('',(0.,0.,1.));
#11390=AXIS2_PLACEMENT_3D('',#11387,#11388,#11389);
#11391=PLANE('',#11390);
#11392=CARTESIAN_POINT('',(-19.0979803,61.631742007,-1.8999746));
#11393=VERTEX_POINT('',#11392);
#11394=CARTESIAN_POINT('',(-19.0979803,61.631742007,0.1000254));
#11395=DIRECTION('',(-0.,-0.,-1.));
#11396=VECTOR('',#11395,2.);
#11397=LINE('',#11394,#11396);
#11398=EDGE_CURVE('',#3004,#11393,#11397,.T.);
#11399=ORIENTED_EDGE('',*,*,#11398,.T.);
#11400=CARTESIAN_POINT('',(-6.0979803,61.631742007,-1.8999746));
#11401=VERTEX_POINT('',#11400);
#11402=CARTESIAN_POINT('',(-19.0979803,61.631742007,-1.8999746));
#11403=DIRECTION('',(1.,0.,-0.));
#11404=VECTOR('',#11403,13.);
#11405=LINE('',#11402,#11404);
#11406=EDGE_CURVE('',#11393,#11401,#11405,.T.);
#11407=ORIENTED_EDGE('',*,*,#11406,.T.);
#11408=CARTESIAN_POINT('',(-6.0979803,61.631742007,-1.8999746));
#11409=DIRECTION('',(0.,0.,1.));
#11410=VECTOR('',#11409,2.);
#11411=LINE('',#11408,#11410);
#11412=EDGE_CURVE('',#11401,#3006,#11411,.T.);
#11413=ORIENTED_EDGE('',*,*,#11412,.T.);
#11414=ORIENTED_EDGE('',*,*,#3011,.F.);
#11415=EDGE_LOOP('',(#11399,#11407,#11413,#11414));
#11416=FACE_BOUND('',#11415,.T.);
#11417=ADVANCED_FACE('',(#11416),#11391,.F.);
#11418=CARTESIAN_POINT('',(-20.0979803,61.631742007,-15.908288536));
#11419=DIRECTION('',(-1.,0.,0.));
#11420=DIRECTION('',(0.,0.,1.));
#11421=AXIS2_PLACEMENT_3D('',#11418,#11419,#11420);
#11422=PLANE('',#11421);
#11423=CARTESIAN_POINT('',(-20.0979803,52.431742007,-1.8999746));
#11424=VERTEX_POINT('',#11423);
#11425=CARTESIAN_POINT('',(-20.0979803,52.431742007,0.1000254));
#11426=DIRECTION('',(-0.,-0.,-1.));
#11427=VECTOR('',#11426,2.);
#11428=LINE('',#11425,#11427);
#11429=EDGE_CURVE('',#3048,#11424,#11428,.T.);
#11430=ORIENTED_EDGE('',*,*,#11429,.T.);
#11431=CARTESIAN_POINT('',(-20.0979803,60.631742007,-1.8999746));
#11432=VERTEX_POINT('',#11431);
#11433=CARTESIAN_POINT('',(-20.0979803,52.431742007,-1.8999746));
#11434=DIRECTION('',(0.,1.,0.));
#11435=VECTOR('',#11434,8.2);
#11436=LINE('',#11433,#11435);
#11437=EDGE_CURVE('',#11424,#11432,#11436,.T.);
#11438=ORIENTED_EDGE('',*,*,#11437,.T.);
#11439=CARTESIAN_POINT('',(-20.0979803,60.631742007,-1.8999746));
#11440=DIRECTION('',(0.,0.,1.));
#11441=VECTOR('',#11440,2.);
#11442=LINE('',#11439,#11441);
#11443=EDGE_CURVE('',#11432,#3057,#11442,.T.);
#11444=ORIENTED_EDGE('',*,*,#11443,.T.);
#11445=ORIENTED_EDGE('',*,*,#3062,.F.);
#11446=EDGE_LOOP('',(#11430,#11438,#11444,#11445));
#11447=FACE_BOUND('',#11446,.T.);
#11448=ADVANCED_FACE('',(#11447),#11422,.F.);
#11449=CARTESIAN_POINT('',(-20.0979803,51.431742007,-15.908288536));
#11450=DIRECTION('',(0.,-1.,0.));
#11451=DIRECTION('',(0.,-0.,-1.));
#11452=AXIS2_PLACEMENT_3D('',#11449,#11450,#11451);
#11453=PLANE('',#11452);
#11454=CARTESIAN_POINT('',(-6.0979803,51.431742007,-1.8999746));
#11455=VERTEX_POINT('',#11454);
#11456=CARTESIAN_POINT('',(-6.0979803,51.431742007,0.1000254));
#11457=DIRECTION('',(-0.,-0.,-1.));
#11458=VECTOR('',#11457,2.);
#11459=LINE('',#11456,#11458);
#11460=EDGE_CURVE('',#3031,#11455,#11459,.T.);
#11461=ORIENTED_EDGE('',*,*,#11460,.T.);
#11462=CARTESIAN_POINT('',(-19.0979803,51.431742007,-1.8999746));
#11463=VERTEX_POINT('',#11462);
#11464=CARTESIAN_POINT('',(-6.0979803,51.431742007,-1.8999746));
#11465=DIRECTION('',(-1.,0.,0.));
#11466=VECTOR('',#11465,13.);
#11467=LINE('',#11464,#11466);
#11468=EDGE_CURVE('',#11455,#11463,#11467,.T.);
#11469=ORIENTED_EDGE('',*,*,#11468,.T.);
#11470=CARTESIAN_POINT('',(-19.0979803,51.431742007,-1.8999746));
#11471=DIRECTION('',(0.,0.,1.));
#11472=VECTOR('',#11471,2.);
#11473=LINE('',#11470,#11472);
#11474=EDGE_CURVE('',#11463,#3040,#11473,.T.);
#11475=ORIENTED_EDGE('',*,*,#11474,.T.);
#11476=ORIENTED_EDGE('',*,*,#3045,.F.);
#11477=EDGE_LOOP('',(#11461,#11469,#11475,#11476));
#11478=FACE_BOUND('',#11477,.T.);
#11479=ADVANCED_FACE('',(#11478),#11453,.F.);
#11480=CARTESIAN_POINT('',(-5.0979803,51.631742007,-15.908288536));
#11481=DIRECTION('',(1.,0.,0.));
#11482=DIRECTION('',(0.,0.,-1.));
#11483=AXIS2_PLACEMENT_3D('',#11480,#11481,#11482);
#11484=PLANE('',#11483);
#11485=CARTESIAN_POINT('',(-5.0979803,60.631742007,-1.8999746));
#11486=VERTEX_POINT('',#11485);
#11487=CARTESIAN_POINT('',(-5.0979803,60.631742007,0.1000254));
#11488=DIRECTION('',(-0.,-0.,-1.));
#11489=VECTOR('',#11488,2.);
#11490=LINE('',#11487,#11489);
#11491=EDGE_CURVE('',#3014,#11486,#11490,.T.);
#11492=ORIENTED_EDGE('',*,*,#11491,.T.);
#11493=CARTESIAN_POINT('',(-5.0979803,52.431742007,-1.8999746));
#11494=VERTEX_POINT('',#11493);
#11495=CARTESIAN_POINT('',(-5.0979803,60.631742007,-1.8999746));
#11496=DIRECTION('',(0.,-1.,0.));
#11497=VECTOR('',#11496,8.2);
#11498=LINE('',#11495,#11497);
#11499=EDGE_CURVE('',#11486,#11494,#11498,.T.);
#11500=ORIENTED_EDGE('',*,*,#11499,.T.);
#11501=CARTESIAN_POINT('',(-5.0979803,52.431742007,-1.8999746));
#11502=DIRECTION('',(0.,0.,1.));
#11503=VECTOR('',#11502,2.);
#11504=LINE('',#11501,#11503);
#11505=EDGE_CURVE('',#11494,#3023,#11504,.T.);
#11506=ORIENTED_EDGE('',*,*,#11505,.T.);
#11507=ORIENTED_EDGE('',*,*,#3028,.F.);
#11508=EDGE_LOOP('',(#11492,#11500,#11506,#11507));
#11509=FACE_BOUND('',#11508,.T.);
#11510=ADVANCED_FACE('',(#11509),#11484,.F.);
#11511=CARTESIAN_POINT('',(-19.0979803,60.631742007,-15.908288536));
#11512=DIRECTION('',(0.,-0.,-1.));
#11513=DIRECTION('',(0.,1.,-0.));
#11514=AXIS2_PLACEMENT_3D('',#11511,#11512,#11513);
#11515=CYLINDRICAL_SURFACE('',#11514,1.);
#11516=ORIENTED_EDGE('',*,*,#11443,.F.);
#11517=CARTESIAN_POINT('',(-19.0979803,60.631742007,-1.8999746));
#11518=DIRECTION('',(0.,0.,-1.));
#11519=DIRECTION('',(-1.,0.,0.));
#11520=AXIS2_PLACEMENT_3D('',#11517,#11518,#11519);
#11521=CIRCLE('',#11520,1.);
#11522=EDGE_CURVE('',#11432,#11393,#11521,.T.);
#11523=ORIENTED_EDGE('',*,*,#11522,.T.);
#11524=ORIENTED_EDGE('',*,*,#11398,.F.);
#11525=ORIENTED_EDGE('',*,*,#3069,.F.);
#11526=EDGE_LOOP('',(#11516,#11523,#11524,#11525));
#11527=FACE_BOUND('',#11526,.T.);
#11528=ADVANCED_FACE('',(#11527),#11515,.F.);
#11529=CARTESIAN_POINT('',(-19.0979803,52.431742007,-15.908288536));
#11530=DIRECTION('',(0.,-0.,-1.));
#11531=DIRECTION('',(0.,1.,-0.));
#11532=AXIS2_PLACEMENT_3D('',#11529,#11530,#11531);
#11533=CYLINDRICAL_SURFACE('',#11532,1.);
#11534=ORIENTED_EDGE('',*,*,#11474,.F.);
#11535=CARTESIAN_POINT('',(-19.0979803,52.431742007,-1.8999746));
#11536=DIRECTION('',(0.,0.,-1.));
#11537=DIRECTION('',(-1.,0.,0.));
#11538=AXIS2_PLACEMENT_3D('',#11535,#11536,#11537);
#11539=CIRCLE('',#11538,1.);
#11540=EDGE_CURVE('',#11463,#11424,#11539,.T.);
#11541=ORIENTED_EDGE('',*,*,#11540,.T.);
#11542=ORIENTED_EDGE('',*,*,#11429,.F.);
#11543=ORIENTED_EDGE('',*,*,#3054,.F.);
#11544=EDGE_LOOP('',(#11534,#11541,#11542,#11543));
#11545=FACE_BOUND('',#11544,.T.);
#11546=ADVANCED_FACE('',(#11545),#11533,.F.);
#11547=CARTESIAN_POINT('',(-6.0979803,52.431742007,-15.908288536));
#11548=DIRECTION('',(0.,-0.,-1.));
#11549=DIRECTION('',(0.,1.,-0.));
#11550=AXIS2_PLACEMENT_3D('',#11547,#11548,#11549);
#11551=CYLINDRICAL_SURFACE('',#11550,1.);
#11552=ORIENTED_EDGE('',*,*,#11505,.F.);
#11553=CARTESIAN_POINT('',(-6.0979803,52.431742007,-1.8999746));
#11554=DIRECTION('',(0.,0.,-1.));
#11555=DIRECTION('',(-1.,0.,0.));
#11556=AXIS2_PLACEMENT_3D('',#11553,#11554,#11555);
#11557=CIRCLE('',#11556,1.);
#11558=EDGE_CURVE('',#11494,#11455,#11557,.T.);
#11559=ORIENTED_EDGE('',*,*,#11558,.T.);
#11560=ORIENTED_EDGE('',*,*,#11460,.F.);
#11561=ORIENTED_EDGE('',*,*,#3037,.F.);
#11562=EDGE_LOOP('',(#11552,#11559,#11560,#11561));
#11563=FACE_BOUND('',#11562,.T.);
#11564=ADVANCED_FACE('',(#11563),#11551,.F.);
#11565=CARTESIAN_POINT('',(-6.0979803,60.631742007,-15.908288536));
#11566=DIRECTION('',(0.,-0.,-1.));
#11567=DIRECTION('',(0.,1.,-0.));
#11568=AXIS2_PLACEMENT_3D('',#11565,#11566,#11567);
#11569=CYLINDRICAL_SURFACE('',#11568,1.);
#11570=ORIENTED_EDGE('',*,*,#11412,.F.);
#11571=CARTESIAN_POINT('',(-6.0979803,60.631742007,-1.8999746));
#11572=DIRECTION('',(0.,0.,-1.));
#11573=DIRECTION('',(-1.,0.,0.));
#11574=AXIS2_PLACEMENT_3D('',#11571,#11572,#11573);
#11575=CIRCLE('',#11574,1.);
#11576=EDGE_CURVE('',#11401,#11486,#11575,.T.);
#11577=ORIENTED_EDGE('',*,*,#11576,.T.);
#11578=ORIENTED_EDGE('',*,*,#11491,.F.);
#11579=ORIENTED_EDGE('',*,*,#3020,.F.);
#11580=EDGE_LOOP('',(#11570,#11577,#11578,#11579));
#11581=FACE_BOUND('',#11580,.T.);
#11582=ADVANCED_FACE('',(#11581),#11569,.F.);
#11583=CARTESIAN_POINT('',(-1.549679827,98.338450861,-0.564412674));
#11584=DIRECTION('',(0.,0.,-1.));
#11585=DIRECTION('',(-1.,0.,0.));
#11586=AXIS2_PLACEMENT_3D('',#11583,#11584,#11585);
#11587=CYLINDRICAL_SURFACE('',#11586,5.5);
#11588=CARTESIAN_POINT('',(-7.049679827,98.338450861,-2.0999746));
#11589=VERTEX_POINT('',#11588);
#11590=CARTESIAN_POINT('',(-7.049679827,98.338450861,-0.8999746));
#11591=VERTEX_POINT('',#11590);
#11592=CARTESIAN_POINT('',(-7.049679827,98.338450861,-2.0999746));
#11593=DIRECTION('',(-0.,-0.,1.));
#11594=VECTOR('',#11593,1.2);
#11595=LINE('',#11592,#11594);
#11596=EDGE_CURVE('',#11589,#11591,#11595,.T.);
#11597=ORIENTED_EDGE('',*,*,#11596,.T.);
#11598=CARTESIAN_POINT('',(-1.549679827,98.338450861,-0.8999746));
#11599=DIRECTION('',(0.,0.,-1.));
#11600=DIRECTION('',(-1.,0.,0.));
#11601=AXIS2_PLACEMENT_3D('',#11598,#11599,#11600);
#11602=CIRCLE('',#11601,5.5);
#11603=EDGE_CURVE('',#11591,#3466,#11602,.T.);
#11604=ORIENTED_EDGE('',*,*,#11603,.T.);
#11605=ORIENTED_EDGE('',*,*,#3471,.F.);
#11606=CARTESIAN_POINT('',(-1.549679827,98.338450861,-2.0999746));
#11607=DIRECTION('',(-0.,-0.,-1.));
#11608=DIRECTION('',(0.,-1.,0.));
#11609=AXIS2_PLACEMENT_3D('',#11606,#11607,#11608);
#11610=CIRCLE('',#11609,5.5);
#11611=EDGE_CURVE('',#11589,#3457,#11610,.T.);
#11612=ORIENTED_EDGE('',*,*,#11611,.F.);
#11613=EDGE_LOOP('',(#11597,#11604,#11605,#11612));
#11614=FACE_BOUND('',#11613,.T.);
#11615=ADVANCED_FACE('',(#11614),#11587,.T.);
#11616=CARTESIAN_POINT('',(-153.238937259,8.803353645,-0.8999746));
#11617=DIRECTION('',(0.,0.,-1.));
#11618=DIRECTION('',(-1.,0.,0.));
#11619=AXIS2_PLACEMENT_3D('',#11616,#11617,#11618);
#11620=PLANE('',#11619);
#11621=ORIENTED_EDGE('',*,*,#1937,.T.);
#11622=ORIENTED_EDGE('',*,*,#3478,.T.);
#11623=ORIENTED_EDGE('',*,*,#11603,.F.);
#11624=CARTESIAN_POINT('',(-1.549679827,98.338450861,-0.8999746));
#11625=DIRECTION('',(0.,0.,-1.));
#11626=DIRECTION('',(-1.,0.,0.));
#11627=AXIS2_PLACEMENT_3D('',#11624,#11625,#11626);
#11628=CIRCLE('',#11627,5.5);
#11629=EDGE_CURVE('',#5059,#11591,#11628,.T.);
#11630=ORIENTED_EDGE('',*,*,#11629,.F.);
#11631=ORIENTED_EDGE('',*,*,#5065,.T.);
#11632=EDGE_LOOP('',(#11621,#11622,#11623,#11630,#11631));
#11633=FACE_BOUND('',#11632,.T.);
#11634=ADVANCED_FACE('',(#11633),#11620,.F.);
#11635=CARTESIAN_POINT('',(-5.0979803,61.631742007,-1.8999746));
#11636=DIRECTION('',(0.,-0.707106781,-0.707106781));
#11637=DIRECTION('',(-1.,0.,0.));
#11638=AXIS2_PLACEMENT_3D('',#11635,#11636,#11637);
#11639=PLANE('',#11638);
#11640=CARTESIAN_POINT('',(-19.0979803,63.231742007,-3.4999746));
#11641=VERTEX_POINT('',#11640);
#11642=CARTESIAN_POINT('',(-19.0979803,63.231742007,-3.4999746));
#11643=DIRECTION('',(0.,-0.707106781,0.707106781));
#11644=VECTOR('',#11643,2.2627417);
#11645=LINE('',#11642,#11644);
#11646=EDGE_CURVE('',#11641,#11393,#11645,.T.);
#11647=ORIENTED_EDGE('',*,*,#11646,.F.);
#11648=CARTESIAN_POINT('',(-6.0979803,63.231742007,-3.4999746));
#11649=VERTEX_POINT('',#11648);
#11650=CARTESIAN_POINT('',(-6.0979803,63.231742007,-3.4999746));
#11651=DIRECTION('',(-1.,0.,0.));
#11652=VECTOR('',#11651,13.);
#11653=LINE('',#11650,#11652);
#11654=EDGE_CURVE('',#11649,#11641,#11653,.T.);
#11655=ORIENTED_EDGE('',*,*,#11654,.F.);
#11656=CARTESIAN_POINT('',(-6.0979803,61.631742007,-1.8999746));
#11657=DIRECTION('',(0.,0.707106781,-0.707106781));
#11658=VECTOR('',#11657,2.2627417);
#11659=LINE('',#11656,#11658);
#11660=EDGE_CURVE('',#11401,#11649,#11659,.T.);
#11661=ORIENTED_EDGE('',*,*,#11660,.F.);
#11662=ORIENTED_EDGE('',*,*,#11406,.F.);
#11663=EDGE_LOOP('',(#11647,#11655,#11661,#11662));
#11664=FACE_BOUND('',#11663,.T.);
#11665=ADVANCED_FACE('',(#11664),#11639,.T.);
#11666=CARTESIAN_POINT('',(-6.0979803,60.631742007,-3.0999746));
#11667=DIRECTION('',(0.,0.,-1.));
#11668=DIRECTION('',(-1.,0.,0.));
#11669=AXIS2_PLACEMENT_3D('',#11666,#11667,#11668);
#11670=CONICAL_SURFACE('',#11669,2.2,45.);
#11671=ORIENTED_EDGE('',*,*,#11660,.T.);
#11672=CARTESIAN_POINT('',(-3.4979803,60.631742007,-3.4999746));
#11673=VERTEX_POINT('',#11672);
#11674=CARTESIAN_POINT('',(-6.0979803,60.631742007,-3.4999746));
#11675=DIRECTION('',(-0.,-0.,1.));
#11676=DIRECTION('',(-1.,0.,0.));
#11677=AXIS2_PLACEMENT_3D('',#11674,#11675,#11676);
#11678=CIRCLE('',#11677,2.6);
#11679=EDGE_CURVE('',#11673,#11649,#11678,.T.);
#11680=ORIENTED_EDGE('',*,*,#11679,.F.);
#11681=CARTESIAN_POINT('',(-5.0979803,60.631742007,-1.8999746));
#11682=DIRECTION('',(0.707106781,0.,-0.707106781));
#11683=VECTOR('',#11682,2.2627417);
#11684=LINE('',#11681,#11683);
#11685=EDGE_CURVE('',#11486,#11673,#11684,.T.);
#11686=ORIENTED_EDGE('',*,*,#11685,.F.);
#11687=ORIENTED_EDGE('',*,*,#11576,.F.);
#11688=EDGE_LOOP('',(#11671,#11680,#11686,#11687));
#11689=FACE_BOUND('',#11688,.T.);
#11690=ADVANCED_FACE('',(#11689),#11670,.F.);
#11691=CARTESIAN_POINT('',(-19.0979803,60.631742007,-3.0999746));
#11692=DIRECTION('',(0.,0.,-1.));
#11693=DIRECTION('',(-1.,0.,0.));
#11694=AXIS2_PLACEMENT_3D('',#11691,#11692,#11693);
#11695=CONICAL_SURFACE('',#11694,2.2,45.);
#11696=ORIENTED_EDGE('',*,*,#11646,.T.);
#11697=ORIENTED_EDGE('',*,*,#11522,.F.);
#11698=CARTESIAN_POINT('',(-21.6979803,60.631742007,-3.4999746));
#11699=VERTEX_POINT('',#11698);
#11700=CARTESIAN_POINT('',(-21.6979803,60.631742007,-3.4999746));
#11701=DIRECTION('',(0.707106781,0.,0.707106781));
#11702=VECTOR('',#11701,2.2627417);
#11703=LINE('',#11700,#11702);
#11704=EDGE_CURVE('',#11699,#11432,#11703,.T.);
#11705=ORIENTED_EDGE('',*,*,#11704,.F.);
#11706=CARTESIAN_POINT('',(-19.0979803,60.631742007,-3.4999746));
#11707=DIRECTION('',(-0.,-0.,1.));
#11708=DIRECTION('',(-1.,0.,0.));
#11709=AXIS2_PLACEMENT_3D('',#11706,#11707,#11708);
#11710=CIRCLE('',#11709,2.6);
#11711=EDGE_CURVE('',#11641,#11699,#11710,.T.);
#11712=ORIENTED_EDGE('',*,*,#11711,.F.);
#11713=EDGE_LOOP('',(#11696,#11697,#11705,#11712));
#11714=FACE_BOUND('',#11713,.T.);
#11715=ADVANCED_FACE('',(#11714),#11695,.F.);
#11716=CARTESIAN_POINT('',(-5.0979803,51.631742007,-1.8999746));
#11717=DIRECTION('',(-0.707106781,0.,-0.707106781));
#11718=DIRECTION('',(0.,1.,0.));
#11719=AXIS2_PLACEMENT_3D('',#11716,#11717,#11718);
#11720=PLANE('',#11719);
#11721=ORIENTED_EDGE('',*,*,#11685,.T.);
#11722=CARTESIAN_POINT('',(-3.4979803,52.431742007,-3.4999746));
#11723=VERTEX_POINT('',#11722);
#11724=CARTESIAN_POINT('',(-3.4979803,52.431742007,-3.4999746));
#11725=DIRECTION('',(0.,1.,0.));
#11726=VECTOR('',#11725,8.2);
#11727=LINE('',#11724,#11726);
#11728=EDGE_CURVE('',#11723,#11673,#11727,.T.);
#11729=ORIENTED_EDGE('',*,*,#11728,.F.);
#11730=CARTESIAN_POINT('',(-5.0979803,52.431742007,-1.8999746));
#11731=DIRECTION('',(0.707106781,0.,-0.707106781));
#11732=VECTOR('',#11731,2.2627417);
#11733=LINE('',#11730,#11732);
#11734=EDGE_CURVE('',#11494,#11723,#11733,.T.);
#11735=ORIENTED_EDGE('',*,*,#11734,.F.);
#11736=ORIENTED_EDGE('',*,*,#11499,.F.);
#11737=EDGE_LOOP('',(#11721,#11729,#11735,#11736));
#11738=FACE_BOUND('',#11737,.T.);
#11739=ADVANCED_FACE('',(#11738),#11720,.T.);
#11740=CARTESIAN_POINT('',(-20.0979803,61.631742007,-1.8999746));
#11741=DIRECTION('',(0.707106781,0.,-0.707106781));
#11742=DIRECTION('',(0.,-1.,0.));
#11743=AXIS2_PLACEMENT_3D('',#11740,#11741,#11742);
#11744=PLANE('',#11743);
#11745=ORIENTED_EDGE('',*,*,#11704,.T.);
#11746=ORIENTED_EDGE('',*,*,#11437,.F.);
#11747=CARTESIAN_POINT('',(-21.6979803,52.431742007,-3.4999746));
#11748=VERTEX_POINT('',#11747);
#11749=CARTESIAN_POINT('',(-21.6979803,52.431742007,-3.4999746));
#11750=DIRECTION('',(0.707106781,0.,0.707106781));
#11751=VECTOR('',#11750,2.2627417);
#11752=LINE('',#11749,#11751);
#11753=EDGE_CURVE('',#11748,#11424,#11752,.T.);
#11754=ORIENTED_EDGE('',*,*,#11753,.F.);
#11755=CARTESIAN_POINT('',(-21.6979803,60.631742007,-3.4999746));
#11756=DIRECTION('',(0.,-1.,0.));
#11757=VECTOR('',#11756,8.2);
#11758=LINE('',#11755,#11757);
#11759=EDGE_CURVE('',#11699,#11748,#11758,.T.);
#11760=ORIENTED_EDGE('',*,*,#11759,.F.);
#11761=EDGE_LOOP('',(#11745,#11746,#11754,#11760));
#11762=FACE_BOUND('',#11761,.T.);
#11763=ADVANCED_FACE('',(#11762),#11744,.T.);
#11764=CARTESIAN_POINT('',(-6.0979803,52.431742007,-3.0999746));
#11765=DIRECTION('',(0.,0.,-1.));
#11766=DIRECTION('',(-1.,0.,0.));
#11767=AXIS2_PLACEMENT_3D('',#11764,#11765,#11766);
#11768=CONICAL_SURFACE('',#11767,2.2,45.);
#11769=ORIENTED_EDGE('',*,*,#11734,.T.);
#11770=CARTESIAN_POINT('',(-6.0979803,49.831742007,-3.4999746));
#11771=VERTEX_POINT('',#11770);
#11772=CARTESIAN_POINT('',(-6.0979803,52.431742007,-3.4999746));
#11773=DIRECTION('',(-0.,-0.,1.));
#11774=DIRECTION('',(-1.,0.,0.));
#11775=AXIS2_PLACEMENT_3D('',#11772,#11773,#11774);
#11776=CIRCLE('',#11775,2.6);
#11777=EDGE_CURVE('',#11771,#11723,#11776,.T.);
#11778=ORIENTED_EDGE('',*,*,#11777,.F.);
#11779=CARTESIAN_POINT('',(-6.0979803,51.431742007,-1.8999746));
#11780=DIRECTION('',(0.,-0.707106781,-0.707106781));
#11781=VECTOR('',#11780,2.2627417);
#11782=LINE('',#11779,#11781);
#11783=EDGE_CURVE('',#11455,#11771,#11782,.T.);
#11784=ORIENTED_EDGE('',*,*,#11783,.F.);
#11785=ORIENTED_EDGE('',*,*,#11558,.F.);
#11786=EDGE_LOOP('',(#11769,#11778,#11784,#11785));
#11787=FACE_BOUND('',#11786,.T.);
#11788=ADVANCED_FACE('',(#11787),#11768,.F.);
#11789=CARTESIAN_POINT('',(-19.0979803,52.431742007,-3.0999746));
#11790=DIRECTION('',(0.,0.,-1.));
#11791=DIRECTION('',(-1.,0.,0.));
#11792=AXIS2_PLACEMENT_3D('',#11789,#11790,#11791);
#11793=CONICAL_SURFACE('',#11792,2.2,45.);
#11794=ORIENTED_EDGE('',*,*,#11753,.T.);
#11795=ORIENTED_EDGE('',*,*,#11540,.F.);
#11796=CARTESIAN_POINT('',(-19.0979803,49.831742007,-3.4999746));
#11797=VERTEX_POINT('',#11796);
#11798=CARTESIAN_POINT('',(-19.0979803,49.831742007,-3.4999746));
#11799=DIRECTION('',(0.,0.707106781,0.707106781));
#11800=VECTOR('',#11799,2.2627417);
#11801=LINE('',#11798,#11800);
#11802=EDGE_CURVE('',#11797,#11463,#11801,.T.);
#11803=ORIENTED_EDGE('',*,*,#11802,.F.);
#11804=CARTESIAN_POINT('',(-19.0979803,52.431742007,-3.4999746));
#11805=DIRECTION('',(-0.,-0.,1.));
#11806=DIRECTION('',(-1.,0.,0.));
#11807=AXIS2_PLACEMENT_3D('',#11804,#11805,#11806);
#11808=CIRCLE('',#11807,2.6);
#11809=EDGE_CURVE('',#11748,#11797,#11808,.T.);
#11810=ORIENTED_EDGE('',*,*,#11809,.F.);
#11811=EDGE_LOOP('',(#11794,#11795,#11803,#11810));
#11812=FACE_BOUND('',#11811,.T.);
#11813=ADVANCED_FACE('',(#11812),#11793,.F.);
#11814=CARTESIAN_POINT('',(-20.0979803,51.431742007,-1.8999746));
#11815=DIRECTION('',(0.,0.707106781,-0.707106781));
#11816=DIRECTION('',(1.,0.,0.));
#11817=AXIS2_PLACEMENT_3D('',#11814,#11815,#11816);
#11818=PLANE('',#11817);
#11819=ORIENTED_EDGE('',*,*,#11783,.T.);
#11820=CARTESIAN_POINT('',(-19.0979803,49.831742007,-3.4999746));
#11821=DIRECTION('',(1.,0.,-0.));
#11822=VECTOR('',#11821,13.);
#11823=LINE('',#11820,#11822);
#11824=EDGE_CURVE('',#11797,#11771,#11823,.T.);
#11825=ORIENTED_EDGE('',*,*,#11824,.F.);
#11826=ORIENTED_EDGE('',*,*,#11802,.T.);
#11827=ORIENTED_EDGE('',*,*,#11468,.F.);
#11828=EDGE_LOOP('',(#11819,#11825,#11826,#11827));
#11829=FACE_BOUND('',#11828,.T.);
#11830=ADVANCED_FACE('',(#11829),#11818,.T.);
#11831=CARTESIAN_POINT('',(-147.38022606,84.669227838,0.642373652));
#11832=DIRECTION('',(0.,0.,1.));
#11833=DIRECTION('',(0.,-1.,0.));
#11834=AXIS2_PLACEMENT_3D('',#11831,#11832,#11833);
#11835=CYLINDRICAL_SURFACE('',#11834,1.);
#11836=ORIENTED_EDGE('',*,*,#1152,.F.);
#11837=ORIENTED_EDGE('',*,*,#2409,.F.);
#11838=CARTESIAN_POINT('',(-147.38022606,84.669227838,-2.0999746));
#11839=DIRECTION('',(0.,0.,1.));
#11840=DIRECTION('',(0.,-1.,0.));
#11841=AXIS2_PLACEMENT_3D('',#11838,#11839,#11840);
#11842=CIRCLE('',#11841,1.);
#11843=EDGE_CURVE('',#11172,#2396,#11842,.T.);
#11844=ORIENTED_EDGE('',*,*,#11843,.F.);
#11845=ORIENTED_EDGE('',*,*,#11177,.F.);
#11846=ORIENTED_EDGE('',*,*,#10827,.F.);
#11847=ORIENTED_EDGE('',*,*,#2942,.F.);
#11848=EDGE_LOOP('',(#11836,#11837,#11844,#11845,#11846,#11847));
#11849=FACE_BOUND('',#11848,.T.);
#11850=ADVANCED_FACE('',(#11849),#11835,.F.);
#11851=CARTESIAN_POINT('',(-68.529200346,7.456273383,1.962159549));
#11852=DIRECTION('',(0.999999923,0.000392828,-0.));
#11853=DIRECTION('',(-0.,-0.,-1.));
#11854=AXIS2_PLACEMENT_3D('',#11851,#11852,#11853);
#11855=PLANE('',#11854);
#11856=ORIENTED_EDGE('',*,*,#655,.T.);
#11857=CARTESIAN_POINT('',(-68.528804801,6.449357377,3.630665245));
#11858=VERTEX_POINT('',#11857);
#11859=CARTESIAN_POINT('',(-68.529184795,7.416684377,3.922570541));
#11860=DIRECTION('',(-0.999999923,-0.000392828,0.));
#11861=DIRECTION('',(-0.000392828,0.999999923,0.));
#11862=AXIS2_PLACEMENT_3D('',#11859,#11860,#11861);
#11863=CIRCLE('',#11862,1.010410991);
#11864=EDGE_CURVE('',#650,#11858,#11863,.T.);
#11865=ORIENTED_EDGE('',*,*,#11864,.T.);
#11866=CARTESIAN_POINT('',(-68.528756728,6.326980548,4.25387838));
#11867=VERTEX_POINT('',#11866);
#11868=CARTESIAN_POINT('',(-68.529404136,7.975048424,4.25387838));
#11869=DIRECTION('',(-0.999999923,-0.000392828,0.));
#11870=DIRECTION('',(-0.000392828,0.999999923,0.));
#11871=AXIS2_PLACEMENT_3D('',#11868,#11869,#11870);
#11872=CIRCLE('',#11871,1.648068003);
#11873=EDGE_CURVE('',#11858,#11867,#11872,.T.);
#11874=ORIENTED_EDGE('',*,*,#11873,.T.);
#11875=CARTESIAN_POINT('',(-68.528756728,6.326980548,4.670708497));
#11876=VERTEX_POINT('',#11875);
#11877=CARTESIAN_POINT('',(-68.528756728,6.326980548,4.670708497));
#11878=DIRECTION('',(-0.,-0.,-1.));
#11879=VECTOR('',#11878,0.416830117);
#11880=LINE('',#11877,#11879);
#11881=EDGE_CURVE('',#11876,#11867,#11880,.T.);
#11882=ORIENTED_EDGE('',*,*,#11881,.F.);
#11883=CARTESIAN_POINT('',(-68.529184795,7.416684377,4.502790987));
#11884=DIRECTION('',(-0.999999923,-0.000392828,0.));
#11885=DIRECTION('',(-0.000392828,0.999999923,0.));
#11886=AXIS2_PLACEMENT_3D('',#11883,#11884,#11885);
#11887=CIRCLE('',#11886,1.102565603);
#11888=EDGE_CURVE('',#11876,#648,#11887,.T.);
#11889=ORIENTED_EDGE('',*,*,#11888,.T.);
#11890=EDGE_LOOP('',(#11856,#11865,#11874,#11882,#11889));
#11891=FACE_BOUND('',#11890,.T.);
#11892=ADVANCED_FACE('',(#11891),#11855,.F.);
#11893=CARTESIAN_POINT('',(-74.7235935,7.453840049,1.962159549));
#11894=DIRECTION('',(0.999999923,0.000392828,-0.));
#11895=DIRECTION('',(-0.,-0.,-1.));
#11896=AXIS2_PLACEMENT_3D('',#11893,#11894,#11895);
#11897=PLANE('',#11896);
#11898=CARTESIAN_POINT('',(-74.723149882,6.324547214,4.670708497));
#11899=VERTEX_POINT('',#11898);
#11900=CARTESIAN_POINT('',(-74.723577949,7.414251044,4.502790987));
#11901=DIRECTION('',(-0.999999923,-0.000392828,0.));
#11902=DIRECTION('',(-0.000392828,0.999999923,0.));
#11903=AXIS2_PLACEMENT_3D('',#11900,#11901,#11902);
#11904=CIRCLE('',#11903,1.102565603);
#11905=EDGE_CURVE('',#11899,#724,#11904,.T.);
#11906=ORIENTED_EDGE('',*,*,#11905,.F.);
#11907=CARTESIAN_POINT('',(-74.723149882,6.324547214,4.25387838));
#11908=VERTEX_POINT('',#11907);
#11909=CARTESIAN_POINT('',(-74.723149882,6.324547214,4.670708497));
#11910=DIRECTION('',(-0.,-0.,-1.));
#11911=VECTOR('',#11910,0.416830117);
#11912=LINE('',#11909,#11911);
#11913=EDGE_CURVE('',#11899,#11908,#11912,.T.);
#11914=ORIENTED_EDGE('',*,*,#11913,.T.);
#11915=CARTESIAN_POINT('',(-74.723197955,6.446924043,3.630665245));
#11916=VERTEX_POINT('',#11915);
#11917=CARTESIAN_POINT('',(-74.72379729,7.972615091,4.25387838));
#11918=DIRECTION('',(-0.999999923,-0.000392828,0.));
#11919=DIRECTION('',(-0.000392828,0.999999923,0.));
#11920=AXIS2_PLACEMENT_3D('',#11917,#11918,#11919);
#11921=CIRCLE('',#11920,1.648068003);
#11922=EDGE_CURVE('',#11916,#11908,#11921,.T.);
#11923=ORIENTED_EDGE('',*,*,#11922,.F.);
#11924=CARTESIAN_POINT('',(-74.723577949,7.414251044,3.922570541));
#11925=DIRECTION('',(-0.999999923,-0.000392828,0.));
#11926=DIRECTION('',(-0.000392828,0.999999923,0.));
#11927=AXIS2_PLACEMENT_3D('',#11924,#11925,#11926);
#11928=CIRCLE('',#11927,1.010410991);
#11929=EDGE_CURVE('',#733,#11916,#11928,.T.);
#11930=ORIENTED_EDGE('',*,*,#11929,.F.);
#11931=ORIENTED_EDGE('',*,*,#738,.F.);
#11932=EDGE_LOOP('',(#11906,#11914,#11923,#11930,#11931));
#11933=FACE_BOUND('',#11932,.T.);
#11934=ADVANCED_FACE('',(#11933),#11897,.T.);
#11935=CARTESIAN_POINT('',(-74.623577956,7.414290326,3.922570541));
#11936=DIRECTION('',(0.999999923,0.000392828,-0.));
#11937=DIRECTION('',(-0.000392828,0.999999923,0.));
#11938=AXIS2_PLACEMENT_3D('',#11935,#11936,#11937);
#11939=CYLINDRICAL_SURFACE('',#11938,1.010410991);
#11940=ORIENTED_EDGE('',*,*,#2344,.F.);
#11941=ORIENTED_EDGE('',*,*,#747,.F.);
#11942=ORIENTED_EDGE('',*,*,#11929,.T.);
#11943=CARTESIAN_POINT('',(-74.723197955,6.446924043,3.630665245));
#11944=DIRECTION('',(0.999999923,0.000392828,-0.));
#11945=VECTOR('',#11944,6.194393632);
#11946=LINE('',#11943,#11945);
#11947=EDGE_CURVE('',#11916,#11858,#11946,.T.);
#11948=ORIENTED_EDGE('',*,*,#11947,.T.);
#11949=ORIENTED_EDGE('',*,*,#11864,.F.);
#11950=ORIENTED_EDGE('',*,*,#703,.F.);
#11951=EDGE_LOOP('',(#11940,#11941,#11942,#11948,#11949,#11950));
#11952=FACE_BOUND('',#11951,.T.);
#11953=ADVANCED_FACE('',(#11952),#11939,.F.);
#11954=CARTESIAN_POINT('',(-74.623797298,7.972654373,4.25387838));
#11955=DIRECTION('',(0.999999923,0.000392828,-0.));
#11956=DIRECTION('',(-0.000392828,0.999999923,0.));
#11957=AXIS2_PLACEMENT_3D('',#11954,#11955,#11956);
#11958=CYLINDRICAL_SURFACE('',#11957,1.648068003);
#11959=ORIENTED_EDGE('',*,*,#11873,.F.);
#11960=ORIENTED_EDGE('',*,*,#11947,.F.);
#11961=ORIENTED_EDGE('',*,*,#11922,.T.);
#11962=CARTESIAN_POINT('',(-74.723149882,6.324547214,4.25387838));
#11963=DIRECTION('',(0.999999923,0.000392828,0.));
#11964=VECTOR('',#11963,6.194393632);
#11965=LINE('',#11962,#11964);
#11966=EDGE_CURVE('',#11908,#11867,#11965,.T.);
#11967=ORIENTED_EDGE('',*,*,#11966,.T.);
#11968=EDGE_LOOP('',(#11959,#11960,#11961,#11967));
#11969=FACE_BOUND('',#11968,.T.);
#11970=ADVANCED_FACE('',(#11969),#11958,.F.);
#11971=CARTESIAN_POINT('',(-74.62314989,6.324586497,5.152156461));
#11972=DIRECTION('',(0.000392828,-0.999999923,0.));
#11973=DIRECTION('',(0.999999923,0.000392828,-0.));
#11974=AXIS2_PLACEMENT_3D('',#11971,#11972,#11973);
#11975=PLANE('',#11974);
#11976=ORIENTED_EDGE('',*,*,#11881,.T.);
#11977=ORIENTED_EDGE('',*,*,#11966,.F.);
#11978=ORIENTED_EDGE('',*,*,#11913,.F.);
#11979=CARTESIAN_POINT('',(-74.723149882,6.324547214,4.670708497));
#11980=DIRECTION('',(0.999999923,0.000392828,-0.));
#11981=VECTOR('',#11980,6.194393632);
#11982=LINE('',#11979,#11981);
#11983=EDGE_CURVE('',#11899,#11876,#11982,.T.);
#11984=ORIENTED_EDGE('',*,*,#11983,.T.);
#11985=EDGE_LOOP('',(#11976,#11977,#11978,#11984));
#11986=FACE_BOUND('',#11985,.T.);
#11987=ADVANCED_FACE('',(#11986),#11975,.F.);
#11988=CARTESIAN_POINT('',(-74.623577956,7.414290326,4.502790987));
#11989=DIRECTION('',(0.999999923,0.000392828,-0.));
#11990=DIRECTION('',(-0.000392828,0.999999923,0.));
#11991=AXIS2_PLACEMENT_3D('',#11988,#11989,#11990);
#11992=CYLINDRICAL_SURFACE('',#11991,1.102565603);
#11993=ORIENTED_EDGE('',*,*,#11888,.F.);
#11994=ORIENTED_EDGE('',*,*,#11983,.F.);
#11995=ORIENTED_EDGE('',*,*,#11905,.T.);
#11996=ORIENTED_EDGE('',*,*,#730,.F.);
#11997=ORIENTED_EDGE('',*,*,#920,.F.);
#11998=ORIENTED_EDGE('',*,*,#664,.F.);
#11999=EDGE_LOOP('',(#11993,#11994,#11995,#11996,#11997,#11998));
#12000=FACE_BOUND('',#11999,.T.);
#12001=ADVANCED_FACE('',(#12000),#11992,.F.);
#12002=CARTESIAN_POINT('',(-75.99192645,103.891337797,1.962159549));
#12003=DIRECTION('',(-0.999999923,-0.000392828,-0.));
#12004=DIRECTION('',(0.,0.,-1.));
#12005=AXIS2_PLACEMENT_3D('',#12002,#12003,#12004);
#12006=PLANE('',#12005);
#12007=ORIENTED_EDGE('',*,*,#637,.T.);
#12008=CARTESIAN_POINT('',(-75.992321995,104.898253802,3.630665245));
#12009=VERTEX_POINT('',#12008);
#12010=CARTESIAN_POINT('',(-75.991942002,103.930926802,3.922570541));
#12011=DIRECTION('',(0.999999923,0.000392828,0.));
#12012=DIRECTION('',(0.000392828,-0.999999923,0.));
#12013=AXIS2_PLACEMENT_3D('',#12010,#12011,#12012);
#12014=CIRCLE('',#12013,1.010410991);
#12015=EDGE_CURVE('',#625,#12009,#12014,.T.);
#12016=ORIENTED_EDGE('',*,*,#12015,.T.);
#12017=CARTESIAN_POINT('',(-75.992370068,105.020630631,4.25387838));
#12018=VERTEX_POINT('',#12017);
#12019=CARTESIAN_POINT('',(-75.991722661,103.372562755,4.25387838));
#12020=DIRECTION('',(0.999999923,0.000392828,0.));
#12021=DIRECTION('',(0.000392828,-0.999999923,0.));
#12022=AXIS2_PLACEMENT_3D('',#12019,#12020,#12021);
#12023=CIRCLE('',#12022,1.648068003);
#12024=EDGE_CURVE('',#12009,#12018,#12023,.T.);
#12025=ORIENTED_EDGE('',*,*,#12024,.T.);
#12026=CARTESIAN_POINT('',(-75.992370068,105.020630631,4.670708497));
#12027=VERTEX_POINT('',#12026);
#12028=CARTESIAN_POINT('',(-75.992370068,105.020630631,4.670708497));
#12029=DIRECTION('',(0.,0.,-1.));
#12030=VECTOR('',#12029,0.416830117);
#12031=LINE('',#12028,#12030);
#12032=EDGE_CURVE('',#12027,#12018,#12031,.T.);
#12033=ORIENTED_EDGE('',*,*,#12032,.F.);
#12034=CARTESIAN_POINT('',(-75.991942002,103.930926802,4.502790987));
#12035=DIRECTION('',(0.999999923,0.000392828,0.));
#12036=DIRECTION('',(0.000392828,-0.999999923,0.));
#12037=AXIS2_PLACEMENT_3D('',#12034,#12035,#12036);
#12038=CIRCLE('',#12037,1.102565603);
#12039=EDGE_CURVE('',#12027,#606,#12038,.T.);
#12040=ORIENTED_EDGE('',*,*,#12039,.T.);
#12041=EDGE_LOOP('',(#12007,#12016,#12025,#12033,#12040));
#12042=FACE_BOUND('',#12041,.T.);
#12043=ADVANCED_FACE('',(#12042),#12006,.F.);
#12044=CARTESIAN_POINT('',(-69.797533296,103.893771131,1.962159549));
#12045=DIRECTION('',(-0.999999923,-0.000392828,-0.));
#12046=DIRECTION('',(0.,0.,-1.));
#12047=AXIS2_PLACEMENT_3D('',#12044,#12045,#12046);
#12048=PLANE('',#12047);
#12049=CARTESIAN_POINT('',(-69.797976914,105.023063965,4.670708497));
#12050=VERTEX_POINT('',#12049);
#12051=CARTESIAN_POINT('',(-69.797548848,103.933360136,4.502790987));
#12052=DIRECTION('',(0.999999923,0.000392828,0.));
#12053=DIRECTION('',(0.000392828,-0.999999923,0.));
#12054=AXIS2_PLACEMENT_3D('',#12051,#12052,#12053);
#12055=CIRCLE('',#12054,1.102565603);
#12056=EDGE_CURVE('',#12050,#608,#12055,.T.);
#12057=ORIENTED_EDGE('',*,*,#12056,.F.);
#12058=CARTESIAN_POINT('',(-69.797976914,105.023063965,4.25387838));
#12059=VERTEX_POINT('',#12058);
#12060=CARTESIAN_POINT('',(-69.797976914,105.023063965,4.670708497));
#12061=DIRECTION('',(0.,0.,-1.));
#12062=VECTOR('',#12061,0.416830117);
#12063=LINE('',#12060,#12062);
#12064=EDGE_CURVE('',#12050,#12059,#12063,.T.);
#12065=ORIENTED_EDGE('',*,*,#12064,.T.);
#12066=CARTESIAN_POINT('',(-69.797928841,104.900687136,3.630665245));
#12067=VERTEX_POINT('',#12066);
#12068=CARTESIAN_POINT('',(-69.797329507,103.374996089,4.25387838));
#12069=DIRECTION('',(0.999999923,0.000392828,0.));
#12070=DIRECTION('',(0.000392828,-0.999999923,0.));
#12071=AXIS2_PLACEMENT_3D('',#12068,#12069,#12070);
#12072=CIRCLE('',#12071,1.648068003);
#12073=EDGE_CURVE('',#12067,#12059,#12072,.T.);
#12074=ORIENTED_EDGE('',*,*,#12073,.F.);
#12075=CARTESIAN_POINT('',(-69.797548848,103.933360136,3.922570541));
#12076=DIRECTION('',(0.999999923,0.000392828,0.));
#12077=DIRECTION('',(0.000392828,-0.999999923,0.));
#12078=AXIS2_PLACEMENT_3D('',#12075,#12076,#12077);
#12079=CIRCLE('',#12078,1.010410991);
#12080=EDGE_CURVE('',#617,#12067,#12079,.T.);
#12081=ORIENTED_EDGE('',*,*,#12080,.F.);
#12082=ORIENTED_EDGE('',*,*,#622,.F.);
#12083=EDGE_LOOP('',(#12057,#12065,#12074,#12081,#12082));
#12084=FACE_BOUND('',#12083,.T.);
#12085=ADVANCED_FACE('',(#12084),#12048,.T.);
#12086=CARTESIAN_POINT('',(-69.89754884,103.933320853,3.922570541));
#12087=DIRECTION('',(-0.999999923,-0.000392828,-0.));
#12088=DIRECTION('',(0.000392828,-0.999999923,0.));
#12089=AXIS2_PLACEMENT_3D('',#12086,#12087,#12088);
#12090=CYLINDRICAL_SURFACE('',#12089,1.010410991);
#12091=ORIENTED_EDGE('',*,*,#12080,.T.);
#12092=CARTESIAN_POINT('',(-69.797928841,104.900687136,3.630665245));
#12093=DIRECTION('',(-0.999999923,-0.000392828,-0.));
#12094=VECTOR('',#12093,6.194393632);
#12095=LINE('',#12092,#12094);
#12096=EDGE_CURVE('',#12067,#12009,#12095,.T.);
#12097=ORIENTED_EDGE('',*,*,#12096,.T.);
#12098=ORIENTED_EDGE('',*,*,#12015,.F.);
#12099=ORIENTED_EDGE('',*,*,#631,.F.);
#12100=EDGE_LOOP('',(#12091,#12097,#12098,#12099));
#12101=FACE_BOUND('',#12100,.T.);
#12102=ADVANCED_FACE('',(#12101),#12090,.F.);
#12103=CARTESIAN_POINT('',(-69.897329499,103.374956806,4.25387838));
#12104=DIRECTION('',(-0.999999923,-0.000392828,-0.));
#12105=DIRECTION('',(0.000392828,-0.999999923,0.));
#12106=AXIS2_PLACEMENT_3D('',#12103,#12104,#12105);
#12107=CYLINDRICAL_SURFACE('',#12106,1.648068003);
#12108=ORIENTED_EDGE('',*,*,#12024,.F.);
#12109=ORIENTED_EDGE('',*,*,#12096,.F.);
#12110=ORIENTED_EDGE('',*,*,#12073,.T.);
#12111=CARTESIAN_POINT('',(-69.797976914,105.023063965,4.25387838));
#12112=DIRECTION('',(-0.999999923,-0.000392828,0.));
#12113=VECTOR('',#12112,6.194393632);
#12114=LINE('',#12111,#12113);
#12115=EDGE_CURVE('',#12059,#12018,#12114,.T.);
#12116=ORIENTED_EDGE('',*,*,#12115,.T.);
#12117=EDGE_LOOP('',(#12108,#12109,#12110,#12116));
#12118=FACE_BOUND('',#12117,.T.);
#12119=ADVANCED_FACE('',(#12118),#12107,.F.);
#12120=CARTESIAN_POINT('',(-69.897976907,105.023024682,5.152156461));
#12121=DIRECTION('',(-0.000392828,0.999999923,0.));
#12122=DIRECTION('',(-0.999999923,-0.000392828,0.));
#12123=AXIS2_PLACEMENT_3D('',#12120,#12121,#12122);
#12124=PLANE('',#12123);
#12125=ORIENTED_EDGE('',*,*,#12032,.T.);
#12126=ORIENTED_EDGE('',*,*,#12115,.F.);
#12127=ORIENTED_EDGE('',*,*,#12064,.F.);
#12128=CARTESIAN_POINT('',(-69.797976914,105.023063965,4.670708497));
#12129=DIRECTION('',(-0.999999923,-0.000392828,-0.));
#12130=VECTOR('',#12129,6.194393632);
#12131=LINE('',#12128,#12130);
#12132=EDGE_CURVE('',#12050,#12027,#12131,.T.);
#12133=ORIENTED_EDGE('',*,*,#12132,.T.);
#12134=EDGE_LOOP('',(#12125,#12126,#12127,#12133));
#12135=FACE_BOUND('',#12134,.T.);
#12136=ADVANCED_FACE('',(#12135),#12124,.F.);
#12137=CARTESIAN_POINT('',(-69.89754884,103.933320853,4.502790987));
#12138=DIRECTION('',(-0.999999923,-0.000392828,-0.));
#12139=DIRECTION('',(0.000392828,-0.999999923,0.));
#12140=AXIS2_PLACEMENT_3D('',#12137,#12138,#12139);
#12141=CYLINDRICAL_SURFACE('',#12140,1.102565603);
#12142=ORIENTED_EDGE('',*,*,#12039,.F.);
#12143=ORIENTED_EDGE('',*,*,#12132,.F.);
#12144=ORIENTED_EDGE('',*,*,#12056,.T.);
#12145=ORIENTED_EDGE('',*,*,#614,.F.);
#12146=EDGE_LOOP('',(#12142,#12143,#12144,#12145));
#12147=FACE_BOUND('',#12146,.T.);
#12148=ADVANCED_FACE('',(#12147),#12141,.F.);
#12149=CARTESIAN_POINT('',(-98.36280517,6.376426803,-0.9999746));
#12150=DIRECTION('',(0.,0.,1.));
#12151=DIRECTION('',(1.,0.,-0.));
#12152=AXIS2_PLACEMENT_3D('',#12149,#12150,#12151);
#12153=CYLINDRICAL_SURFACE('',#12152,1.5);
#12154=CARTESIAN_POINT('',(-98.36280517,6.376426803,-2.0999746));
#12155=DIRECTION('',(0.,0.,1.));
#12156=DIRECTION('',(0.,-1.,0.));
#12157=AXIS2_PLACEMENT_3D('',#12154,#12155,#12156);
#12158=CIRCLE('',#12157,1.5);
#12159=EDGE_CURVE('',#1030,#11105,#12158,.T.);
#12160=ORIENTED_EDGE('',*,*,#12159,.F.);
#12161=ORIENTED_EDGE('',*,*,#1035,.F.);
#12162=ORIENTED_EDGE('',*,*,#499,.F.);
#12163=ORIENTED_EDGE('',*,*,#11116,.F.);
#12164=EDGE_LOOP('',(#12160,#12161,#12162,#12163));
#12165=FACE_BOUND('',#12164,.T.);
#12166=ADVANCED_FACE('',(#12165),#12153,.F.);
#12167=CARTESIAN_POINT('',(-36.790069028,96.647195488,-3.4999746));
#12168=CARTESIAN_POINT('',(-36.792408029,95.99154336,-3.4999746));
#12169=CARTESIAN_POINT('',(-36.520591576,95.342779114,-3.4999746));
#12170=CARTESIAN_POINT('',(-35.595020793,94.416018375,-3.4999746));
#12171=CARTESIAN_POINT('',(-34.946580544,94.147247576,-3.4999746));
#12172=CARTESIAN_POINT('',(-33.636931708,94.147144567,-3.4999746));
#12173=CARTESIAN_POINT('',(-32.987494889,94.414316749,-3.4999746));
#12174=CARTESIAN_POINT('',(-32.059698415,95.34195313,-3.4999746));
#12175=CARTESIAN_POINT('',(-31.788177281,95.986571762,-3.4999746));
#12176=CARTESIAN_POINT('',(-31.790069055,96.647195488,-3.4999746));
#12177=CARTESIAN_POINT('',(-36.190069028,96.647195488,-2.8999746));
#12178=CARTESIAN_POINT('',(-36.191845958,96.148899814,-2.8999746));
#12179=CARTESIAN_POINT('',(-35.985266471,95.655839162,-2.8999746));
#12180=CARTESIAN_POINT('',(-35.281832081,94.951500785,-2.8999746));
#12181=CARTESIAN_POINT('',(-34.789017614,94.747234977,-2.8999746));
#12182=CARTESIAN_POINT('',(-33.793683916,94.747156892,-2.8999746));
#12183=CARTESIAN_POINT('',(-33.300112216,94.950207927,-2.8999746));
#12184=CARTESIAN_POINT('',(-32.594987133,95.655211725,-2.8999746));
#12185=CARTESIAN_POINT('',(-32.388631891,96.145121859,-2.8999746));
#12186=CARTESIAN_POINT('',(-32.390069055,96.647195488,-2.8999746));
#12187=CARTESIAN_POINT('',(-36.100069028,96.647195488,-2.8099746));
#12188=CARTESIAN_POINT('',(-36.101761647,96.172503282,-2.8099746));
#12189=CARTESIAN_POINT('',(-35.904967706,95.702798169,-2.8099746));
#12190=CARTESIAN_POINT('',(-35.234853774,95.031823146,-2.8099746));
#12191=CARTESIAN_POINT('',(-34.765383175,94.837233087,-2.8099746));
#12192=CARTESIAN_POINT('',(-33.817196747,94.837158741,-2.8099746));
#12193=CARTESIAN_POINT('',(-33.347004815,95.030591604,-2.8099746));
#12194=CARTESIAN_POINT('',(-32.675280441,95.702200515,-2.8099746));
#12195=CARTESIAN_POINT('',(-32.478700082,96.168904374,-2.8099746));
#12196=CARTESIAN_POINT('',(-32.480069055,96.647195488,-2.8099746));
#12197=CARTESIAN_POINT('',(-36.039662813,96.647195488,-2.749568384));
#12198=CARTESIAN_POINT('',(-36.041298844,96.188345462,-2.749568384));
#12199=CARTESIAN_POINT('',(-35.851072766,95.734316124,-2.749568384));
#12200=CARTESIAN_POINT('',(-35.203322866,95.085733923,-2.749568384));
#12201=CARTESIAN_POINT('',(-34.749520208,94.897638035,-2.749568384));
#12202=CARTESIAN_POINT('',(-33.832978093,94.897566197,-2.749568384));
#12203=CARTESIAN_POINT('',(-33.378478197,95.084543534,-2.749568384));
#12204=CARTESIAN_POINT('',(-32.729171717,95.733738458,-2.749568384));
#12205=CARTESIAN_POINT('',(-32.539152066,96.184866726,-2.749568384));
#12206=CARTESIAN_POINT('',(-32.540475271,96.647195488,-2.749568384));
#12207=B_SPLINE_SURFACE_WITH_KNOTS('',1,3,((#12167,#12168,#12169,#12170,#12171,#12172,#12173,#12174,#12175,#12176),(#12177,#12178,#12179,#12180,#12181,#12182,#12183,#12184,#12185,#12186),(#12187,#12188,#12189,#12190,#12191,#12192,#12193,#12194,#12195,#12196),(#12197,#12198,#12199,#12200,#12201,#12202,#12203,#12204,#12205,#12206)),.UNSPECIFIED.,.F.,.F.,.U.,(2,1,1,2),(4,2,2,2,4),(0.,1.,1.15,1.250677026),(0.,0.001953638,0.003907276,0.005860915,0.007814553),.UNSPECIFIED.);
#12208=CARTESIAN_POINT('',(-36.790069028,96.647195488,-3.4999746));
#12209=VERTEX_POINT('',#12208);
#12210=CARTESIAN_POINT('',(-36.040069028,96.647195488,-2.7499746));
#12211=CARTESIAN_POINT('',(-36.290069028,96.647195488,-2.9999746));
#12212=CARTESIAN_POINT('',(-36.540069028,96.647195488,-3.2499746));
#12213=CARTESIAN_POINT('',(-36.790069028,96.647195488,-3.4999746));
#12214=B_SPLINE_CURVE_WITH_KNOTS('',3,(#12210,#12211,#12212,#12213),.UNSPECIFIED.,.F.,.F.,(4,4),(-0.,1.25),.UNSPECIFIED.);
#12215=EDGE_CURVE('',#9746,#12209,#12214,.T.);
#12216=ORIENTED_EDGE('',*,*,#12215,.F.);
#12217=ORIENTED_EDGE('',*,*,#10117,.F.);
#12218=CARTESIAN_POINT('',(-31.790069055,96.647195488,-3.4999746));
#12219=VERTEX_POINT('',#12218);
#12220=CARTESIAN_POINT('',(-31.790069055,96.647195488,-3.4999746));
#12221=CARTESIAN_POINT('',(-32.040069055,96.647195488,-3.2499746));
#12222=CARTESIAN_POINT('',(-32.290069055,96.647195488,-2.9999746));
#12223=CARTESIAN_POINT('',(-32.540069055,96.647195488,-2.7499746));
#12224=B_SPLINE_CURVE_WITH_KNOTS('',3,(#12220,#12221,#12222,#12223),.UNSPECIFIED.,.F.,.F.,(4,4),(-0.25,1.),.UNSPECIFIED.);
#12225=EDGE_CURVE('',#12219,#9757,#12224,.T.);
#12226=ORIENTED_EDGE('',*,*,#12225,.F.);
#12227=CARTESIAN_POINT('',(-36.790069028,96.647195488,-3.4999746));
#12228=CARTESIAN_POINT('',(-36.791817048,96.157203101,-3.4999746));
#12229=CARTESIAN_POINT('',(-36.598359254,95.691195207,-3.4999746));
#12230=CARTESIAN_POINT('',(-36.40630808,95.228575628,-3.4999746));
#12231=CARTESIAN_POINT('',(-36.057806185,94.879398744,-3.4999746));
#12232=CARTESIAN_POINT('',(-35.71140896,94.532330608,-3.4999746));
#12233=CARTESIAN_POINT('',(-35.24679579,94.339549084,-3.4999746));
#12234=CARTESIAN_POINT('',(-34.783697812,94.147396256,-3.4999746));
#12235=CARTESIAN_POINT('',(-34.291756126,94.147196072,-3.4999746));
#12236=CARTESIAN_POINT('',(-33.800857401,94.146996311,-3.4999746));
#12237=CARTESIAN_POINT('',(-33.336079071,94.33871437,-3.4999746));
#12238=CARTESIAN_POINT('',(-32.871790748,94.530230303,-3.4999746));
#12239=CARTESIAN_POINT('',(-32.523596652,94.878134939,-3.4999746));
#12240=CARTESIAN_POINT('',(-32.174795012,95.226646614,-3.4999746));
#12241=CARTESIAN_POINT('',(-31.982161599,95.688863138,-3.4999746));
#12242=CARTESIAN_POINT('',(-31.788654373,96.153176345,-3.4999746));
#12243=CARTESIAN_POINT('',(-31.790069055,96.647195488,-3.4999746));
#12244=B_SPLINE_CURVE_WITH_KNOTS('',2,(#12227,#12228,#12229,#12230,#12231,#12232,#12233,#12234,#12235,#12236,#12237,#12238,#12239,#12240,#12241,#12242,#12243),.UNSPECIFIED.,.F.,.F.,(3,2,2,2,2,2,2,2,3),(0.,0.125,0.25,0.375,0.5,0.625,0.75,0.875,1.),.UNSPECIFIED.);
#12245=EDGE_CURVE('',#12209,#12219,#12244,.T.);
#12246=ORIENTED_EDGE('',*,*,#12245,.F.);
#12247=EDGE_LOOP('',(#12216,#12217,#12226,#12246));
#12248=FACE_BOUND('',#12247,.T.);
#12249=ADVANCED_FACE('',(#12248),#12207,.T.);
#12250=CARTESIAN_POINT('',(-31.790069055,96.647195488,-3.4999746));
#12251=CARTESIAN_POINT('',(-31.787730054,97.302847616,-3.4999746));
#12252=CARTESIAN_POINT('',(-32.059546508,97.951611863,-3.4999746));
#12253=CARTESIAN_POINT('',(-32.985117291,98.878372601,-3.4999746));
#12254=CARTESIAN_POINT('',(-33.63355754,99.1471434,-3.4999746));
#12255=CARTESIAN_POINT('',(-34.943206376,99.147246408,-3.4999746));
#12256=CARTESIAN_POINT('',(-35.592643194,98.880074227,-3.4999746));
#12257=CARTESIAN_POINT('',(-36.520439668,97.952437846,-3.4999746));
#12258=CARTESIAN_POINT('',(-36.791960803,97.307819214,-3.4999746));
#12259=CARTESIAN_POINT('',(-36.790069028,96.647195488,-3.4999746));
#12260=CARTESIAN_POINT('',(-32.390069055,96.647195488,-2.8999746));
#12261=CARTESIAN_POINT('',(-32.388292127,97.145491164,-2.8999746));
#12262=CARTESIAN_POINT('',(-32.594871612,97.638551814,-2.8999746));
#12263=CARTESIAN_POINT('',(-33.298306003,98.342890192,-2.8999746));
#12264=CARTESIAN_POINT('',(-33.791120468,98.547155999,-2.8999746));
#12265=CARTESIAN_POINT('',(-34.78645417,98.547234083,-2.8999746));
#12266=CARTESIAN_POINT('',(-35.280025867,98.34418305,-2.8999746));
#12267=CARTESIAN_POINT('',(-35.985150951,97.639179249,-2.8999746));
#12268=CARTESIAN_POINT('',(-36.191506192,97.149269119,-2.8999746));
#12269=CARTESIAN_POINT('',(-36.190069028,96.647195488,-2.8999746));
#12270=CARTESIAN_POINT('',(-32.540069055,96.647195488,-2.7499746));
#12271=CARTESIAN_POINT('',(-32.538432645,97.106152051,-2.7499746));
#12272=CARTESIAN_POINT('',(-32.728702888,97.560286802,-2.7499746));
#12273=CARTESIAN_POINT('',(-33.376603181,98.20901959,-2.7499746));
#12274=CARTESIAN_POINT('',(-33.8305112,98.397159149,-2.7499746));
#12275=CARTESIAN_POINT('',(-34.747266119,98.397231002,-2.7499746));
#12276=CARTESIAN_POINT('',(-35.201871535,98.210210255,-2.7499746));
#12277=CARTESIAN_POINT('',(-35.851328772,97.5608646,-2.7499746));
#12278=CARTESIAN_POINT('',(-36.041392539,97.109631595,-2.7499746));
#12279=CARTESIAN_POINT('',(-36.040069028,96.647195488,-2.7499746));
#12280=CARTESIAN_POINT('',(-32.540474359,96.647195488,-2.749569296));
#12281=CARTESIAN_POINT('',(-32.538838328,97.106045755,-2.749569296));
#12282=CARTESIAN_POINT('',(-32.729064503,97.560075328,-2.749569296));
#12283=CARTESIAN_POINT('',(-33.376814742,98.208657868,-2.749569296));
#12284=CARTESIAN_POINT('',(-33.830617635,98.396753853,-2.749569296));
#12285=CARTESIAN_POINT('',(-34.747160231,98.39682569,-2.749569296));
#12286=CARTESIAN_POINT('',(-35.20166036,98.209848257,-2.749569296));
#12287=CARTESIAN_POINT('',(-35.850967181,97.560652992,-2.749569296));
#12288=CARTESIAN_POINT('',(-36.040986928,97.109524493,-2.749569296));
#12289=CARTESIAN_POINT('',(-36.039663725,96.647195488,-2.749569296));
#12290=B_SPLINE_SURFACE_WITH_KNOTS('',1,3,((#12250,#12251,#12252,#12253,#12254,#12255,#12256,#12257,#12258,#12259),(#12260,#12261,#12262,#12263,#12264,#12265,#12266,#12267,#12268,#12269),(#12270,#12271,#12272,#12273,#12274,#12275,#12276,#12277,#12278,#12279),(#12280,#12281,#12282,#12283,#12284,#12285,#12286,#12287,#12288,#12289)),.UNSPECIFIED.,.F.,.F.,.U.,(2,1,1,2),(4,2,2,2,4),(0.,1.,1.25,1.250675506),(0.,0.001953638,0.003907276,0.005860915,0.007814553),.UNSPECIFIED.);
#12291=ORIENTED_EDGE('',*,*,#12225,.T.);
#12292=ORIENTED_EDGE('',*,*,#9802,.F.);
#12293=ORIENTED_EDGE('',*,*,#12215,.T.);
#12294=CARTESIAN_POINT('',(-31.790069055,96.647195488,-3.4999746));
#12295=CARTESIAN_POINT('',(-31.788321036,97.137187875,-3.4999746));
#12296=CARTESIAN_POINT('',(-31.98177883,97.60319577,-3.4999746));
#12297=CARTESIAN_POINT('',(-32.173830004,98.065815349,-3.4999746));
#12298=CARTESIAN_POINT('',(-32.522331899,98.414992232,-3.4999746));
#12299=CARTESIAN_POINT('',(-32.868729124,98.762060368,-3.4999746));
#12300=CARTESIAN_POINT('',(-33.333342294,98.954841893,-3.4999746));
#12301=CARTESIAN_POINT('',(-33.796440272,99.14699472,-3.4999746));
#12302=CARTESIAN_POINT('',(-34.288381958,99.147194904,-3.4999746));
#12303=CARTESIAN_POINT('',(-34.779280683,99.147394664,-3.4999746));
#12304=CARTESIAN_POINT('',(-35.244059013,98.955676606,-3.4999746));
#12305=CARTESIAN_POINT('',(-35.708347335,98.764160672,-3.4999746));
#12306=CARTESIAN_POINT('',(-36.056541431,98.416256037,-3.4999746));
#12307=CARTESIAN_POINT('',(-36.405343072,98.067744362,-3.4999746));
#12308=CARTESIAN_POINT('',(-36.597976484,97.605527838,-3.4999746));
#12309=CARTESIAN_POINT('',(-36.791483711,97.141214631,-3.4999746));
#12310=CARTESIAN_POINT('',(-36.790069028,96.647195488,-3.4999746));
#12311=B_SPLINE_CURVE_WITH_KNOTS('',2,(#12294,#12295,#12296,#12297,#12298,#12299,#12300,#12301,#12302,#12303,#12304,#12305,#12306,#12307,#12308,#12309,#12310),.UNSPECIFIED.,.F.,.F.,(3,2,2,2,2,2,2,2,3),(0.,0.125,0.25,0.375,0.5,0.625,0.75,0.875,1.),.UNSPECIFIED.);
#12312=EDGE_CURVE('',#12219,#12209,#12311,.T.);
#12313=ORIENTED_EDGE('',*,*,#12312,.F.);
#12314=EDGE_LOOP('',(#12291,#12292,#12293,#12313));
#12315=FACE_BOUND('',#12314,.T.);
#12316=ADVANCED_FACE('',(#12315),#12290,.T.);
#12317=CARTESIAN_POINT('',(-28.027051502,96.647195488,-3.4999746));
#12318=CARTESIAN_POINT('',(-28.029390503,95.99154336,-3.4999746));
#12319=CARTESIAN_POINT('',(-27.75757405,95.342779114,-3.4999746));
#12320=CARTESIAN_POINT('',(-26.832003267,94.416018375,-3.4999746));
#12321=CARTESIAN_POINT('',(-26.183563018,94.147247576,-3.4999746));
#12322=CARTESIAN_POINT('',(-24.873914182,94.147144567,-3.4999746));
#12323=CARTESIAN_POINT('',(-24.224477363,94.414316749,-3.4999746));
#12324=CARTESIAN_POINT('',(-23.296680889,95.34195313,-3.4999746));
#12325=CARTESIAN_POINT('',(-23.025159755,95.986571762,-3.4999746));
#12326=CARTESIAN_POINT('',(-23.027051529,96.647195488,-3.4999746));
#12327=CARTESIAN_POINT('',(-27.427051502,96.647195488,-2.8999746));
#12328=CARTESIAN_POINT('',(-27.428828432,96.148899814,-2.8999746));
#12329=CARTESIAN_POINT('',(-27.222248945,95.655839162,-2.8999746));
#12330=CARTESIAN_POINT('',(-26.518814555,94.951500785,-2.8999746));
#12331=CARTESIAN_POINT('',(-26.026000088,94.747234977,-2.8999746));
#12332=CARTESIAN_POINT('',(-25.03066639,94.747156892,-2.8999746));
#12333=CARTESIAN_POINT('',(-24.537094689,94.950207927,-2.8999746));
#12334=CARTESIAN_POINT('',(-23.831969607,95.655211725,-2.8999746));
#12335=CARTESIAN_POINT('',(-23.625614365,96.145121859,-2.8999746));
#12336=CARTESIAN_POINT('',(-23.627051529,96.647195488,-2.8999746));
#12337=CARTESIAN_POINT('',(-27.337051502,96.647195488,-2.8099746));
#12338=CARTESIAN_POINT('',(-27.338744121,96.172503282,-2.8099746));
#12339=CARTESIAN_POINT('',(-27.14195018,95.702798169,-2.8099746));
#12340=CARTESIAN_POINT('',(-26.471836248,95.031823146,-2.8099746));
#12341=CARTESIAN_POINT('',(-26.002365649,94.837233087,-2.8099746));
#12342=CARTESIAN_POINT('',(-25.054179221,94.837158741,-2.8099746));
#12343=CARTESIAN_POINT('',(-24.583987288,95.030591604,-2.8099746));
#12344=CARTESIAN_POINT('',(-23.912262915,95.702200515,-2.8099746));
#12345=CARTESIAN_POINT('',(-23.715682556,96.168904374,-2.8099746));
#12346=CARTESIAN_POINT('',(-23.717051529,96.647195488,-2.8099746));
#12347=CARTESIAN_POINT('',(-27.276645288,96.647195488,-2.749568386));
#12348=CARTESIAN_POINT('',(-27.278281319,96.188345461,-2.749568386));
#12349=CARTESIAN_POINT('',(-27.088055241,95.734316123,-2.749568386));
#12350=CARTESIAN_POINT('',(-26.440305341,95.085733922,-2.749568386));
#12351=CARTESIAN_POINT('',(-25.986502682,94.897638033,-2.749568386));
#12352=CARTESIAN_POINT('',(-25.069960567,94.897566196,-2.749568386));
#12353=CARTESIAN_POINT('',(-24.615460671,95.084543533,-2.749568386));
#12354=CARTESIAN_POINT('',(-23.96615419,95.733738458,-2.749568386));
#12355=CARTESIAN_POINT('',(-23.776134539,96.184866726,-2.749568386));
#12356=CARTESIAN_POINT('',(-23.777457743,96.647195488,-2.749568386));
#12357=B_SPLINE_SURFACE_WITH_KNOTS('',1,3,((#12317,#12318,#12319,#12320,#12321,#12322,#12323,#12324,#12325,#12326),(#12327,#12328,#12329,#12330,#12331,#12332,#12333,#12334,#12335,#12336),(#12337,#12338,#12339,#12340,#12341,#12342,#12343,#12344,#12345,#12346),(#12347,#12348,#12349,#12350,#12351,#12352,#12353,#12354,#12355,#12356)),.UNSPECIFIED.,.F.,.F.,.U.,(2,1,1,2),(4,2,2,2,4),(0.,1.,1.15,1.250677024),(0.,0.001953638,0.003907276,0.005860915,0.007814553),.UNSPECIFIED.);
#12358=CARTESIAN_POINT('',(-28.027051502,96.647195488,-3.4999746));
#12359=VERTEX_POINT('',#12358);
#12360=CARTESIAN_POINT('',(-27.277051503,96.647195488,-2.749974601));
#12361=CARTESIAN_POINT('',(-27.527051503,96.647195488,-2.9999746));
#12362=CARTESIAN_POINT('',(-27.777051503,96.647195488,-3.2499746));
#12363=CARTESIAN_POINT('',(-28.027051502,96.647195488,-3.4999746));
#12364=B_SPLINE_CURVE_WITH_KNOTS('',3,(#12360,#12361,#12362,#12363),.UNSPECIFIED.,.F.,.F.,(4,4),(-0.,1.249999999),.UNSPECIFIED.);
#12365=EDGE_CURVE('',#9012,#12359,#12364,.T.);
#12366=ORIENTED_EDGE('',*,*,#12365,.F.);
#12367=ORIENTED_EDGE('',*,*,#9383,.F.);
#12368=CARTESIAN_POINT('',(-23.027051529,96.647195488,-3.4999746));
#12369=VERTEX_POINT('',#12368);
#12370=CARTESIAN_POINT('',(-23.027051529,96.647195488,-3.4999746));
#12371=CARTESIAN_POINT('',(-23.277051529,96.647195488,-3.2499746));
#12372=CARTESIAN_POINT('',(-23.527051529,96.647195488,-2.9999746));
#12373=CARTESIAN_POINT('',(-23.777051529,96.647195488,-2.7499746));
#12374=B_SPLINE_CURVE_WITH_KNOTS('',3,(#12370,#12371,#12372,#12373),.UNSPECIFIED.,.F.,.F.,(4,4),(-0.25,1.),.UNSPECIFIED.);
#12375=EDGE_CURVE('',#12369,#9023,#12374,.T.);
#12376=ORIENTED_EDGE('',*,*,#12375,.F.);
#12377=CARTESIAN_POINT('',(-28.027051502,96.647195488,-3.4999746));
#12378=CARTESIAN_POINT('',(-28.028799522,96.157203101,-3.4999746));
#12379=CARTESIAN_POINT('',(-27.835341728,95.691195207,-3.4999746));
#12380=CARTESIAN_POINT('',(-27.643290554,95.228575628,-3.4999746));
#12381=CARTESIAN_POINT('',(-27.294788659,94.879398744,-3.4999746));
#12382=CARTESIAN_POINT('',(-26.948391434,94.532330608,-3.4999746));
#12383=CARTESIAN_POINT('',(-26.483778264,94.339549084,-3.4999746));
#12384=CARTESIAN_POINT('',(-26.020680286,94.147396256,-3.4999746));
#12385=CARTESIAN_POINT('',(-25.5287386,94.147196072,-3.4999746));
#12386=CARTESIAN_POINT('',(-25.037839875,94.146996311,-3.4999746));
#12387=CARTESIAN_POINT('',(-24.573061545,94.33871437,-3.4999746));
#12388=CARTESIAN_POINT('',(-24.108773222,94.530230303,-3.4999746));
#12389=CARTESIAN_POINT('',(-23.760579126,94.878134939,-3.4999746));
#12390=CARTESIAN_POINT('',(-23.411777486,95.226646614,-3.4999746));
#12391=CARTESIAN_POINT('',(-23.219144073,95.688863138,-3.4999746));
#12392=CARTESIAN_POINT('',(-23.025636847,96.153176345,-3.4999746));
#12393=CARTESIAN_POINT('',(-23.027051529,96.647195488,-3.4999746));
#12394=B_SPLINE_CURVE_WITH_KNOTS('',2,(#12377,#12378,#12379,#12380,#12381,#12382,#12383,#12384,#12385,#12386,#12387,#12388,#12389,#12390,#12391,#12392,#12393),.UNSPECIFIED.,.F.,.F.,(3,2,2,2,2,2,2,2,3),(0.,0.125,0.25,0.375,0.5,0.625,0.75,0.875,1.),.UNSPECIFIED.);
#12395=EDGE_CURVE('',#12359,#12369,#12394,.T.);
#12396=ORIENTED_EDGE('',*,*,#12395,.F.);
#12397=EDGE_LOOP('',(#12366,#12367,#12376,#12396));
#12398=FACE_BOUND('',#12397,.T.);
#12399=ADVANCED_FACE('',(#12398),#12357,.T.);
#12400=CARTESIAN_POINT('',(-23.027051529,96.647195488,-3.4999746));
#12401=CARTESIAN_POINT('',(-23.024712528,97.302847616,-3.4999746));
#12402=CARTESIAN_POINT('',(-23.296528982,97.951611863,-3.4999746));
#12403=CARTESIAN_POINT('',(-24.222099765,98.878372601,-3.4999746));
#12404=CARTESIAN_POINT('',(-24.870540014,99.1471434,-3.4999746));
#12405=CARTESIAN_POINT('',(-26.18018885,99.147246408,-3.4999746));
#12406=CARTESIAN_POINT('',(-26.829625668,98.880074227,-3.4999746));
#12407=CARTESIAN_POINT('',(-27.757422142,97.952437846,-3.4999746));
#12408=CARTESIAN_POINT('',(-28.028943277,97.307819214,-3.4999746));
#12409=CARTESIAN_POINT('',(-28.027051502,96.647195488,-3.4999746));
#12410=CARTESIAN_POINT('',(-23.627051529,96.647195488,-2.8999746));
#12411=CARTESIAN_POINT('',(-23.625274601,97.145491164,-2.8999746));
#12412=CARTESIAN_POINT('',(-23.831854086,97.638551814,-2.8999746));
#12413=CARTESIAN_POINT('',(-24.535288477,98.342890192,-2.8999746));
#12414=CARTESIAN_POINT('',(-25.028102942,98.547155999,-2.8999746));
#12415=CARTESIAN_POINT('',(-26.023436644,98.547234083,-2.8999746));
#12416=CARTESIAN_POINT('',(-26.517008341,98.34418305,-2.8999746));
#12417=CARTESIAN_POINT('',(-27.222133425,97.639179249,-2.8999746));
#12418=CARTESIAN_POINT('',(-27.428488666,97.149269119,-2.8999746));
#12419=CARTESIAN_POINT('',(-27.427051502,96.647195488,-2.8999746));
#12420=CARTESIAN_POINT('',(-23.777051529,96.647195488,-2.7499746));
#12421=CARTESIAN_POINT('',(-23.775415119,97.106152051,-2.7499746));
#12422=CARTESIAN_POINT('',(-23.965685362,97.560286802,-2.7499746));
#12423=CARTESIAN_POINT('',(-24.613585655,98.20901959,-2.7499746));
#12424=CARTESIAN_POINT('',(-25.067493674,98.397159149,-2.7499746));
#12425=CARTESIAN_POINT('',(-25.984248593,98.397231002,-2.7499746));
#12426=CARTESIAN_POINT('',(-26.438854009,98.210210255,-2.7499746));
#12427=CARTESIAN_POINT('',(-27.088311246,97.5608646,-2.7499746));
#12428=CARTESIAN_POINT('',(-27.278375013,97.109631595,-2.7499746));
#12429=CARTESIAN_POINT('',(-27.277051502,96.647195488,-2.7499746));
#12430=CARTESIAN_POINT('',(-23.777456834,96.647195488,-2.749569295));
#12431=CARTESIAN_POINT('',(-23.775820803,97.106045755,-2.749569295));
#12432=CARTESIAN_POINT('',(-23.966046978,97.560075327,-2.749569295));
#12433=CARTESIAN_POINT('',(-24.613797217,98.208657867,-2.749569295));
#12434=CARTESIAN_POINT('',(-25.067600109,98.396753852,-2.749569295));
#12435=CARTESIAN_POINT('',(-25.984142705,98.396825689,-2.749569295));
#12436=CARTESIAN_POINT('',(-26.438642833,98.209848256,-2.749569295));
#12437=CARTESIAN_POINT('',(-27.087949654,97.560652992,-2.749569295));
#12438=CARTESIAN_POINT('',(-27.277969401,97.109524493,-2.749569295));
#12439=CARTESIAN_POINT('',(-27.276646197,96.647195488,-2.749569295));
#12440=B_SPLINE_SURFACE_WITH_KNOTS('',1,3,((#12400,#12401,#12402,#12403,#12404,#12405,#12406,#12407,#12408,#12409),(#12410,#12411,#12412,#12413,#12414,#12415,#12416,#12417,#12418,#12419),(#12420,#12421,#12422,#12423,#12424,#12425,#12426,#12427,#12428,#12429),(#12430,#12431,#12432,#12433,#12434,#12435,#12436,#12437,#12438,#12439)),.UNSPECIFIED.,.F.,.F.,.U.,(2,1,1,2),(4,2,2,2,4),(0.,1.,1.25,1.250675508),(0.,0.001953638,0.003907276,0.005860915,0.007814553),.UNSPECIFIED.);
#12441=ORIENTED_EDGE('',*,*,#12375,.T.);
#12442=ORIENTED_EDGE('',*,*,#9068,.F.);
#12443=ORIENTED_EDGE('',*,*,#12365,.T.);
#12444=CARTESIAN_POINT('',(-23.027051529,96.647195488,-3.4999746));
#12445=CARTESIAN_POINT('',(-23.02530351,97.137187875,-3.4999746));
#12446=CARTESIAN_POINT('',(-23.218761304,97.60319577,-3.4999746));
#12447=CARTESIAN_POINT('',(-23.410812478,98.065815349,-3.4999746));
#12448=CARTESIAN_POINT('',(-23.759314373,98.414992232,-3.4999746));
#12449=CARTESIAN_POINT('',(-24.105711598,98.762060368,-3.4999746));
#12450=CARTESIAN_POINT('',(-24.570324768,98.954841893,-3.4999746));
#12451=CARTESIAN_POINT('',(-25.033422746,99.14699472,-3.4999746));
#12452=CARTESIAN_POINT('',(-25.525364432,99.147194904,-3.4999746));
#12453=CARTESIAN_POINT('',(-26.016263157,99.147394664,-3.4999746));
#12454=CARTESIAN_POINT('',(-26.481041487,98.955676606,-3.4999746));
#12455=CARTESIAN_POINT('',(-26.945329809,98.764160672,-3.4999746));
#12456=CARTESIAN_POINT('',(-27.293523905,98.416256037,-3.4999746));
#12457=CARTESIAN_POINT('',(-27.642325546,98.067744362,-3.4999746));
#12458=CARTESIAN_POINT('',(-27.834958958,97.605527838,-3.4999746));
#12459=CARTESIAN_POINT('',(-28.028466185,97.141214631,-3.4999746));
#12460=CARTESIAN_POINT('',(-28.027051502,96.647195488,-3.4999746));
#12461=B_SPLINE_CURVE_WITH_KNOTS('',2,(#12444,#12445,#12446,#12447,#12448,#12449,#12450,#12451,#12452,#12453,#12454,#12455,#12456,#12457,#12458,#12459,#12460),.UNSPECIFIED.,.F.,.F.,(3,2,2,2,2,2,2,2,3),(0.,0.125,0.25,0.375,0.5,0.625,0.75,0.875,1.),.UNSPECIFIED.);
#12462=EDGE_CURVE('',#12369,#12359,#12461,.T.);
#12463=ORIENTED_EDGE('',*,*,#12462,.F.);
#12464=EDGE_LOOP('',(#12441,#12442,#12443,#12463));
#12465=FACE_BOUND('',#12464,.T.);
#12466=ADVANCED_FACE('',(#12465),#12440,.T.);
#12467=CARTESIAN_POINT('',(-66.667433647,56.051560175,-3.4999746));
#12468=DIRECTION('',(0.,0.,-1.));
#12469=DIRECTION('',(-1.,0.,0.));
#12470=AXIS2_PLACEMENT_3D('',#12467,#12468,#12469);
#12471=PLANE('',#12470);
#12472=ORIENTED_EDGE('',*,*,#12245,.T.);
#12473=ORIENTED_EDGE('',*,*,#12312,.T.);
#12474=EDGE_LOOP('',(#12472,#12473));
#12475=FACE_BOUND('',#12474,.T.);
#12476=ORIENTED_EDGE('',*,*,#12395,.T.);
#12477=ORIENTED_EDGE('',*,*,#12462,.T.);
#12478=EDGE_LOOP('',(#12476,#12477));
#12479=FACE_BOUND('',#12478,.T.);
#12480=ORIENTED_EDGE('',*,*,#11809,.T.);
#12481=ORIENTED_EDGE('',*,*,#11824,.T.);
#12482=ORIENTED_EDGE('',*,*,#11777,.T.);
#12483=ORIENTED_EDGE('',*,*,#11728,.T.);
#12484=ORIENTED_EDGE('',*,*,#11679,.T.);
#12485=ORIENTED_EDGE('',*,*,#11654,.T.);
#12486=ORIENTED_EDGE('',*,*,#11711,.T.);
#12487=ORIENTED_EDGE('',*,*,#11759,.T.);
#12488=EDGE_LOOP('',(#12480,#12481,#12482,#12483,#12484,#12485,#12486,#12487));
#12489=FACE_BOUND('',#12488,.T.);
#12490=ORIENTED_EDGE('',*,*,#8697,.F.);
#12491=EDGE_LOOP('',(#12490));
#12492=FACE_BOUND('',#12491,.T.);
#12493=ORIENTED_EDGE('',*,*,#8655,.F.);
#12494=EDGE_LOOP('',(#12493));
#12495=FACE_BOUND('',#12494,.T.);
#12496=ORIENTED_EDGE('',*,*,#8613,.F.);
#12497=EDGE_LOOP('',(#12496));
#12498=FACE_BOUND('',#12497,.T.);
#12499=ORIENTED_EDGE('',*,*,#8571,.F.);
#12500=EDGE_LOOP('',(#12499));
#12501=FACE_BOUND('',#12500,.T.);
#12502=ORIENTED_EDGE('',*,*,#5981,.T.);
#12503=ORIENTED_EDGE('',*,*,#6101,.T.);
#12504=ORIENTED_EDGE('',*,*,#6197,.T.);
#12505=ORIENTED_EDGE('',*,*,#6267,.T.);
#12506=ORIENTED_EDGE('',*,*,#6346,.T.);
#12507=ORIENTED_EDGE('',*,*,#6418,.T.);
#12508=ORIENTED_EDGE('',*,*,#6485,.T.);
#12509=ORIENTED_EDGE('',*,*,#6557,.T.);
#12510=ORIENTED_EDGE('',*,*,#6618,.T.);
#12511=ORIENTED_EDGE('',*,*,#6690,.T.);
#12512=ORIENTED_EDGE('',*,*,#6754,.T.);
#12513=ORIENTED_EDGE('',*,*,#6839,.T.);
#12514=ORIENTED_EDGE('',*,*,#6771,.T.);
#12515=ORIENTED_EDGE('',*,*,#6721,.T.);
#12516=ORIENTED_EDGE('',*,*,#6635,.T.);
#12517=ORIENTED_EDGE('',*,*,#6586,.T.);
#12518=ORIENTED_EDGE('',*,*,#6502,.T.);
#12519=ORIENTED_EDGE('',*,*,#6453,.T.);
#12520=ORIENTED_EDGE('',*,*,#6363,.T.);
#12521=ORIENTED_EDGE('',*,*,#6298,.T.);
#12522=ORIENTED_EDGE('',*,*,#6214,.T.);
#12523=ORIENTED_EDGE('',*,*,#6146,.T.);
#12524=ORIENTED_EDGE('',*,*,#6057,.T.);
#12525=ORIENTED_EDGE('',*,*,#5951,.T.);
#12526=ORIENTED_EDGE('',*,*,#5877,.T.);
#12527=ORIENTED_EDGE('',*,*,#5836,.T.);
#12528=ORIENTED_EDGE('',*,*,#5860,.T.);
#12529=ORIENTED_EDGE('',*,*,#5920,.T.);
#12530=EDGE_LOOP('',(#12502,#12503,#12504,#12505,#12506,#12507,#12508,#12509,#12510,#12511,#12512,#12513,#12514,#12515,#12516,#12517,#12518,#12519,#12520,#12521,#12522,#12523,#12524,#12525,#12526,#12527,
#12528,#12529));
#12531=FACE_BOUND('',#12530,.T.);
#12532=ADVANCED_FACE('',(#12475,#12479,#12489,#12492,#12495,#12498,#12501,#12531),#12471,.T.);
#12533=CARTESIAN_POINT('',(-84.540426404,51.341463849,-2.0999746));
#12534=DIRECTION('',(0.,0.,1.));
#12535=DIRECTION('',(1.,0.,0.));
#12536=AXIS2_PLACEMENT_3D('',#12533,#12534,#12535);
#12537=PLANE('',#12536);
#12538=ORIENTED_EDGE('',*,*,#9866,.F.);
#12539=ORIENTED_EDGE('',*,*,#10173,.F.);
#12540=EDGE_LOOP('',(#12538,#12539));
#12541=FACE_BOUND('',#12540,.T.);
#12542=ORIENTED_EDGE('',*,*,#9132,.F.);
#12543=ORIENTED_EDGE('',*,*,#9439,.F.);
#12544=EDGE_LOOP('',(#12542,#12543));
#12545=FACE_BOUND('',#12544,.T.);
#12546=ORIENTED_EDGE('',*,*,#1041,.F.);
#12547=ORIENTED_EDGE('',*,*,#12159,.T.);
#12548=ORIENTED_EDGE('',*,*,#11110,.T.);
#12549=ORIENTED_EDGE('',*,*,#11087,.T.);
#12550=ORIENTED_EDGE('',*,*,#11062,.T.);
#12551=ORIENTED_EDGE('',*,*,#11038,.T.);
#12552=ORIENTED_EDGE('',*,*,#11015,.F.);
#12553=ORIENTED_EDGE('',*,*,#10990,.F.);
#12554=ORIENTED_EDGE('',*,*,#10964,.T.);
#12555=ORIENTED_EDGE('',*,*,#10940,.F.);
#12556=ORIENTED_EDGE('',*,*,#10916,.F.);
#12557=ORIENTED_EDGE('',*,*,#10891,.F.);
#12558=ORIENTED_EDGE('',*,*,#10777,.T.);
#12559=ORIENTED_EDGE('',*,*,#3374,.T.);
#12560=ORIENTED_EDGE('',*,*,#5089,.F.);
#12561=ORIENTED_EDGE('',*,*,#5082,.F.);
#12562=CARTESIAN_POINT('',(-1.549679827,98.338450861,-2.0999746));
#12563=DIRECTION('',(-0.,-0.,-1.));
#12564=DIRECTION('',(0.,-1.,0.));
#12565=AXIS2_PLACEMENT_3D('',#12562,#12563,#12564);
#12566=CIRCLE('',#12565,5.5);
#12567=EDGE_CURVE('',#5068,#11589,#12566,.T.);
#12568=ORIENTED_EDGE('',*,*,#12567,.T.);
#12569=ORIENTED_EDGE('',*,*,#11611,.T.);
#12570=ORIENTED_EDGE('',*,*,#3463,.T.);
#12571=ORIENTED_EDGE('',*,*,#2685,.F.);
#12572=ORIENTED_EDGE('',*,*,#10807,.T.);
#12573=ORIENTED_EDGE('',*,*,#11382,.T.);
#12574=ORIENTED_EDGE('',*,*,#11340,.T.);
#12575=ORIENTED_EDGE('',*,*,#324,.F.);
#12576=ORIENTED_EDGE('',*,*,#11321,.T.);
#12577=ORIENTED_EDGE('',*,*,#11299,.T.);
#12578=ORIENTED_EDGE('',*,*,#400,.F.);
#12579=ORIENTED_EDGE('',*,*,#11279,.T.);
#12580=ORIENTED_EDGE('',*,*,#1720,.F.);
#12581=ORIENTED_EDGE('',*,*,#11362,.F.);
#12582=ORIENTED_EDGE('',*,*,#11257,.T.);
#12583=ORIENTED_EDGE('',*,*,#11234,.F.);
#12584=ORIENTED_EDGE('',*,*,#11208,.T.);
#12585=ORIENTED_EDGE('',*,*,#11185,.T.);
#12586=ORIENTED_EDGE('',*,*,#11843,.T.);
#12587=ORIENTED_EDGE('',*,*,#2403,.T.);
#12588=ORIENTED_EDGE('',*,*,#11158,.T.);
#12589=ORIENTED_EDGE('',*,*,#11136,.T.);
#12590=ORIENTED_EDGE('',*,*,#976,.F.);
#12591=EDGE_LOOP('',(#12546,#12547,#12548,#12549,#12550,#12551,#12552,#12553,#12554,#12555,#12556,#12557,#12558,#12559,#12560,#12561,#12568,#12569,#12570,#12571,#12572,#12573,#12574,#12575,#12576,#12577,
#12578,#12579,#12580,#12581,#12582,#12583,#12584,#12585,#12586,#12587,#12588,#12589,#12590));
#12592=FACE_BOUND('',#12591,.T.);
#12593=ORIENTED_EDGE('',*,*,#2279,.T.);
#12594=ORIENTED_EDGE('',*,*,#2249,.T.);
#12595=ORIENTED_EDGE('',*,*,#2199,.T.);
#12596=ORIENTED_EDGE('',*,*,#2144,.T.);
#12597=ORIENTED_EDGE('',*,*,#2094,.T.);
#12598=ORIENTED_EDGE('',*,*,#2039,.T.);
#12599=ORIENTED_EDGE('',*,*,#2007,.T.);
#12600=ORIENTED_EDGE('',*,*,#1968,.T.);
#12601=EDGE_LOOP('',(#12593,#12594,#12595,#12596,#12597,#12598,#12599,#12600));
#12602=FACE_BOUND('',#12601,.T.);
#12603=ADVANCED_FACE('',(#12541,#12545,#12592,#12602),#12537,.T.);
#12604=CARTESIAN_POINT('',(-19.258123101,13.860165003,1.));
#12605=DIRECTION('',(-0.,-0.,-1.));
#12606=DIRECTION('',(0.,1.,-0.));
#12607=AXIS2_PLACEMENT_3D('',#12604,#12605,#12606);
#12608=CYLINDRICAL_SURFACE('',#12607,1.);
#12609=ORIENTED_EDGE('',*,*,#2980,.F.);
#12610=ORIENTED_EDGE('',*,*,#162,.T.);
#12611=ORIENTED_EDGE('',*,*,#2518,.F.);
#12612=ORIENTED_EDGE('',*,*,#1381,.F.);
#12613=EDGE_LOOP('',(#12609,#12610,#12611,#12612));
#12614=FACE_BOUND('',#12613,.T.);
#12615=ADVANCED_FACE('',(#12614),#12608,.T.);
#12616=CARTESIAN_POINT('',(-26.98606235,-1.524564781,0.642373652));
#12617=DIRECTION('',(0.,0.,1.));
#12618=DIRECTION('',(0.,-1.,0.));
#12619=AXIS2_PLACEMENT_3D('',#12616,#12617,#12618);
#12620=CYLINDRICAL_SURFACE('',#12619,1.);
#12621=ORIENTED_EDGE('',*,*,#3495,.T.);
#12622=ORIENTED_EDGE('',*,*,#73,.T.);
#12623=ORIENTED_EDGE('',*,*,#2377,.F.);
#12624=ORIENTED_EDGE('',*,*,#1407,.F.);
#12625=EDGE_LOOP('',(#12621,#12622,#12623,#12624));
#12626=FACE_BOUND('',#12625,.T.);
#12627=ADVANCED_FACE('',(#12626),#12620,.F.);
#12628=CARTESIAN_POINT('',(-104.33300762,40.545550439,-16.019959834));
#12629=DIRECTION('',(0.32696827,0.37306584,0.868281999));
#12630=DIRECTION('',(0.008410464,-0.919894929,0.392074718));
#12631=AXIS2_PLACEMENT_3D('',#12628,#12629,#12630);
#12632=CYLINDRICAL_SURFACE('',#12631,47.253815648);
#12633=ORIENTED_EDGE('',*,*,#3911,.F.);
#12634=ORIENTED_EDGE('',*,*,#5791,.T.);
#12635=ORIENTED_EDGE('',*,*,#4035,.F.);
#12636=ORIENTED_EDGE('',*,*,#6786,.F.);
#12637=ORIENTED_EDGE('',*,*,#6832,.T.);
#12638=EDGE_LOOP('',(#12633,#12634,#12635,#12636,#12637));
#12639=FACE_BOUND('',#12638,.T.);
#12640=ADVANCED_FACE('',(#12639),#12632,.T.);
#12641=CARTESIAN_POINT('',(-60.739112868,110.429116347,-3.019386515));
#12642=DIRECTION('',(0.128363938,0.355401836,-0.925857567));
#12643=DIRECTION('',(0.007377403,0.933212928,0.35924811));
#12644=AXIS2_PLACEMENT_3D('',#12641,#12642,#12643);
#12645=CYLINDRICAL_SURFACE('',#12644,3.557576165);
#12646=ORIENTED_EDGE('',*,*,#4347,.F.);
#12647=ORIENTED_EDGE('',*,*,#6320,.T.);
#12648=ORIENTED_EDGE('',*,*,#4307,.F.);
#12649=ORIENTED_EDGE('',*,*,#5449,.T.);
#12650=EDGE_LOOP('',(#12646,#12647,#12648,#12649));
#12651=FACE_BOUND('',#12650,.T.);
#12652=ADVANCED_FACE('',(#12651),#12645,.T.);
#12653=CARTESIAN_POINT('',(-54.919198228,112.381676798,1.755835886));
#12654=DIRECTION('',(-0.128363938,-0.355401836,0.925857567));
#12655=DIRECTION('',(-0.007377403,-0.933212928,-0.35924811));
#12656=AXIS2_PLACEMENT_3D('',#12653,#12654,#12655);
#12657=CYLINDRICAL_SURFACE('',#12656,3.557576165);
#12658=ORIENTED_EDGE('',*,*,#4477,.T.);
#12659=ORIENTED_EDGE('',*,*,#6173,.T.);
#12660=ORIENTED_EDGE('',*,*,#6228,.F.);
#12661=ORIENTED_EDGE('',*,*,#4437,.F.);
#12662=ORIENTED_EDGE('',*,*,#5327,.T.);
#12663=EDGE_LOOP('',(#12658,#12659,#12660,#12661,#12662));
#12664=FACE_BOUND('',#12663,.T.);
#12665=ADVANCED_FACE('',(#12664),#12657,.F.);
#12666=CARTESIAN_POINT('',(-1.549679827,98.338450861,-0.564412674));
#12667=DIRECTION('',(0.,0.,-1.));
#12668=DIRECTION('',(-1.,0.,0.));
#12669=AXIS2_PLACEMENT_3D('',#12666,#12667,#12668);
#12670=CYLINDRICAL_SURFACE('',#12669,5.5);
#12671=ORIENTED_EDGE('',*,*,#11596,.F.);
#12672=ORIENTED_EDGE('',*,*,#12567,.F.);
#12673=ORIENTED_EDGE('',*,*,#5073,.F.);
#12674=ORIENTED_EDGE('',*,*,#11629,.T.);
#12675=EDGE_LOOP('',(#12671,#12672,#12673,#12674));
#12676=FACE_BOUND('',#12675,.T.);
#12677=ADVANCED_FACE('',(#12676),#12670,.T.);
#12678=CLOSED_SHELL('',(#132,#258,#284,#334,#360,#410,#509,#574,#641,#707,#773,#807,#833,#908,#931,#980,#1022,#1062,#1112,#1692,#1724,#1766,#1793,#1851,#1883,#1923,
#1954,#1994,#2027,#2058,#2132,#2163,#2237,#2268,#2292,#2314,#2332,#2350,#2367,#2389,#2499,#2522,#2698,#2715,#2727,#2744,#2756,#2773,#2785,#2809,#2834,
#2858,#2883,#2895,#2907,#2929,#2953,#2970,#2987,#3073,#3104,#3146,#3170,#3212,#3236,#3278,#3302,#3340,#3450,#3485,#3502,#3514,#3565,#3596,#3656,#3696,
#3729,#3760,#3793,#3824,#3857,#3897,#3996,#4045,#4111,#4151,#4193,#4233,#4293,#4333,#4423,#4463,#4553,#4763,#4817,#4848,#4893,#4933,#4975,#5006,#5028,
#5040,#5052,#5096,#5122,#5139,#5156,#5177,#5198,#5215,#5232,#5253,#5338,#5355,#5372,#5393,#5460,#5477,#5494,#5515,#5536,#5553,#5570,#5591,#5612,#5629,
#5646,#5667,#5688,#5705,#5722,#5796,#5840,#5864,#5888,#5924,#5963,#5987,#6068,#6107,#6177,#6201,#6232,#6271,#6326,#6350,#6374,#6422,#6465,#6489,#6513,
#6561,#6598,#6622,#6646,#6694,#6734,#6758,#6791,#6843,#7036,#7058,#7472,#7489,#7827,#7844,#8182,#8199,#8538,#8550,#8583,#8592,#8625,#8634,#8667,#8676,
#8709,#8718,#9136,#9443,#9870,#10177,#10210,#10244,#10278,#10300,#10312,#10324,#10357,#10391,#10425,#10447,#10459,#10471,#10513,#10555,#10572,#10589,#10606,#10618,#10660,
#10702,#10719,#10736,#10753,#10765,#10789,#10813,#10876,#10901,#10926,#10950,#10975,#11000,#11025,#11049,#11074,#11098,#11122,#11147,#11164,#11195,#11219,#11244,#11268,#11286,
#11310,#11327,#11351,#11369,#11386,#11417,#11448,#11479,#11510,#11528,#11546,#11564,#11582,#11615,#11634,#11665,#11690,#11715,#11739,#11763,#11788,#11813,#11830,#11850,#11892,
#11934,#11953,#11970,#11987,#12001,#12043,#12085,#12102,#12119,#12136,#12148,#12166,#12249,#12316,#12399,#12466,#12532,#12603,#12615,#12627,#12640,#12652,#12665,#12677));
#12679=MANIFOLD_SOLID_BREP('GB-body-ring.001',#12678);
#26=STYLED_ITEM('',(),#12679);
#16=SHAPE_REPRESENTATION('root',(#15),#10);
#17=ADVANCED_BREP_SHAPE_REPRESENTATION('root',(#12679),#10);
#12687=SHAPE_REPRESENTATION_RELATIONSHIP('','',#16,#17);
#12688=APPLICATION_CONTEXT('configuration controlled 3D design of mechanical parts and assemblies');
#12689=APPLICATION_PROTOCOL_DEFINITION('international standard','configuration_control_3d_design_ed2_mim',2004,#12688);
#12690=PRODUCT_CONTEXT('',#12688,'mechanical');
#12691=PRODUCT_DEFINITION_CONTEXT('part definition',#12688,'design');
#24=PRODUCT('root','root','',(#12690));
#12692=PRODUCT_RELATED_PRODUCT_CATEGORY('part','',(#24));
#12693=PRODUCT_DEFINITION_FORMATION_WITH_SPECIFIED_SOURCE('','',#24,.NOT_KNOWN.);
#25=PRODUCT_DEFINITION('design','',#12693,#12691);
#23=PRODUCT_DEFINITION_SHAPE('','',#25);
#12694=SHAPE_DEFINITION_REPRESENTATION(#23,#16);
#11=DRAUGHTING_MODEL('',(),#10);
#1=MECHANICAL_DESIGN_GEOMETRIC_PRESENTATION_REPRESENTATION('',(#26),#10);
ENDSEC;
END-ISO-10303-21;
