ISO-10303-21;
HEADER;

/* File generated by HOOPS Exchange Version 25.8.0 */

FILE_DESCRIPTION(('HOOPS Exchange Step'),'2;1');

FILE_NAME('C:\\Programs\\Yandex.Disk\\share\\3D Lab\\3D models\\SM30\\Step\\SM30-top.stp',
'2026-04-06T15:51:01+03:00',
('Ergohaven_user_28'),
('Unknown organisation'),
'HOOPS Exchange 2025.8',
'HOOPS Exchange',
'Unknown authorisation');

FILE_SCHEMA( ('AP203_CONFIGURATION_CONTROLLED_3D_DESIGN_OF_MECHANICAL_PARTS_AND_ASSEMBLIES_MIM_LF') );

ENDSEC;

DATA;
#3=(NAMED_UNIT(*)PLANE_ANGLE_UNIT()SI_UNIT($,.RADIAN.));
#4=PLANE_ANGLE_MEASURE_WITH_UNIT(PLANE_ANGLE_MEASURE(0.0174532925),#3);
#5=(CONVERSION_BASED_UNIT('DEGREE',#4)NAMED_UNIT(#6)PLANE_ANGLE_UNIT());
#6=DIMENSIONAL_EXPONENTS(0.,0.,0.,0.,0.,0.,0.);
#7=(NAMED_UNIT(*)SI_UNIT($,.STERADIAN.)SOLID_ANGLE_UNIT());
#8=(LENGTH_UNIT()NAMED_UNIT(*)SI_UNIT(.MILLI.,.METRE.));
#9=UNCERTAINTY_MEASURE_WITH_UNIT(LENGTH_MEASURE(1.000000E-05),#8,'DISTANCE_ACCURACY_VALUE','Maximum Tolerance applied to model');
#10=(GEOMETRIC_REPRESENTATION_CONTEXT(3)GLOBAL_UNCERTAINTY_ASSIGNED_CONTEXT((#9))GLOBAL_UNIT_ASSIGNED_CONTEXT((#8,#5,#7))REPRESENTATION_CONTEXT('','root'));
#12=CARTESIAN_POINT('',(0.,0.,0.));
#13=DIRECTION('',(0.,0.,1.));
#14=DIRECTION('',(1.,0.,0.));
#15=AXIS2_PLACEMENT_3D('',#12,#13,#14);
#27=CARTESIAN_POINT('',(-75.812378673,45.50985569,11.914695992));
#28=DIRECTION('',(0.,-0.92889216,0.370350315));
#29=DIRECTION('',(0.,-0.370350315,-0.92889216));
#30=AXIS2_PLACEMENT_3D('',#27,#28,#29);
#31=PLANE('',#30);
#32=CARTESIAN_POINT('',(1.747299975,43.151670087,6.0000254));
#33=VERTEX_POINT('',#32);
#34=CARTESIAN_POINT('',(-33.380040115,43.151670087,6.0000254));
#35=VERTEX_POINT('',#34);
#36=CARTESIAN_POINT('',(1.747299975,43.151670087,6.0000254));
#37=DIRECTION('',(-1.,-0.,-0.));
#38=VECTOR('',#37,35.12734009);
#39=LINE('',#36,#38);
#40=EDGE_CURVE('',#33,#35,#39,.T.);
#41=ORIENTED_EDGE('',*,*,#40,.F.);
#42=CARTESIAN_POINT('',(1.747299975,45.065435311,10.8000254));
#43=VERTEX_POINT('',#42);
#44=CARTESIAN_POINT('',(1.747299975,43.151670087,6.0000254));
#45=DIRECTION('',(0.,0.370350315,0.92889216));
#46=VECTOR('',#45,5.16744592);
#47=LINE('',#44,#46);
#48=EDGE_CURVE('',#33,#43,#47,.T.);
#49=ORIENTED_EDGE('',*,*,#48,.T.);
#50=CARTESIAN_POINT('',(-33.378375913,45.065435311,10.8000254));
#51=VERTEX_POINT('',#50);
#52=CARTESIAN_POINT('',(1.747299975,45.065435311,10.8000254));
#53=DIRECTION('',(-1.,-0.,-0.));
#54=VECTOR('',#53,35.125675888);
#55=LINE('',#52,#54);
#56=EDGE_CURVE('',#43,#51,#55,.T.);
#57=ORIENTED_EDGE('',*,*,#56,.T.);
#58=CARTESIAN_POINT('',(-33.378375913,45.065435311,10.8000254));
#59=DIRECTION('',(-0.000322055,-0.370350296,-0.928892111));
#60=VECTOR('',#59,5.167446188);
#61=LINE('',#58,#60);
#62=EDGE_CURVE('',#51,#35,#61,.T.);
#63=ORIENTED_EDGE('',*,*,#62,.T.);
#64=EDGE_LOOP('',(#41,#49,#57,#63));
#65=FACE_BOUND('',#64,.T.);
#66=ADVANCED_FACE('',(#65),#31,.T.);
#67=CARTESIAN_POINT('',(-77.50849115,55.761848833,3.0000254));
#68=DIRECTION('',(0.,0.,-1.));
#69=DIRECTION('',(-1.,0.,0.));
#70=AXIS2_PLACEMENT_3D('',#67,#68,#69);
#71=PLANE('',#70);
#72=CARTESIAN_POINT('',(-10.507504462,40.49112643,3.0000254));
#73=VERTEX_POINT('',#72);
#74=CARTESIAN_POINT('',(-10.507504462,43.308316302,3.0000254));
#75=VERTEX_POINT('',#74);
#76=CARTESIAN_POINT('',(-10.507504462,40.49112643,3.0000254));
#77=CARTESIAN_POINT('',(-10.507504462,43.308316302,3.0000254));
#78=B_SPLINE_CURVE_WITH_KNOTS('',1,(#76,#77),.UNSPECIFIED.,.F.,.F.,(2,2),(-0.015270722,-0.012453533),.UNSPECIFIED.);
#79=EDGE_CURVE('',#73,#75,#78,.T.);
#80=ORIENTED_EDGE('',*,*,#79,.F.);
#81=CARTESIAN_POINT('',(-14.156657317,40.49112643,3.0000254));
#82=VERTEX_POINT('',#81);
#83=CARTESIAN_POINT('',(-10.507504462,40.49112643,3.0000254));
#84=DIRECTION('',(-1.,0.,0.));
#85=VECTOR('',#84,3.649152855);
#86=LINE('',#83,#85);
#87=EDGE_CURVE('',#73,#82,#86,.T.);
#88=ORIENTED_EDGE('',*,*,#87,.T.);
#89=CARTESIAN_POINT('',(-14.156657317,41.24112643,3.0000254));
#90=VERTEX_POINT('',#89);
#91=CARTESIAN_POINT('',(-14.156657317,41.24112643,3.0000254));
#92=DIRECTION('',(0.,-1.,0.));
#93=VECTOR('',#92,0.75);
#94=LINE('',#91,#93);
#95=EDGE_CURVE('',#90,#82,#94,.T.);
#96=ORIENTED_EDGE('',*,*,#95,.F.);
#97=CARTESIAN_POINT('',(-18.823323983,41.24112643,3.0000254));
#98=VERTEX_POINT('',#97);
#99=CARTESIAN_POINT('',(-14.156657317,41.24112643,3.0000254));
#100=DIRECTION('',(-1.,0.,0.));
#101=VECTOR('',#100,4.666666667);
#102=LINE('',#99,#101);
#103=EDGE_CURVE('',#90,#98,#102,.T.);
#104=ORIENTED_EDGE('',*,*,#103,.T.);
#105=CARTESIAN_POINT('',(-18.823323983,40.49112643,3.0000254));
#106=VERTEX_POINT('',#105);
#107=CARTESIAN_POINT('',(-18.823323983,41.24112643,3.0000254));
#108=DIRECTION('',(0.,-1.,0.));
#109=VECTOR('',#108,0.75);
#110=LINE('',#107,#109);
#111=EDGE_CURVE('',#98,#106,#110,.T.);
#112=ORIENTED_EDGE('',*,*,#111,.T.);
#113=CARTESIAN_POINT('',(-20.466584202,40.49112643,3.0000254));
#114=VERTEX_POINT('',#113);
#115=CARTESIAN_POINT('',(-18.823323983,40.49112643,3.0000254));
#116=DIRECTION('',(-1.,0.,0.));
#117=VECTOR('',#116,1.643260218);
#118=LINE('',#115,#117);
#119=EDGE_CURVE('',#106,#114,#118,.T.);
#120=ORIENTED_EDGE('',*,*,#119,.T.);
#121=CARTESIAN_POINT('',(-20.466584202,43.308316302,3.0000254));
#122=VERTEX_POINT('',#121);
#123=CARTESIAN_POINT('',(-20.466584202,40.49112643,3.0000254));
#124=CARTESIAN_POINT('',(-20.466584202,43.308316302,3.0000254));
#125=B_SPLINE_CURVE_WITH_KNOTS('',1,(#123,#124),.UNSPECIFIED.,.F.,.F.,(2,2),(-0.015270722,-0.012453533),.UNSPECIFIED.);
#126=EDGE_CURVE('',#114,#122,#125,.T.);
#127=ORIENTED_EDGE('',*,*,#126,.T.);
#128=CARTESIAN_POINT('',(-20.466584202,43.308316302,3.0000254));
#129=DIRECTION('',(1.,0.,-0.));
#130=VECTOR('',#129,9.95907974);
#131=LINE('',#128,#130);
#132=EDGE_CURVE('',#122,#75,#131,.T.);
#133=ORIENTED_EDGE('',*,*,#132,.T.);
#134=EDGE_LOOP('',(#80,#88,#96,#104,#112,#120,#127,#133));
#135=FACE_BOUND('',#134,.T.);
#136=ADVANCED_FACE('',(#135),#71,.T.);
#137=CARTESIAN_POINT('',(-77.50849115,55.761848833,3.0000254));
#138=DIRECTION('',(0.,0.,-1.));
#139=DIRECTION('',(-1.,0.,0.));
#140=AXIS2_PLACEMENT_3D('',#137,#138,#139);
#141=PLANE('',#140);
#142=CARTESIAN_POINT('',(-14.156657317,25.644091635,3.0000254));
#143=VERTEX_POINT('',#142);
#144=CARTESIAN_POINT('',(-14.156657317,26.39109849,3.0000254));
#145=VERTEX_POINT('',#144);
#146=CARTESIAN_POINT('',(-14.156657317,25.644091635,3.0000254));
#147=DIRECTION('',(0.,1.,0.));
#148=VECTOR('',#147,0.747006855);
#149=LINE('',#146,#148);
#150=EDGE_CURVE('',#143,#145,#149,.T.);
#151=ORIENTED_EDGE('',*,*,#150,.T.);
#152=CARTESIAN_POINT('',(-10.507504462,26.39109849,3.0000254));
#153=VERTEX_POINT('',#152);
#154=CARTESIAN_POINT('',(-14.156657317,26.39109849,3.0000254));
#155=DIRECTION('',(1.,0.,-0.));
#156=VECTOR('',#155,3.649152855);
#157=LINE('',#154,#156);
#158=EDGE_CURVE('',#145,#153,#157,.T.);
#159=ORIENTED_EDGE('',*,*,#158,.T.);
#160=CARTESIAN_POINT('',(-10.507504462,12.111840279,3.0000254));
#161=VERTEX_POINT('',#160);
#162=CARTESIAN_POINT('',(-10.507504462,12.111840279,3.0000254));
#163=CARTESIAN_POINT('',(-10.507504462,26.39109849,3.0000254));
#164=B_SPLINE_CURVE_WITH_KNOTS('',1,(#162,#163),.UNSPECIFIED.,.F.,.F.,(2,2),(-0.043650009,-0.02937075),.UNSPECIFIED.);
#165=EDGE_CURVE('',#161,#153,#164,.T.);
#166=ORIENTED_EDGE('',*,*,#165,.F.);
#167=CARTESIAN_POINT('',(-18.796395908,15.128750041,3.0000254));
#168=VERTEX_POINT('',#167);
#169=CARTESIAN_POINT('',(-10.507504462,12.111840279,3.0000254));
#170=DIRECTION('',(-0.939692621,0.342020143,0.));
#171=VECTOR('',#170,8.820854036);
#172=LINE('',#169,#171);
#173=EDGE_CURVE('',#161,#168,#172,.T.);
#174=ORIENTED_EDGE('',*,*,#173,.T.);
#175=CARTESIAN_POINT('',(-20.466584202,14.461930546,3.0000254));
#176=VERTEX_POINT('',#175);
#177=CARTESIAN_POINT('',(-19.258123101,13.860165003,3.0000254));
#178=DIRECTION('',(-0.,-0.,1.));
#179=DIRECTION('',(-1.,0.,0.));
#180=AXIS2_PLACEMENT_3D('',#177,#178,#179);
#181=CIRCLE('',#180,1.35);
#182=EDGE_CURVE('',#168,#176,#181,.T.);
#183=ORIENTED_EDGE('',*,*,#182,.T.);
#184=CARTESIAN_POINT('',(-20.466584202,26.39109849,3.0000254));
#185=VERTEX_POINT('',#184);
#186=CARTESIAN_POINT('',(-20.466584202,14.461930546,3.0000254));
#187=CARTESIAN_POINT('',(-20.466584202,26.39109849,3.0000254));
#188=B_SPLINE_CURVE_WITH_KNOTS('',1,(#186,#187),.UNSPECIFIED.,.F.,.F.,(2,2),(-0.041299918,-0.02937075),.UNSPECIFIED.);
#189=EDGE_CURVE('',#176,#185,#188,.T.);
#190=ORIENTED_EDGE('',*,*,#189,.T.);
#191=CARTESIAN_POINT('',(-18.823323983,26.39109849,3.0000254));
#192=VERTEX_POINT('',#191);
#193=CARTESIAN_POINT('',(-20.466584202,26.39109849,3.0000254));
#194=DIRECTION('',(1.,0.,-0.));
#195=VECTOR('',#194,1.643260218);
#196=LINE('',#193,#195);
#197=EDGE_CURVE('',#185,#192,#196,.T.);
#198=ORIENTED_EDGE('',*,*,#197,.T.);
#199=CARTESIAN_POINT('',(-18.823323983,25.644091635,3.0000254));
#200=VERTEX_POINT('',#199);
#201=CARTESIAN_POINT('',(-18.823323983,25.644091635,3.0000254));
#202=DIRECTION('',(0.,1.,0.));
#203=VECTOR('',#202,0.747006855);
#204=LINE('',#201,#203);
#205=EDGE_CURVE('',#200,#192,#204,.T.);
#206=ORIENTED_EDGE('',*,*,#205,.F.);
#207=CARTESIAN_POINT('',(-18.823323983,25.644091635,3.0000254));
#208=DIRECTION('',(1.,0.,-0.));
#209=VECTOR('',#208,4.666666667);
#210=LINE('',#207,#209);
#211=EDGE_CURVE('',#200,#143,#210,.T.);
#212=ORIENTED_EDGE('',*,*,#211,.T.);
#213=EDGE_LOOP('',(#151,#159,#166,#174,#183,#190,#198,#206,#212));
#214=FACE_BOUND('',#213,.T.);
#215=ADVANCED_FACE('',(#214),#141,.T.);
#216=CARTESIAN_POINT('',(-77.50849115,55.761848833,3.0000254));
#217=DIRECTION('',(0.,0.,-1.));
#218=DIRECTION('',(-1.,0.,0.));
#219=AXIS2_PLACEMENT_3D('',#216,#217,#218);
#220=PLANE('',#219);
#221=CARTESIAN_POINT('',(-9.48999065,26.39109849,3.0000254));
#222=VERTEX_POINT('',#221);
#223=CARTESIAN_POINT('',(-9.48999065,40.49112643,3.0000254));
#224=VERTEX_POINT('',#223);
#225=CARTESIAN_POINT('',(-9.48999065,26.39109849,3.0000254));
#226=DIRECTION('',(0.,1.,0.));
#227=VECTOR('',#226,14.10002794);
#228=LINE('',#225,#227);
#229=EDGE_CURVE('',#222,#224,#228,.T.);
#230=ORIENTED_EDGE('',*,*,#229,.T.);
#231=CARTESIAN_POINT('',(-9.48999065,40.49112643,3.0000254));
#232=DIRECTION('',(-1.,0.,0.));
#233=VECTOR('',#232,1.017513811);
#234=LINE('',#231,#233);
#235=EDGE_CURVE('',#224,#73,#234,.T.);
#236=ORIENTED_EDGE('',*,*,#235,.T.);
#237=ORIENTED_EDGE('',*,*,#79,.T.);
#238=CARTESIAN_POINT('',(0.860048577,43.308316302,3.0000254));
#239=VERTEX_POINT('',#238);
#240=CARTESIAN_POINT('',(-10.507504462,43.308316302,3.0000254));
#241=DIRECTION('',(1.,0.,-0.));
#242=VECTOR('',#241,11.367553039);
#243=LINE('',#240,#242);
#244=EDGE_CURVE('',#75,#239,#243,.T.);
#245=ORIENTED_EDGE('',*,*,#244,.T.);
#246=CARTESIAN_POINT('',(0.860048577,93.276819716,3.0000254));
#247=VERTEX_POINT('',#246);
#248=CARTESIAN_POINT('',(0.860048577,43.308316302,3.0000254));
#249=DIRECTION('',(0.,1.,0.));
#250=VECTOR('',#249,49.968503414);
#251=LINE('',#248,#250);
#252=EDGE_CURVE('',#239,#247,#251,.T.);
#253=ORIENTED_EDGE('',*,*,#252,.T.);
#254=CARTESIAN_POINT('',(1.547299975,89.644330121,3.0000254));
#255=VERTEX_POINT('',#254);
#256=CARTESIAN_POINT('',(-8.396146627,89.644330121,3.0000254));
#257=DIRECTION('',(0.,0.,-1.));
#258=DIRECTION('',(-1.,0.,0.));
#259=AXIS2_PLACEMENT_3D('',#256,#257,#258);
#260=CIRCLE('',#259,9.943446601);
#261=EDGE_CURVE('',#247,#255,#260,.T.);
#262=ORIENTED_EDGE('',*,*,#261,.T.);
#263=CARTESIAN_POINT('',(1.547299975,37.572349331,3.0000254));
#264=VERTEX_POINT('',#263);
#265=CARTESIAN_POINT('',(1.547299975,89.644330121,3.0000254));
#266=DIRECTION('',(-0.,-1.,0.));
#267=VECTOR('',#266,52.07198079);
#268=LINE('',#265,#267);
#269=EDGE_CURVE('',#255,#264,#268,.T.);
#270=ORIENTED_EDGE('',*,*,#269,.T.);
#271=CARTESIAN_POINT('',(0.181337835,29.825593084,3.0000254));
#272=VERTEX_POINT('',#271);
#273=CARTESIAN_POINT('',(-21.102700025,37.572349331,3.0000254));
#274=DIRECTION('',(0.,0.,-1.));
#275=DIRECTION('',(-1.,0.,0.));
#276=AXIS2_PLACEMENT_3D('',#273,#274,#275);
#277=CIRCLE('',#276,22.65);
#278=EDGE_CURVE('',#264,#272,#277,.T.);
#279=ORIENTED_EDGE('',*,*,#278,.T.);
#280=CARTESIAN_POINT('',(-6.539796509,11.359428239,3.0000254));
#281=VERTEX_POINT('',#280);
#282=CARTESIAN_POINT('',(0.181337835,29.825593084,3.0000254));
#283=DIRECTION('',(-0.342020143,-0.939692621,0.));
#284=VECTOR('',#283,19.651282172);
#285=LINE('',#282,#284);
#286=EDGE_CURVE('',#272,#281,#285,.T.);
#287=ORIENTED_EDGE('',*,*,#286,.T.);
#288=CARTESIAN_POINT('',(-7.372909806,10.970941128,3.0000254));
#289=VERTEX_POINT('',#288);
#290=CARTESIAN_POINT('',(-7.150596713,11.581741332,3.0000254));
#291=DIRECTION('',(0.,0.,-1.));
#292=DIRECTION('',(-1.,0.,0.));
#293=AXIS2_PLACEMENT_3D('',#290,#291,#292);
#294=CIRCLE('',#293,0.65);
#295=EDGE_CURVE('',#281,#289,#294,.T.);
#296=ORIENTED_EDGE('',*,*,#295,.T.);
#297=CARTESIAN_POINT('',(-7.372909806,10.970941128,3.0000254));
#298=DIRECTION('',(-0.939692621,0.342020143,0.));
#299=VECTOR('',#298,3.335765958);
#300=LINE('',#297,#299);
#301=EDGE_CURVE('',#289,#161,#300,.T.);
#302=ORIENTED_EDGE('',*,*,#301,.T.);
#303=ORIENTED_EDGE('',*,*,#165,.T.);
#304=CARTESIAN_POINT('',(-10.507504462,26.39109849,3.0000254));
#305=DIRECTION('',(1.,0.,-0.));
#306=VECTOR('',#305,1.017513811);
#307=LINE('',#304,#306);
#308=EDGE_CURVE('',#153,#222,#307,.T.);
#309=ORIENTED_EDGE('',*,*,#308,.T.);
#310=EDGE_LOOP('',(#230,#236,#237,#245,#253,#262,#270,#279,#287,#296,#302,#303,#309));
#311=FACE_BOUND('',#310,.T.);
#312=ADVANCED_FACE('',(#311),#220,.T.);
#313=CARTESIAN_POINT('',(-77.50849115,55.761848833,3.0000254));
#314=DIRECTION('',(0.,0.,-1.));
#315=DIRECTION('',(-1.,0.,0.));
#316=AXIS2_PLACEMENT_3D('',#313,#314,#315);
#317=PLANE('',#316);
#318=CARTESIAN_POINT('',(-131.365540598,86.522231144,3.0000254));
#319=VERTEX_POINT('',#318);
#320=CARTESIAN_POINT('',(-131.365540598,87.269237998,3.0000254));
#321=VERTEX_POINT('',#320);
#322=CARTESIAN_POINT('',(-131.365540598,86.522231144,3.0000254));
#323=DIRECTION('',(0.,1.,0.));
#324=VECTOR('',#323,0.747006855);
#325=LINE('',#322,#324);
#326=EDGE_CURVE('',#319,#321,#325,.T.);
#327=ORIENTED_EDGE('',*,*,#326,.F.);
#328=CARTESIAN_POINT('',(-126.698873931,86.522231144,3.0000254));
#329=VERTEX_POINT('',#328);
#330=CARTESIAN_POINT('',(-131.365540598,86.522231144,3.0000254));
#331=DIRECTION('',(1.,0.,-0.));
#332=VECTOR('',#331,4.666666667);
#333=LINE('',#330,#332);
#334=EDGE_CURVE('',#319,#329,#333,.T.);
#335=ORIENTED_EDGE('',*,*,#334,.T.);
#336=CARTESIAN_POINT('',(-126.698873931,87.269237998,3.0000254));
#337=VERTEX_POINT('',#336);
#338=CARTESIAN_POINT('',(-126.698873931,86.522231144,3.0000254));
#339=DIRECTION('',(0.,1.,0.));
#340=VECTOR('',#339,0.747006855);
#341=LINE('',#338,#340);
#342=EDGE_CURVE('',#329,#337,#341,.T.);
#343=ORIENTED_EDGE('',*,*,#342,.T.);
#344=CARTESIAN_POINT('',(-122.032207264,87.269237998,3.0000254));
#345=VERTEX_POINT('',#344);
#346=CARTESIAN_POINT('',(-126.698873931,87.269237998,3.0000254));
#347=DIRECTION('',(1.,0.,-0.));
#348=VECTOR('',#347,4.666666667);
#349=LINE('',#346,#348);
#350=EDGE_CURVE('',#337,#345,#349,.T.);
#351=ORIENTED_EDGE('',*,*,#350,.T.);
#352=CARTESIAN_POINT('',(-122.032207264,101.369265939,3.0000254));
#353=VERTEX_POINT('',#352);
#354=CARTESIAN_POINT('',(-122.032207264,87.269237998,3.0000254));
#355=DIRECTION('',(0.,1.,0.));
#356=VECTOR('',#355,14.10002794);
#357=LINE('',#354,#356);
#358=EDGE_CURVE('',#345,#353,#357,.T.);
#359=ORIENTED_EDGE('',*,*,#358,.T.);
#360=CARTESIAN_POINT('',(-126.698873931,101.369265939,3.0000254));
#361=VERTEX_POINT('',#360);
#362=CARTESIAN_POINT('',(-122.032207264,101.369265939,3.0000254));
#363=DIRECTION('',(-1.,0.,0.));
#364=VECTOR('',#363,4.666666667);
#365=LINE('',#362,#364);
#366=EDGE_CURVE('',#353,#361,#365,.T.);
#367=ORIENTED_EDGE('',*,*,#366,.T.);
#368=CARTESIAN_POINT('',(-126.698873931,102.119265939,3.0000254));
#369=VERTEX_POINT('',#368);
#370=CARTESIAN_POINT('',(-126.698873931,102.119265939,3.0000254));
#371=DIRECTION('',(0.,-1.,0.));
#372=VECTOR('',#371,0.75);
#373=LINE('',#370,#372);
#374=EDGE_CURVE('',#369,#361,#373,.T.);
#375=ORIENTED_EDGE('',*,*,#374,.F.);
#376=CARTESIAN_POINT('',(-131.365540598,102.119265939,3.0000254));
#377=VERTEX_POINT('',#376);
#378=CARTESIAN_POINT('',(-126.698873931,102.119265939,3.0000254));
#379=DIRECTION('',(-1.,0.,0.));
#380=VECTOR('',#379,4.666666667);
#381=LINE('',#378,#380);
#382=EDGE_CURVE('',#369,#377,#381,.T.);
#383=ORIENTED_EDGE('',*,*,#382,.T.);
#384=CARTESIAN_POINT('',(-131.365540598,101.369265939,3.0000254));
#385=VERTEX_POINT('',#384);
#386=CARTESIAN_POINT('',(-131.365540598,102.119265939,3.0000254));
#387=DIRECTION('',(0.,-1.,0.));
#388=VECTOR('',#387,0.75);
#389=LINE('',#386,#388);
#390=EDGE_CURVE('',#377,#385,#389,.T.);
#391=ORIENTED_EDGE('',*,*,#390,.T.);
#392=CARTESIAN_POINT('',(-136.032207264,101.369265939,3.0000254));
#393=VERTEX_POINT('',#392);
#394=CARTESIAN_POINT('',(-131.365540598,101.369265939,3.0000254));
#395=DIRECTION('',(-1.,0.,0.));
#396=VECTOR('',#395,4.666666667);
#397=LINE('',#394,#396);
#398=EDGE_CURVE('',#385,#393,#397,.T.);
#399=ORIENTED_EDGE('',*,*,#398,.T.);
#400=CARTESIAN_POINT('',(-136.032207264,87.269237998,3.0000254));
#401=VERTEX_POINT('',#400);
#402=CARTESIAN_POINT('',(-136.032207264,101.369265939,3.0000254));
#403=DIRECTION('',(0.,-1.,0.));
#404=VECTOR('',#403,14.10002794);
#405=LINE('',#402,#404);
#406=EDGE_CURVE('',#393,#401,#405,.T.);
#407=ORIENTED_EDGE('',*,*,#406,.T.);
#408=CARTESIAN_POINT('',(-136.032207264,87.269237998,3.0000254));
#409=DIRECTION('',(1.,0.,-0.));
#410=VECTOR('',#409,4.666666667);
#411=LINE('',#408,#410);
#412=EDGE_CURVE('',#401,#321,#411,.T.);
#413=ORIENTED_EDGE('',*,*,#412,.T.);
#414=EDGE_LOOP('',(#327,#335,#343,#351,#359,#367,#375,#383,#391,#399,#407,#413));
#415=FACE_BOUND('',#414,.T.);
#416=CARTESIAN_POINT('',(-47.213180933,65.222187964,3.0000254));
#417=VERTEX_POINT('',#416);
#418=CARTESIAN_POINT('',(-42.546514266,65.222187964,3.0000254));
#419=VERTEX_POINT('',#418);
#420=CARTESIAN_POINT('',(-47.213180933,65.222187964,3.0000254));
#421=DIRECTION('',(1.,0.,-0.));
#422=VECTOR('',#421,4.666666667);
#423=LINE('',#420,#422);
#424=EDGE_CURVE('',#417,#419,#423,.T.);
#425=ORIENTED_EDGE('',*,*,#424,.T.);
#426=CARTESIAN_POINT('',(-42.546514266,65.969194818,3.0000254));
#427=VERTEX_POINT('',#426);
#428=CARTESIAN_POINT('',(-42.546514266,65.222187964,3.0000254));
#429=DIRECTION('',(0.,1.,0.));
#430=VECTOR('',#429,0.747006855);
#431=LINE('',#428,#430);
#432=EDGE_CURVE('',#419,#427,#431,.T.);
#433=ORIENTED_EDGE('',*,*,#432,.T.);
#434=CARTESIAN_POINT('',(-37.8798476,65.969194818,3.0000254));
#435=VERTEX_POINT('',#434);
#436=CARTESIAN_POINT('',(-42.546514266,65.969194818,3.0000254));
#437=DIRECTION('',(1.,0.,-0.));
#438=VECTOR('',#437,4.666666667);
#439=LINE('',#436,#438);
#440=EDGE_CURVE('',#427,#435,#439,.T.);
#441=ORIENTED_EDGE('',*,*,#440,.T.);
#442=CARTESIAN_POINT('',(-37.8798476,80.069222758,3.0000254));
#443=VERTEX_POINT('',#442);
#444=CARTESIAN_POINT('',(-37.8798476,65.969194818,3.0000254));
#445=DIRECTION('',(0.,1.,0.));
#446=VECTOR('',#445,14.10002794);
#447=LINE('',#444,#446);
#448=EDGE_CURVE('',#435,#443,#447,.T.);
#449=ORIENTED_EDGE('',*,*,#448,.T.);
#450=CARTESIAN_POINT('',(-42.546514266,80.069222758,3.0000254));
#451=VERTEX_POINT('',#450);
#452=CARTESIAN_POINT('',(-37.8798476,80.069222758,3.0000254));
#453=DIRECTION('',(-1.,0.,0.));
#454=VECTOR('',#453,4.666666667);
#455=LINE('',#452,#454);
#456=EDGE_CURVE('',#443,#451,#455,.T.);
#457=ORIENTED_EDGE('',*,*,#456,.T.);
#458=CARTESIAN_POINT('',(-42.546514266,80.819222758,3.0000254));
#459=VERTEX_POINT('',#458);
#460=CARTESIAN_POINT('',(-42.546514266,80.819222758,3.0000254));
#461=DIRECTION('',(0.,-1.,0.));
#462=VECTOR('',#461,0.75);
#463=LINE('',#460,#462);
#464=EDGE_CURVE('',#459,#451,#463,.T.);
#465=ORIENTED_EDGE('',*,*,#464,.F.);
#466=CARTESIAN_POINT('',(-47.213180933,80.819222758,3.0000254));
#467=VERTEX_POINT('',#466);
#468=CARTESIAN_POINT('',(-42.546514266,80.819222758,3.0000254));
#469=DIRECTION('',(-1.,0.,0.));
#470=VECTOR('',#469,4.666666667);
#471=LINE('',#468,#470);
#472=EDGE_CURVE('',#459,#467,#471,.T.);
#473=ORIENTED_EDGE('',*,*,#472,.T.);
#474=CARTESIAN_POINT('',(-47.213180933,80.069222758,3.0000254));
#475=VERTEX_POINT('',#474);
#476=CARTESIAN_POINT('',(-47.213180933,80.819222758,3.0000254));
#477=DIRECTION('',(0.,-1.,0.));
#478=VECTOR('',#477,0.75);
#479=LINE('',#476,#478);
#480=EDGE_CURVE('',#467,#475,#479,.T.);
#481=ORIENTED_EDGE('',*,*,#480,.T.);
#482=CARTESIAN_POINT('',(-51.8798476,80.069222758,3.0000254));
#483=VERTEX_POINT('',#482);
#484=CARTESIAN_POINT('',(-47.213180933,80.069222758,3.0000254));
#485=DIRECTION('',(-1.,0.,0.));
#486=VECTOR('',#485,4.666666667);
#487=LINE('',#484,#486);
#488=EDGE_CURVE('',#475,#483,#487,.T.);
#489=ORIENTED_EDGE('',*,*,#488,.T.);
#490=CARTESIAN_POINT('',(-51.8798476,65.969194818,3.0000254));
#491=VERTEX_POINT('',#490);
#492=CARTESIAN_POINT('',(-51.8798476,80.069222758,3.0000254));
#493=DIRECTION('',(0.,-1.,0.));
#494=VECTOR('',#493,14.10002794);
#495=LINE('',#492,#494);
#496=EDGE_CURVE('',#483,#491,#495,.T.);
#497=ORIENTED_EDGE('',*,*,#496,.T.);
#498=CARTESIAN_POINT('',(-47.213180933,65.969194818,3.0000254));
#499=VERTEX_POINT('',#498);
#500=CARTESIAN_POINT('',(-51.8798476,65.969194818,3.0000254));
#501=DIRECTION('',(1.,0.,-0.));
#502=VECTOR('',#501,4.666666667);
#503=LINE('',#500,#502);
#504=EDGE_CURVE('',#491,#499,#503,.T.);
#505=ORIENTED_EDGE('',*,*,#504,.T.);
#506=CARTESIAN_POINT('',(-47.213180933,65.222187964,3.0000254));
#507=DIRECTION('',(0.,1.,0.));
#508=VECTOR('',#507,0.747006855);
#509=LINE('',#506,#508);
#510=EDGE_CURVE('',#417,#499,#509,.T.);
#511=ORIENTED_EDGE('',*,*,#510,.F.);
#512=EDGE_LOOP('',(#425,#433,#441,#449,#457,#465,#473,#481,#489,#497,#505,#511));
#513=FACE_BOUND('',#512,.T.);
#514=CARTESIAN_POINT('',(-122.013521294,11.711080521,3.0000254));
#515=VERTEX_POINT('',#514);
#516=CARTESIAN_POINT('',(-117.346854627,11.711080521,3.0000254));
#517=VERTEX_POINT('',#516);
#518=CARTESIAN_POINT('',(-122.013521294,11.711080521,3.0000254));
#519=DIRECTION('',(1.,0.,-0.));
#520=VECTOR('',#519,4.666666667);
#521=LINE('',#518,#520);
#522=EDGE_CURVE('',#515,#517,#521,.T.);
#523=ORIENTED_EDGE('',*,*,#522,.T.);
#524=CARTESIAN_POINT('',(-117.346854627,12.458087376,3.0000254));
#525=VERTEX_POINT('',#524);
#526=CARTESIAN_POINT('',(-117.346854627,11.711080521,3.0000254));
#527=DIRECTION('',(0.,1.,0.));
#528=VECTOR('',#527,0.747006855);
#529=LINE('',#526,#528);
#530=EDGE_CURVE('',#517,#525,#529,.T.);
#531=ORIENTED_EDGE('',*,*,#530,.T.);
#532=CARTESIAN_POINT('',(-112.68018796,12.458087376,3.0000254));
#533=VERTEX_POINT('',#532);
#534=CARTESIAN_POINT('',(-117.346854627,12.458087376,3.0000254));
#535=DIRECTION('',(1.,0.,-0.));
#536=VECTOR('',#535,4.666666667);
#537=LINE('',#534,#536);
#538=EDGE_CURVE('',#525,#533,#537,.T.);
#539=ORIENTED_EDGE('',*,*,#538,.T.);
#540=CARTESIAN_POINT('',(-112.68018796,26.558115316,3.0000254));
#541=VERTEX_POINT('',#540);
#542=CARTESIAN_POINT('',(-112.68018796,12.458087376,3.0000254));
#543=DIRECTION('',(0.,1.,0.));
#544=VECTOR('',#543,14.10002794);
#545=LINE('',#542,#544);
#546=EDGE_CURVE('',#533,#541,#545,.T.);
#547=ORIENTED_EDGE('',*,*,#546,.T.);
#548=CARTESIAN_POINT('',(-117.346854627,26.558115316,3.0000254));
#549=VERTEX_POINT('',#548);
#550=CARTESIAN_POINT('',(-112.68018796,26.558115316,3.0000254));
#551=DIRECTION('',(-1.,0.,0.));
#552=VECTOR('',#551,4.666666667);
#553=LINE('',#550,#552);
#554=EDGE_CURVE('',#541,#549,#553,.T.);
#555=ORIENTED_EDGE('',*,*,#554,.T.);
#556=CARTESIAN_POINT('',(-117.346854627,27.308115316,3.0000254));
#557=VERTEX_POINT('',#556);
#558=CARTESIAN_POINT('',(-117.346854627,27.308115316,3.0000254));
#559=DIRECTION('',(0.,-1.,0.));
#560=VECTOR('',#559,0.75);
#561=LINE('',#558,#560);
#562=EDGE_CURVE('',#557,#549,#561,.T.);
#563=ORIENTED_EDGE('',*,*,#562,.F.);
#564=CARTESIAN_POINT('',(-122.013521294,27.308115316,3.0000254));
#565=VERTEX_POINT('',#564);
#566=CARTESIAN_POINT('',(-117.346854627,27.308115316,3.0000254));
#567=DIRECTION('',(-1.,0.,0.));
#568=VECTOR('',#567,4.666666667);
#569=LINE('',#566,#568);
#570=EDGE_CURVE('',#557,#565,#569,.T.);
#571=ORIENTED_EDGE('',*,*,#570,.T.);
#572=CARTESIAN_POINT('',(-122.013521294,26.558115316,3.0000254));
#573=VERTEX_POINT('',#572);
#574=CARTESIAN_POINT('',(-122.013521294,27.308115316,3.0000254));
#575=DIRECTION('',(0.,-1.,0.));
#576=VECTOR('',#575,0.75);
#577=LINE('',#574,#576);
#578=EDGE_CURVE('',#565,#573,#577,.T.);
#579=ORIENTED_EDGE('',*,*,#578,.T.);
#580=CARTESIAN_POINT('',(-126.68018796,26.558115316,3.0000254));
#581=VERTEX_POINT('',#580);
#582=CARTESIAN_POINT('',(-122.013521294,26.558115316,3.0000254));
#583=DIRECTION('',(-1.,0.,0.));
#584=VECTOR('',#583,4.666666667);
#585=LINE('',#582,#584);
#586=EDGE_CURVE('',#573,#581,#585,.T.);
#587=ORIENTED_EDGE('',*,*,#586,.T.);
#588=CARTESIAN_POINT('',(-126.68018796,12.458087376,3.0000254));
#589=VERTEX_POINT('',#588);
#590=CARTESIAN_POINT('',(-126.68018796,26.558115316,3.0000254));
#591=DIRECTION('',(0.,-1.,0.));
#592=VECTOR('',#591,14.10002794);
#593=LINE('',#590,#592);
#594=EDGE_CURVE('',#581,#589,#593,.T.);
#595=ORIENTED_EDGE('',*,*,#594,.T.);
#596=CARTESIAN_POINT('',(-122.013521294,12.458087376,3.0000254));
#597=VERTEX_POINT('',#596);
#598=CARTESIAN_POINT('',(-126.68018796,12.458087376,3.0000254));
#599=DIRECTION('',(1.,0.,-0.));
#600=VECTOR('',#599,4.666666667);
#601=LINE('',#598,#600);
#602=EDGE_CURVE('',#589,#597,#601,.T.);
#603=ORIENTED_EDGE('',*,*,#602,.T.);
#604=CARTESIAN_POINT('',(-122.013521294,11.711080521,3.0000254));
#605=DIRECTION('',(0.,1.,0.));
#606=VECTOR('',#605,0.747006855);
#607=LINE('',#604,#606);
#608=EDGE_CURVE('',#515,#597,#607,.T.);
#609=ORIENTED_EDGE('',*,*,#608,.F.);
#610=EDGE_LOOP('',(#523,#531,#539,#547,#555,#563,#571,#579,#587,#595,#603,#609));
#611=FACE_BOUND('',#610,.T.);
#612=CARTESIAN_POINT('',(-117.346854627,31.158122936,3.0000254));
#613=VERTEX_POINT('',#612);
#614=CARTESIAN_POINT('',(-112.68018796,31.158122936,3.0000254));
#615=VERTEX_POINT('',#614);
#616=CARTESIAN_POINT('',(-117.346854627,31.158122936,3.0000254));
#617=DIRECTION('',(1.,0.,-0.));
#618=VECTOR('',#617,4.666666667);
#619=LINE('',#616,#618);
#620=EDGE_CURVE('',#613,#615,#619,.T.);
#621=ORIENTED_EDGE('',*,*,#620,.T.);
#622=CARTESIAN_POINT('',(-112.68018796,45.269151638,3.0000254));
#623=VERTEX_POINT('',#622);
#624=CARTESIAN_POINT('',(-112.68018796,31.158122936,3.0000254));
#625=DIRECTION('',(0.,1.,0.));
#626=VECTOR('',#625,14.111028702);
#627=LINE('',#624,#626);
#628=EDGE_CURVE('',#615,#623,#627,.T.);
#629=ORIENTED_EDGE('',*,*,#628,.T.);
#630=CARTESIAN_POINT('',(-117.346854627,45.269151638,3.0000254));
#631=VERTEX_POINT('',#630);
#632=CARTESIAN_POINT('',(-112.68018796,45.269151638,3.0000254));
#633=DIRECTION('',(-1.,0.,0.));
#634=VECTOR('',#633,4.666666667);
#635=LINE('',#632,#634);
#636=EDGE_CURVE('',#623,#631,#635,.T.);
#637=ORIENTED_EDGE('',*,*,#636,.T.);
#638=CARTESIAN_POINT('',(-117.346854627,46.008150876,3.0000254));
#639=VERTEX_POINT('',#638);
#640=CARTESIAN_POINT('',(-117.346854627,46.008150876,3.0000254));
#641=DIRECTION('',(0.,-1.,0.));
#642=VECTOR('',#641,0.738999238);
#643=LINE('',#640,#642);
#644=EDGE_CURVE('',#639,#631,#643,.T.);
#645=ORIENTED_EDGE('',*,*,#644,.F.);
#646=CARTESIAN_POINT('',(-122.013521294,46.008150876,3.0000254));
#647=VERTEX_POINT('',#646);
#648=CARTESIAN_POINT('',(-117.346854627,46.008150876,3.0000254));
#649=DIRECTION('',(-1.,0.,0.));
#650=VECTOR('',#649,4.666666667);
#651=LINE('',#648,#650);
#652=EDGE_CURVE('',#639,#647,#651,.T.);
#653=ORIENTED_EDGE('',*,*,#652,.T.);
#654=CARTESIAN_POINT('',(-122.013521294,45.269151638,3.0000254));
#655=VERTEX_POINT('',#654);
#656=CARTESIAN_POINT('',(-122.013521294,46.008150876,3.0000254));
#657=DIRECTION('',(0.,-1.,0.));
#658=VECTOR('',#657,0.738999238);
#659=LINE('',#656,#658);
#660=EDGE_CURVE('',#647,#655,#659,.T.);
#661=ORIENTED_EDGE('',*,*,#660,.T.);
#662=CARTESIAN_POINT('',(-126.68018796,45.269151638,3.0000254));
#663=VERTEX_POINT('',#662);
#664=CARTESIAN_POINT('',(-122.013521294,45.269151638,3.0000254));
#665=DIRECTION('',(-1.,0.,0.));
#666=VECTOR('',#665,4.666666667);
#667=LINE('',#664,#666);
#668=EDGE_CURVE('',#655,#663,#667,.T.);
#669=ORIENTED_EDGE('',*,*,#668,.T.);
#670=CARTESIAN_POINT('',(-126.68018796,31.158122936,3.0000254));
#671=VERTEX_POINT('',#670);
#672=CARTESIAN_POINT('',(-126.68018796,45.269151638,3.0000254));
#673=DIRECTION('',(0.,-1.,0.));
#674=VECTOR('',#673,14.111028702);
#675=LINE('',#672,#674);
#676=EDGE_CURVE('',#663,#671,#675,.T.);
#677=ORIENTED_EDGE('',*,*,#676,.T.);
#678=CARTESIAN_POINT('',(-122.013521294,31.158122936,3.0000254));
#679=VERTEX_POINT('',#678);
#680=CARTESIAN_POINT('',(-126.68018796,31.158122936,3.0000254));
#681=DIRECTION('',(1.,0.,-0.));
#682=VECTOR('',#681,4.666666667);
#683=LINE('',#680,#682);
#684=EDGE_CURVE('',#671,#679,#683,.T.);
#685=ORIENTED_EDGE('',*,*,#684,.T.);
#686=CARTESIAN_POINT('',(-122.013521294,30.411116081,3.0000254));
#687=VERTEX_POINT('',#686);
#688=CARTESIAN_POINT('',(-122.013521294,30.411116081,3.0000254));
#689=DIRECTION('',(0.,1.,0.));
#690=VECTOR('',#689,0.747006855);
#691=LINE('',#688,#690);
#692=EDGE_CURVE('',#687,#679,#691,.T.);
#693=ORIENTED_EDGE('',*,*,#692,.F.);
#694=CARTESIAN_POINT('',(-117.346854627,30.411116081,3.0000254));
#695=VERTEX_POINT('',#694);
#696=CARTESIAN_POINT('',(-122.013521294,30.411116081,3.0000254));
#697=DIRECTION('',(1.,0.,-0.));
#698=VECTOR('',#697,4.666666667);
#699=LINE('',#696,#698);
#700=EDGE_CURVE('',#687,#695,#699,.T.);
#701=ORIENTED_EDGE('',*,*,#700,.T.);
#702=CARTESIAN_POINT('',(-117.346854627,30.411116081,3.0000254));
#703=DIRECTION('',(0.,1.,0.));
#704=VECTOR('',#703,0.747006855);
#705=LINE('',#702,#704);
#706=EDGE_CURVE('',#695,#613,#705,.T.);
#707=ORIENTED_EDGE('',*,*,#706,.T.);
#708=EDGE_LOOP('',(#621,#629,#637,#645,#653,#661,#669,#677,#685,#693,#701,#707));
#709=FACE_BOUND('',#708,.T.);
#710=CARTESIAN_POINT('',(-117.346854627,49.858161036,3.0000254));
#711=VERTEX_POINT('',#710);
#712=CARTESIAN_POINT('',(-112.68018796,49.858161036,3.0000254));
#713=VERTEX_POINT('',#712);
#714=CARTESIAN_POINT('',(-117.346854627,49.858161036,3.0000254));
#715=DIRECTION('',(1.,0.,-0.));
#716=VECTOR('',#715,4.666666667);
#717=LINE('',#714,#716);
#718=EDGE_CURVE('',#711,#713,#717,.T.);
#719=ORIENTED_EDGE('',*,*,#718,.T.);
#720=CARTESIAN_POINT('',(-112.68018796,63.969189738,3.0000254));
#721=VERTEX_POINT('',#720);
#722=CARTESIAN_POINT('',(-112.68018796,49.858161036,3.0000254));
#723=DIRECTION('',(0.,1.,0.));
#724=VECTOR('',#723,14.111028702);
#725=LINE('',#722,#724);
#726=EDGE_CURVE('',#713,#721,#725,.T.);
#727=ORIENTED_EDGE('',*,*,#726,.T.);
#728=CARTESIAN_POINT('',(-117.346854627,63.969189738,3.0000254));
#729=VERTEX_POINT('',#728);
#730=CARTESIAN_POINT('',(-112.68018796,63.969189738,3.0000254));
#731=DIRECTION('',(-1.,0.,0.));
#732=VECTOR('',#731,4.666666667);
#733=LINE('',#730,#732);
#734=EDGE_CURVE('',#721,#729,#733,.T.);
#735=ORIENTED_EDGE('',*,*,#734,.T.);
#736=CARTESIAN_POINT('',(-117.346854627,64.708188976,3.0000254));
#737=VERTEX_POINT('',#736);
#738=CARTESIAN_POINT('',(-117.346854627,64.708188976,3.0000254));
#739=DIRECTION('',(0.,-1.,0.));
#740=VECTOR('',#739,0.738999238);
#741=LINE('',#738,#740);
#742=EDGE_CURVE('',#737,#729,#741,.T.);
#743=ORIENTED_EDGE('',*,*,#742,.F.);
#744=CARTESIAN_POINT('',(-122.013521294,64.708188976,3.0000254));
#745=VERTEX_POINT('',#744);
#746=CARTESIAN_POINT('',(-117.346854627,64.708188976,3.0000254));
#747=DIRECTION('',(-1.,0.,0.));
#748=VECTOR('',#747,4.666666667);
#749=LINE('',#746,#748);
#750=EDGE_CURVE('',#737,#745,#749,.T.);
#751=ORIENTED_EDGE('',*,*,#750,.T.);
#752=CARTESIAN_POINT('',(-122.013521294,63.969189738,3.0000254));
#753=VERTEX_POINT('',#752);
#754=CARTESIAN_POINT('',(-122.013521294,64.708188976,3.0000254));
#755=DIRECTION('',(0.,-1.,0.));
#756=VECTOR('',#755,0.738999238);
#757=LINE('',#754,#756);
#758=EDGE_CURVE('',#745,#753,#757,.T.);
#759=ORIENTED_EDGE('',*,*,#758,.T.);
#760=CARTESIAN_POINT('',(-126.68018796,63.969189738,3.0000254));
#761=VERTEX_POINT('',#760);
#762=CARTESIAN_POINT('',(-122.013521294,63.969189738,3.0000254));
#763=DIRECTION('',(-1.,0.,0.));
#764=VECTOR('',#763,4.666666667);
#765=LINE('',#762,#764);
#766=EDGE_CURVE('',#753,#761,#765,.T.);
#767=ORIENTED_EDGE('',*,*,#766,.T.);
#768=CARTESIAN_POINT('',(-126.68018796,49.858161036,3.0000254));
#769=VERTEX_POINT('',#768);
#770=CARTESIAN_POINT('',(-126.68018796,63.969189738,3.0000254));
#771=DIRECTION('',(0.,-1.,0.));
#772=VECTOR('',#771,14.111028702);
#773=LINE('',#770,#772);
#774=EDGE_CURVE('',#761,#769,#773,.T.);
#775=ORIENTED_EDGE('',*,*,#774,.T.);
#776=CARTESIAN_POINT('',(-122.013521294,49.858161036,3.0000254));
#777=VERTEX_POINT('',#776);
#778=CARTESIAN_POINT('',(-126.68018796,49.858161036,3.0000254));
#779=DIRECTION('',(1.,0.,-0.));
#780=VECTOR('',#779,4.666666667);
#781=LINE('',#778,#780);
#782=EDGE_CURVE('',#769,#777,#781,.T.);
#783=ORIENTED_EDGE('',*,*,#782,.T.);
#784=CARTESIAN_POINT('',(-122.013521294,49.111154182,3.0000254));
#785=VERTEX_POINT('',#784);
#786=CARTESIAN_POINT('',(-122.013521294,49.111154182,3.0000254));
#787=DIRECTION('',(0.,1.,0.));
#788=VECTOR('',#787,0.747006855);
#789=LINE('',#786,#788);
#790=EDGE_CURVE('',#785,#777,#789,.T.);
#791=ORIENTED_EDGE('',*,*,#790,.F.);
#792=CARTESIAN_POINT('',(-117.346854627,49.111154182,3.0000254));
#793=VERTEX_POINT('',#792);
#794=CARTESIAN_POINT('',(-122.013521294,49.111154182,3.0000254));
#795=DIRECTION('',(1.,0.,-0.));
#796=VECTOR('',#795,4.666666667);
#797=LINE('',#794,#796);
#798=EDGE_CURVE('',#785,#793,#797,.T.);
#799=ORIENTED_EDGE('',*,*,#798,.T.);
#800=CARTESIAN_POINT('',(-117.346854627,49.111154182,3.0000254));
#801=DIRECTION('',(0.,1.,0.));
#802=VECTOR('',#801,0.747006855);
#803=LINE('',#800,#802);
#804=EDGE_CURVE('',#793,#711,#803,.T.);
#805=ORIENTED_EDGE('',*,*,#804,.T.);
#806=EDGE_LOOP('',(#719,#727,#735,#743,#751,#759,#767,#775,#783,#791,#799,#805));
#807=FACE_BOUND('',#806,.T.);
#808=CARTESIAN_POINT('',(-122.013521294,67.822193044,3.0000254));
#809=VERTEX_POINT('',#808);
#810=CARTESIAN_POINT('',(-117.346854627,67.822193044,3.0000254));
#811=VERTEX_POINT('',#810);
#812=CARTESIAN_POINT('',(-122.013521294,67.822193044,3.0000254));
#813=DIRECTION('',(1.,0.,-0.));
#814=VECTOR('',#813,4.666666667);
#815=LINE('',#812,#814);
#816=EDGE_CURVE('',#809,#811,#815,.T.);
#817=ORIENTED_EDGE('',*,*,#816,.T.);
#818=CARTESIAN_POINT('',(-117.346854627,68.569199898,3.0000254));
#819=VERTEX_POINT('',#818);
#820=CARTESIAN_POINT('',(-117.346854627,67.822193044,3.0000254));
#821=DIRECTION('',(0.,1.,0.));
#822=VECTOR('',#821,0.747006855);
#823=LINE('',#820,#822);
#824=EDGE_CURVE('',#811,#819,#823,.T.);
#825=ORIENTED_EDGE('',*,*,#824,.T.);
#826=CARTESIAN_POINT('',(-112.68018796,68.569199898,3.0000254));
#827=VERTEX_POINT('',#826);
#828=CARTESIAN_POINT('',(-117.346854627,68.569199898,3.0000254));
#829=DIRECTION('',(1.,0.,-0.));
#830=VECTOR('',#829,4.666666667);
#831=LINE('',#828,#830);
#832=EDGE_CURVE('',#819,#827,#831,.T.);
#833=ORIENTED_EDGE('',*,*,#832,.T.);
#834=CARTESIAN_POINT('',(-112.68018796,82.669227838,3.0000254));
#835=VERTEX_POINT('',#834);
#836=CARTESIAN_POINT('',(-112.68018796,68.569199898,3.0000254));
#837=DIRECTION('',(0.,1.,0.));
#838=VECTOR('',#837,14.10002794);
#839=LINE('',#836,#838);
#840=EDGE_CURVE('',#827,#835,#839,.T.);
#841=ORIENTED_EDGE('',*,*,#840,.T.);
#842=CARTESIAN_POINT('',(-117.346854627,82.669227838,3.0000254));
#843=VERTEX_POINT('',#842);
#844=CARTESIAN_POINT('',(-112.68018796,82.669227838,3.0000254));
#845=DIRECTION('',(-1.,0.,0.));
#846=VECTOR('',#845,4.666666667);
#847=LINE('',#844,#846);
#848=EDGE_CURVE('',#835,#843,#847,.T.);
#849=ORIENTED_EDGE('',*,*,#848,.T.);
#850=CARTESIAN_POINT('',(-117.346854627,83.419227838,3.0000254));
#851=VERTEX_POINT('',#850);
#852=CARTESIAN_POINT('',(-117.346854627,83.419227838,3.0000254));
#853=DIRECTION('',(0.,-1.,0.));
#854=VECTOR('',#853,0.75);
#855=LINE('',#852,#854);
#856=EDGE_CURVE('',#851,#843,#855,.T.);
#857=ORIENTED_EDGE('',*,*,#856,.F.);
#858=CARTESIAN_POINT('',(-122.013521294,83.419227838,3.0000254));
#859=VERTEX_POINT('',#858);
#860=CARTESIAN_POINT('',(-117.346854627,83.419227838,3.0000254));
#861=DIRECTION('',(-1.,0.,0.));
#862=VECTOR('',#861,4.666666667);
#863=LINE('',#860,#862);
#864=EDGE_CURVE('',#851,#859,#863,.T.);
#865=ORIENTED_EDGE('',*,*,#864,.T.);
#866=CARTESIAN_POINT('',(-122.013521294,82.669227838,3.0000254));
#867=VERTEX_POINT('',#866);
#868=CARTESIAN_POINT('',(-122.013521294,83.419227838,3.0000254));
#869=DIRECTION('',(0.,-1.,0.));
#870=VECTOR('',#869,0.75);
#871=LINE('',#868,#870);
#872=EDGE_CURVE('',#859,#867,#871,.T.);
#873=ORIENTED_EDGE('',*,*,#872,.T.);
#874=CARTESIAN_POINT('',(-126.68018796,82.669227838,3.0000254));
#875=VERTEX_POINT('',#874);
#876=CARTESIAN_POINT('',(-122.013521294,82.669227838,3.0000254));
#877=DIRECTION('',(-1.,0.,0.));
#878=VECTOR('',#877,4.666666667);
#879=LINE('',#876,#878);
#880=EDGE_CURVE('',#867,#875,#879,.T.);
#881=ORIENTED_EDGE('',*,*,#880,.T.);
#882=CARTESIAN_POINT('',(-126.68018796,68.569199898,3.0000254));
#883=VERTEX_POINT('',#882);
#884=CARTESIAN_POINT('',(-126.68018796,82.669227838,3.0000254));
#885=DIRECTION('',(0.,-1.,0.));
#886=VECTOR('',#885,14.10002794);
#887=LINE('',#884,#886);
#888=EDGE_CURVE('',#875,#883,#887,.T.);
#889=ORIENTED_EDGE('',*,*,#888,.T.);
#890=CARTESIAN_POINT('',(-122.013521294,68.569199898,3.0000254));
#891=VERTEX_POINT('',#890);
#892=CARTESIAN_POINT('',(-126.68018796,68.569199898,3.0000254));
#893=DIRECTION('',(1.,0.,-0.));
#894=VECTOR('',#893,4.666666667);
#895=LINE('',#892,#894);
#896=EDGE_CURVE('',#883,#891,#895,.T.);
#897=ORIENTED_EDGE('',*,*,#896,.T.);
#898=CARTESIAN_POINT('',(-122.013521294,67.822193044,3.0000254));
#899=DIRECTION('',(0.,1.,0.));
#900=VECTOR('',#899,0.747006855);
#901=LINE('',#898,#900);
#902=EDGE_CURVE('',#809,#891,#901,.T.);
#903=ORIENTED_EDGE('',*,*,#902,.F.);
#904=EDGE_LOOP('',(#817,#825,#833,#841,#849,#857,#865,#873,#881,#889,#897,#903));
#905=FACE_BOUND('',#904,.T.);
#906=CARTESIAN_POINT('',(-103.313485734,70.389198378,3.0000254));
#907=VERTEX_POINT('',#906);
#908=CARTESIAN_POINT('',(-98.646819067,70.389198378,3.0000254));
#909=VERTEX_POINT('',#908);
#910=CARTESIAN_POINT('',(-103.313485734,70.389198378,3.0000254));
#911=DIRECTION('',(1.,0.,-0.));
#912=VECTOR('',#911,4.666666667);
#913=LINE('',#910,#912);
#914=EDGE_CURVE('',#907,#909,#913,.T.);
#915=ORIENTED_EDGE('',*,*,#914,.T.);
#916=CARTESIAN_POINT('',(-98.646819067,71.136205232,3.0000254));
#917=VERTEX_POINT('',#916);
#918=CARTESIAN_POINT('',(-98.646819067,70.389198378,3.0000254));
#919=DIRECTION('',(0.,1.,0.));
#920=VECTOR('',#919,0.747006855);
#921=LINE('',#918,#920);
#922=EDGE_CURVE('',#909,#917,#921,.T.);
#923=ORIENTED_EDGE('',*,*,#922,.T.);
#924=CARTESIAN_POINT('',(-93.9801524,71.136205232,3.0000254));
#925=VERTEX_POINT('',#924);
#926=CARTESIAN_POINT('',(-98.646819067,71.136205232,3.0000254));
#927=DIRECTION('',(1.,0.,-0.));
#928=VECTOR('',#927,4.666666667);
#929=LINE('',#926,#928);
#930=EDGE_CURVE('',#917,#925,#929,.T.);
#931=ORIENTED_EDGE('',*,*,#930,.T.);
#932=CARTESIAN_POINT('',(-93.9801524,85.236233172,3.0000254));
#933=VERTEX_POINT('',#932);
#934=CARTESIAN_POINT('',(-93.9801524,71.136205232,3.0000254));
#935=DIRECTION('',(0.,1.,0.));
#936=VECTOR('',#935,14.10002794);
#937=LINE('',#934,#936);
#938=EDGE_CURVE('',#925,#933,#937,.T.);
#939=ORIENTED_EDGE('',*,*,#938,.T.);
#940=CARTESIAN_POINT('',(-98.646819067,85.236233172,3.0000254));
#941=VERTEX_POINT('',#940);
#942=CARTESIAN_POINT('',(-93.9801524,85.236233172,3.0000254));
#943=DIRECTION('',(-1.,0.,0.));
#944=VECTOR('',#943,4.666666667);
#945=LINE('',#942,#944);
#946=EDGE_CURVE('',#933,#941,#945,.T.);
#947=ORIENTED_EDGE('',*,*,#946,.T.);
#948=CARTESIAN_POINT('',(-98.646819067,85.986233172,3.0000254));
#949=VERTEX_POINT('',#948);
#950=CARTESIAN_POINT('',(-98.646819067,85.986233172,3.0000254));
#951=DIRECTION('',(0.,-1.,0.));
#952=VECTOR('',#951,0.75);
#953=LINE('',#950,#952);
#954=EDGE_CURVE('',#949,#941,#953,.T.);
#955=ORIENTED_EDGE('',*,*,#954,.F.);
#956=CARTESIAN_POINT('',(-103.313485734,85.986233172,3.0000254));
#957=VERTEX_POINT('',#956);
#958=CARTESIAN_POINT('',(-98.646819067,85.986233172,3.0000254));
#959=DIRECTION('',(-1.,0.,0.));
#960=VECTOR('',#959,4.666666667);
#961=LINE('',#958,#960);
#962=EDGE_CURVE('',#949,#957,#961,.T.);
#963=ORIENTED_EDGE('',*,*,#962,.T.);
#964=CARTESIAN_POINT('',(-103.313485734,85.236233172,3.0000254));
#965=VERTEX_POINT('',#964);
#966=CARTESIAN_POINT('',(-103.313485734,85.986233172,3.0000254));
#967=DIRECTION('',(0.,-1.,0.));
#968=VECTOR('',#967,0.75);
#969=LINE('',#966,#968);
#970=EDGE_CURVE('',#957,#965,#969,.T.);
#971=ORIENTED_EDGE('',*,*,#970,.T.);
#972=CARTESIAN_POINT('',(-107.9801524,85.236233172,3.0000254));
#973=VERTEX_POINT('',#972);
#974=CARTESIAN_POINT('',(-103.313485734,85.236233172,3.0000254));
#975=DIRECTION('',(-1.,0.,0.));
#976=VECTOR('',#975,4.666666667);
#977=LINE('',#974,#976);
#978=EDGE_CURVE('',#965,#973,#977,.T.);
#979=ORIENTED_EDGE('',*,*,#978,.T.);
#980=CARTESIAN_POINT('',(-107.9801524,71.136205232,3.0000254));
#981=VERTEX_POINT('',#980);
#982=CARTESIAN_POINT('',(-107.9801524,85.236233172,3.0000254));
#983=DIRECTION('',(0.,-1.,0.));
#984=VECTOR('',#983,14.10002794);
#985=LINE('',#982,#984);
#986=EDGE_CURVE('',#973,#981,#985,.T.);
#987=ORIENTED_EDGE('',*,*,#986,.T.);
#988=CARTESIAN_POINT('',(-103.313485734,71.136205232,3.0000254));
#989=VERTEX_POINT('',#988);
#990=CARTESIAN_POINT('',(-107.9801524,71.136205232,3.0000254));
#991=DIRECTION('',(1.,0.,-0.));
#992=VECTOR('',#991,4.666666667);
#993=LINE('',#990,#992);
#994=EDGE_CURVE('',#981,#989,#993,.T.);
#995=ORIENTED_EDGE('',*,*,#994,.T.);
#996=CARTESIAN_POINT('',(-103.313485734,70.389198378,3.0000254));
#997=DIRECTION('',(0.,1.,0.));
#998=VECTOR('',#997,0.747006855);
#999=LINE('',#996,#998);
#1000=EDGE_CURVE('',#907,#989,#999,.T.);
#1001=ORIENTED_EDGE('',*,*,#1000,.F.);
#1002=EDGE_LOOP('',(#915,#923,#931,#939,#947,#955,#963,#971,#979,#987,#995,#1001));
#1003=FACE_BOUND('',#1002,.T.);
#1004=CARTESIAN_POINT('',(-98.646819067,52.42516637,3.0000254));
#1005=VERTEX_POINT('',#1004);
#1006=CARTESIAN_POINT('',(-93.9801524,52.42516637,3.0000254));
#1007=VERTEX_POINT('',#1006);
#1008=CARTESIAN_POINT('',(-98.646819067,52.42516637,3.0000254));
#1009=DIRECTION('',(1.,0.,-0.));
#1010=VECTOR('',#1009,4.666666667);
#1011=LINE('',#1008,#1010);
#1012=EDGE_CURVE('',#1005,#1007,#1011,.T.);
#1013=ORIENTED_EDGE('',*,*,#1012,.T.);
#1014=CARTESIAN_POINT('',(-93.9801524,66.536195072,3.0000254));
#1015=VERTEX_POINT('',#1014);
#1016=CARTESIAN_POINT('',(-93.9801524,52.42516637,3.0000254));
#1017=DIRECTION('',(0.,1.,0.));
#1018=VECTOR('',#1017,14.111028702);
#1019=LINE('',#1016,#1018);
#1020=EDGE_CURVE('',#1007,#1015,#1019,.T.);
#1021=ORIENTED_EDGE('',*,*,#1020,.T.);
#1022=CARTESIAN_POINT('',(-98.646819067,66.536195072,3.0000254));
#1023=VERTEX_POINT('',#1022);
#1024=CARTESIAN_POINT('',(-93.9801524,66.536195072,3.0000254));
#1025=DIRECTION('',(-1.,0.,0.));
#1026=VECTOR('',#1025,4.666666667);
#1027=LINE('',#1024,#1026);
#1028=EDGE_CURVE('',#1015,#1023,#1027,.T.);
#1029=ORIENTED_EDGE('',*,*,#1028,.T.);
#1030=CARTESIAN_POINT('',(-98.646819067,67.27519431,3.0000254));
#1031=VERTEX_POINT('',#1030);
#1032=CARTESIAN_POINT('',(-98.646819067,67.27519431,3.0000254));
#1033=DIRECTION('',(0.,-1.,0.));
#1034=VECTOR('',#1033,0.738999238);
#1035=LINE('',#1032,#1034);
#1036=EDGE_CURVE('',#1031,#1023,#1035,.T.);
#1037=ORIENTED_EDGE('',*,*,#1036,.F.);
#1038=CARTESIAN_POINT('',(-103.313485734,67.27519431,3.0000254));
#1039=VERTEX_POINT('',#1038);
#1040=CARTESIAN_POINT('',(-98.646819067,67.27519431,3.0000254));
#1041=DIRECTION('',(-1.,0.,0.));
#1042=VECTOR('',#1041,4.666666667);
#1043=LINE('',#1040,#1042);
#1044=EDGE_CURVE('',#1031,#1039,#1043,.T.);
#1045=ORIENTED_EDGE('',*,*,#1044,.T.);
#1046=CARTESIAN_POINT('',(-103.313485734,66.536195072,3.0000254));
#1047=VERTEX_POINT('',#1046);
#1048=CARTESIAN_POINT('',(-103.313485734,67.27519431,3.0000254));
#1049=DIRECTION('',(0.,-1.,0.));
#1050=VECTOR('',#1049,0.738999238);
#1051=LINE('',#1048,#1050);
#1052=EDGE_CURVE('',#1039,#1047,#1051,.T.);
#1053=ORIENTED_EDGE('',*,*,#1052,.T.);
#1054=CARTESIAN_POINT('',(-107.9801524,66.536195072,3.0000254));
#1055=VERTEX_POINT('',#1054);
#1056=CARTESIAN_POINT('',(-103.313485734,66.536195072,3.0000254));
#1057=DIRECTION('',(-1.,0.,0.));
#1058=VECTOR('',#1057,4.666666667);
#1059=LINE('',#1056,#1058);
#1060=EDGE_CURVE('',#1047,#1055,#1059,.T.);
#1061=ORIENTED_EDGE('',*,*,#1060,.T.);
#1062=CARTESIAN_POINT('',(-107.9801524,52.42516637,3.0000254));
#1063=VERTEX_POINT('',#1062);
#1064=CARTESIAN_POINT('',(-107.9801524,66.536195072,3.0000254));
#1065=DIRECTION('',(0.,-1.,0.));
#1066=VECTOR('',#1065,14.111028702);
#1067=LINE('',#1064,#1066);
#1068=EDGE_CURVE('',#1055,#1063,#1067,.T.);
#1069=ORIENTED_EDGE('',*,*,#1068,.T.);
#1070=CARTESIAN_POINT('',(-103.313485734,52.42516637,3.0000254));
#1071=VERTEX_POINT('',#1070);
#1072=CARTESIAN_POINT('',(-107.9801524,52.42516637,3.0000254));
#1073=DIRECTION('',(1.,0.,-0.));
#1074=VECTOR('',#1073,4.666666667);
#1075=LINE('',#1072,#1074);
#1076=EDGE_CURVE('',#1063,#1071,#1075,.T.);
#1077=ORIENTED_EDGE('',*,*,#1076,.T.);
#1078=CARTESIAN_POINT('',(-103.313485734,51.678159516,3.0000254));
#1079=VERTEX_POINT('',#1078);
#1080=CARTESIAN_POINT('',(-103.313485734,51.678159516,3.0000254));
#1081=DIRECTION('',(0.,1.,0.));
#1082=VECTOR('',#1081,0.747006855);
#1083=LINE('',#1080,#1082);
#1084=EDGE_CURVE('',#1079,#1071,#1083,.T.);
#1085=ORIENTED_EDGE('',*,*,#1084,.F.);
#1086=CARTESIAN_POINT('',(-98.646819067,51.678159516,3.0000254));
#1087=VERTEX_POINT('',#1086);
#1088=CARTESIAN_POINT('',(-103.313485734,51.678159516,3.0000254));
#1089=DIRECTION('',(1.,0.,-0.));
#1090=VECTOR('',#1089,4.666666667);
#1091=LINE('',#1088,#1090);
#1092=EDGE_CURVE('',#1079,#1087,#1091,.T.);
#1093=ORIENTED_EDGE('',*,*,#1092,.T.);
#1094=CARTESIAN_POINT('',(-98.646819067,51.678159516,3.0000254));
#1095=DIRECTION('',(0.,1.,0.));
#1096=VECTOR('',#1095,0.747006855);
#1097=LINE('',#1094,#1096);
#1098=EDGE_CURVE('',#1087,#1005,#1097,.T.);
#1099=ORIENTED_EDGE('',*,*,#1098,.T.);
#1100=EDGE_LOOP('',(#1013,#1021,#1029,#1037,#1045,#1053,#1061,#1069,#1077,#1085,#1093,#1099));
#1101=FACE_BOUND('',#1100,.T.);
#1102=CARTESIAN_POINT('',(-98.646819067,33.72512827,3.0000254));
#1103=VERTEX_POINT('',#1102);
#1104=CARTESIAN_POINT('',(-93.9801524,33.72512827,3.0000254));
#1105=VERTEX_POINT('',#1104);
#1106=CARTESIAN_POINT('',(-98.646819067,33.72512827,3.0000254));
#1107=DIRECTION('',(1.,0.,-0.));
#1108=VECTOR('',#1107,4.666666667);
#1109=LINE('',#1106,#1108);
#1110=EDGE_CURVE('',#1103,#1105,#1109,.T.);
#1111=ORIENTED_EDGE('',*,*,#1110,.T.);
#1112=CARTESIAN_POINT('',(-93.9801524,47.836156972,3.0000254));
#1113=VERTEX_POINT('',#1112);
#1114=CARTESIAN_POINT('',(-93.9801524,33.72512827,3.0000254));
#1115=DIRECTION('',(0.,1.,0.));
#1116=VECTOR('',#1115,14.111028702);
#1117=LINE('',#1114,#1116);
#1118=EDGE_CURVE('',#1105,#1113,#1117,.T.);
#1119=ORIENTED_EDGE('',*,*,#1118,.T.);
#1120=CARTESIAN_POINT('',(-98.646819067,47.836156972,3.0000254));
#1121=VERTEX_POINT('',#1120);
#1122=CARTESIAN_POINT('',(-93.9801524,47.836156972,3.0000254));
#1123=DIRECTION('',(-1.,0.,0.));
#1124=VECTOR('',#1123,4.666666667);
#1125=LINE('',#1122,#1124);
#1126=EDGE_CURVE('',#1113,#1121,#1125,.T.);
#1127=ORIENTED_EDGE('',*,*,#1126,.T.);
#1128=CARTESIAN_POINT('',(-98.646819067,48.57515621,3.0000254));
#1129=VERTEX_POINT('',#1128);
#1130=CARTESIAN_POINT('',(-98.646819067,48.57515621,3.0000254));
#1131=DIRECTION('',(0.,-1.,0.));
#1132=VECTOR('',#1131,0.738999238);
#1133=LINE('',#1130,#1132);
#1134=EDGE_CURVE('',#1129,#1121,#1133,.T.);
#1135=ORIENTED_EDGE('',*,*,#1134,.F.);
#1136=CARTESIAN_POINT('',(-103.313485734,48.57515621,3.0000254));
#1137=VERTEX_POINT('',#1136);
#1138=CARTESIAN_POINT('',(-98.646819067,48.57515621,3.0000254));
#1139=DIRECTION('',(-1.,0.,0.));
#1140=VECTOR('',#1139,4.666666667);
#1141=LINE('',#1138,#1140);
#1142=EDGE_CURVE('',#1129,#1137,#1141,.T.);
#1143=ORIENTED_EDGE('',*,*,#1142,.T.);
#1144=CARTESIAN_POINT('',(-103.313485734,47.836156972,3.0000254));
#1145=VERTEX_POINT('',#1144);
#1146=CARTESIAN_POINT('',(-103.313485734,48.57515621,3.0000254));
#1147=DIRECTION('',(0.,-1.,0.));
#1148=VECTOR('',#1147,0.738999238);
#1149=LINE('',#1146,#1148);
#1150=EDGE_CURVE('',#1137,#1145,#1149,.T.);
#1151=ORIENTED_EDGE('',*,*,#1150,.T.);
#1152=CARTESIAN_POINT('',(-107.9801524,47.836156972,3.0000254));
#1153=VERTEX_POINT('',#1152);
#1154=CARTESIAN_POINT('',(-103.313485734,47.836156972,3.0000254));
#1155=DIRECTION('',(-1.,0.,0.));
#1156=VECTOR('',#1155,4.666666667);
#1157=LINE('',#1154,#1156);
#1158=EDGE_CURVE('',#1145,#1153,#1157,.T.);
#1159=ORIENTED_EDGE('',*,*,#1158,.T.);
#1160=CARTESIAN_POINT('',(-107.9801524,33.72512827,3.0000254));
#1161=VERTEX_POINT('',#1160);
#1162=CARTESIAN_POINT('',(-107.9801524,47.836156972,3.0000254));
#1163=DIRECTION('',(0.,-1.,0.));
#1164=VECTOR('',#1163,14.111028702);
#1165=LINE('',#1162,#1164);
#1166=EDGE_CURVE('',#1153,#1161,#1165,.T.);
#1167=ORIENTED_EDGE('',*,*,#1166,.T.);
#1168=CARTESIAN_POINT('',(-103.313485734,33.72512827,3.0000254));
#1169=VERTEX_POINT('',#1168);
#1170=CARTESIAN_POINT('',(-107.9801524,33.72512827,3.0000254));
#1171=DIRECTION('',(1.,0.,-0.));
#1172=VECTOR('',#1171,4.666666667);
#1173=LINE('',#1170,#1172);
#1174=EDGE_CURVE('',#1161,#1169,#1173,.T.);
#1175=ORIENTED_EDGE('',*,*,#1174,.T.);
#1176=CARTESIAN_POINT('',(-103.313485734,32.978121415,3.0000254));
#1177=VERTEX_POINT('',#1176);
#1178=CARTESIAN_POINT('',(-103.313485734,32.978121415,3.0000254));
#1179=DIRECTION('',(0.,1.,0.));
#1180=VECTOR('',#1179,0.747006855);
#1181=LINE('',#1178,#1180);
#1182=EDGE_CURVE('',#1177,#1169,#1181,.T.);
#1183=ORIENTED_EDGE('',*,*,#1182,.F.);
#1184=CARTESIAN_POINT('',(-98.646819067,32.978121415,3.0000254));
#1185=VERTEX_POINT('',#1184);
#1186=CARTESIAN_POINT('',(-103.313485734,32.978121415,3.0000254));
#1187=DIRECTION('',(1.,0.,-0.));
#1188=VECTOR('',#1187,4.666666667);
#1189=LINE('',#1186,#1188);
#1190=EDGE_CURVE('',#1177,#1185,#1189,.T.);
#1191=ORIENTED_EDGE('',*,*,#1190,.T.);
#1192=CARTESIAN_POINT('',(-98.646819067,32.978121415,3.0000254));
#1193=DIRECTION('',(0.,1.,0.));
#1194=VECTOR('',#1193,0.747006855);
#1195=LINE('',#1192,#1194);
#1196=EDGE_CURVE('',#1185,#1103,#1195,.T.);
#1197=ORIENTED_EDGE('',*,*,#1196,.T.);
#1198=EDGE_LOOP('',(#1111,#1119,#1127,#1135,#1143,#1151,#1159,#1167,#1175,#1183,#1191,#1197));
#1199=FACE_BOUND('',#1198,.T.);
#1200=CARTESIAN_POINT('',(-112.663503514,89.089236478,3.0000254));
#1201=VERTEX_POINT('',#1200);
#1202=CARTESIAN_POINT('',(-107.996836847,89.089236478,3.0000254));
#1203=VERTEX_POINT('',#1202);
#1204=CARTESIAN_POINT('',(-112.663503514,89.089236478,3.0000254));
#1205=DIRECTION('',(1.,0.,-0.));
#1206=VECTOR('',#1205,4.666666667);
#1207=LINE('',#1204,#1206);
#1208=EDGE_CURVE('',#1201,#1203,#1207,.T.);
#1209=ORIENTED_EDGE('',*,*,#1208,.T.);
#1210=CARTESIAN_POINT('',(-107.996836847,89.836243332,3.0000254));
#1211=VERTEX_POINT('',#1210);
#1212=CARTESIAN_POINT('',(-107.996836847,89.089236478,3.0000254));
#1213=DIRECTION('',(0.,1.,0.));
#1214=VECTOR('',#1213,0.747006855);
#1215=LINE('',#1212,#1214);
#1216=EDGE_CURVE('',#1203,#1211,#1215,.T.);
#1217=ORIENTED_EDGE('',*,*,#1216,.T.);
#1218=CARTESIAN_POINT('',(-103.33017018,89.836243332,3.0000254));
#1219=VERTEX_POINT('',#1218);
#1220=CARTESIAN_POINT('',(-107.996836847,89.836243332,3.0000254));
#1221=DIRECTION('',(1.,0.,-0.));
#1222=VECTOR('',#1221,4.666666667);
#1223=LINE('',#1220,#1222);
#1224=EDGE_CURVE('',#1211,#1219,#1223,.T.);
#1225=ORIENTED_EDGE('',*,*,#1224,.T.);
#1226=CARTESIAN_POINT('',(-103.33017018,103.936271273,3.0000254));
#1227=VERTEX_POINT('',#1226);
#1228=CARTESIAN_POINT('',(-103.33017018,89.836243332,3.0000254));
#1229=DIRECTION('',(0.,1.,0.));
#1230=VECTOR('',#1229,14.10002794);
#1231=LINE('',#1228,#1230);
#1232=EDGE_CURVE('',#1219,#1227,#1231,.T.);
#1233=ORIENTED_EDGE('',*,*,#1232,.T.);
#1234=CARTESIAN_POINT('',(-107.996836847,103.936271273,3.0000254));
#1235=VERTEX_POINT('',#1234);
#1236=CARTESIAN_POINT('',(-103.33017018,103.936271273,3.0000254));
#1237=DIRECTION('',(-1.,0.,0.));
#1238=VECTOR('',#1237,4.666666667);
#1239=LINE('',#1236,#1238);
#1240=EDGE_CURVE('',#1227,#1235,#1239,.T.);
#1241=ORIENTED_EDGE('',*,*,#1240,.T.);
#1242=CARTESIAN_POINT('',(-107.996836847,104.686271273,3.0000254));
#1243=VERTEX_POINT('',#1242);
#1244=CARTESIAN_POINT('',(-107.996836847,104.686271273,3.0000254));
#1245=DIRECTION('',(0.,-1.,0.));
#1246=VECTOR('',#1245,0.75);
#1247=LINE('',#1244,#1246);
#1248=EDGE_CURVE('',#1243,#1235,#1247,.T.);
#1249=ORIENTED_EDGE('',*,*,#1248,.F.);
#1250=CARTESIAN_POINT('',(-112.663503514,104.686271273,3.0000254));
#1251=VERTEX_POINT('',#1250);
#1252=CARTESIAN_POINT('',(-107.996836847,104.686271273,3.0000254));
#1253=DIRECTION('',(-1.,0.,0.));
#1254=VECTOR('',#1253,4.666666667);
#1255=LINE('',#1252,#1254);
#1256=EDGE_CURVE('',#1243,#1251,#1255,.T.);
#1257=ORIENTED_EDGE('',*,*,#1256,.T.);
#1258=CARTESIAN_POINT('',(-112.663503514,103.936271273,3.0000254));
#1259=VERTEX_POINT('',#1258);
#1260=CARTESIAN_POINT('',(-112.663503514,104.686271273,3.0000254));
#1261=DIRECTION('',(0.,-1.,0.));
#1262=VECTOR('',#1261,0.75);
#1263=LINE('',#1260,#1262);
#1264=EDGE_CURVE('',#1251,#1259,#1263,.T.);
#1265=ORIENTED_EDGE('',*,*,#1264,.T.);
#1266=CARTESIAN_POINT('',(-117.33017018,103.936271273,3.0000254));
#1267=VERTEX_POINT('',#1266);
#1268=CARTESIAN_POINT('',(-112.663503514,103.936271273,3.0000254));
#1269=DIRECTION('',(-1.,0.,0.));
#1270=VECTOR('',#1269,4.666666667);
#1271=LINE('',#1268,#1270);
#1272=EDGE_CURVE('',#1259,#1267,#1271,.T.);
#1273=ORIENTED_EDGE('',*,*,#1272,.T.);
#1274=CARTESIAN_POINT('',(-117.33017018,89.836243332,3.0000254));
#1275=VERTEX_POINT('',#1274);
#1276=CARTESIAN_POINT('',(-117.33017018,103.936271273,3.0000254));
#1277=DIRECTION('',(0.,-1.,0.));
#1278=VECTOR('',#1277,14.10002794);
#1279=LINE('',#1276,#1278);
#1280=EDGE_CURVE('',#1267,#1275,#1279,.T.);
#1281=ORIENTED_EDGE('',*,*,#1280,.T.);
#1282=CARTESIAN_POINT('',(-112.663503514,89.836243332,3.0000254));
#1283=VERTEX_POINT('',#1282);
#1284=CARTESIAN_POINT('',(-117.33017018,89.836243332,3.0000254));
#1285=DIRECTION('',(1.,0.,-0.));
#1286=VECTOR('',#1285,4.666666667);
#1287=LINE('',#1284,#1286);
#1288=EDGE_CURVE('',#1275,#1283,#1287,.T.);
#1289=ORIENTED_EDGE('',*,*,#1288,.T.);
#1290=CARTESIAN_POINT('',(-112.663503514,89.089236478,3.0000254));
#1291=DIRECTION('',(0.,1.,0.));
#1292=VECTOR('',#1291,0.747006855);
#1293=LINE('',#1290,#1292);
#1294=EDGE_CURVE('',#1201,#1283,#1293,.T.);
#1295=ORIENTED_EDGE('',*,*,#1294,.F.);
#1296=EDGE_LOOP('',(#1209,#1217,#1225,#1233,#1241,#1249,#1257,#1265,#1273,#1281,#1289,#1295));
#1297=FACE_BOUND('',#1296,.T.);
#1298=CARTESIAN_POINT('',(-140.713559394,67.822193044,3.0000254));
#1299=VERTEX_POINT('',#1298);
#1300=CARTESIAN_POINT('',(-136.046892727,67.822193044,3.0000254));
#1301=VERTEX_POINT('',#1300);
#1302=CARTESIAN_POINT('',(-140.713559394,67.822193044,3.0000254));
#1303=DIRECTION('',(1.,0.,-0.));
#1304=VECTOR('',#1303,4.666666667);
#1305=LINE('',#1302,#1304);
#1306=EDGE_CURVE('',#1299,#1301,#1305,.T.);
#1307=ORIENTED_EDGE('',*,*,#1306,.T.);
#1308=CARTESIAN_POINT('',(-136.046892727,68.569199898,3.0000254));
#1309=VERTEX_POINT('',#1308);
#1310=CARTESIAN_POINT('',(-136.046892727,67.822193044,3.0000254));
#1311=DIRECTION('',(0.,1.,0.));
#1312=VECTOR('',#1311,0.747006855);
#1313=LINE('',#1310,#1312);
#1314=EDGE_CURVE('',#1301,#1309,#1313,.T.);
#1315=ORIENTED_EDGE('',*,*,#1314,.T.);
#1316=CARTESIAN_POINT('',(-131.38022606,68.569199898,3.0000254));
#1317=VERTEX_POINT('',#1316);
#1318=CARTESIAN_POINT('',(-136.046892727,68.569199898,3.0000254));
#1319=DIRECTION('',(1.,0.,-0.));
#1320=VECTOR('',#1319,4.666666667);
#1321=LINE('',#1318,#1320);
#1322=EDGE_CURVE('',#1309,#1317,#1321,.T.);
#1323=ORIENTED_EDGE('',*,*,#1322,.T.);
#1324=CARTESIAN_POINT('',(-131.38022606,82.669227838,3.0000254));
#1325=VERTEX_POINT('',#1324);
#1326=CARTESIAN_POINT('',(-131.38022606,68.569199898,3.0000254));
#1327=DIRECTION('',(0.,1.,0.));
#1328=VECTOR('',#1327,14.10002794);
#1329=LINE('',#1326,#1328);
#1330=EDGE_CURVE('',#1317,#1325,#1329,.T.);
#1331=ORIENTED_EDGE('',*,*,#1330,.T.);
#1332=CARTESIAN_POINT('',(-136.046892727,82.669227838,3.0000254));
#1333=VERTEX_POINT('',#1332);
#1334=CARTESIAN_POINT('',(-131.38022606,82.669227838,3.0000254));
#1335=DIRECTION('',(-1.,0.,0.));
#1336=VECTOR('',#1335,4.666666667);
#1337=LINE('',#1334,#1336);
#1338=EDGE_CURVE('',#1325,#1333,#1337,.T.);
#1339=ORIENTED_EDGE('',*,*,#1338,.T.);
#1340=CARTESIAN_POINT('',(-136.046892727,83.419227838,3.0000254));
#1341=VERTEX_POINT('',#1340);
#1342=CARTESIAN_POINT('',(-136.046892727,83.419227838,3.0000254));
#1343=DIRECTION('',(0.,-1.,0.));
#1344=VECTOR('',#1343,0.75);
#1345=LINE('',#1342,#1344);
#1346=EDGE_CURVE('',#1341,#1333,#1345,.T.);
#1347=ORIENTED_EDGE('',*,*,#1346,.F.);
#1348=CARTESIAN_POINT('',(-140.713559394,83.419227838,3.0000254));
#1349=VERTEX_POINT('',#1348);
#1350=CARTESIAN_POINT('',(-136.046892727,83.419227838,3.0000254));
#1351=DIRECTION('',(-1.,0.,0.));
#1352=VECTOR('',#1351,4.666666667);
#1353=LINE('',#1350,#1352);
#1354=EDGE_CURVE('',#1341,#1349,#1353,.T.);
#1355=ORIENTED_EDGE('',*,*,#1354,.T.);
#1356=CARTESIAN_POINT('',(-140.713559394,82.669227838,3.0000254));
#1357=VERTEX_POINT('',#1356);
#1358=CARTESIAN_POINT('',(-140.713559394,83.419227838,3.0000254));
#1359=DIRECTION('',(0.,-1.,0.));
#1360=VECTOR('',#1359,0.75);
#1361=LINE('',#1358,#1360);
#1362=EDGE_CURVE('',#1349,#1357,#1361,.T.);
#1363=ORIENTED_EDGE('',*,*,#1362,.T.);
#1364=CARTESIAN_POINT('',(-145.38022606,82.669227838,3.0000254));
#1365=VERTEX_POINT('',#1364);
#1366=CARTESIAN_POINT('',(-140.713559394,82.669227838,3.0000254));
#1367=DIRECTION('',(-1.,0.,0.));
#1368=VECTOR('',#1367,4.666666667);
#1369=LINE('',#1366,#1368);
#1370=EDGE_CURVE('',#1357,#1365,#1369,.T.);
#1371=ORIENTED_EDGE('',*,*,#1370,.T.);
#1372=CARTESIAN_POINT('',(-145.38022606,68.569199898,3.0000254));
#1373=VERTEX_POINT('',#1372);
#1374=CARTESIAN_POINT('',(-145.38022606,82.669227838,3.0000254));
#1375=DIRECTION('',(0.,-1.,0.));
#1376=VECTOR('',#1375,14.10002794);
#1377=LINE('',#1374,#1376);
#1378=EDGE_CURVE('',#1365,#1373,#1377,.T.);
#1379=ORIENTED_EDGE('',*,*,#1378,.T.);
#1380=CARTESIAN_POINT('',(-140.713559394,68.569199898,3.0000254));
#1381=VERTEX_POINT('',#1380);
#1382=CARTESIAN_POINT('',(-145.38022606,68.569199898,3.0000254));
#1383=DIRECTION('',(1.,0.,-0.));
#1384=VECTOR('',#1383,4.666666667);
#1385=LINE('',#1382,#1384);
#1386=EDGE_CURVE('',#1373,#1381,#1385,.T.);
#1387=ORIENTED_EDGE('',*,*,#1386,.T.);
#1388=CARTESIAN_POINT('',(-140.713559394,67.822193044,3.0000254));
#1389=DIRECTION('',(0.,1.,0.));
#1390=VECTOR('',#1389,0.747006855);
#1391=LINE('',#1388,#1390);
#1392=EDGE_CURVE('',#1299,#1381,#1391,.T.);
#1393=ORIENTED_EDGE('',*,*,#1392,.F.);
#1394=EDGE_LOOP('',(#1307,#1315,#1323,#1331,#1339,#1347,#1355,#1363,#1371,#1379,#1387,#1393));
#1395=FACE_BOUND('',#1394,.T.);
#1396=CARTESIAN_POINT('',(-140.713559394,49.111154182,3.0000254));
#1397=VERTEX_POINT('',#1396);
#1398=CARTESIAN_POINT('',(-136.046892727,49.111154182,3.0000254));
#1399=VERTEX_POINT('',#1398);
#1400=CARTESIAN_POINT('',(-140.713559394,49.111154182,3.0000254));
#1401=DIRECTION('',(1.,0.,-0.));
#1402=VECTOR('',#1401,4.666666667);
#1403=LINE('',#1400,#1402);
#1404=EDGE_CURVE('',#1397,#1399,#1403,.T.);
#1405=ORIENTED_EDGE('',*,*,#1404,.T.);
#1406=CARTESIAN_POINT('',(-136.046892727,49.858161036,3.0000254));
#1407=VERTEX_POINT('',#1406);
#1408=CARTESIAN_POINT('',(-136.046892727,49.111154182,3.0000254));
#1409=DIRECTION('',(0.,1.,0.));
#1410=VECTOR('',#1409,0.747006855);
#1411=LINE('',#1408,#1410);
#1412=EDGE_CURVE('',#1399,#1407,#1411,.T.);
#1413=ORIENTED_EDGE('',*,*,#1412,.T.);
#1414=CARTESIAN_POINT('',(-131.38022606,49.858161036,3.0000254));
#1415=VERTEX_POINT('',#1414);
#1416=CARTESIAN_POINT('',(-136.046892727,49.858161036,3.0000254));
#1417=DIRECTION('',(1.,0.,-0.));
#1418=VECTOR('',#1417,4.666666667);
#1419=LINE('',#1416,#1418);
#1420=EDGE_CURVE('',#1407,#1415,#1419,.T.);
#1421=ORIENTED_EDGE('',*,*,#1420,.T.);
#1422=CARTESIAN_POINT('',(-131.38022606,63.958188976,3.0000254));
#1423=VERTEX_POINT('',#1422);
#1424=CARTESIAN_POINT('',(-131.38022606,49.858161036,3.0000254));
#1425=DIRECTION('',(0.,1.,0.));
#1426=VECTOR('',#1425,14.10002794);
#1427=LINE('',#1424,#1426);
#1428=EDGE_CURVE('',#1415,#1423,#1427,.T.);
#1429=ORIENTED_EDGE('',*,*,#1428,.T.);
#1430=CARTESIAN_POINT('',(-136.046892727,63.958188976,3.0000254));
#1431=VERTEX_POINT('',#1430);
#1432=CARTESIAN_POINT('',(-131.38022606,63.958188976,3.0000254));
#1433=DIRECTION('',(-1.,0.,0.));
#1434=VECTOR('',#1433,4.666666667);
#1435=LINE('',#1432,#1434);
#1436=EDGE_CURVE('',#1423,#1431,#1435,.T.);
#1437=ORIENTED_EDGE('',*,*,#1436,.T.);
#1438=CARTESIAN_POINT('',(-136.046892727,64.708188976,3.0000254));
#1439=VERTEX_POINT('',#1438);
#1440=CARTESIAN_POINT('',(-136.046892727,64.708188976,3.0000254));
#1441=DIRECTION('',(0.,-1.,0.));
#1442=VECTOR('',#1441,0.75);
#1443=LINE('',#1440,#1442);
#1444=EDGE_CURVE('',#1439,#1431,#1443,.T.);
#1445=ORIENTED_EDGE('',*,*,#1444,.F.);
#1446=CARTESIAN_POINT('',(-140.713559394,64.708188976,3.0000254));
#1447=VERTEX_POINT('',#1446);
#1448=CARTESIAN_POINT('',(-136.046892727,64.708188976,3.0000254));
#1449=DIRECTION('',(-1.,0.,0.));
#1450=VECTOR('',#1449,4.666666667);
#1451=LINE('',#1448,#1450);
#1452=EDGE_CURVE('',#1439,#1447,#1451,.T.);
#1453=ORIENTED_EDGE('',*,*,#1452,.T.);
#1454=CARTESIAN_POINT('',(-140.713559394,63.958188976,3.0000254));
#1455=VERTEX_POINT('',#1454);
#1456=CARTESIAN_POINT('',(-140.713559394,64.708188976,3.0000254));
#1457=DIRECTION('',(0.,-1.,0.));
#1458=VECTOR('',#1457,0.75);
#1459=LINE('',#1456,#1458);
#1460=EDGE_CURVE('',#1447,#1455,#1459,.T.);
#1461=ORIENTED_EDGE('',*,*,#1460,.T.);
#1462=CARTESIAN_POINT('',(-145.38022606,63.958188976,3.0000254));
#1463=VERTEX_POINT('',#1462);
#1464=CARTESIAN_POINT('',(-140.713559394,63.958188976,3.0000254));
#1465=DIRECTION('',(-1.,0.,0.));
#1466=VECTOR('',#1465,4.666666667);
#1467=LINE('',#1464,#1466);
#1468=EDGE_CURVE('',#1455,#1463,#1467,.T.);
#1469=ORIENTED_EDGE('',*,*,#1468,.T.);
#1470=CARTESIAN_POINT('',(-145.38022606,49.858161036,3.0000254));
#1471=VERTEX_POINT('',#1470);
#1472=CARTESIAN_POINT('',(-145.38022606,63.958188976,3.0000254));
#1473=DIRECTION('',(0.,-1.,0.));
#1474=VECTOR('',#1473,14.10002794);
#1475=LINE('',#1472,#1474);
#1476=EDGE_CURVE('',#1463,#1471,#1475,.T.);
#1477=ORIENTED_EDGE('',*,*,#1476,.T.);
#1478=CARTESIAN_POINT('',(-140.713559394,49.858161036,3.0000254));
#1479=VERTEX_POINT('',#1478);
#1480=CARTESIAN_POINT('',(-145.38022606,49.858161036,3.0000254));
#1481=DIRECTION('',(1.,0.,-0.));
#1482=VECTOR('',#1481,4.666666667);
#1483=LINE('',#1480,#1482);
#1484=EDGE_CURVE('',#1471,#1479,#1483,.T.);
#1485=ORIENTED_EDGE('',*,*,#1484,.T.);
#1486=CARTESIAN_POINT('',(-140.713559394,49.111154182,3.0000254));
#1487=DIRECTION('',(0.,1.,0.));
#1488=VECTOR('',#1487,0.747006855);
#1489=LINE('',#1486,#1488);
#1490=EDGE_CURVE('',#1397,#1479,#1489,.T.);
#1491=ORIENTED_EDGE('',*,*,#1490,.F.);
#1492=EDGE_LOOP('',(#1405,#1413,#1421,#1429,#1437,#1445,#1453,#1461,#1469,#1477,#1485,#1491));
#1493=FACE_BOUND('',#1492,.T.);
#1494=CARTESIAN_POINT('',(-140.713559394,30.411116081,3.0000254));
#1495=VERTEX_POINT('',#1494);
#1496=CARTESIAN_POINT('',(-136.046892727,30.411116081,3.0000254));
#1497=VERTEX_POINT('',#1496);
#1498=CARTESIAN_POINT('',(-140.713559394,30.411116081,3.0000254));
#1499=DIRECTION('',(1.,0.,-0.));
#1500=VECTOR('',#1499,4.666666667);
#1501=LINE('',#1498,#1500);
#1502=EDGE_CURVE('',#1495,#1497,#1501,.T.);
#1503=ORIENTED_EDGE('',*,*,#1502,.T.);
#1504=CARTESIAN_POINT('',(-136.046892727,31.158122936,3.0000254));
#1505=VERTEX_POINT('',#1504);
#1506=CARTESIAN_POINT('',(-136.046892727,30.411116081,3.0000254));
#1507=DIRECTION('',(0.,1.,0.));
#1508=VECTOR('',#1507,0.747006855);
#1509=LINE('',#1506,#1508);
#1510=EDGE_CURVE('',#1497,#1505,#1509,.T.);
#1511=ORIENTED_EDGE('',*,*,#1510,.T.);
#1512=CARTESIAN_POINT('',(-131.38022606,31.158122936,3.0000254));
#1513=VERTEX_POINT('',#1512);
#1514=CARTESIAN_POINT('',(-136.046892727,31.158122936,3.0000254));
#1515=DIRECTION('',(1.,0.,-0.));
#1516=VECTOR('',#1515,4.666666667);
#1517=LINE('',#1514,#1516);
#1518=EDGE_CURVE('',#1505,#1513,#1517,.T.);
#1519=ORIENTED_EDGE('',*,*,#1518,.T.);
#1520=CARTESIAN_POINT('',(-131.38022606,45.258150876,3.0000254));
#1521=VERTEX_POINT('',#1520);
#1522=CARTESIAN_POINT('',(-131.38022606,31.158122936,3.0000254));
#1523=DIRECTION('',(0.,1.,0.));
#1524=VECTOR('',#1523,14.10002794);
#1525=LINE('',#1522,#1524);
#1526=EDGE_CURVE('',#1513,#1521,#1525,.T.);
#1527=ORIENTED_EDGE('',*,*,#1526,.T.);
#1528=CARTESIAN_POINT('',(-136.046892727,45.258150876,3.0000254));
#1529=VERTEX_POINT('',#1528);
#1530=CARTESIAN_POINT('',(-131.38022606,45.258150876,3.0000254));
#1531=DIRECTION('',(-1.,0.,0.));
#1532=VECTOR('',#1531,4.666666667);
#1533=LINE('',#1530,#1532);
#1534=EDGE_CURVE('',#1521,#1529,#1533,.T.);
#1535=ORIENTED_EDGE('',*,*,#1534,.T.);
#1536=CARTESIAN_POINT('',(-136.046892727,46.008150876,3.0000254));
#1537=VERTEX_POINT('',#1536);
#1538=CARTESIAN_POINT('',(-136.046892727,46.008150876,3.0000254));
#1539=DIRECTION('',(0.,-1.,0.));
#1540=VECTOR('',#1539,0.75);
#1541=LINE('',#1538,#1540);
#1542=EDGE_CURVE('',#1537,#1529,#1541,.T.);
#1543=ORIENTED_EDGE('',*,*,#1542,.F.);
#1544=CARTESIAN_POINT('',(-140.713559394,46.008150876,3.0000254));
#1545=VERTEX_POINT('',#1544);
#1546=CARTESIAN_POINT('',(-136.046892727,46.008150876,3.0000254));
#1547=DIRECTION('',(-1.,0.,0.));
#1548=VECTOR('',#1547,4.666666667);
#1549=LINE('',#1546,#1548);
#1550=EDGE_CURVE('',#1537,#1545,#1549,.T.);
#1551=ORIENTED_EDGE('',*,*,#1550,.T.);
#1552=CARTESIAN_POINT('',(-140.713559394,45.258150876,3.0000254));
#1553=VERTEX_POINT('',#1552);
#1554=CARTESIAN_POINT('',(-140.713559394,46.008150876,3.0000254));
#1555=DIRECTION('',(0.,-1.,0.));
#1556=VECTOR('',#1555,0.75);
#1557=LINE('',#1554,#1556);
#1558=EDGE_CURVE('',#1545,#1553,#1557,.T.);
#1559=ORIENTED_EDGE('',*,*,#1558,.T.);
#1560=CARTESIAN_POINT('',(-145.38022606,45.258150876,3.0000254));
#1561=VERTEX_POINT('',#1560);
#1562=CARTESIAN_POINT('',(-140.713559394,45.258150876,3.0000254));
#1563=DIRECTION('',(-1.,0.,0.));
#1564=VECTOR('',#1563,4.666666667);
#1565=LINE('',#1562,#1564);
#1566=EDGE_CURVE('',#1553,#1561,#1565,.T.);
#1567=ORIENTED_EDGE('',*,*,#1566,.T.);
#1568=CARTESIAN_POINT('',(-145.38022606,31.158122936,3.0000254));
#1569=VERTEX_POINT('',#1568);
#1570=CARTESIAN_POINT('',(-145.38022606,45.258150876,3.0000254));
#1571=DIRECTION('',(0.,-1.,0.));
#1572=VECTOR('',#1571,14.10002794);
#1573=LINE('',#1570,#1572);
#1574=EDGE_CURVE('',#1561,#1569,#1573,.T.);
#1575=ORIENTED_EDGE('',*,*,#1574,.T.);
#1576=CARTESIAN_POINT('',(-140.713559394,31.158122936,3.0000254));
#1577=VERTEX_POINT('',#1576);
#1578=CARTESIAN_POINT('',(-145.38022606,31.158122936,3.0000254));
#1579=DIRECTION('',(1.,0.,-0.));
#1580=VECTOR('',#1579,4.666666667);
#1581=LINE('',#1578,#1580);
#1582=EDGE_CURVE('',#1569,#1577,#1581,.T.);
#1583=ORIENTED_EDGE('',*,*,#1582,.T.);
#1584=CARTESIAN_POINT('',(-140.713559394,30.411116081,3.0000254));
#1585=DIRECTION('',(0.,1.,0.));
#1586=VECTOR('',#1585,0.747006855);
#1587=LINE('',#1584,#1586);
#1588=EDGE_CURVE('',#1495,#1577,#1587,.T.);
#1589=ORIENTED_EDGE('',*,*,#1588,.F.);
#1590=EDGE_LOOP('',(#1503,#1511,#1519,#1527,#1535,#1543,#1551,#1559,#1567,#1575,#1583,#1589));
#1591=FACE_BOUND('',#1590,.T.);
#1592=CARTESIAN_POINT('',(-140.713559394,11.711080521,3.0000254));
#1593=VERTEX_POINT('',#1592);
#1594=CARTESIAN_POINT('',(-136.046892727,11.711080521,3.0000254));
#1595=VERTEX_POINT('',#1594);
#1596=CARTESIAN_POINT('',(-140.713559394,11.711080521,3.0000254));
#1597=DIRECTION('',(1.,0.,-0.));
#1598=VECTOR('',#1597,4.666666667);
#1599=LINE('',#1596,#1598);
#1600=EDGE_CURVE('',#1593,#1595,#1599,.T.);
#1601=ORIENTED_EDGE('',*,*,#1600,.T.);
#1602=CARTESIAN_POINT('',(-136.046892727,12.458087376,3.0000254));
#1603=VERTEX_POINT('',#1602);
#1604=CARTESIAN_POINT('',(-136.046892727,11.711080521,3.0000254));
#1605=DIRECTION('',(0.,1.,0.));
#1606=VECTOR('',#1605,0.747006855);
#1607=LINE('',#1604,#1606);
#1608=EDGE_CURVE('',#1595,#1603,#1607,.T.);
#1609=ORIENTED_EDGE('',*,*,#1608,.T.);
#1610=CARTESIAN_POINT('',(-131.38022606,12.458087376,3.0000254));
#1611=VERTEX_POINT('',#1610);
#1612=CARTESIAN_POINT('',(-136.046892727,12.458087376,3.0000254));
#1613=DIRECTION('',(1.,0.,-0.));
#1614=VECTOR('',#1613,4.666666667);
#1615=LINE('',#1612,#1614);
#1616=EDGE_CURVE('',#1603,#1611,#1615,.T.);
#1617=ORIENTED_EDGE('',*,*,#1616,.T.);
#1618=CARTESIAN_POINT('',(-131.38022606,26.558115316,3.0000254));
#1619=VERTEX_POINT('',#1618);
#1620=CARTESIAN_POINT('',(-131.38022606,12.458087376,3.0000254));
#1621=DIRECTION('',(0.,1.,0.));
#1622=VECTOR('',#1621,14.10002794);
#1623=LINE('',#1620,#1622);
#1624=EDGE_CURVE('',#1611,#1619,#1623,.T.);
#1625=ORIENTED_EDGE('',*,*,#1624,.T.);
#1626=CARTESIAN_POINT('',(-136.046892727,26.558115316,3.0000254));
#1627=VERTEX_POINT('',#1626);
#1628=CARTESIAN_POINT('',(-131.38022606,26.558115316,3.0000254));
#1629=DIRECTION('',(-1.,0.,0.));
#1630=VECTOR('',#1629,4.666666667);
#1631=LINE('',#1628,#1630);
#1632=EDGE_CURVE('',#1619,#1627,#1631,.T.);
#1633=ORIENTED_EDGE('',*,*,#1632,.T.);
#1634=CARTESIAN_POINT('',(-136.046892727,27.308115316,3.0000254));
#1635=VERTEX_POINT('',#1634);
#1636=CARTESIAN_POINT('',(-136.046892727,27.308115316,3.0000254));
#1637=DIRECTION('',(0.,-1.,0.));
#1638=VECTOR('',#1637,0.75);
#1639=LINE('',#1636,#1638);
#1640=EDGE_CURVE('',#1635,#1627,#1639,.T.);
#1641=ORIENTED_EDGE('',*,*,#1640,.F.);
#1642=CARTESIAN_POINT('',(-140.713559394,27.308115316,3.0000254));
#1643=VERTEX_POINT('',#1642);
#1644=CARTESIAN_POINT('',(-136.046892727,27.308115316,3.0000254));
#1645=DIRECTION('',(-1.,0.,0.));
#1646=VECTOR('',#1645,4.666666667);
#1647=LINE('',#1644,#1646);
#1648=EDGE_CURVE('',#1635,#1643,#1647,.T.);
#1649=ORIENTED_EDGE('',*,*,#1648,.T.);
#1650=CARTESIAN_POINT('',(-140.713559394,26.558115316,3.0000254));
#1651=VERTEX_POINT('',#1650);
#1652=CARTESIAN_POINT('',(-140.713559394,27.308115316,3.0000254));
#1653=DIRECTION('',(0.,-1.,0.));
#1654=VECTOR('',#1653,0.75);
#1655=LINE('',#1652,#1654);
#1656=EDGE_CURVE('',#1643,#1651,#1655,.T.);
#1657=ORIENTED_EDGE('',*,*,#1656,.T.);
#1658=CARTESIAN_POINT('',(-145.38022606,26.558115316,3.0000254));
#1659=VERTEX_POINT('',#1658);
#1660=CARTESIAN_POINT('',(-140.713559394,26.558115316,3.0000254));
#1661=DIRECTION('',(-1.,0.,0.));
#1662=VECTOR('',#1661,4.666666667);
#1663=LINE('',#1660,#1662);
#1664=EDGE_CURVE('',#1651,#1659,#1663,.T.);
#1665=ORIENTED_EDGE('',*,*,#1664,.T.);
#1666=CARTESIAN_POINT('',(-145.38022606,12.458087376,3.0000254));
#1667=VERTEX_POINT('',#1666);
#1668=CARTESIAN_POINT('',(-145.38022606,26.558115316,3.0000254));
#1669=DIRECTION('',(0.,-1.,0.));
#1670=VECTOR('',#1669,14.10002794);
#1671=LINE('',#1668,#1670);
#1672=EDGE_CURVE('',#1659,#1667,#1671,.T.);
#1673=ORIENTED_EDGE('',*,*,#1672,.T.);
#1674=CARTESIAN_POINT('',(-140.713559394,12.458087376,3.0000254));
#1675=VERTEX_POINT('',#1674);
#1676=CARTESIAN_POINT('',(-145.38022606,12.458087376,3.0000254));
#1677=DIRECTION('',(1.,0.,-0.));
#1678=VECTOR('',#1677,4.666666667);
#1679=LINE('',#1676,#1678);
#1680=EDGE_CURVE('',#1667,#1675,#1679,.T.);
#1681=ORIENTED_EDGE('',*,*,#1680,.T.);
#1682=CARTESIAN_POINT('',(-140.713559394,11.711080521,3.0000254));
#1683=DIRECTION('',(0.,1.,0.));
#1684=VECTOR('',#1683,0.747006855);
#1685=LINE('',#1682,#1684);
#1686=EDGE_CURVE('',#1593,#1675,#1685,.T.);
#1687=ORIENTED_EDGE('',*,*,#1686,.F.);
#1688=EDGE_LOOP('',(#1601,#1609,#1617,#1625,#1633,#1641,#1649,#1657,#1665,#1673,#1681,#1687));
#1689=FACE_BOUND('',#1688,.T.);
#1690=CARTESIAN_POINT('',(-69.088759844,9.917054478,3.0000254));
#1691=VERTEX_POINT('',#1690);
#1692=CARTESIAN_POINT('',(-64.422093177,9.917054478,3.0000254));
#1693=VERTEX_POINT('',#1692);
#1694=CARTESIAN_POINT('',(-69.088759844,9.917054478,3.0000254));
#1695=DIRECTION('',(1.,0.,-0.));
#1696=VECTOR('',#1695,4.666666667);
#1697=LINE('',#1694,#1696);
#1698=EDGE_CURVE('',#1691,#1693,#1697,.T.);
#1699=ORIENTED_EDGE('',*,*,#1698,.T.);
#1700=CARTESIAN_POINT('',(-64.422093177,24.02808318,3.0000254));
#1701=VERTEX_POINT('',#1700);
#1702=CARTESIAN_POINT('',(-64.422093177,9.917054478,3.0000254));
#1703=DIRECTION('',(0.,1.,0.));
#1704=VECTOR('',#1703,14.111028702);
#1705=LINE('',#1702,#1704);
#1706=EDGE_CURVE('',#1693,#1701,#1705,.T.);
#1707=ORIENTED_EDGE('',*,*,#1706,.T.);
#1708=CARTESIAN_POINT('',(-69.088759844,24.02808318,3.0000254));
#1709=VERTEX_POINT('',#1708);
#1710=CARTESIAN_POINT('',(-64.422093177,24.02808318,3.0000254));
#1711=DIRECTION('',(-1.,0.,0.));
#1712=VECTOR('',#1711,4.666666667);
#1713=LINE('',#1710,#1712);
#1714=EDGE_CURVE('',#1701,#1709,#1713,.T.);
#1715=ORIENTED_EDGE('',*,*,#1714,.T.);
#1716=CARTESIAN_POINT('',(-69.088759844,24.767082418,3.0000254));
#1717=VERTEX_POINT('',#1716);
#1718=CARTESIAN_POINT('',(-69.088759844,24.767082418,3.0000254));
#1719=DIRECTION('',(0.,-1.,0.));
#1720=VECTOR('',#1719,0.738999238);
#1721=LINE('',#1718,#1720);
#1722=EDGE_CURVE('',#1717,#1709,#1721,.T.);
#1723=ORIENTED_EDGE('',*,*,#1722,.F.);
#1724=CARTESIAN_POINT('',(-73.755426511,24.767082418,3.0000254));
#1725=VERTEX_POINT('',#1724);
#1726=CARTESIAN_POINT('',(-69.088759844,24.767082418,3.0000254));
#1727=DIRECTION('',(-1.,0.,0.));
#1728=VECTOR('',#1727,4.666666667);
#1729=LINE('',#1726,#1728);
#1730=EDGE_CURVE('',#1717,#1725,#1729,.T.);
#1731=ORIENTED_EDGE('',*,*,#1730,.T.);
#1732=CARTESIAN_POINT('',(-73.755426511,24.02808318,3.0000254));
#1733=VERTEX_POINT('',#1732);
#1734=CARTESIAN_POINT('',(-73.755426511,24.767082418,3.0000254));
#1735=DIRECTION('',(0.,-1.,0.));
#1736=VECTOR('',#1735,0.738999238);
#1737=LINE('',#1734,#1736);
#1738=EDGE_CURVE('',#1725,#1733,#1737,.T.);
#1739=ORIENTED_EDGE('',*,*,#1738,.T.);
#1740=CARTESIAN_POINT('',(-78.422093177,24.02808318,3.0000254));
#1741=VERTEX_POINT('',#1740);
#1742=CARTESIAN_POINT('',(-73.755426511,24.02808318,3.0000254));
#1743=DIRECTION('',(-1.,0.,0.));
#1744=VECTOR('',#1743,4.666666667);
#1745=LINE('',#1742,#1744);
#1746=EDGE_CURVE('',#1733,#1741,#1745,.T.);
#1747=ORIENTED_EDGE('',*,*,#1746,.T.);
#1748=CARTESIAN_POINT('',(-78.422093177,9.917054478,3.0000254));
#1749=VERTEX_POINT('',#1748);
#1750=CARTESIAN_POINT('',(-78.422093177,24.02808318,3.0000254));
#1751=DIRECTION('',(0.,-1.,0.));
#1752=VECTOR('',#1751,14.111028702);
#1753=LINE('',#1750,#1752);
#1754=EDGE_CURVE('',#1741,#1749,#1753,.T.);
#1755=ORIENTED_EDGE('',*,*,#1754,.T.);
#1756=CARTESIAN_POINT('',(-73.755426511,9.917054478,3.0000254));
#1757=VERTEX_POINT('',#1756);
#1758=CARTESIAN_POINT('',(-78.422093177,9.917054478,3.0000254));
#1759=DIRECTION('',(1.,0.,-0.));
#1760=VECTOR('',#1759,4.666666667);
#1761=LINE('',#1758,#1760);
#1762=EDGE_CURVE('',#1749,#1757,#1761,.T.);
#1763=ORIENTED_EDGE('',*,*,#1762,.T.);
#1764=CARTESIAN_POINT('',(-73.755426511,9.170047623,3.0000254));
#1765=VERTEX_POINT('',#1764);
#1766=CARTESIAN_POINT('',(-73.755426511,9.170047623,3.0000254));
#1767=DIRECTION('',(0.,1.,0.));
#1768=VECTOR('',#1767,0.747006855);
#1769=LINE('',#1766,#1768);
#1770=EDGE_CURVE('',#1765,#1757,#1769,.T.);
#1771=ORIENTED_EDGE('',*,*,#1770,.F.);
#1772=CARTESIAN_POINT('',(-69.088759844,9.170047623,3.0000254));
#1773=VERTEX_POINT('',#1772);
#1774=CARTESIAN_POINT('',(-73.755426511,9.170047623,3.0000254));
#1775=DIRECTION('',(1.,0.,-0.));
#1776=VECTOR('',#1775,4.666666667);
#1777=LINE('',#1774,#1776);
#1778=EDGE_CURVE('',#1765,#1773,#1777,.T.);
#1779=ORIENTED_EDGE('',*,*,#1778,.T.);
#1780=CARTESIAN_POINT('',(-69.088759844,9.170047623,3.0000254));
#1781=DIRECTION('',(0.,1.,0.));
#1782=VECTOR('',#1781,0.747006855);
#1783=LINE('',#1780,#1782);
#1784=EDGE_CURVE('',#1773,#1691,#1783,.T.);
#1785=ORIENTED_EDGE('',*,*,#1784,.T.);
#1786=EDGE_LOOP('',(#1699,#1707,#1715,#1723,#1731,#1739,#1747,#1755,#1763,#1771,#1779,#1785));
#1787=FACE_BOUND('',#1786,.T.);
#1788=CARTESIAN_POINT('',(-61.246742867,28.558117856,3.0000254));
#1789=VERTEX_POINT('',#1788);
#1790=CARTESIAN_POINT('',(-56.5800762,28.558117856,3.0000254));
#1791=VERTEX_POINT('',#1790);
#1792=CARTESIAN_POINT('',(-61.246742867,28.558117856,3.0000254));
#1793=DIRECTION('',(1.,0.,-0.));
#1794=VECTOR('',#1793,4.666666667);
#1795=LINE('',#1792,#1794);
#1796=EDGE_CURVE('',#1789,#1791,#1795,.T.);
#1797=ORIENTED_EDGE('',*,*,#1796,.T.);
#1798=CARTESIAN_POINT('',(-56.5800762,42.669146558,3.0000254));
#1799=VERTEX_POINT('',#1798);
#1800=CARTESIAN_POINT('',(-56.5800762,28.558117856,3.0000254));
#1801=DIRECTION('',(0.,1.,0.));
#1802=VECTOR('',#1801,14.111028702);
#1803=LINE('',#1800,#1802);
#1804=EDGE_CURVE('',#1791,#1799,#1803,.T.);
#1805=ORIENTED_EDGE('',*,*,#1804,.T.);
#1806=CARTESIAN_POINT('',(-61.246742867,42.669146558,3.0000254));
#1807=VERTEX_POINT('',#1806);
#1808=CARTESIAN_POINT('',(-56.5800762,42.669146558,3.0000254));
#1809=DIRECTION('',(-1.,0.,0.));
#1810=VECTOR('',#1809,4.666666667);
#1811=LINE('',#1808,#1810);
#1812=EDGE_CURVE('',#1799,#1807,#1811,.T.);
#1813=ORIENTED_EDGE('',*,*,#1812,.T.);
#1814=CARTESIAN_POINT('',(-61.246742867,43.408145796,3.0000254));
#1815=VERTEX_POINT('',#1814);
#1816=CARTESIAN_POINT('',(-61.246742867,43.408145796,3.0000254));
#1817=DIRECTION('',(0.,-1.,0.));
#1818=VECTOR('',#1817,0.738999238);
#1819=LINE('',#1816,#1818);
#1820=EDGE_CURVE('',#1815,#1807,#1819,.T.);
#1821=ORIENTED_EDGE('',*,*,#1820,.F.);
#1822=CARTESIAN_POINT('',(-65.913409533,43.408145796,3.0000254));
#1823=VERTEX_POINT('',#1822);
#1824=CARTESIAN_POINT('',(-61.246742867,43.408145796,3.0000254));
#1825=DIRECTION('',(-1.,0.,0.));
#1826=VECTOR('',#1825,4.666666667);
#1827=LINE('',#1824,#1826);
#1828=EDGE_CURVE('',#1815,#1823,#1827,.T.);
#1829=ORIENTED_EDGE('',*,*,#1828,.T.);
#1830=CARTESIAN_POINT('',(-65.913409533,42.669146558,3.0000254));
#1831=VERTEX_POINT('',#1830);
#1832=CARTESIAN_POINT('',(-65.913409533,43.408145796,3.0000254));
#1833=DIRECTION('',(0.,-1.,0.));
#1834=VECTOR('',#1833,0.738999238);
#1835=LINE('',#1832,#1834);
#1836=EDGE_CURVE('',#1823,#1831,#1835,.T.);
#1837=ORIENTED_EDGE('',*,*,#1836,.T.);
#1838=CARTESIAN_POINT('',(-70.5800762,42.669146558,3.0000254));
#1839=VERTEX_POINT('',#1838);
#1840=CARTESIAN_POINT('',(-65.913409533,42.669146558,3.0000254));
#1841=DIRECTION('',(-1.,0.,0.));
#1842=VECTOR('',#1841,4.666666667);
#1843=LINE('',#1840,#1842);
#1844=EDGE_CURVE('',#1831,#1839,#1843,.T.);
#1845=ORIENTED_EDGE('',*,*,#1844,.T.);
#1846=CARTESIAN_POINT('',(-70.5800762,28.558117856,3.0000254));
#1847=VERTEX_POINT('',#1846);
#1848=CARTESIAN_POINT('',(-70.5800762,42.669146558,3.0000254));
#1849=DIRECTION('',(0.,-1.,0.));
#1850=VECTOR('',#1849,14.111028702);
#1851=LINE('',#1848,#1850);
#1852=EDGE_CURVE('',#1839,#1847,#1851,.T.);
#1853=ORIENTED_EDGE('',*,*,#1852,.T.);
#1854=CARTESIAN_POINT('',(-65.913409533,28.558117856,3.0000254));
#1855=VERTEX_POINT('',#1854);
#1856=CARTESIAN_POINT('',(-70.5800762,28.558117856,3.0000254));
#1857=DIRECTION('',(1.,0.,-0.));
#1858=VECTOR('',#1857,4.666666667);
#1859=LINE('',#1856,#1858);
#1860=EDGE_CURVE('',#1847,#1855,#1859,.T.);
#1861=ORIENTED_EDGE('',*,*,#1860,.T.);
#1862=CARTESIAN_POINT('',(-65.913409533,27.811111001,3.0000254));
#1863=VERTEX_POINT('',#1862);
#1864=CARTESIAN_POINT('',(-65.913409533,27.811111001,3.0000254));
#1865=DIRECTION('',(0.,1.,0.));
#1866=VECTOR('',#1865,0.747006855);
#1867=LINE('',#1864,#1866);
#1868=EDGE_CURVE('',#1863,#1855,#1867,.T.);
#1869=ORIENTED_EDGE('',*,*,#1868,.F.);
#1870=CARTESIAN_POINT('',(-61.246742867,27.811111001,3.0000254));
#1871=VERTEX_POINT('',#1870);
#1872=CARTESIAN_POINT('',(-65.913409533,27.811111001,3.0000254));
#1873=DIRECTION('',(1.,0.,-0.));
#1874=VECTOR('',#1873,4.666666667);
#1875=LINE('',#1872,#1874);
#1876=EDGE_CURVE('',#1863,#1871,#1875,.T.);
#1877=ORIENTED_EDGE('',*,*,#1876,.T.);
#1878=CARTESIAN_POINT('',(-61.246742867,27.811111001,3.0000254));
#1879=DIRECTION('',(0.,1.,0.));
#1880=VECTOR('',#1879,0.747006855);
#1881=LINE('',#1878,#1880);
#1882=EDGE_CURVE('',#1871,#1789,#1881,.T.);
#1883=ORIENTED_EDGE('',*,*,#1882,.T.);
#1884=EDGE_LOOP('',(#1797,#1805,#1813,#1821,#1829,#1837,#1845,#1853,#1861,#1869,#1877,#1883));
#1885=FACE_BOUND('',#1884,.T.);
#1886=CARTESIAN_POINT('',(-61.246742867,47.258155956,3.0000254));
#1887=VERTEX_POINT('',#1886);
#1888=CARTESIAN_POINT('',(-56.5800762,47.258155956,3.0000254));
#1889=VERTEX_POINT('',#1888);
#1890=CARTESIAN_POINT('',(-61.246742867,47.258155956,3.0000254));
#1891=DIRECTION('',(1.,0.,-0.));
#1892=VECTOR('',#1891,4.666666667);
#1893=LINE('',#1890,#1892);
#1894=EDGE_CURVE('',#1887,#1889,#1893,.T.);
#1895=ORIENTED_EDGE('',*,*,#1894,.T.);
#1896=CARTESIAN_POINT('',(-56.5800762,61.369184658,3.0000254));
#1897=VERTEX_POINT('',#1896);
#1898=CARTESIAN_POINT('',(-56.5800762,47.258155956,3.0000254));
#1899=DIRECTION('',(0.,1.,0.));
#1900=VECTOR('',#1899,14.111028702);
#1901=LINE('',#1898,#1900);
#1902=EDGE_CURVE('',#1889,#1897,#1901,.T.);
#1903=ORIENTED_EDGE('',*,*,#1902,.T.);
#1904=CARTESIAN_POINT('',(-61.246742867,61.369184658,3.0000254));
#1905=VERTEX_POINT('',#1904);
#1906=CARTESIAN_POINT('',(-56.5800762,61.369184658,3.0000254));
#1907=DIRECTION('',(-1.,0.,0.));
#1908=VECTOR('',#1907,4.666666667);
#1909=LINE('',#1906,#1908);
#1910=EDGE_CURVE('',#1897,#1905,#1909,.T.);
#1911=ORIENTED_EDGE('',*,*,#1910,.T.);
#1912=CARTESIAN_POINT('',(-61.246742867,62.108183896,3.0000254));
#1913=VERTEX_POINT('',#1912);
#1914=CARTESIAN_POINT('',(-61.246742867,62.108183896,3.0000254));
#1915=DIRECTION('',(0.,-1.,0.));
#1916=VECTOR('',#1915,0.738999238);
#1917=LINE('',#1914,#1916);
#1918=EDGE_CURVE('',#1913,#1905,#1917,.T.);
#1919=ORIENTED_EDGE('',*,*,#1918,.F.);
#1920=CARTESIAN_POINT('',(-65.913409533,62.108183896,3.0000254));
#1921=VERTEX_POINT('',#1920);
#1922=CARTESIAN_POINT('',(-61.246742867,62.108183896,3.0000254));
#1923=DIRECTION('',(-1.,0.,0.));
#1924=VECTOR('',#1923,4.666666667);
#1925=LINE('',#1922,#1924);
#1926=EDGE_CURVE('',#1913,#1921,#1925,.T.);
#1927=ORIENTED_EDGE('',*,*,#1926,.T.);
#1928=CARTESIAN_POINT('',(-65.913409533,61.369184658,3.0000254));
#1929=VERTEX_POINT('',#1928);
#1930=CARTESIAN_POINT('',(-65.913409533,62.108183896,3.0000254));
#1931=DIRECTION('',(0.,-1.,0.));
#1932=VECTOR('',#1931,0.738999238);
#1933=LINE('',#1930,#1932);
#1934=EDGE_CURVE('',#1921,#1929,#1933,.T.);
#1935=ORIENTED_EDGE('',*,*,#1934,.T.);
#1936=CARTESIAN_POINT('',(-70.5800762,61.369184658,3.0000254));
#1937=VERTEX_POINT('',#1936);
#1938=CARTESIAN_POINT('',(-65.913409533,61.369184658,3.0000254));
#1939=DIRECTION('',(-1.,0.,0.));
#1940=VECTOR('',#1939,4.666666667);
#1941=LINE('',#1938,#1940);
#1942=EDGE_CURVE('',#1929,#1937,#1941,.T.);
#1943=ORIENTED_EDGE('',*,*,#1942,.T.);
#1944=CARTESIAN_POINT('',(-70.5800762,47.258155956,3.0000254));
#1945=VERTEX_POINT('',#1944);
#1946=CARTESIAN_POINT('',(-70.5800762,61.369184658,3.0000254));
#1947=DIRECTION('',(0.,-1.,0.));
#1948=VECTOR('',#1947,14.111028702);
#1949=LINE('',#1946,#1948);
#1950=EDGE_CURVE('',#1937,#1945,#1949,.T.);
#1951=ORIENTED_EDGE('',*,*,#1950,.T.);
#1952=CARTESIAN_POINT('',(-65.913409533,47.258155956,3.0000254));
#1953=VERTEX_POINT('',#1952);
#1954=CARTESIAN_POINT('',(-70.5800762,47.258155956,3.0000254));
#1955=DIRECTION('',(1.,0.,-0.));
#1956=VECTOR('',#1955,4.666666667);
#1957=LINE('',#1954,#1956);
#1958=EDGE_CURVE('',#1945,#1953,#1957,.T.);
#1959=ORIENTED_EDGE('',*,*,#1958,.T.);
#1960=CARTESIAN_POINT('',(-65.913409533,46.511149102,3.0000254));
#1961=VERTEX_POINT('',#1960);
#1962=CARTESIAN_POINT('',(-65.913409533,46.511149102,3.0000254));
#1963=DIRECTION('',(0.,1.,0.));
#1964=VECTOR('',#1963,0.747006855);
#1965=LINE('',#1962,#1964);
#1966=EDGE_CURVE('',#1961,#1953,#1965,.T.);
#1967=ORIENTED_EDGE('',*,*,#1966,.F.);
#1968=CARTESIAN_POINT('',(-61.246742867,46.511149102,3.0000254));
#1969=VERTEX_POINT('',#1968);
#1970=CARTESIAN_POINT('',(-65.913409533,46.511149102,3.0000254));
#1971=DIRECTION('',(1.,0.,-0.));
#1972=VECTOR('',#1971,4.666666667);
#1973=LINE('',#1970,#1972);
#1974=EDGE_CURVE('',#1961,#1969,#1973,.T.);
#1975=ORIENTED_EDGE('',*,*,#1974,.T.);
#1976=CARTESIAN_POINT('',(-61.246742867,46.511149102,3.0000254));
#1977=DIRECTION('',(0.,1.,0.));
#1978=VECTOR('',#1977,0.747006855);
#1979=LINE('',#1976,#1978);
#1980=EDGE_CURVE('',#1969,#1887,#1979,.T.);
#1981=ORIENTED_EDGE('',*,*,#1980,.T.);
#1982=EDGE_LOOP('',(#1895,#1903,#1911,#1919,#1927,#1935,#1943,#1951,#1959,#1967,#1975,#1981));
#1983=FACE_BOUND('',#1982,.T.);
#1984=CARTESIAN_POINT('',(-65.913409533,65.222187964,3.0000254));
#1985=VERTEX_POINT('',#1984);
#1986=CARTESIAN_POINT('',(-61.246742867,65.222187964,3.0000254));
#1987=VERTEX_POINT('',#1986);
#1988=CARTESIAN_POINT('',(-65.913409533,65.222187964,3.0000254));
#1989=DIRECTION('',(1.,0.,-0.));
#1990=VECTOR('',#1989,4.666666667);
#1991=LINE('',#1988,#1990);
#1992=EDGE_CURVE('',#1985,#1987,#1991,.T.);
#1993=ORIENTED_EDGE('',*,*,#1992,.T.);
#1994=CARTESIAN_POINT('',(-61.246742867,65.969194818,3.0000254));
#1995=VERTEX_POINT('',#1994);
#1996=CARTESIAN_POINT('',(-61.246742867,65.222187964,3.0000254));
#1997=DIRECTION('',(0.,1.,0.));
#1998=VECTOR('',#1997,0.747006855);
#1999=LINE('',#1996,#1998);
#2000=EDGE_CURVE('',#1987,#1995,#1999,.T.);
#2001=ORIENTED_EDGE('',*,*,#2000,.T.);
#2002=CARTESIAN_POINT('',(-56.5800762,65.969194818,3.0000254));
#2003=VERTEX_POINT('',#2002);
#2004=CARTESIAN_POINT('',(-61.246742867,65.969194818,3.0000254));
#2005=DIRECTION('',(1.,0.,-0.));
#2006=VECTOR('',#2005,4.666666667);
#2007=LINE('',#2004,#2006);
#2008=EDGE_CURVE('',#1995,#2003,#2007,.T.);
#2009=ORIENTED_EDGE('',*,*,#2008,.T.);
#2010=CARTESIAN_POINT('',(-56.5800762,80.069222758,3.0000254));
#2011=VERTEX_POINT('',#2010);
#2012=CARTESIAN_POINT('',(-56.5800762,65.969194818,3.0000254));
#2013=DIRECTION('',(0.,1.,0.));
#2014=VECTOR('',#2013,14.10002794);
#2015=LINE('',#2012,#2014);
#2016=EDGE_CURVE('',#2003,#2011,#2015,.T.);
#2017=ORIENTED_EDGE('',*,*,#2016,.T.);
#2018=CARTESIAN_POINT('',(-61.246742867,80.069222758,3.0000254));
#2019=VERTEX_POINT('',#2018);
#2020=CARTESIAN_POINT('',(-56.5800762,80.069222758,3.0000254));
#2021=DIRECTION('',(-1.,0.,0.));
#2022=VECTOR('',#2021,4.666666667);
#2023=LINE('',#2020,#2022);
#2024=EDGE_CURVE('',#2011,#2019,#2023,.T.);
#2025=ORIENTED_EDGE('',*,*,#2024,.T.);
#2026=CARTESIAN_POINT('',(-61.246742867,80.819222758,3.0000254));
#2027=VERTEX_POINT('',#2026);
#2028=CARTESIAN_POINT('',(-61.246742867,80.819222758,3.0000254));
#2029=DIRECTION('',(0.,-1.,0.));
#2030=VECTOR('',#2029,0.75);
#2031=LINE('',#2028,#2030);
#2032=EDGE_CURVE('',#2027,#2019,#2031,.T.);
#2033=ORIENTED_EDGE('',*,*,#2032,.F.);
#2034=CARTESIAN_POINT('',(-65.913409533,80.819222758,3.0000254));
#2035=VERTEX_POINT('',#2034);
#2036=CARTESIAN_POINT('',(-61.246742867,80.819222758,3.0000254));
#2037=DIRECTION('',(-1.,0.,0.));
#2038=VECTOR('',#2037,4.666666667);
#2039=LINE('',#2036,#2038);
#2040=EDGE_CURVE('',#2027,#2035,#2039,.T.);
#2041=ORIENTED_EDGE('',*,*,#2040,.T.);
#2042=CARTESIAN_POINT('',(-65.913409533,80.069222758,3.0000254));
#2043=VERTEX_POINT('',#2042);
#2044=CARTESIAN_POINT('',(-65.913409533,80.819222758,3.0000254));
#2045=DIRECTION('',(0.,-1.,0.));
#2046=VECTOR('',#2045,0.75);
#2047=LINE('',#2044,#2046);
#2048=EDGE_CURVE('',#2035,#2043,#2047,.T.);
#2049=ORIENTED_EDGE('',*,*,#2048,.T.);
#2050=CARTESIAN_POINT('',(-70.5800762,80.069222758,3.0000254));
#2051=VERTEX_POINT('',#2050);
#2052=CARTESIAN_POINT('',(-65.913409533,80.069222758,3.0000254));
#2053=DIRECTION('',(-1.,0.,0.));
#2054=VECTOR('',#2053,4.666666667);
#2055=LINE('',#2052,#2054);
#2056=EDGE_CURVE('',#2043,#2051,#2055,.T.);
#2057=ORIENTED_EDGE('',*,*,#2056,.T.);
#2058=CARTESIAN_POINT('',(-70.5800762,65.969194818,3.0000254));
#2059=VERTEX_POINT('',#2058);
#2060=CARTESIAN_POINT('',(-70.5800762,80.069222758,3.0000254));
#2061=DIRECTION('',(0.,-1.,0.));
#2062=VECTOR('',#2061,14.10002794);
#2063=LINE('',#2060,#2062);
#2064=EDGE_CURVE('',#2051,#2059,#2063,.T.);
#2065=ORIENTED_EDGE('',*,*,#2064,.T.);
#2066=CARTESIAN_POINT('',(-65.913409533,65.969194818,3.0000254));
#2067=VERTEX_POINT('',#2066);
#2068=CARTESIAN_POINT('',(-70.5800762,65.969194818,3.0000254));
#2069=DIRECTION('',(1.,0.,-0.));
#2070=VECTOR('',#2069,4.666666667);
#2071=LINE('',#2068,#2070);
#2072=EDGE_CURVE('',#2059,#2067,#2071,.T.);
#2073=ORIENTED_EDGE('',*,*,#2072,.T.);
#2074=CARTESIAN_POINT('',(-65.913409533,65.222187964,3.0000254));
#2075=DIRECTION('',(0.,1.,0.));
#2076=VECTOR('',#2075,0.747006855);
#2077=LINE('',#2074,#2076);
#2078=EDGE_CURVE('',#1985,#2067,#2077,.T.);
#2079=ORIENTED_EDGE('',*,*,#2078,.F.);
#2080=EDGE_LOOP('',(#1993,#2001,#2009,#2017,#2025,#2033,#2041,#2049,#2057,#2065,#2073,#2079));
#2081=FACE_BOUND('',#2080,.T.);
#2082=CARTESIAN_POINT('',(-42.546514266,47.258155956,3.0000254));
#2083=VERTEX_POINT('',#2082);
#2084=CARTESIAN_POINT('',(-37.8798476,47.258155956,3.0000254));
#2085=VERTEX_POINT('',#2084);
#2086=CARTESIAN_POINT('',(-42.546514266,47.258155956,3.0000254));
#2087=DIRECTION('',(1.,0.,-0.));
#2088=VECTOR('',#2087,4.666666667);
#2089=LINE('',#2086,#2088);
#2090=EDGE_CURVE('',#2083,#2085,#2089,.T.);
#2091=ORIENTED_EDGE('',*,*,#2090,.T.);
#2092=CARTESIAN_POINT('',(-37.8798476,61.369184658,3.0000254));
#2093=VERTEX_POINT('',#2092);
#2094=CARTESIAN_POINT('',(-37.8798476,47.258155956,3.0000254));
#2095=DIRECTION('',(0.,1.,0.));
#2096=VECTOR('',#2095,14.111028702);
#2097=LINE('',#2094,#2096);
#2098=EDGE_CURVE('',#2085,#2093,#2097,.T.);
#2099=ORIENTED_EDGE('',*,*,#2098,.T.);
#2100=CARTESIAN_POINT('',(-42.546514266,61.369184658,3.0000254));
#2101=VERTEX_POINT('',#2100);
#2102=CARTESIAN_POINT('',(-37.8798476,61.369184658,3.0000254));
#2103=DIRECTION('',(-1.,0.,0.));
#2104=VECTOR('',#2103,4.666666667);
#2105=LINE('',#2102,#2104);
#2106=EDGE_CURVE('',#2093,#2101,#2105,.T.);
#2107=ORIENTED_EDGE('',*,*,#2106,.T.);
#2108=CARTESIAN_POINT('',(-42.546514266,62.108183896,3.0000254));
#2109=VERTEX_POINT('',#2108);
#2110=CARTESIAN_POINT('',(-42.546514266,62.108183896,3.0000254));
#2111=DIRECTION('',(0.,-1.,0.));
#2112=VECTOR('',#2111,0.738999238);
#2113=LINE('',#2110,#2112);
#2114=EDGE_CURVE('',#2109,#2101,#2113,.T.);
#2115=ORIENTED_EDGE('',*,*,#2114,.F.);
#2116=CARTESIAN_POINT('',(-47.213180933,62.108183896,3.0000254));
#2117=VERTEX_POINT('',#2116);
#2118=CARTESIAN_POINT('',(-42.546514266,62.108183896,3.0000254));
#2119=DIRECTION('',(-1.,0.,0.));
#2120=VECTOR('',#2119,4.666666667);
#2121=LINE('',#2118,#2120);
#2122=EDGE_CURVE('',#2109,#2117,#2121,.T.);
#2123=ORIENTED_EDGE('',*,*,#2122,.T.);
#2124=CARTESIAN_POINT('',(-47.213180933,61.369184658,3.0000254));
#2125=VERTEX_POINT('',#2124);
#2126=CARTESIAN_POINT('',(-47.213180933,62.108183896,3.0000254));
#2127=DIRECTION('',(0.,-1.,0.));
#2128=VECTOR('',#2127,0.738999238);
#2129=LINE('',#2126,#2128);
#2130=EDGE_CURVE('',#2117,#2125,#2129,.T.);
#2131=ORIENTED_EDGE('',*,*,#2130,.T.);
#2132=CARTESIAN_POINT('',(-51.8798476,61.369184658,3.0000254));
#2133=VERTEX_POINT('',#2132);
#2134=CARTESIAN_POINT('',(-47.213180933,61.369184658,3.0000254));
#2135=DIRECTION('',(-1.,0.,0.));
#2136=VECTOR('',#2135,4.666666667);
#2137=LINE('',#2134,#2136);
#2138=EDGE_CURVE('',#2125,#2133,#2137,.T.);
#2139=ORIENTED_EDGE('',*,*,#2138,.T.);
#2140=CARTESIAN_POINT('',(-51.8798476,47.258155956,3.0000254));
#2141=VERTEX_POINT('',#2140);
#2142=CARTESIAN_POINT('',(-51.8798476,61.369184658,3.0000254));
#2143=DIRECTION('',(0.,-1.,0.));
#2144=VECTOR('',#2143,14.111028702);
#2145=LINE('',#2142,#2144);
#2146=EDGE_CURVE('',#2133,#2141,#2145,.T.);
#2147=ORIENTED_EDGE('',*,*,#2146,.T.);
#2148=CARTESIAN_POINT('',(-47.213180933,47.258155956,3.0000254));
#2149=VERTEX_POINT('',#2148);
#2150=CARTESIAN_POINT('',(-51.8798476,47.258155956,3.0000254));
#2151=DIRECTION('',(1.,0.,-0.));
#2152=VECTOR('',#2151,4.666666667);
#2153=LINE('',#2150,#2152);
#2154=EDGE_CURVE('',#2141,#2149,#2153,.T.);
#2155=ORIENTED_EDGE('',*,*,#2154,.T.);
#2156=CARTESIAN_POINT('',(-47.213180933,46.511149102,3.0000254));
#2157=VERTEX_POINT('',#2156);
#2158=CARTESIAN_POINT('',(-47.213180933,46.511149102,3.0000254));
#2159=DIRECTION('',(0.,1.,0.));
#2160=VECTOR('',#2159,0.747006855);
#2161=LINE('',#2158,#2160);
#2162=EDGE_CURVE('',#2157,#2149,#2161,.T.);
#2163=ORIENTED_EDGE('',*,*,#2162,.F.);
#2164=CARTESIAN_POINT('',(-42.546514266,46.511149102,3.0000254));
#2165=VERTEX_POINT('',#2164);
#2166=CARTESIAN_POINT('',(-47.213180933,46.511149102,3.0000254));
#2167=DIRECTION('',(1.,0.,-0.));
#2168=VECTOR('',#2167,4.666666667);
#2169=LINE('',#2166,#2168);
#2170=EDGE_CURVE('',#2157,#2165,#2169,.T.);
#2171=ORIENTED_EDGE('',*,*,#2170,.T.);
#2172=CARTESIAN_POINT('',(-42.546514266,46.511149102,3.0000254));
#2173=DIRECTION('',(0.,1.,0.));
#2174=VECTOR('',#2173,0.747006855);
#2175=LINE('',#2172,#2174);
#2176=EDGE_CURVE('',#2165,#2083,#2175,.T.);
#2177=ORIENTED_EDGE('',*,*,#2176,.T.);
#2178=EDGE_LOOP('',(#2091,#2099,#2107,#2115,#2123,#2131,#2139,#2147,#2155,#2163,#2171,#2177));
#2179=FACE_BOUND('',#2178,.T.);
#2180=CARTESIAN_POINT('',(-42.546514266,28.558117856,3.0000254));
#2181=VERTEX_POINT('',#2180);
#2182=CARTESIAN_POINT('',(-37.8798476,28.558117856,3.0000254));
#2183=VERTEX_POINT('',#2182);
#2184=CARTESIAN_POINT('',(-42.546514266,28.558117856,3.0000254));
#2185=DIRECTION('',(1.,0.,-0.));
#2186=VECTOR('',#2185,4.666666667);
#2187=LINE('',#2184,#2186);
#2188=EDGE_CURVE('',#2181,#2183,#2187,.T.);
#2189=ORIENTED_EDGE('',*,*,#2188,.T.);
#2190=CARTESIAN_POINT('',(-37.8798476,42.669146558,3.0000254));
#2191=VERTEX_POINT('',#2190);
#2192=CARTESIAN_POINT('',(-37.8798476,28.558117856,3.0000254));
#2193=DIRECTION('',(0.,1.,0.));
#2194=VECTOR('',#2193,14.111028702);
#2195=LINE('',#2192,#2194);
#2196=EDGE_CURVE('',#2183,#2191,#2195,.T.);
#2197=ORIENTED_EDGE('',*,*,#2196,.T.);
#2198=CARTESIAN_POINT('',(-42.546514266,42.669146558,3.0000254));
#2199=VERTEX_POINT('',#2198);
#2200=CARTESIAN_POINT('',(-37.8798476,42.669146558,3.0000254));
#2201=DIRECTION('',(-1.,0.,0.));
#2202=VECTOR('',#2201,4.666666667);
#2203=LINE('',#2200,#2202);
#2204=EDGE_CURVE('',#2191,#2199,#2203,.T.);
#2205=ORIENTED_EDGE('',*,*,#2204,.T.);
#2206=CARTESIAN_POINT('',(-42.546514266,43.408145796,3.0000254));
#2207=VERTEX_POINT('',#2206);
#2208=CARTESIAN_POINT('',(-42.546514266,43.408145796,3.0000254));
#2209=DIRECTION('',(0.,-1.,0.));
#2210=VECTOR('',#2209,0.738999238);
#2211=LINE('',#2208,#2210);
#2212=EDGE_CURVE('',#2207,#2199,#2211,.T.);
#2213=ORIENTED_EDGE('',*,*,#2212,.F.);
#2214=CARTESIAN_POINT('',(-47.213180933,43.408145796,3.0000254));
#2215=VERTEX_POINT('',#2214);
#2216=CARTESIAN_POINT('',(-42.546514266,43.408145796,3.0000254));
#2217=DIRECTION('',(-1.,0.,0.));
#2218=VECTOR('',#2217,4.666666667);
#2219=LINE('',#2216,#2218);
#2220=EDGE_CURVE('',#2207,#2215,#2219,.T.);
#2221=ORIENTED_EDGE('',*,*,#2220,.T.);
#2222=CARTESIAN_POINT('',(-47.213180933,42.669146558,3.0000254));
#2223=VERTEX_POINT('',#2222);
#2224=CARTESIAN_POINT('',(-47.213180933,43.408145796,3.0000254));
#2225=DIRECTION('',(0.,-1.,0.));
#2226=VECTOR('',#2225,0.738999238);
#2227=LINE('',#2224,#2226);
#2228=EDGE_CURVE('',#2215,#2223,#2227,.T.);
#2229=ORIENTED_EDGE('',*,*,#2228,.T.);
#2230=CARTESIAN_POINT('',(-51.8798476,42.669146558,3.0000254));
#2231=VERTEX_POINT('',#2230);
#2232=CARTESIAN_POINT('',(-47.213180933,42.669146558,3.0000254));
#2233=DIRECTION('',(-1.,0.,0.));
#2234=VECTOR('',#2233,4.666666667);
#2235=LINE('',#2232,#2234);
#2236=EDGE_CURVE('',#2223,#2231,#2235,.T.);
#2237=ORIENTED_EDGE('',*,*,#2236,.T.);
#2238=CARTESIAN_POINT('',(-51.8798476,28.558117856,3.0000254));
#2239=VERTEX_POINT('',#2238);
#2240=CARTESIAN_POINT('',(-51.8798476,42.669146558,3.0000254));
#2241=DIRECTION('',(0.,-1.,0.));
#2242=VECTOR('',#2241,14.111028702);
#2243=LINE('',#2240,#2242);
#2244=EDGE_CURVE('',#2231,#2239,#2243,.T.);
#2245=ORIENTED_EDGE('',*,*,#2244,.T.);
#2246=CARTESIAN_POINT('',(-47.213180933,28.558117856,3.0000254));
#2247=VERTEX_POINT('',#2246);
#2248=CARTESIAN_POINT('',(-51.8798476,28.558117856,3.0000254));
#2249=DIRECTION('',(1.,0.,-0.));
#2250=VECTOR('',#2249,4.666666667);
#2251=LINE('',#2248,#2250);
#2252=EDGE_CURVE('',#2239,#2247,#2251,.T.);
#2253=ORIENTED_EDGE('',*,*,#2252,.T.);
#2254=CARTESIAN_POINT('',(-47.213180933,27.811111001,3.0000254));
#2255=VERTEX_POINT('',#2254);
#2256=CARTESIAN_POINT('',(-47.213180933,27.811111001,3.0000254));
#2257=DIRECTION('',(0.,1.,0.));
#2258=VECTOR('',#2257,0.747006855);
#2259=LINE('',#2256,#2258);
#2260=EDGE_CURVE('',#2255,#2247,#2259,.T.);
#2261=ORIENTED_EDGE('',*,*,#2260,.F.);
#2262=CARTESIAN_POINT('',(-42.546514266,27.811111001,3.0000254));
#2263=VERTEX_POINT('',#2262);
#2264=CARTESIAN_POINT('',(-47.213180933,27.811111001,3.0000254));
#2265=DIRECTION('',(1.,0.,-0.));
#2266=VECTOR('',#2265,4.666666667);
#2267=LINE('',#2264,#2266);
#2268=EDGE_CURVE('',#2255,#2263,#2267,.T.);
#2269=ORIENTED_EDGE('',*,*,#2268,.T.);
#2270=CARTESIAN_POINT('',(-42.546514266,27.811111001,3.0000254));
#2271=DIRECTION('',(0.,1.,0.));
#2272=VECTOR('',#2271,0.747006855);
#2273=LINE('',#2270,#2272);
#2274=EDGE_CURVE('',#2263,#2181,#2273,.T.);
#2275=ORIENTED_EDGE('',*,*,#2274,.T.);
#2276=EDGE_LOOP('',(#2189,#2197,#2205,#2213,#2221,#2229,#2237,#2245,#2253,#2261,#2269,#2275));
#2277=FACE_BOUND('',#2276,.T.);
#2278=CARTESIAN_POINT('',(-56.611199729,83.85522581,3.0000254));
#2279=VERTEX_POINT('',#2278);
#2280=CARTESIAN_POINT('',(-51.944533062,83.85522581,3.0000254));
#2281=VERTEX_POINT('',#2280);
#2282=CARTESIAN_POINT('',(-56.611199729,83.85522581,3.0000254));
#2283=DIRECTION('',(1.,0.,-0.));
#2284=VECTOR('',#2283,4.666666667);
#2285=LINE('',#2282,#2284);
#2286=EDGE_CURVE('',#2279,#2281,#2285,.T.);
#2287=ORIENTED_EDGE('',*,*,#2286,.T.);
#2288=CARTESIAN_POINT('',(-51.944533062,84.602232664,3.0000254));
#2289=VERTEX_POINT('',#2288);
#2290=CARTESIAN_POINT('',(-51.944533062,83.85522581,3.0000254));
#2291=DIRECTION('',(0.,1.,0.));
#2292=VECTOR('',#2291,0.747006855);
#2293=LINE('',#2290,#2292);
#2294=EDGE_CURVE('',#2281,#2289,#2293,.T.);
#2295=ORIENTED_EDGE('',*,*,#2294,.T.);
#2296=CARTESIAN_POINT('',(-47.277866396,84.602232664,3.0000254));
#2297=VERTEX_POINT('',#2296);
#2298=CARTESIAN_POINT('',(-51.944533062,84.602232664,3.0000254));
#2299=DIRECTION('',(1.,0.,-0.));
#2300=VECTOR('',#2299,4.666666667);
#2301=LINE('',#2298,#2300);
#2302=EDGE_CURVE('',#2289,#2297,#2301,.T.);
#2303=ORIENTED_EDGE('',*,*,#2302,.T.);
#2304=CARTESIAN_POINT('',(-47.277866396,98.702260605,3.0000254));
#2305=VERTEX_POINT('',#2304);
#2306=CARTESIAN_POINT('',(-47.277866396,84.602232664,3.0000254));
#2307=DIRECTION('',(0.,1.,0.));
#2308=VECTOR('',#2307,14.10002794);
#2309=LINE('',#2306,#2308);
#2310=EDGE_CURVE('',#2297,#2305,#2309,.T.);
#2311=ORIENTED_EDGE('',*,*,#2310,.T.);
#2312=CARTESIAN_POINT('',(-51.944533062,98.702260605,3.0000254));
#2313=VERTEX_POINT('',#2312);
#2314=CARTESIAN_POINT('',(-47.277866396,98.702260605,3.0000254));
#2315=DIRECTION('',(-1.,0.,0.));
#2316=VECTOR('',#2315,4.666666667);
#2317=LINE('',#2314,#2316);
#2318=EDGE_CURVE('',#2305,#2313,#2317,.T.);
#2319=ORIENTED_EDGE('',*,*,#2318,.T.);
#2320=CARTESIAN_POINT('',(-51.944533062,99.452260605,3.0000254));
#2321=VERTEX_POINT('',#2320);
#2322=CARTESIAN_POINT('',(-51.944533062,99.452260605,3.0000254));
#2323=DIRECTION('',(0.,-1.,0.));
#2324=VECTOR('',#2323,0.75);
#2325=LINE('',#2322,#2324);
#2326=EDGE_CURVE('',#2321,#2313,#2325,.T.);
#2327=ORIENTED_EDGE('',*,*,#2326,.F.);
#2328=CARTESIAN_POINT('',(-56.611199729,99.452260605,3.0000254));
#2329=VERTEX_POINT('',#2328);
#2330=CARTESIAN_POINT('',(-51.944533062,99.452260605,3.0000254));
#2331=DIRECTION('',(-1.,0.,0.));
#2332=VECTOR('',#2331,4.666666667);
#2333=LINE('',#2330,#2332);
#2334=EDGE_CURVE('',#2321,#2329,#2333,.T.);
#2335=ORIENTED_EDGE('',*,*,#2334,.T.);
#2336=CARTESIAN_POINT('',(-56.611199729,98.702260605,3.0000254));
#2337=VERTEX_POINT('',#2336);
#2338=CARTESIAN_POINT('',(-56.611199729,99.452260605,3.0000254));
#2339=DIRECTION('',(0.,-1.,0.));
#2340=VECTOR('',#2339,0.75);
#2341=LINE('',#2338,#2340);
#2342=EDGE_CURVE('',#2329,#2337,#2341,.T.);
#2343=ORIENTED_EDGE('',*,*,#2342,.T.);
#2344=CARTESIAN_POINT('',(-61.277866396,98.702260605,3.0000254));
#2345=VERTEX_POINT('',#2344);
#2346=CARTESIAN_POINT('',(-56.611199729,98.702260605,3.0000254));
#2347=DIRECTION('',(-1.,0.,0.));
#2348=VECTOR('',#2347,4.666666667);
#2349=LINE('',#2346,#2348);
#2350=EDGE_CURVE('',#2337,#2345,#2349,.T.);
#2351=ORIENTED_EDGE('',*,*,#2350,.T.);
#2352=CARTESIAN_POINT('',(-61.277866396,84.602232664,3.0000254));
#2353=VERTEX_POINT('',#2352);
#2354=CARTESIAN_POINT('',(-61.277866396,98.702260605,3.0000254));
#2355=DIRECTION('',(0.,-1.,0.));
#2356=VECTOR('',#2355,14.10002794);
#2357=LINE('',#2354,#2356);
#2358=EDGE_CURVE('',#2345,#2353,#2357,.T.);
#2359=ORIENTED_EDGE('',*,*,#2358,.T.);
#2360=CARTESIAN_POINT('',(-56.611199729,84.602232664,3.0000254));
#2361=VERTEX_POINT('',#2360);
#2362=CARTESIAN_POINT('',(-61.277866396,84.602232664,3.0000254));
#2363=DIRECTION('',(1.,0.,-0.));
#2364=VECTOR('',#2363,4.666666667);
#2365=LINE('',#2362,#2364);
#2366=EDGE_CURVE('',#2353,#2361,#2365,.T.);
#2367=ORIENTED_EDGE('',*,*,#2366,.T.);
#2368=CARTESIAN_POINT('',(-56.611199729,83.85522581,3.0000254));
#2369=DIRECTION('',(0.,1.,0.));
#2370=VECTOR('',#2369,0.747006855);
#2371=LINE('',#2368,#2370);
#2372=EDGE_CURVE('',#2279,#2361,#2371,.T.);
#2373=ORIENTED_EDGE('',*,*,#2372,.F.);
#2374=EDGE_LOOP('',(#2287,#2295,#2303,#2311,#2319,#2327,#2335,#2343,#2351,#2359,#2367,#2373));
#2375=FACE_BOUND('',#2374,.T.);
#2376=CARTESIAN_POINT('',(-75.2801143,31.158122936,3.0000254));
#2377=VERTEX_POINT('',#2376);
#2378=CARTESIAN_POINT('',(-75.2801143,45.258150876,3.0000254));
#2379=VERTEX_POINT('',#2378);
#2380=CARTESIAN_POINT('',(-75.2801143,31.158122936,3.0000254));
#2381=DIRECTION('',(0.,1.,0.));
#2382=VECTOR('',#2381,14.10002794);
#2383=LINE('',#2380,#2382);
#2384=EDGE_CURVE('',#2377,#2379,#2383,.T.);
#2385=ORIENTED_EDGE('',*,*,#2384,.T.);
#2386=CARTESIAN_POINT('',(-75.296113792,45.258150876,3.0000254));
#2387=VERTEX_POINT('',#2386);
#2388=CARTESIAN_POINT('',(-75.2801143,45.258150876,3.0000254));
#2389=DIRECTION('',(-1.,0.,0.));
#2390=VECTOR('',#2389,0.015999492);
#2391=LINE('',#2388,#2390);
#2392=EDGE_CURVE('',#2379,#2387,#2391,.T.);
#2393=ORIENTED_EDGE('',*,*,#2392,.T.);
#2394=CARTESIAN_POINT('',(-75.296113792,45.269151638,3.0000254));
#2395=VERTEX_POINT('',#2394);
#2396=CARTESIAN_POINT('',(-75.296113792,45.258150876,3.0000254));
#2397=DIRECTION('',(0.,1.,0.));
#2398=VECTOR('',#2397,0.011000762);
#2399=LINE('',#2396,#2398);
#2400=EDGE_CURVE('',#2387,#2395,#2399,.T.);
#2401=ORIENTED_EDGE('',*,*,#2400,.T.);
#2402=CARTESIAN_POINT('',(-79.946780967,45.269151638,3.0000254));
#2403=VERTEX_POINT('',#2402);
#2404=CARTESIAN_POINT('',(-75.296113792,45.269151638,3.0000254));
#2405=DIRECTION('',(-1.,0.,0.));
#2406=VECTOR('',#2405,4.650667175);
#2407=LINE('',#2404,#2406);
#2408=EDGE_CURVE('',#2395,#2403,#2407,.T.);
#2409=ORIENTED_EDGE('',*,*,#2408,.T.);
#2410=CARTESIAN_POINT('',(-79.946780967,46.008150876,3.0000254));
#2411=VERTEX_POINT('',#2410);
#2412=CARTESIAN_POINT('',(-79.946780967,46.008150876,3.0000254));
#2413=DIRECTION('',(0.,-1.,0.));
#2414=VECTOR('',#2413,0.738999238);
#2415=LINE('',#2412,#2414);
#2416=EDGE_CURVE('',#2411,#2403,#2415,.T.);
#2417=ORIENTED_EDGE('',*,*,#2416,.F.);
#2418=CARTESIAN_POINT('',(-84.613447634,46.008150876,3.0000254));
#2419=VERTEX_POINT('',#2418);
#2420=CARTESIAN_POINT('',(-79.946780967,46.008150876,3.0000254));
#2421=DIRECTION('',(-1.,0.,0.));
#2422=VECTOR('',#2421,4.666666667);
#2423=LINE('',#2420,#2422);
#2424=EDGE_CURVE('',#2411,#2419,#2423,.T.);
#2425=ORIENTED_EDGE('',*,*,#2424,.T.);
#2426=CARTESIAN_POINT('',(-84.613447634,45.269151638,3.0000254));
#2427=VERTEX_POINT('',#2426);
#2428=CARTESIAN_POINT('',(-84.613447634,46.008150876,3.0000254));
#2429=DIRECTION('',(0.,-1.,0.));
#2430=VECTOR('',#2429,0.738999238);
#2431=LINE('',#2428,#2430);
#2432=EDGE_CURVE('',#2419,#2427,#2431,.T.);
#2433=ORIENTED_EDGE('',*,*,#2432,.T.);
#2434=CARTESIAN_POINT('',(-89.296113792,45.269151638,3.0000254));
#2435=VERTEX_POINT('',#2434);
#2436=CARTESIAN_POINT('',(-84.613447634,45.269151638,3.0000254));
#2437=DIRECTION('',(-1.,0.,0.));
#2438=VECTOR('',#2437,4.682666159);
#2439=LINE('',#2436,#2438);
#2440=EDGE_CURVE('',#2427,#2435,#2439,.T.);
#2441=ORIENTED_EDGE('',*,*,#2440,.T.);
#2442=CARTESIAN_POINT('',(-89.296113792,31.169123698,3.0000254));
#2443=VERTEX_POINT('',#2442);
#2444=CARTESIAN_POINT('',(-89.296113792,45.269151638,3.0000254));
#2445=DIRECTION('',(0.,-1.,0.));
#2446=VECTOR('',#2445,14.10002794);
#2447=LINE('',#2444,#2446);
#2448=EDGE_CURVE('',#2435,#2443,#2447,.T.);
#2449=ORIENTED_EDGE('',*,*,#2448,.T.);
#2450=CARTESIAN_POINT('',(-89.2801143,31.169123698,3.0000254));
#2451=VERTEX_POINT('',#2450);
#2452=CARTESIAN_POINT('',(-89.296113792,31.169123698,3.0000254));
#2453=DIRECTION('',(1.,0.,-0.));
#2454=VECTOR('',#2453,0.015999492);
#2455=LINE('',#2452,#2454);
#2456=EDGE_CURVE('',#2443,#2451,#2455,.T.);
#2457=ORIENTED_EDGE('',*,*,#2456,.T.);
#2458=CARTESIAN_POINT('',(-89.2801143,31.158122936,3.0000254));
#2459=VERTEX_POINT('',#2458);
#2460=CARTESIAN_POINT('',(-89.2801143,31.158122936,3.0000254));
#2461=DIRECTION('',(0.,1.,0.));
#2462=VECTOR('',#2461,0.011000762);
#2463=LINE('',#2460,#2462);
#2464=EDGE_CURVE('',#2459,#2451,#2463,.T.);
#2465=ORIENTED_EDGE('',*,*,#2464,.F.);
#2466=CARTESIAN_POINT('',(-84.613447634,31.158122936,3.0000254));
#2467=VERTEX_POINT('',#2466);
#2468=CARTESIAN_POINT('',(-89.2801143,31.158122936,3.0000254));
#2469=DIRECTION('',(1.,0.,-0.));
#2470=VECTOR('',#2469,4.666666667);
#2471=LINE('',#2468,#2470);
#2472=EDGE_CURVE('',#2459,#2467,#2471,.T.);
#2473=ORIENTED_EDGE('',*,*,#2472,.T.);
#2474=CARTESIAN_POINT('',(-84.613447634,30.411116081,3.0000254));
#2475=VERTEX_POINT('',#2474);
#2476=CARTESIAN_POINT('',(-84.613447634,30.411116081,3.0000254));
#2477=DIRECTION('',(0.,1.,0.));
#2478=VECTOR('',#2477,0.747006855);
#2479=LINE('',#2476,#2478);
#2480=EDGE_CURVE('',#2475,#2467,#2479,.T.);
#2481=ORIENTED_EDGE('',*,*,#2480,.F.);
#2482=CARTESIAN_POINT('',(-79.946780967,30.411116081,3.0000254));
#2483=VERTEX_POINT('',#2482);
#2484=CARTESIAN_POINT('',(-84.613447634,30.411116081,3.0000254));
#2485=DIRECTION('',(1.,0.,-0.));
#2486=VECTOR('',#2485,4.666666667);
#2487=LINE('',#2484,#2486);
#2488=EDGE_CURVE('',#2475,#2483,#2487,.T.);
#2489=ORIENTED_EDGE('',*,*,#2488,.T.);
#2490=CARTESIAN_POINT('',(-79.946780967,31.158122936,3.0000254));
#2491=VERTEX_POINT('',#2490);
#2492=CARTESIAN_POINT('',(-79.946780967,30.411116081,3.0000254));
#2493=DIRECTION('',(0.,1.,0.));
#2494=VECTOR('',#2493,0.747006855);
#2495=LINE('',#2492,#2494);
#2496=EDGE_CURVE('',#2483,#2491,#2495,.T.);
#2497=ORIENTED_EDGE('',*,*,#2496,.T.);
#2498=CARTESIAN_POINT('',(-79.946780967,31.158122936,3.0000254));
#2499=DIRECTION('',(1.,0.,-0.));
#2500=VECTOR('',#2499,4.666666667);
#2501=LINE('',#2498,#2500);
#2502=EDGE_CURVE('',#2491,#2377,#2501,.T.);
#2503=ORIENTED_EDGE('',*,*,#2502,.T.);
#2504=EDGE_LOOP('',(#2385,#2393,#2401,#2409,#2417,#2425,#2433,#2441,#2449,#2457,#2465,#2473,#2481,#2489,#2497,#2503));
#2505=FACE_BOUND('',#2504,.T.);
#2506=CARTESIAN_POINT('',(-32.8798476,1.954005071,3.0000254));
#2507=VERTEX_POINT('',#2506);
#2508=CARTESIAN_POINT('',(-32.818973129,1.931848576,3.0000254));
#2509=VERTEX_POINT('',#2508);
#2510=CARTESIAN_POINT('',(-32.8798476,1.954005071,3.0000254));
#2511=DIRECTION('',(0.939692621,-0.342020143,0.));
#2512=VECTOR('',#2511,0.064781259);
#2513=LINE('',#2510,#2512);
#2514=EDGE_CURVE('',#2507,#2509,#2513,.T.);
#2515=ORIENTED_EDGE('',*,*,#2514,.T.);
#2516=CARTESIAN_POINT('',(-32.563481737,2.633805405,3.0000254));
#2517=VERTEX_POINT('',#2516);
#2518=CARTESIAN_POINT('',(-32.818973129,1.931848576,3.0000254));
#2519=DIRECTION('',(0.342020143,0.939692621,0.));
#2520=VECTOR('',#2519,0.747006855);
#2521=LINE('',#2518,#2520);
#2522=EDGE_CURVE('',#2509,#2517,#2521,.T.);
#2523=ORIENTED_EDGE('',*,*,#2522,.T.);
#2524=CARTESIAN_POINT('',(-28.178249507,1.037711403,3.0000254));
#2525=VERTEX_POINT('',#2524);
#2526=CARTESIAN_POINT('',(-32.563481737,2.633805405,3.0000254));
#2527=DIRECTION('',(0.939692621,-0.342020143,0.));
#2528=VECTOR('',#2527,4.666666667);
#2529=LINE('',#2526,#2528);
#2530=EDGE_CURVE('',#2517,#2525,#2529,.T.);
#2531=ORIENTED_EDGE('',*,*,#2530,.T.);
#2532=CARTESIAN_POINT('',(-23.35575593,14.287403611,3.0000254));
#2533=VERTEX_POINT('',#2532);
#2534=CARTESIAN_POINT('',(-28.178249507,1.037711403,3.0000254));
#2535=DIRECTION('',(0.342020143,0.939692621,0.));
#2536=VECTOR('',#2535,14.10002794);
#2537=LINE('',#2534,#2536);
#2538=EDGE_CURVE('',#2525,#2533,#2537,.T.);
#2539=ORIENTED_EDGE('',*,*,#2538,.T.);
#2540=CARTESIAN_POINT('',(-27.74098816,15.883497613,3.0000254));
#2541=VERTEX_POINT('',#2540);
#2542=CARTESIAN_POINT('',(-23.35575593,14.287403611,3.0000254));
#2543=DIRECTION('',(-0.939692621,0.342020143,0.));
#2544=VECTOR('',#2543,4.666666667);
#2545=LINE('',#2542,#2544);
#2546=EDGE_CURVE('',#2533,#2541,#2545,.T.);
#2547=ORIENTED_EDGE('',*,*,#2546,.T.);
#2548=CARTESIAN_POINT('',(-27.484473053,16.588267079,3.0000254));
#2549=VERTEX_POINT('',#2548);
#2550=CARTESIAN_POINT('',(-27.484473053,16.588267079,3.0000254));
#2551=DIRECTION('',(-0.342020143,-0.939692621,0.));
#2552=VECTOR('',#2551,0.75);
#2553=LINE('',#2550,#2552);
#2554=EDGE_CURVE('',#2549,#2541,#2553,.T.);
#2555=ORIENTED_EDGE('',*,*,#2554,.F.);
#2556=CARTESIAN_POINT('',(-31.869705283,18.184361081,3.0000254));
#2557=VERTEX_POINT('',#2556);
#2558=CARTESIAN_POINT('',(-27.484473053,16.588267079,3.0000254));
#2559=DIRECTION('',(-0.939692621,0.342020143,0.));
#2560=VECTOR('',#2559,4.666666667);
#2561=LINE('',#2558,#2560);
#2562=EDGE_CURVE('',#2549,#2557,#2561,.T.);
#2563=ORIENTED_EDGE('',*,*,#2562,.T.);
#2564=CARTESIAN_POINT('',(-32.12622039,17.479591615,3.0000254));
#2565=VERTEX_POINT('',#2564);
#2566=CARTESIAN_POINT('',(-31.869705283,18.184361081,3.0000254));
#2567=DIRECTION('',(-0.342020143,-0.939692621,0.));
#2568=VECTOR('',#2567,0.75);
#2569=LINE('',#2566,#2568);
#2570=EDGE_CURVE('',#2557,#2565,#2569,.T.);
#2571=ORIENTED_EDGE('',*,*,#2570,.T.);
#2572=CARTESIAN_POINT('',(-36.511452621,19.075685617,3.0000254));
#2573=VERTEX_POINT('',#2572);
#2574=CARTESIAN_POINT('',(-32.12622039,17.479591615,3.0000254));
#2575=DIRECTION('',(-0.939692621,0.342020143,0.));
#2576=VECTOR('',#2575,4.666666667);
#2577=LINE('',#2574,#2576);
#2578=EDGE_CURVE('',#2565,#2573,#2577,.T.);
#2579=ORIENTED_EDGE('',*,*,#2578,.T.);
#2580=CARTESIAN_POINT('',(-41.333946198,5.825993409,3.0000254));
#2581=VERTEX_POINT('',#2580);
#2582=CARTESIAN_POINT('',(-36.511452621,19.075685617,3.0000254));
#2583=DIRECTION('',(-0.342020143,-0.939692621,0.));
#2584=VECTOR('',#2583,14.10002794);
#2585=LINE('',#2582,#2584);
#2586=EDGE_CURVE('',#2573,#2581,#2585,.T.);
#2587=ORIENTED_EDGE('',*,*,#2586,.T.);
#2588=CARTESIAN_POINT('',(-36.948713967,4.229899407,3.0000254));
#2589=VERTEX_POINT('',#2588);
#2590=CARTESIAN_POINT('',(-41.333946198,5.825993409,3.0000254));
#2591=DIRECTION('',(0.939692621,-0.342020143,0.));
#2592=VECTOR('',#2591,4.666666667);
#2593=LINE('',#2590,#2592);
#2594=EDGE_CURVE('',#2581,#2589,#2593,.T.);
#2595=ORIENTED_EDGE('',*,*,#2594,.T.);
#2596=CARTESIAN_POINT('',(-37.204205359,3.527942578,3.0000254));
#2597=VERTEX_POINT('',#2596);
#2598=CARTESIAN_POINT('',(-37.204205359,3.527942578,3.0000254));
#2599=DIRECTION('',(0.342020143,0.939692621,0.));
#2600=VECTOR('',#2599,0.747006855);
#2601=LINE('',#2598,#2600);
#2602=EDGE_CURVE('',#2597,#2589,#2601,.T.);
#2603=ORIENTED_EDGE('',*,*,#2602,.F.);
#2604=CARTESIAN_POINT('',(-37.204205359,3.527942578,3.0000254));
#2605=DIRECTION('',(0.939692621,-0.342020143,0.));
#2606=VECTOR('',#2605,4.601885408);
#2607=LINE('',#2604,#2606);
#2608=EDGE_CURVE('',#2597,#2507,#2607,.T.);
#2609=ORIENTED_EDGE('',*,*,#2608,.T.);
#2610=CARTESIAN_POINT('',(-32.8798476,-0.071117935,3.0000254));
#2611=VERTEX_POINT('',#2610);
#2612=CARTESIAN_POINT('',(-32.8798476,-0.071117935,3.0000254));
#2613=DIRECTION('',(0.,1.,0.));
#2614=VECTOR('',#2613,2.025123006);
#2615=LINE('',#2612,#2614);
#2616=EDGE_CURVE('',#2611,#2507,#2615,.T.);
#2617=ORIENTED_EDGE('',*,*,#2616,.F.);
#2618=CARTESIAN_POINT('',(-38.330606093,1.912795911,3.0000254));
#2619=VERTEX_POINT('',#2618);
#2620=CARTESIAN_POINT('',(-32.8798476,-0.071117935,3.0000254));
#2621=DIRECTION('',(-0.939692621,0.342020143,0.));
#2622=VECTOR('',#2621,5.800576032);
#2623=LINE('',#2620,#2622);
#2624=EDGE_CURVE('',#2611,#2619,#2623,.T.);
#2625=ORIENTED_EDGE('',*,*,#2624,.T.);
#2626=CARTESIAN_POINT('',(-50.175573877,5.086645463,3.0000254));
#2627=VERTEX_POINT('',#2626);
#2628=CARTESIAN_POINT('',(-62.391723176,-64.194579962,3.0000254));
#2629=DIRECTION('',(-0.,-0.,1.));
#2630=DIRECTION('',(-1.,0.,0.));
#2631=AXIS2_PLACEMENT_3D('',#2628,#2629,#2630);
#2632=CIRCLE('',#2631,70.35);
#2633=EDGE_CURVE('',#2619,#2627,#2632,.T.);
#2634=ORIENTED_EDGE('',*,*,#2633,.T.);
#2635=CARTESIAN_POINT('',(-56.542354484,6.209280664,3.0000254));
#2636=VERTEX_POINT('',#2635);
#2637=CARTESIAN_POINT('',(-50.175573877,5.086645463,3.0000254));
#2638=DIRECTION('',(-0.984807753,0.173648178,0.));
#2639=VECTOR('',#2638,6.46499846);
#2640=LINE('',#2637,#2639);
#2641=EDGE_CURVE('',#2627,#2636,#2640,.T.);
#2642=ORIENTED_EDGE('',*,*,#2641,.T.);
#2643=CARTESIAN_POINT('',(-68.758503783,7.27805524,3.0000254));
#2644=VERTEX_POINT('',#2643);
#2645=CARTESIAN_POINT('',(-68.758503783,-63.07194476,3.0000254));
#2646=DIRECTION('',(-0.,-0.,1.));
#2647=DIRECTION('',(-1.,0.,0.));
#2648=AXIS2_PLACEMENT_3D('',#2645,#2646,#2647);
#2649=CIRCLE('',#2648,70.35);
#2650=EDGE_CURVE('',#2636,#2644,#2649,.T.);
#2651=ORIENTED_EDGE('',*,*,#2650,.T.);
#2652=CARTESIAN_POINT('',(-74.564118773,7.27805524,3.0000254));
#2653=VERTEX_POINT('',#2652);
#2654=CARTESIAN_POINT('',(-68.758503783,7.27805524,3.0000254));
#2655=DIRECTION('',(-1.,0.,0.));
#2656=VECTOR('',#2655,5.80561499);
#2657=LINE('',#2654,#2656);
#2658=EDGE_CURVE('',#2644,#2653,#2657,.T.);
#2659=ORIENTED_EDGE('',*,*,#2658,.T.);
#2660=CARTESIAN_POINT('',(-86.780268072,6.209280664,3.0000254));
#2661=VERTEX_POINT('',#2660);
#2662=CARTESIAN_POINT('',(-74.564118773,-63.07194476,3.0000254));
#2663=DIRECTION('',(-0.,-0.,1.));
#2664=DIRECTION('',(-1.,0.,0.));
#2665=AXIS2_PLACEMENT_3D('',#2662,#2663,#2664);
#2666=CIRCLE('',#2665,70.35);
#2667=EDGE_CURVE('',#2653,#2661,#2666,.T.);
#2668=ORIENTED_EDGE('',*,*,#2667,.T.);
#2669=CARTESIAN_POINT('',(-98.477369144,4.146766149,3.0000254));
#2670=VERTEX_POINT('',#2669);
#2671=CARTESIAN_POINT('',(-86.780268072,6.209280664,3.0000254));
#2672=DIRECTION('',(-0.984807753,-0.173648178,0.));
#2673=VECTOR('',#2672,11.877547711);
#2674=LINE('',#2671,#2673);
#2675=EDGE_CURVE('',#2661,#2670,#2674,.T.);
#2676=ORIENTED_EDGE('',*,*,#2675,.T.);
#2677=CARTESIAN_POINT('',(-99.230365499,4.674019873,3.0000254));
#2678=VERTEX_POINT('',#2677);
#2679=CARTESIAN_POINT('',(-98.59024046,4.786891188,3.0000254));
#2680=DIRECTION('',(0.,0.,-1.));
#2681=DIRECTION('',(-1.,0.,0.));
#2682=AXIS2_PLACEMENT_3D('',#2679,#2680,#2681);
#2683=CIRCLE('',#2682,0.65);
#2684=EDGE_CURVE('',#2670,#2678,#2683,.T.);
#2685=ORIENTED_EDGE('',*,*,#2684,.T.);
#2686=CARTESIAN_POINT('',(-99.938934156,8.692512416,3.0000254));
#2687=VERTEX_POINT('',#2686);
#2688=CARTESIAN_POINT('',(-99.230365499,4.674019873,3.0000254));
#2689=DIRECTION('',(-0.173648178,0.984807753,0.));
#2690=VECTOR('',#2689,4.080484268);
#2691=LINE('',#2688,#2690);
#2692=EDGE_CURVE('',#2678,#2687,#2691,.T.);
#2693=ORIENTED_EDGE('',*,*,#2692,.T.);
#2694=CARTESIAN_POINT('',(-101.268424623,9.808087376,3.0000254));
#2695=VERTEX_POINT('',#2694);
#2696=CARTESIAN_POINT('',(-101.268424623,8.458087376,3.0000254));
#2697=DIRECTION('',(-0.,-0.,1.));
#2698=DIRECTION('',(-1.,0.,0.));
#2699=AXIS2_PLACEMENT_3D('',#2696,#2697,#2698);
#2700=CIRCLE('',#2699,1.35);
#2701=EDGE_CURVE('',#2687,#2695,#2700,.T.);
#2702=ORIENTED_EDGE('',*,*,#2701,.T.);
#2703=CARTESIAN_POINT('',(-147.38022606,9.808087376,3.0000254));
#2704=VERTEX_POINT('',#2703);
#2705=CARTESIAN_POINT('',(-101.268424623,9.808087376,3.0000254));
#2706=DIRECTION('',(-1.,0.,0.));
#2707=VECTOR('',#2706,46.111801437);
#2708=LINE('',#2705,#2707);
#2709=EDGE_CURVE('',#2695,#2704,#2708,.T.);
#2710=ORIENTED_EDGE('',*,*,#2709,.T.);
#2711=CARTESIAN_POINT('',(-148.03022606,10.458087376,3.0000254));
#2712=VERTEX_POINT('',#2711);
#2713=CARTESIAN_POINT('',(-147.38022606,10.458087376,3.0000254));
#2714=DIRECTION('',(0.,0.,-1.));
#2715=DIRECTION('',(-1.,0.,0.));
#2716=AXIS2_PLACEMENT_3D('',#2713,#2714,#2715);
#2717=CIRCLE('',#2716,0.65);
#2718=EDGE_CURVE('',#2704,#2712,#2717,.T.);
#2719=ORIENTED_EDGE('',*,*,#2718,.T.);
#2720=CARTESIAN_POINT('',(-148.03022606,84.669227838,3.0000254));
#2721=VERTEX_POINT('',#2720);
#2722=CARTESIAN_POINT('',(-148.03022606,10.458087376,3.0000254));
#2723=DIRECTION('',(0.,1.,0.));
#2724=VECTOR('',#2723,74.211140462);
#2725=LINE('',#2722,#2724);
#2726=EDGE_CURVE('',#2712,#2721,#2725,.T.);
#2727=ORIENTED_EDGE('',*,*,#2726,.T.);
#2728=CARTESIAN_POINT('',(-147.38022606,85.319227838,3.0000254));
#2729=VERTEX_POINT('',#2728);
#2730=CARTESIAN_POINT('',(-147.38022606,84.669227838,3.0000254));
#2731=DIRECTION('',(0.,0.,-1.));
#2732=DIRECTION('',(-1.,0.,0.));
#2733=AXIS2_PLACEMENT_3D('',#2730,#2731,#2732);
#2734=CIRCLE('',#2733,0.65);
#2735=EDGE_CURVE('',#2721,#2729,#2734,.T.);
#2736=ORIENTED_EDGE('',*,*,#2735,.T.);
#2737=CARTESIAN_POINT('',(-140.032207264,85.319227838,3.0000254));
#2738=VERTEX_POINT('',#2737);
#2739=CARTESIAN_POINT('',(-147.38022606,85.319227838,3.0000254));
#2740=DIRECTION('',(1.,0.,-0.));
#2741=VECTOR('',#2740,7.348018796);
#2742=LINE('',#2739,#2741);
#2743=EDGE_CURVE('',#2729,#2738,#2742,.T.);
#2744=ORIENTED_EDGE('',*,*,#2743,.T.);
#2745=CARTESIAN_POINT('',(-138.682207264,86.669227838,3.0000254));
#2746=VERTEX_POINT('',#2745);
#2747=CARTESIAN_POINT('',(-140.032207264,86.669227838,3.0000254));
#2748=DIRECTION('',(-0.,-0.,1.));
#2749=DIRECTION('',(-1.,0.,0.));
#2750=AXIS2_PLACEMENT_3D('',#2747,#2748,#2749);
#2751=CIRCLE('',#2750,1.35);
#2752=EDGE_CURVE('',#2738,#2746,#2751,.T.);
#2753=ORIENTED_EDGE('',*,*,#2752,.T.);
#2754=CARTESIAN_POINT('',(-138.682207264,103.369265939,3.0000254));
#2755=VERTEX_POINT('',#2754);
#2756=CARTESIAN_POINT('',(-138.682207264,86.669227838,3.0000254));
#2757=DIRECTION('',(0.,1.,0.));
#2758=VECTOR('',#2757,16.7000381);
#2759=LINE('',#2756,#2758);
#2760=EDGE_CURVE('',#2746,#2755,#2759,.T.);
#2761=ORIENTED_EDGE('',*,*,#2760,.T.);
#2762=CARTESIAN_POINT('',(-138.032207264,104.019265939,3.0000254));
#2763=VERTEX_POINT('',#2762);
#2764=CARTESIAN_POINT('',(-138.032207264,103.369265939,3.0000254));
#2765=DIRECTION('',(0.,0.,-1.));
#2766=DIRECTION('',(-1.,0.,0.));
#2767=AXIS2_PLACEMENT_3D('',#2764,#2765,#2766);
#2768=CIRCLE('',#2767,0.65);
#2769=EDGE_CURVE('',#2755,#2763,#2768,.T.);
#2770=ORIENTED_EDGE('',*,*,#2769,.T.);
#2771=CARTESIAN_POINT('',(-120.701069342,104.019265939,3.0000254));
#2772=VERTEX_POINT('',#2771);
#2773=CARTESIAN_POINT('',(-138.032207264,104.019265939,3.0000254));
#2774=DIRECTION('',(1.,0.,-0.));
#2775=VECTOR('',#2774,17.331137922);
#2776=LINE('',#2773,#2775);
#2777=EDGE_CURVE('',#2763,#2772,#2776,.T.);
#2778=ORIENTED_EDGE('',*,*,#2777,.T.);
#2779=CARTESIAN_POINT('',(-119.351069342,105.369265939,3.0000254));
#2780=VERTEX_POINT('',#2779);
#2781=CARTESIAN_POINT('',(-120.701069342,105.369265939,3.0000254));
#2782=DIRECTION('',(-0.,-0.,1.));
#2783=DIRECTION('',(-1.,0.,0.));
#2784=AXIS2_PLACEMENT_3D('',#2781,#2782,#2783);
#2785=CIRCLE('',#2784,1.35);
#2786=EDGE_CURVE('',#2772,#2780,#2785,.T.);
#2787=ORIENTED_EDGE('',*,*,#2786,.T.);
#2788=CARTESIAN_POINT('',(-119.351069342,105.936271273,3.0000254));
#2789=VERTEX_POINT('',#2788);
#2790=CARTESIAN_POINT('',(-119.351069342,105.369265939,3.0000254));
#2791=DIRECTION('',(0.,1.,0.));
#2792=VECTOR('',#2791,0.567005334);
#2793=LINE('',#2790,#2792);
#2794=EDGE_CURVE('',#2780,#2789,#2793,.T.);
#2795=ORIENTED_EDGE('',*,*,#2794,.T.);
#2796=CARTESIAN_POINT('',(-118.701069342,106.586271273,3.0000254));
#2797=VERTEX_POINT('',#2796);
#2798=CARTESIAN_POINT('',(-118.701069342,105.936271273,3.0000254));
#2799=DIRECTION('',(0.,0.,-1.));
#2800=DIRECTION('',(-1.,0.,0.));
#2801=AXIS2_PLACEMENT_3D('',#2798,#2799,#2800);
#2802=CIRCLE('',#2801,0.65);
#2803=EDGE_CURVE('',#2789,#2797,#2802,.T.);
#2804=ORIENTED_EDGE('',*,*,#2803,.T.);
#2805=CARTESIAN_POINT('',(-83.310390054,106.586271273,3.0000254));
#2806=VERTEX_POINT('',#2805);
#2807=CARTESIAN_POINT('',(-118.701069342,106.586271273,3.0000254));
#2808=DIRECTION('',(1.,0.,-0.));
#2809=VECTOR('',#2808,35.390679288);
#2810=LINE('',#2807,#2809);
#2811=EDGE_CURVE('',#2797,#2806,#2810,.T.);
#2812=ORIENTED_EDGE('',*,*,#2811,.T.);
#2813=CARTESIAN_POINT('',(-82.66039017,105.936658838,3.0000254));
#2814=VERTEX_POINT('',#2813);
#2815=CARTESIAN_POINT('',(-83.310390054,105.936271273,3.0000254));
#2816=DIRECTION('',(0.,0.,-1.));
#2817=DIRECTION('',(-1.,0.,0.));
#2818=AXIS2_PLACEMENT_3D('',#2815,#2816,#2817);
#2819=CIRCLE('',#2818,0.65);
#2820=EDGE_CURVE('',#2806,#2814,#2819,.T.);
#2821=ORIENTED_EDGE('',*,*,#2820,.T.);
#2822=CARTESIAN_POINT('',(-82.660051379,105.368460994,3.0000254));
#2823=VERTEX_POINT('',#2822);
#2824=CARTESIAN_POINT('',(-82.66039017,105.936658838,3.0000254));
#2825=DIRECTION('',(0.000596255,-0.999999822,0.));
#2826=VECTOR('',#2825,0.568197945);
#2827=LINE('',#2824,#2826);
#2828=EDGE_CURVE('',#2814,#2823,#2827,.T.);
#2829=ORIENTED_EDGE('',*,*,#2828,.T.);
#2830=CARTESIAN_POINT('',(-81.310051619,104.019265939,3.0000254));
#2831=VERTEX_POINT('',#2830);
#2832=CARTESIAN_POINT('',(-81.310051619,105.369265939,3.0000254));
#2833=DIRECTION('',(-0.,-0.,1.));
#2834=DIRECTION('',(-1.,0.,0.));
#2835=AXIS2_PLACEMENT_3D('',#2832,#2833,#2834);
#2836=CIRCLE('',#2835,1.35);
#2837=EDGE_CURVE('',#2823,#2831,#2836,.T.);
#2838=ORIENTED_EDGE('',*,*,#2837,.T.);
#2839=CARTESIAN_POINT('',(-75.891976696,104.019265939,3.0000254));
#2840=VERTEX_POINT('',#2839);
#2841=CARTESIAN_POINT('',(-81.310051619,104.019265939,3.0000254));
#2842=DIRECTION('',(1.,0.,-0.));
#2843=VECTOR('',#2842,5.418074923);
#2844=LINE('',#2841,#2843);
#2845=EDGE_CURVE('',#2831,#2840,#2844,.T.);
#2846=ORIENTED_EDGE('',*,*,#2845,.T.);
#2847=CARTESIAN_POINT('',(-75.891983739,104.037193623,3.000026764));
#2848=VERTEX_POINT('',#2847);
#2849=CARTESIAN_POINT('',(-75.891976696,104.019265939,3.0000254));
#2850=DIRECTION('',(-0.000392828,0.999999923,-0.));
#2851=VECTOR('',#2850,0.017927686);
#2852=LINE('',#2849,#2851);
#2853=EDGE_CURVE('',#2840,#2848,#2852,.T.);
#2854=ORIENTED_EDGE('',*,*,#2853,.T.);
#2855=CARTESIAN_POINT('',(-69.897590569,104.039548654,3.00002597));
#2856=VERTEX_POINT('',#2855);
#2857=CARTESIAN_POINT('',(-75.891983739,104.037194075,3.0000254));
#2858=DIRECTION('',(0.999999923,0.000392828,0.));
#2859=VECTOR('',#2858,5.994393632);
#2860=LINE('',#2857,#2859);
#2861=EDGE_CURVE('',#2848,#2856,#2860,.T.);
#2862=ORIENTED_EDGE('',*,*,#2861,.T.);
#2863=CARTESIAN_POINT('',(-69.897582602,104.019265939,3.0000254));
#2864=VERTEX_POINT('',#2863);
#2865=CARTESIAN_POINT('',(-69.897582602,104.019265939,3.0000254));
#2866=DIRECTION('',(-0.000392828,0.999999923,0.));
#2867=VECTOR('',#2866,0.020282717);
#2868=LINE('',#2865,#2867);
#2869=EDGE_CURVE('',#2864,#2856,#2868,.T.);
#2870=ORIENTED_EDGE('',*,*,#2869,.F.);
#2871=CARTESIAN_POINT('',(-64.627223821,104.019265939,3.0000254));
#2872=VERTEX_POINT('',#2871);
#2873=CARTESIAN_POINT('',(-69.897582602,104.019265939,3.0000254));
#2874=DIRECTION('',(1.,0.,-0.));
#2875=VECTOR('',#2874,5.270358781);
#2876=LINE('',#2873,#2875);
#2877=EDGE_CURVE('',#2864,#2872,#2876,.T.);
#2878=ORIENTED_EDGE('',*,*,#2877,.T.);
#2879=CARTESIAN_POINT('',(-63.977223821,103.369259116,3.0000254));
#2880=VERTEX_POINT('',#2879);
#2881=CARTESIAN_POINT('',(-64.627223821,103.369265939,3.0000254));
#2882=DIRECTION('',(0.,0.,-1.));
#2883=DIRECTION('',(-1.,0.,0.));
#2884=AXIS2_PLACEMENT_3D('',#2881,#2882,#2883);
#2885=CIRCLE('',#2884,0.65);
#2886=EDGE_CURVE('',#2872,#2880,#2885,.T.);
#2887=ORIENTED_EDGE('',*,*,#2886,.T.);
#2888=CARTESIAN_POINT('',(-63.977230822,102.702274775,3.0000254));
#2889=VERTEX_POINT('',#2888);
#2890=CARTESIAN_POINT('',(-63.977223821,103.369259116,3.0000254));
#2891=DIRECTION('',(-0.000010496,-1.,0.));
#2892=VECTOR('',#2891,0.666984341);
#2893=LINE('',#2890,#2892);
#2894=EDGE_CURVE('',#2880,#2889,#2893,.T.);
#2895=ORIENTED_EDGE('',*,*,#2894,.T.);
#2896=CARTESIAN_POINT('',(-62.627230822,101.352260605,3.0000254));
#2897=VERTEX_POINT('',#2896);
#2898=CARTESIAN_POINT('',(-62.627230822,102.702260605,3.0000254));
#2899=DIRECTION('',(-0.,-0.,1.));
#2900=DIRECTION('',(-1.,0.,0.));
#2901=AXIS2_PLACEMENT_3D('',#2898,#2899,#2900);
#2902=CIRCLE('',#2901,1.35);
#2903=EDGE_CURVE('',#2889,#2897,#2902,.T.);
#2904=ORIENTED_EDGE('',*,*,#2903,.T.);
#2905=CARTESIAN_POINT('',(-20.466584202,101.352260605,3.0000254));
#2906=VERTEX_POINT('',#2905);
#2907=CARTESIAN_POINT('',(-62.627230822,101.352260605,3.0000254));
#2908=DIRECTION('',(1.,0.,-0.));
#2909=VECTOR('',#2908,42.16064662);
#2910=LINE('',#2907,#2909);
#2911=EDGE_CURVE('',#2897,#2906,#2910,.T.);
#2912=ORIENTED_EDGE('',*,*,#2911,.T.);
#2913=CARTESIAN_POINT('',(-20.466584202,96.009620346,3.0000254));
#2914=VERTEX_POINT('',#2913);
#2915=CARTESIAN_POINT('',(-20.466584202,96.009620346,3.0000254));
#2916=DIRECTION('',(0.,1.,0.));
#2917=VECTOR('',#2916,5.342640259);
#2918=LINE('',#2915,#2917);
#2919=EDGE_CURVE('',#2914,#2906,#2918,.T.);
#2920=ORIENTED_EDGE('',*,*,#2919,.F.);
#2921=CARTESIAN_POINT('',(-32.904669278,96.009620346,3.0000254));
#2922=VERTEX_POINT('',#2921);
#2923=CARTESIAN_POINT('',(-32.904669278,96.009620346,3.0000254));
#2924=DIRECTION('',(1.,0.,-0.));
#2925=VECTOR('',#2924,12.438085077);
#2926=LINE('',#2923,#2925);
#2927=EDGE_CURVE('',#2922,#2914,#2926,.T.);
#2928=ORIENTED_EDGE('',*,*,#2927,.F.);
#2929=CARTESIAN_POINT('',(-32.904669278,43.308316302,3.0000254));
#2930=VERTEX_POINT('',#2929);
#2931=CARTESIAN_POINT('',(-32.904669278,43.308316302,3.0000254));
#2932=DIRECTION('',(0.,1.,0.));
#2933=VECTOR('',#2932,52.701304044);
#2934=LINE('',#2931,#2933);
#2935=EDGE_CURVE('',#2930,#2922,#2934,.T.);
#2936=ORIENTED_EDGE('',*,*,#2935,.F.);
#2937=CARTESIAN_POINT('',(-32.904669278,43.308316302,3.0000254));
#2938=DIRECTION('',(1.,0.,-0.));
#2939=VECTOR('',#2938,12.438085077);
#2940=LINE('',#2937,#2939);
#2941=EDGE_CURVE('',#2930,#122,#2940,.T.);
#2942=ORIENTED_EDGE('',*,*,#2941,.T.);
#2943=ORIENTED_EDGE('',*,*,#126,.F.);
#2944=CARTESIAN_POINT('',(-23.48999065,40.49112643,3.0000254));
#2945=VERTEX_POINT('',#2944);
#2946=CARTESIAN_POINT('',(-20.466584202,40.49112643,3.0000254));
#2947=DIRECTION('',(-1.,0.,0.));
#2948=VECTOR('',#2947,3.023406448);
#2949=LINE('',#2946,#2948);
#2950=EDGE_CURVE('',#114,#2945,#2949,.T.);
#2951=ORIENTED_EDGE('',*,*,#2950,.T.);
#2952=CARTESIAN_POINT('',(-23.48999065,26.39109849,3.0000254));
#2953=VERTEX_POINT('',#2952);
#2954=CARTESIAN_POINT('',(-23.48999065,26.39109849,3.0000254));
#2955=DIRECTION('',(0.,1.,0.));
#2956=VECTOR('',#2955,14.10002794);
#2957=LINE('',#2954,#2956);
#2958=EDGE_CURVE('',#2953,#2945,#2957,.T.);
#2959=ORIENTED_EDGE('',*,*,#2958,.F.);
#2960=CARTESIAN_POINT('',(-23.48999065,26.39109849,3.0000254));
#2961=DIRECTION('',(1.,0.,-0.));
#2962=VECTOR('',#2961,3.023406448);
#2963=LINE('',#2960,#2962);
#2964=EDGE_CURVE('',#2953,#185,#2963,.T.);
#2965=ORIENTED_EDGE('',*,*,#2964,.T.);
#2966=ORIENTED_EDGE('',*,*,#189,.F.);
#2967=CARTESIAN_POINT('',(-20.526708139,14.321892196,3.0000254));
#2968=VERTEX_POINT('',#2967);
#2969=CARTESIAN_POINT('',(-19.258123101,13.860165003,3.0000254));
#2970=DIRECTION('',(-0.,-0.,1.));
#2971=DIRECTION('',(-1.,0.,0.));
#2972=AXIS2_PLACEMENT_3D('',#2969,#2970,#2971);
#2973=CIRCLE('',#2972,1.35);
#2974=EDGE_CURVE('',#176,#2968,#2973,.T.);
#2975=ORIENTED_EDGE('',*,*,#2974,.T.);
#2976=CARTESIAN_POINT('',(-26.375262146,-1.746877874,3.0000254));
#2977=VERTEX_POINT('',#2976);
#2978=CARTESIAN_POINT('',(-20.526708139,14.321892196,3.0000254));
#2979=DIRECTION('',(-0.342020143,-0.939692621,0.));
#2980=VECTOR('',#2979,17.10002794);
#2981=LINE('',#2978,#2980);
#2982=EDGE_CURVE('',#2968,#2977,#2981,.T.);
#2983=ORIENTED_EDGE('',*,*,#2982,.T.);
#2984=CARTESIAN_POINT('',(-26.98606235,-2.174564781,3.0000254));
#2985=VERTEX_POINT('',#2984);
#2986=CARTESIAN_POINT('',(-26.98606235,-1.524564781,3.0000254));
#2987=DIRECTION('',(0.,0.,-1.));
#2988=DIRECTION('',(-1.,0.,0.));
#2989=AXIS2_PLACEMENT_3D('',#2986,#2987,#2988);
#2990=CIRCLE('',#2989,0.65);
#2991=EDGE_CURVE('',#2977,#2985,#2990,.T.);
#2992=ORIENTED_EDGE('',*,*,#2991,.T.);
#2993=CARTESIAN_POINT('',(-27.208375443,-2.135364985,3.0000254));
#2994=VERTEX_POINT('',#2993);
#2995=CARTESIAN_POINT('',(-26.98606235,-1.524564781,3.0000254));
#2996=DIRECTION('',(0.,0.,-1.));
#2997=DIRECTION('',(-1.,0.,0.));
#2998=AXIS2_PLACEMENT_3D('',#2995,#2996,#2997);
#2999=CIRCLE('',#2998,0.65);
#3000=EDGE_CURVE('',#2985,#2994,#2999,.T.);
#3001=ORIENTED_EDGE('',*,*,#3000,.T.);
#3002=CARTESIAN_POINT('',(-27.208375443,-2.135364985,3.0000254));
#3003=DIRECTION('',(-0.939692621,0.342020143,0.));
#3004=VECTOR('',#3003,6.035454606);
#3005=LINE('',#3002,#3004);
#3006=EDGE_CURVE('',#2994,#2611,#3005,.T.);
#3007=ORIENTED_EDGE('',*,*,#3006,.T.);
#3008=ORIENTED_EDGE('',*,*,#2616,.T.);
#3009=EDGE_LOOP('',(#2515,#2523,#2531,#2539,#2547,#2555,#2563,#2571,#2579,#2587,#2595,#2603,#2609,#2617,#2625,#2634,#2642,#2651,#2659,#2668,#2676,#2685,#2693,#2702,#2710,#2719,
#2727,#2736,#2744,#2753,#2761,#2770,#2778,#2787,#2795,#2804,#2812,#2821,#2829,#2838,#2846,#2854,#2862,#2870,#2878,#2887,#2895,#2904,#2912,#2920,#2928,
#2936,#2942,#2943,#2951,#2959,#2965,#2966,#2975,#2983,#2992,#3001,#3007,#3008));
#3010=FACE_BOUND('',#3009,.T.);
#3011=CARTESIAN_POINT('',(-92.242435416,7.17850307,3.0000254));
#3012=VERTEX_POINT('',#3011);
#3013=CARTESIAN_POINT('',(-87.646665902,7.988861232,3.0000254));
#3014=VERTEX_POINT('',#3013);
#3015=CARTESIAN_POINT('',(-92.242435416,7.17850307,3.0000254));
#3016=DIRECTION('',(0.984807753,0.173648178,0.));
#3017=VECTOR('',#3016,4.666666667);
#3018=LINE('',#3015,#3017);
#3019=EDGE_CURVE('',#3012,#3014,#3018,.T.);
#3020=ORIENTED_EDGE('',*,*,#3019,.T.);
#3021=CARTESIAN_POINT('',(-87.776382281,8.724519375,3.0000254));
#3022=VERTEX_POINT('',#3021);
#3023=CARTESIAN_POINT('',(-87.646665902,7.988861232,3.0000254));
#3024=DIRECTION('',(-0.173648178,0.984807753,0.));
#3025=VECTOR('',#3024,0.747006855);
#3026=LINE('',#3023,#3025);
#3027=EDGE_CURVE('',#3014,#3022,#3026,.T.);
#3028=ORIENTED_EDGE('',*,*,#3027,.T.);
#3029=CARTESIAN_POINT('',(-83.180612767,9.534877537,3.0000254));
#3030=VERTEX_POINT('',#3029);
#3031=CARTESIAN_POINT('',(-87.776382281,8.724519375,3.0000254));
#3032=DIRECTION('',(0.984807753,0.173648178,0.));
#3033=VECTOR('',#3032,4.666666667);
#3034=LINE('',#3031,#3033);
#3035=EDGE_CURVE('',#3022,#3030,#3034,.T.);
#3036=ORIENTED_EDGE('',*,*,#3035,.T.);
#3037=CARTESIAN_POINT('',(-85.629056924,23.42069437,3.0000254));
#3038=VERTEX_POINT('',#3037);
#3039=CARTESIAN_POINT('',(-83.180612767,9.534877537,3.0000254));
#3040=DIRECTION('',(-0.173648178,0.984807753,0.));
#3041=VECTOR('',#3040,14.10002794);
#3042=LINE('',#3039,#3041);
#3043=EDGE_CURVE('',#3030,#3038,#3042,.T.);
#3044=ORIENTED_EDGE('',*,*,#3043,.T.);
#3045=CARTESIAN_POINT('',(-90.224826438,22.610336208,3.0000254));
#3046=VERTEX_POINT('',#3045);
#3047=CARTESIAN_POINT('',(-85.629056924,23.42069437,3.0000254));
#3048=DIRECTION('',(-0.984807753,-0.173648178,0.));
#3049=VECTOR('',#3048,4.666666667);
#3050=LINE('',#3047,#3049);
#3051=EDGE_CURVE('',#3038,#3046,#3050,.T.);
#3052=ORIENTED_EDGE('',*,*,#3051,.T.);
#3053=CARTESIAN_POINT('',(-90.355062571,23.348942022,3.0000254));
#3054=VERTEX_POINT('',#3053);
#3055=CARTESIAN_POINT('',(-90.355062571,23.348942022,3.0000254));
#3056=DIRECTION('',(0.173648178,-0.984807753,0.));
#3057=VECTOR('',#3056,0.75);
#3058=LINE('',#3055,#3057);
#3059=EDGE_CURVE('',#3054,#3046,#3058,.T.);
#3060=ORIENTED_EDGE('',*,*,#3059,.F.);
#3061=CARTESIAN_POINT('',(-94.950832085,22.53858386,3.0000254));
#3062=VERTEX_POINT('',#3061);
#3063=CARTESIAN_POINT('',(-90.355062571,23.348942022,3.0000254));
#3064=DIRECTION('',(-0.984807753,-0.173648178,0.));
#3065=VECTOR('',#3064,4.666666667);
#3066=LINE('',#3063,#3065);
#3067=EDGE_CURVE('',#3054,#3062,#3066,.T.);
#3068=ORIENTED_EDGE('',*,*,#3067,.T.);
#3069=CARTESIAN_POINT('',(-94.820595952,21.799978045,3.0000254));
#3070=VERTEX_POINT('',#3069);
#3071=CARTESIAN_POINT('',(-94.950832085,22.53858386,3.0000254));
#3072=DIRECTION('',(0.173648178,-0.984807753,0.));
#3073=VECTOR('',#3072,0.75);
#3074=LINE('',#3071,#3073);
#3075=EDGE_CURVE('',#3062,#3070,#3074,.T.);
#3076=ORIENTED_EDGE('',*,*,#3075,.T.);
#3077=CARTESIAN_POINT('',(-99.416365466,20.989619883,3.0000254));
#3078=VERTEX_POINT('',#3077);
#3079=CARTESIAN_POINT('',(-94.820595952,21.799978045,3.0000254));
#3080=DIRECTION('',(-0.984807753,-0.173648178,0.));
#3081=VECTOR('',#3080,4.666666667);
#3082=LINE('',#3079,#3081);
#3083=EDGE_CURVE('',#3070,#3078,#3082,.T.);
#3084=ORIENTED_EDGE('',*,*,#3083,.T.);
#3085=CARTESIAN_POINT('',(-96.967921309,7.10380305,3.0000254));
#3086=VERTEX_POINT('',#3085);
#3087=CARTESIAN_POINT('',(-99.416365466,20.989619883,3.0000254));
#3088=DIRECTION('',(0.173648178,-0.984807753,0.));
#3089=VECTOR('',#3088,14.10002794);
#3090=LINE('',#3087,#3089);
#3091=EDGE_CURVE('',#3078,#3086,#3090,.T.);
#3092=ORIENTED_EDGE('',*,*,#3091,.T.);
#3093=CARTESIAN_POINT('',(-92.372151795,7.914161212,3.0000254));
#3094=VERTEX_POINT('',#3093);
#3095=CARTESIAN_POINT('',(-96.967921309,7.10380305,3.0000254));
#3096=DIRECTION('',(0.984807753,0.173648178,0.));
#3097=VECTOR('',#3096,4.666666667);
#3098=LINE('',#3095,#3097);
#3099=EDGE_CURVE('',#3086,#3094,#3098,.T.);
#3100=ORIENTED_EDGE('',*,*,#3099,.T.);
#3101=CARTESIAN_POINT('',(-92.242435416,7.17850307,3.0000254));
#3102=DIRECTION('',(-0.173648178,0.984807753,0.));
#3103=VECTOR('',#3102,0.747006855);
#3104=LINE('',#3101,#3103);
#3105=EDGE_CURVE('',#3012,#3094,#3104,.T.);
#3106=ORIENTED_EDGE('',*,*,#3105,.F.);
#3107=EDGE_LOOP('',(#3020,#3028,#3036,#3044,#3052,#3060,#3068,#3076,#3084,#3092,#3100,#3106));
#3108=FACE_BOUND('',#3107,.T.);
#3109=CARTESIAN_POINT('',(-93.963465414,89.089236478,3.0000254));
#3110=VERTEX_POINT('',#3109);
#3111=CARTESIAN_POINT('',(-89.296798747,89.089236478,3.0000254));
#3112=VERTEX_POINT('',#3111);
#3113=CARTESIAN_POINT('',(-93.963465414,89.089236478,3.0000254));
#3114=DIRECTION('',(1.,0.,-0.));
#3115=VECTOR('',#3114,4.666666667);
#3116=LINE('',#3113,#3115);
#3117=EDGE_CURVE('',#3110,#3112,#3116,.T.);
#3118=ORIENTED_EDGE('',*,*,#3117,.T.);
#3119=CARTESIAN_POINT('',(-89.296798747,89.836243332,3.0000254));
#3120=VERTEX_POINT('',#3119);
#3121=CARTESIAN_POINT('',(-89.296798747,89.089236478,3.0000254));
#3122=DIRECTION('',(0.,1.,0.));
#3123=VECTOR('',#3122,0.747006855);
#3124=LINE('',#3121,#3123);
#3125=EDGE_CURVE('',#3112,#3120,#3124,.T.);
#3126=ORIENTED_EDGE('',*,*,#3125,.T.);
#3127=CARTESIAN_POINT('',(-84.63013208,89.836243332,3.0000254));
#3128=VERTEX_POINT('',#3127);
#3129=CARTESIAN_POINT('',(-89.296798747,89.836243332,3.0000254));
#3130=DIRECTION('',(1.,0.,-0.));
#3131=VECTOR('',#3130,4.666666667);
#3132=LINE('',#3129,#3131);
#3133=EDGE_CURVE('',#3120,#3128,#3132,.T.);
#3134=ORIENTED_EDGE('',*,*,#3133,.T.);
#3135=CARTESIAN_POINT('',(-84.63013208,103.936271273,3.0000254));
#3136=VERTEX_POINT('',#3135);
#3137=CARTESIAN_POINT('',(-84.63013208,89.836243332,3.0000254));
#3138=DIRECTION('',(0.,1.,0.));
#3139=VECTOR('',#3138,14.10002794);
#3140=LINE('',#3137,#3139);
#3141=EDGE_CURVE('',#3128,#3136,#3140,.T.);
#3142=ORIENTED_EDGE('',*,*,#3141,.T.);
#3143=CARTESIAN_POINT('',(-89.296798747,103.936271273,3.0000254));
#3144=VERTEX_POINT('',#3143);
#3145=CARTESIAN_POINT('',(-84.63013208,103.936271273,3.0000254));
#3146=DIRECTION('',(-1.,0.,0.));
#3147=VECTOR('',#3146,4.666666667);
#3148=LINE('',#3145,#3147);
#3149=EDGE_CURVE('',#3136,#3144,#3148,.T.);
#3150=ORIENTED_EDGE('',*,*,#3149,.T.);
#3151=CARTESIAN_POINT('',(-89.296798747,104.686271273,3.0000254));
#3152=VERTEX_POINT('',#3151);
#3153=CARTESIAN_POINT('',(-89.296798747,104.686271273,3.0000254));
#3154=DIRECTION('',(0.,-1.,0.));
#3155=VECTOR('',#3154,0.75);
#3156=LINE('',#3153,#3155);
#3157=EDGE_CURVE('',#3152,#3144,#3156,.T.);
#3158=ORIENTED_EDGE('',*,*,#3157,.F.);
#3159=CARTESIAN_POINT('',(-93.963465414,104.686271273,3.0000254));
#3160=VERTEX_POINT('',#3159);
#3161=CARTESIAN_POINT('',(-89.296798747,104.686271273,3.0000254));
#3162=DIRECTION('',(-1.,0.,0.));
#3163=VECTOR('',#3162,4.666666667);
#3164=LINE('',#3161,#3163);
#3165=EDGE_CURVE('',#3152,#3160,#3164,.T.);
#3166=ORIENTED_EDGE('',*,*,#3165,.T.);
#3167=CARTESIAN_POINT('',(-93.963465414,103.936271273,3.0000254));
#3168=VERTEX_POINT('',#3167);
#3169=CARTESIAN_POINT('',(-93.963465414,104.686271273,3.0000254));
#3170=DIRECTION('',(0.,-1.,0.));
#3171=VECTOR('',#3170,0.75);
#3172=LINE('',#3169,#3171);
#3173=EDGE_CURVE('',#3160,#3168,#3172,.T.);
#3174=ORIENTED_EDGE('',*,*,#3173,.T.);
#3175=CARTESIAN_POINT('',(-98.63013208,103.936271273,3.0000254));
#3176=VERTEX_POINT('',#3175);
#3177=CARTESIAN_POINT('',(-93.963465414,103.936271273,3.0000254));
#3178=DIRECTION('',(-1.,0.,0.));
#3179=VECTOR('',#3178,4.666666667);
#3180=LINE('',#3177,#3179);
#3181=EDGE_CURVE('',#3168,#3176,#3180,.T.);
#3182=ORIENTED_EDGE('',*,*,#3181,.T.);
#3183=CARTESIAN_POINT('',(-98.63013208,89.836243332,3.0000254));
#3184=VERTEX_POINT('',#3183);
#3185=CARTESIAN_POINT('',(-98.63013208,103.936271273,3.0000254));
#3186=DIRECTION('',(0.,-1.,0.));
#3187=VECTOR('',#3186,14.10002794);
#3188=LINE('',#3185,#3187);
#3189=EDGE_CURVE('',#3176,#3184,#3188,.T.);
#3190=ORIENTED_EDGE('',*,*,#3189,.T.);
#3191=CARTESIAN_POINT('',(-93.963465414,89.836243332,3.0000254));
#3192=VERTEX_POINT('',#3191);
#3193=CARTESIAN_POINT('',(-98.63013208,89.836243332,3.0000254));
#3194=DIRECTION('',(1.,0.,-0.));
#3195=VECTOR('',#3194,4.666666667);
#3196=LINE('',#3193,#3195);
#3197=EDGE_CURVE('',#3184,#3192,#3196,.T.);
#3198=ORIENTED_EDGE('',*,*,#3197,.T.);
#3199=CARTESIAN_POINT('',(-93.963465414,89.089236478,3.0000254));
#3200=DIRECTION('',(0.,1.,0.));
#3201=VECTOR('',#3200,0.747006855);
#3202=LINE('',#3199,#3201);
#3203=EDGE_CURVE('',#3110,#3192,#3202,.T.);
#3204=ORIENTED_EDGE('',*,*,#3203,.F.);
#3205=EDGE_LOOP('',(#3118,#3126,#3134,#3142,#3150,#3158,#3166,#3174,#3182,#3190,#3198,#3204));
#3206=FACE_BOUND('',#3205,.T.);
#3207=CARTESIAN_POINT('',(-55.270612756,7.917388167,3.0000254));
#3208=VERTEX_POINT('',#3207);
#3209=CARTESIAN_POINT('',(-50.674843242,7.107030004,3.0000254));
#3210=VERTEX_POINT('',#3209);
#3211=CARTESIAN_POINT('',(-55.270612756,7.917388167,3.0000254));
#3212=DIRECTION('',(0.984807753,-0.173648178,0.));
#3213=VECTOR('',#3212,4.666666667);
#3214=LINE('',#3211,#3213);
#3215=EDGE_CURVE('',#3208,#3210,#3214,.T.);
#3216=ORIENTED_EDGE('',*,*,#3215,.T.);
#3217=CARTESIAN_POINT('',(-50.545126863,7.842688146,3.0000254));
#3218=VERTEX_POINT('',#3217);
#3219=CARTESIAN_POINT('',(-50.674843242,7.107030004,3.0000254));
#3220=DIRECTION('',(0.173648178,0.984807753,0.));
#3221=VECTOR('',#3220,0.747006855);
#3222=LINE('',#3219,#3221);
#3223=EDGE_CURVE('',#3210,#3218,#3222,.T.);
#3224=ORIENTED_EDGE('',*,*,#3223,.T.);
#3225=CARTESIAN_POINT('',(-45.949357349,7.032329984,3.0000254));
#3226=VERTEX_POINT('',#3225);
#3227=CARTESIAN_POINT('',(-50.545126863,7.842688146,3.0000254));
#3228=DIRECTION('',(0.984807753,-0.173648178,0.));
#3229=VECTOR('',#3228,4.666666667);
#3230=LINE('',#3227,#3229);
#3231=EDGE_CURVE('',#3218,#3226,#3230,.T.);
#3232=ORIENTED_EDGE('',*,*,#3231,.T.);
#3233=CARTESIAN_POINT('',(-43.500913192,20.918146817,3.0000254));
#3234=VERTEX_POINT('',#3233);
#3235=CARTESIAN_POINT('',(-45.949357349,7.032329984,3.0000254));
#3236=DIRECTION('',(0.173648178,0.984807753,0.));
#3237=VECTOR('',#3236,14.10002794);
#3238=LINE('',#3235,#3237);
#3239=EDGE_CURVE('',#3226,#3234,#3238,.T.);
#3240=ORIENTED_EDGE('',*,*,#3239,.T.);
#3241=CARTESIAN_POINT('',(-48.096682706,21.72850498,3.0000254));
#3242=VERTEX_POINT('',#3241);
#3243=CARTESIAN_POINT('',(-43.500913192,20.918146817,3.0000254));
#3244=DIRECTION('',(-0.984807753,0.173648178,0.));
#3245=VECTOR('',#3244,4.666666667);
#3246=LINE('',#3243,#3245);
#3247=EDGE_CURVE('',#3234,#3242,#3246,.T.);
#3248=ORIENTED_EDGE('',*,*,#3247,.T.);
#3249=CARTESIAN_POINT('',(-47.966446573,22.467110794,3.0000254));
#3250=VERTEX_POINT('',#3249);
#3251=CARTESIAN_POINT('',(-47.966446573,22.467110794,3.0000254));
#3252=DIRECTION('',(-0.173648178,-0.984807753,0.));
#3253=VECTOR('',#3252,0.75);
#3254=LINE('',#3251,#3253);
#3255=EDGE_CURVE('',#3250,#3242,#3254,.T.);
#3256=ORIENTED_EDGE('',*,*,#3255,.F.);
#3257=CARTESIAN_POINT('',(-52.562216087,23.277468957,3.0000254));
#3258=VERTEX_POINT('',#3257);
#3259=CARTESIAN_POINT('',(-47.966446573,22.467110794,3.0000254));
#3260=DIRECTION('',(-0.984807753,0.173648178,0.));
#3261=VECTOR('',#3260,4.666666667);
#3262=LINE('',#3259,#3261);
#3263=EDGE_CURVE('',#3250,#3258,#3262,.T.);
#3264=ORIENTED_EDGE('',*,*,#3263,.T.);
#3265=CARTESIAN_POINT('',(-52.69245222,22.538863142,3.0000254));
#3266=VERTEX_POINT('',#3265);
#3267=CARTESIAN_POINT('',(-52.562216087,23.277468957,3.0000254));
#3268=DIRECTION('',(-0.173648178,-0.984807753,0.));
#3269=VECTOR('',#3268,0.75);
#3270=LINE('',#3267,#3269);
#3271=EDGE_CURVE('',#3258,#3266,#3270,.T.);
#3272=ORIENTED_EDGE('',*,*,#3271,.T.);
#3273=CARTESIAN_POINT('',(-57.288221734,23.349221304,3.0000254));
#3274=VERTEX_POINT('',#3273);
#3275=CARTESIAN_POINT('',(-52.69245222,22.538863142,3.0000254));
#3276=DIRECTION('',(-0.984807753,0.173648178,0.));
#3277=VECTOR('',#3276,4.666666667);
#3278=LINE('',#3275,#3277);
#3279=EDGE_CURVE('',#3266,#3274,#3278,.T.);
#3280=ORIENTED_EDGE('',*,*,#3279,.T.);
#3281=CARTESIAN_POINT('',(-59.736665891,9.463404471,3.0000254));
#3282=VERTEX_POINT('',#3281);
#3283=CARTESIAN_POINT('',(-57.288221734,23.349221304,3.0000254));
#3284=DIRECTION('',(-0.173648178,-0.984807753,0.));
#3285=VECTOR('',#3284,14.10002794);
#3286=LINE('',#3283,#3285);
#3287=EDGE_CURVE('',#3274,#3282,#3286,.T.);
#3288=ORIENTED_EDGE('',*,*,#3287,.T.);
#3289=CARTESIAN_POINT('',(-55.140896377,8.653046309,3.0000254));
#3290=VERTEX_POINT('',#3289);
#3291=CARTESIAN_POINT('',(-59.736665891,9.463404471,3.0000254));
#3292=DIRECTION('',(0.984807753,-0.173648178,0.));
#3293=VECTOR('',#3292,4.666666667);
#3294=LINE('',#3291,#3293);
#3295=EDGE_CURVE('',#3282,#3290,#3294,.T.);
#3296=ORIENTED_EDGE('',*,*,#3295,.T.);
#3297=CARTESIAN_POINT('',(-55.270612756,7.917388167,3.0000254));
#3298=DIRECTION('',(0.173648178,0.984807753,0.));
#3299=VECTOR('',#3298,0.747006855);
#3300=LINE('',#3297,#3299);
#3301=EDGE_CURVE('',#3208,#3290,#3300,.T.);
#3302=ORIENTED_EDGE('',*,*,#3301,.F.);
#3303=EDGE_LOOP('',(#3216,#3224,#3232,#3240,#3248,#3256,#3264,#3272,#3280,#3288,#3296,#3302));
#3304=FACE_BOUND('',#3303,.T.);
#3305=CARTESIAN_POINT('',(-75.31142833,86.522231144,3.0000254));
#3306=VERTEX_POINT('',#3305);
#3307=CARTESIAN_POINT('',(-70.644761663,86.522231144,3.0000254));
#3308=VERTEX_POINT('',#3307);
#3309=CARTESIAN_POINT('',(-75.31142833,86.522231144,3.0000254));
#3310=DIRECTION('',(1.,0.,-0.));
#3311=VECTOR('',#3310,4.666666667);
#3312=LINE('',#3309,#3311);
#3313=EDGE_CURVE('',#3306,#3308,#3312,.T.);
#3314=ORIENTED_EDGE('',*,*,#3313,.T.);
#3315=CARTESIAN_POINT('',(-70.644761663,87.269237998,3.0000254));
#3316=VERTEX_POINT('',#3315);
#3317=CARTESIAN_POINT('',(-70.644761663,86.522231144,3.0000254));
#3318=DIRECTION('',(0.,1.,0.));
#3319=VECTOR('',#3318,0.747006855);
#3320=LINE('',#3317,#3319);
#3321=EDGE_CURVE('',#3308,#3316,#3320,.T.);
#3322=ORIENTED_EDGE('',*,*,#3321,.T.);
#3323=CARTESIAN_POINT('',(-65.978094996,87.269237998,3.0000254));
#3324=VERTEX_POINT('',#3323);
#3325=CARTESIAN_POINT('',(-70.644761663,87.269237998,3.0000254));
#3326=DIRECTION('',(1.,0.,-0.));
#3327=VECTOR('',#3326,4.666666667);
#3328=LINE('',#3325,#3327);
#3329=EDGE_CURVE('',#3316,#3324,#3328,.T.);
#3330=ORIENTED_EDGE('',*,*,#3329,.T.);
#3331=CARTESIAN_POINT('',(-65.978094996,101.369265939,3.0000254));
#3332=VERTEX_POINT('',#3331);
#3333=CARTESIAN_POINT('',(-65.978094996,87.269237998,3.0000254));
#3334=DIRECTION('',(0.,1.,0.));
#3335=VECTOR('',#3334,14.10002794);
#3336=LINE('',#3333,#3335);
#3337=EDGE_CURVE('',#3324,#3332,#3336,.T.);
#3338=ORIENTED_EDGE('',*,*,#3337,.T.);
#3339=CARTESIAN_POINT('',(-70.644761663,101.369265939,3.0000254));
#3340=VERTEX_POINT('',#3339);
#3341=CARTESIAN_POINT('',(-65.978094996,101.369265939,3.0000254));
#3342=DIRECTION('',(-1.,0.,0.));
#3343=VECTOR('',#3342,4.666666667);
#3344=LINE('',#3341,#3343);
#3345=EDGE_CURVE('',#3332,#3340,#3344,.T.);
#3346=ORIENTED_EDGE('',*,*,#3345,.T.);
#3347=CARTESIAN_POINT('',(-70.644761663,102.119265939,3.0000254));
#3348=VERTEX_POINT('',#3347);
#3349=CARTESIAN_POINT('',(-70.644761663,102.119265939,3.0000254));
#3350=DIRECTION('',(0.,-1.,0.));
#3351=VECTOR('',#3350,0.75);
#3352=LINE('',#3349,#3351);
#3353=EDGE_CURVE('',#3348,#3340,#3352,.T.);
#3354=ORIENTED_EDGE('',*,*,#3353,.F.);
#3355=CARTESIAN_POINT('',(-75.31142833,102.119265939,3.0000254));
#3356=VERTEX_POINT('',#3355);
#3357=CARTESIAN_POINT('',(-70.644761663,102.119265939,3.0000254));
#3358=DIRECTION('',(-1.,0.,0.));
#3359=VECTOR('',#3358,4.666666667);
#3360=LINE('',#3357,#3359);
#3361=EDGE_CURVE('',#3348,#3356,#3360,.T.);
#3362=ORIENTED_EDGE('',*,*,#3361,.T.);
#3363=CARTESIAN_POINT('',(-75.31142833,101.369265939,3.0000254));
#3364=VERTEX_POINT('',#3363);
#3365=CARTESIAN_POINT('',(-75.31142833,102.119265939,3.0000254));
#3366=DIRECTION('',(0.,-1.,0.));
#3367=VECTOR('',#3366,0.75);
#3368=LINE('',#3365,#3367);
#3369=EDGE_CURVE('',#3356,#3364,#3368,.T.);
#3370=ORIENTED_EDGE('',*,*,#3369,.T.);
#3371=CARTESIAN_POINT('',(-79.978094996,101.369265939,3.0000254));
#3372=VERTEX_POINT('',#3371);
#3373=CARTESIAN_POINT('',(-75.31142833,101.369265939,3.0000254));
#3374=DIRECTION('',(-1.,0.,0.));
#3375=VECTOR('',#3374,4.666666667);
#3376=LINE('',#3373,#3375);
#3377=EDGE_CURVE('',#3364,#3372,#3376,.T.);
#3378=ORIENTED_EDGE('',*,*,#3377,.T.);
#3379=CARTESIAN_POINT('',(-79.978094996,87.269237998,3.0000254));
#3380=VERTEX_POINT('',#3379);
#3381=CARTESIAN_POINT('',(-79.978094996,101.369265939,3.0000254));
#3382=DIRECTION('',(0.,-1.,0.));
#3383=VECTOR('',#3382,14.10002794);
#3384=LINE('',#3381,#3383);
#3385=EDGE_CURVE('',#3372,#3380,#3384,.T.);
#3386=ORIENTED_EDGE('',*,*,#3385,.T.);
#3387=CARTESIAN_POINT('',(-75.31142833,87.269237998,3.0000254));
#3388=VERTEX_POINT('',#3387);
#3389=CARTESIAN_POINT('',(-79.978094996,87.269237998,3.0000254));
#3390=DIRECTION('',(1.,0.,-0.));
#3391=VECTOR('',#3390,4.666666667);
#3392=LINE('',#3389,#3391);
#3393=EDGE_CURVE('',#3380,#3388,#3392,.T.);
#3394=ORIENTED_EDGE('',*,*,#3393,.T.);
#3395=CARTESIAN_POINT('',(-75.31142833,86.522231144,3.0000254));
#3396=DIRECTION('',(0.,1.,0.));
#3397=VECTOR('',#3396,0.747006855);
#3398=LINE('',#3395,#3397);
#3399=EDGE_CURVE('',#3306,#3388,#3398,.T.);
#3400=ORIENTED_EDGE('',*,*,#3399,.F.);
#3401=EDGE_LOOP('',(#3314,#3322,#3330,#3338,#3346,#3354,#3362,#3370,#3378,#3386,#3394,#3400));
#3402=FACE_BOUND('',#3401,.T.);
#3403=CARTESIAN_POINT('',(-84.613447634,67.822193044,3.0000254));
#3404=VERTEX_POINT('',#3403);
#3405=CARTESIAN_POINT('',(-79.946780967,67.822193044,3.0000254));
#3406=VERTEX_POINT('',#3405);
#3407=CARTESIAN_POINT('',(-84.613447634,67.822193044,3.0000254));
#3408=DIRECTION('',(1.,0.,-0.));
#3409=VECTOR('',#3408,4.666666667);
#3410=LINE('',#3407,#3409);
#3411=EDGE_CURVE('',#3404,#3406,#3410,.T.);
#3412=ORIENTED_EDGE('',*,*,#3411,.T.);
#3413=CARTESIAN_POINT('',(-79.946780967,68.569199898,3.0000254));
#3414=VERTEX_POINT('',#3413);
#3415=CARTESIAN_POINT('',(-79.946780967,67.822193044,3.0000254));
#3416=DIRECTION('',(0.,1.,0.));
#3417=VECTOR('',#3416,0.747006855);
#3418=LINE('',#3415,#3417);
#3419=EDGE_CURVE('',#3406,#3414,#3418,.T.);
#3420=ORIENTED_EDGE('',*,*,#3419,.T.);
#3421=CARTESIAN_POINT('',(-75.2801143,68.569199898,3.0000254));
#3422=VERTEX_POINT('',#3421);
#3423=CARTESIAN_POINT('',(-79.946780967,68.569199898,3.0000254));
#3424=DIRECTION('',(1.,0.,-0.));
#3425=VECTOR('',#3424,4.666666667);
#3426=LINE('',#3423,#3425);
#3427=EDGE_CURVE('',#3414,#3422,#3426,.T.);
#3428=ORIENTED_EDGE('',*,*,#3427,.T.);
#3429=CARTESIAN_POINT('',(-75.2801143,82.669227838,3.0000254));
#3430=VERTEX_POINT('',#3429);
#3431=CARTESIAN_POINT('',(-75.2801143,68.569199898,3.0000254));
#3432=DIRECTION('',(0.,1.,0.));
#3433=VECTOR('',#3432,14.10002794);
#3434=LINE('',#3431,#3433);
#3435=EDGE_CURVE('',#3422,#3430,#3434,.T.);
#3436=ORIENTED_EDGE('',*,*,#3435,.T.);
#3437=CARTESIAN_POINT('',(-79.946780967,82.669227838,3.0000254));
#3438=VERTEX_POINT('',#3437);
#3439=CARTESIAN_POINT('',(-75.2801143,82.669227838,3.0000254));
#3440=DIRECTION('',(-1.,0.,0.));
#3441=VECTOR('',#3440,4.666666667);
#3442=LINE('',#3439,#3441);
#3443=EDGE_CURVE('',#3430,#3438,#3442,.T.);
#3444=ORIENTED_EDGE('',*,*,#3443,.T.);
#3445=CARTESIAN_POINT('',(-79.946780967,83.419227838,3.0000254));
#3446=VERTEX_POINT('',#3445);
#3447=CARTESIAN_POINT('',(-79.946780967,83.419227838,3.0000254));
#3448=DIRECTION('',(0.,-1.,0.));
#3449=VECTOR('',#3448,0.75);
#3450=LINE('',#3447,#3449);
#3451=EDGE_CURVE('',#3446,#3438,#3450,.T.);
#3452=ORIENTED_EDGE('',*,*,#3451,.F.);
#3453=CARTESIAN_POINT('',(-84.613447634,83.419227838,3.0000254));
#3454=VERTEX_POINT('',#3453);
#3455=CARTESIAN_POINT('',(-79.946780967,83.419227838,3.0000254));
#3456=DIRECTION('',(-1.,0.,0.));
#3457=VECTOR('',#3456,4.666666667);
#3458=LINE('',#3455,#3457);
#3459=EDGE_CURVE('',#3446,#3454,#3458,.T.);
#3460=ORIENTED_EDGE('',*,*,#3459,.T.);
#3461=CARTESIAN_POINT('',(-84.613447634,82.669227838,3.0000254));
#3462=VERTEX_POINT('',#3461);
#3463=CARTESIAN_POINT('',(-84.613447634,83.419227838,3.0000254));
#3464=DIRECTION('',(0.,-1.,0.));
#3465=VECTOR('',#3464,0.75);
#3466=LINE('',#3463,#3465);
#3467=EDGE_CURVE('',#3454,#3462,#3466,.T.);
#3468=ORIENTED_EDGE('',*,*,#3467,.T.);
#3469=CARTESIAN_POINT('',(-89.2801143,82.669227838,3.0000254));
#3470=VERTEX_POINT('',#3469);
#3471=CARTESIAN_POINT('',(-84.613447634,82.669227838,3.0000254));
#3472=DIRECTION('',(-1.,0.,0.));
#3473=VECTOR('',#3472,4.666666667);
#3474=LINE('',#3471,#3473);
#3475=EDGE_CURVE('',#3462,#3470,#3474,.T.);
#3476=ORIENTED_EDGE('',*,*,#3475,.T.);
#3477=CARTESIAN_POINT('',(-89.2801143,68.569199898,3.0000254));
#3478=VERTEX_POINT('',#3477);
#3479=CARTESIAN_POINT('',(-89.2801143,82.669227838,3.0000254));
#3480=DIRECTION('',(0.,-1.,0.));
#3481=VECTOR('',#3480,14.10002794);
#3482=LINE('',#3479,#3481);
#3483=EDGE_CURVE('',#3470,#3478,#3482,.T.);
#3484=ORIENTED_EDGE('',*,*,#3483,.T.);
#3485=CARTESIAN_POINT('',(-84.613447634,68.569199898,3.0000254));
#3486=VERTEX_POINT('',#3485);
#3487=CARTESIAN_POINT('',(-89.2801143,68.569199898,3.0000254));
#3488=DIRECTION('',(1.,0.,-0.));
#3489=VECTOR('',#3488,4.666666667);
#3490=LINE('',#3487,#3489);
#3491=EDGE_CURVE('',#3478,#3486,#3490,.T.);
#3492=ORIENTED_EDGE('',*,*,#3491,.T.);
#3493=CARTESIAN_POINT('',(-84.613447634,67.822193044,3.0000254));
#3494=DIRECTION('',(0.,1.,0.));
#3495=VECTOR('',#3494,0.747006855);
#3496=LINE('',#3493,#3495);
#3497=EDGE_CURVE('',#3404,#3486,#3496,.T.);
#3498=ORIENTED_EDGE('',*,*,#3497,.F.);
#3499=EDGE_LOOP('',(#3412,#3420,#3428,#3436,#3444,#3452,#3460,#3468,#3476,#3484,#3492,#3498));
#3500=FACE_BOUND('',#3499,.T.);
#3501=CARTESIAN_POINT('',(-79.946780967,49.858161036,3.0000254));
#3502=VERTEX_POINT('',#3501);
#3503=CARTESIAN_POINT('',(-75.2801143,49.858161036,3.0000254));
#3504=VERTEX_POINT('',#3503);
#3505=CARTESIAN_POINT('',(-79.946780967,49.858161036,3.0000254));
#3506=DIRECTION('',(1.,0.,-0.));
#3507=VECTOR('',#3506,4.666666667);
#3508=LINE('',#3505,#3507);
#3509=EDGE_CURVE('',#3502,#3504,#3508,.T.);
#3510=ORIENTED_EDGE('',*,*,#3509,.T.);
#3511=CARTESIAN_POINT('',(-75.2801143,63.969189738,3.0000254));
#3512=VERTEX_POINT('',#3511);
#3513=CARTESIAN_POINT('',(-75.2801143,49.858161036,3.0000254));
#3514=DIRECTION('',(0.,1.,0.));
#3515=VECTOR('',#3514,14.111028702);
#3516=LINE('',#3513,#3515);
#3517=EDGE_CURVE('',#3504,#3512,#3516,.T.);
#3518=ORIENTED_EDGE('',*,*,#3517,.T.);
#3519=CARTESIAN_POINT('',(-79.946780967,63.969189738,3.0000254));
#3520=VERTEX_POINT('',#3519);
#3521=CARTESIAN_POINT('',(-75.2801143,63.969189738,3.0000254));
#3522=DIRECTION('',(-1.,0.,0.));
#3523=VECTOR('',#3522,4.666666667);
#3524=LINE('',#3521,#3523);
#3525=EDGE_CURVE('',#3512,#3520,#3524,.T.);
#3526=ORIENTED_EDGE('',*,*,#3525,.T.);
#3527=CARTESIAN_POINT('',(-79.946780967,64.708188976,3.0000254));
#3528=VERTEX_POINT('',#3527);
#3529=CARTESIAN_POINT('',(-79.946780967,64.708188976,3.0000254));
#3530=DIRECTION('',(0.,-1.,0.));
#3531=VECTOR('',#3530,0.738999238);
#3532=LINE('',#3529,#3531);
#3533=EDGE_CURVE('',#3528,#3520,#3532,.T.);
#3534=ORIENTED_EDGE('',*,*,#3533,.F.);
#3535=CARTESIAN_POINT('',(-84.613447634,64.708188976,3.0000254));
#3536=VERTEX_POINT('',#3535);
#3537=CARTESIAN_POINT('',(-79.946780967,64.708188976,3.0000254));
#3538=DIRECTION('',(-1.,0.,0.));
#3539=VECTOR('',#3538,4.666666667);
#3540=LINE('',#3537,#3539);
#3541=EDGE_CURVE('',#3528,#3536,#3540,.T.);
#3542=ORIENTED_EDGE('',*,*,#3541,.T.);
#3543=CARTESIAN_POINT('',(-84.613447634,63.969189738,3.0000254));
#3544=VERTEX_POINT('',#3543);
#3545=CARTESIAN_POINT('',(-84.613447634,64.708188976,3.0000254));
#3546=DIRECTION('',(0.,-1.,0.));
#3547=VECTOR('',#3546,0.738999238);
#3548=LINE('',#3545,#3547);
#3549=EDGE_CURVE('',#3536,#3544,#3548,.T.);
#3550=ORIENTED_EDGE('',*,*,#3549,.T.);
#3551=CARTESIAN_POINT('',(-89.2801143,63.969189738,3.0000254));
#3552=VERTEX_POINT('',#3551);
#3553=CARTESIAN_POINT('',(-84.613447634,63.969189738,3.0000254));
#3554=DIRECTION('',(-1.,0.,0.));
#3555=VECTOR('',#3554,4.666666667);
#3556=LINE('',#3553,#3555);
#3557=EDGE_CURVE('',#3544,#3552,#3556,.T.);
#3558=ORIENTED_EDGE('',*,*,#3557,.T.);
#3559=CARTESIAN_POINT('',(-89.2801143,49.858161036,3.0000254));
#3560=VERTEX_POINT('',#3559);
#3561=CARTESIAN_POINT('',(-89.2801143,63.969189738,3.0000254));
#3562=DIRECTION('',(0.,-1.,0.));
#3563=VECTOR('',#3562,14.111028702);
#3564=LINE('',#3561,#3563);
#3565=EDGE_CURVE('',#3552,#3560,#3564,.T.);
#3566=ORIENTED_EDGE('',*,*,#3565,.T.);
#3567=CARTESIAN_POINT('',(-84.613447634,49.858161036,3.0000254));
#3568=VERTEX_POINT('',#3567);
#3569=CARTESIAN_POINT('',(-89.2801143,49.858161036,3.0000254));
#3570=DIRECTION('',(1.,0.,-0.));
#3571=VECTOR('',#3570,4.666666667);
#3572=LINE('',#3569,#3571);
#3573=EDGE_CURVE('',#3560,#3568,#3572,.T.);
#3574=ORIENTED_EDGE('',*,*,#3573,.T.);
#3575=CARTESIAN_POINT('',(-84.613447634,49.111154182,3.0000254));
#3576=VERTEX_POINT('',#3575);
#3577=CARTESIAN_POINT('',(-84.613447634,49.111154182,3.0000254));
#3578=DIRECTION('',(0.,1.,0.));
#3579=VECTOR('',#3578,0.747006855);
#3580=LINE('',#3577,#3579);
#3581=EDGE_CURVE('',#3576,#3568,#3580,.T.);
#3582=ORIENTED_EDGE('',*,*,#3581,.F.);
#3583=CARTESIAN_POINT('',(-79.946780967,49.111154182,3.0000254));
#3584=VERTEX_POINT('',#3583);
#3585=CARTESIAN_POINT('',(-84.613447634,49.111154182,3.0000254));
#3586=DIRECTION('',(1.,0.,-0.));
#3587=VECTOR('',#3586,4.666666667);
#3588=LINE('',#3585,#3587);
#3589=EDGE_CURVE('',#3576,#3584,#3588,.T.);
#3590=ORIENTED_EDGE('',*,*,#3589,.T.);
#3591=CARTESIAN_POINT('',(-79.946780967,49.111154182,3.0000254));
#3592=DIRECTION('',(0.,1.,0.));
#3593=VECTOR('',#3592,0.747006855);
#3594=LINE('',#3591,#3593);
#3595=EDGE_CURVE('',#3584,#3502,#3594,.T.);
#3596=ORIENTED_EDGE('',*,*,#3595,.T.);
#3597=EDGE_LOOP('',(#3510,#3518,#3526,#3534,#3542,#3550,#3558,#3566,#3574,#3582,#3590,#3596));
#3598=FACE_BOUND('',#3597,.T.);
#3599=ADVANCED_FACE('',(#415,#513,#611,#709,#807,#905,#1003,#1101,#1199,#1297,#1395,#1493,#1591,#1689,#1787,#1885,#1983,#2081,#2179,#2277,#2375,#2505,#3010,#3108,#3206,#3304,
#3402,#3500,#3598),#317,.T.);
#3600=CARTESIAN_POINT('',(-77.50849115,55.761848833,6.0000254));
#3601=DIRECTION('',(0.,0.,-1.));
#3602=DIRECTION('',(-1.,0.,0.));
#3603=AXIS2_PLACEMENT_3D('',#3600,#3601,#3602);
#3604=PLANE('',#3603);
#3605=CARTESIAN_POINT('',(-61.277866396,98.702260605,6.0000254));
#3606=VERTEX_POINT('',#3605);
#3607=CARTESIAN_POINT('',(-61.277866396,84.602232664,6.0000254));
#3608=VERTEX_POINT('',#3607);
#3609=CARTESIAN_POINT('',(-61.277866396,98.702260605,6.0000254));
#3610=DIRECTION('',(0.,-1.,0.));
#3611=VECTOR('',#3610,14.10002794);
#3612=LINE('',#3609,#3611);
#3613=EDGE_CURVE('',#3606,#3608,#3612,.T.);
#3614=ORIENTED_EDGE('',*,*,#3613,.F.);
#3615=CARTESIAN_POINT('',(-56.611199729,98.702260605,6.0000254));
#3616=VERTEX_POINT('',#3615);
#3617=CARTESIAN_POINT('',(-56.611199729,98.702260605,6.0000254));
#3618=DIRECTION('',(-1.,0.,0.));
#3619=VECTOR('',#3618,4.666666667);
#3620=LINE('',#3617,#3619);
#3621=EDGE_CURVE('',#3616,#3606,#3620,.T.);
#3622=ORIENTED_EDGE('',*,*,#3621,.F.);
#3623=CARTESIAN_POINT('',(-51.944533062,98.702260605,6.0000254));
#3624=VERTEX_POINT('',#3623);
#3625=CARTESIAN_POINT('',(-51.944533062,98.702260605,6.0000254));
#3626=DIRECTION('',(-1.,0.,0.));
#3627=VECTOR('',#3626,4.666666667);
#3628=LINE('',#3625,#3627);
#3629=EDGE_CURVE('',#3624,#3616,#3628,.T.);
#3630=ORIENTED_EDGE('',*,*,#3629,.F.);
#3631=CARTESIAN_POINT('',(-47.277866396,98.702260605,6.0000254));
#3632=VERTEX_POINT('',#3631);
#3633=CARTESIAN_POINT('',(-47.277866396,98.702260605,6.0000254));
#3634=DIRECTION('',(-1.,0.,0.));
#3635=VECTOR('',#3634,4.666666667);
#3636=LINE('',#3633,#3635);
#3637=EDGE_CURVE('',#3632,#3624,#3636,.T.);
#3638=ORIENTED_EDGE('',*,*,#3637,.F.);
#3639=CARTESIAN_POINT('',(-47.277866396,84.602232664,6.0000254));
#3640=VERTEX_POINT('',#3639);
#3641=CARTESIAN_POINT('',(-47.277866396,84.602232664,6.0000254));
#3642=DIRECTION('',(0.,1.,0.));
#3643=VECTOR('',#3642,14.10002794);
#3644=LINE('',#3641,#3643);
#3645=EDGE_CURVE('',#3640,#3632,#3644,.T.);
#3646=ORIENTED_EDGE('',*,*,#3645,.F.);
#3647=CARTESIAN_POINT('',(-61.277866396,84.602232664,6.0000254));
#3648=DIRECTION('',(1.,0.,-0.));
#3649=VECTOR('',#3648,14.);
#3650=LINE('',#3647,#3649);
#3651=EDGE_CURVE('',#3608,#3640,#3650,.T.);
#3652=ORIENTED_EDGE('',*,*,#3651,.F.);
#3653=EDGE_LOOP('',(#3614,#3622,#3630,#3638,#3646,#3652));
#3654=FACE_BOUND('',#3653,.T.);
#3655=CARTESIAN_POINT('',(-98.63013208,103.936271273,6.0000254));
#3656=VERTEX_POINT('',#3655);
#3657=CARTESIAN_POINT('',(-98.63013208,89.836243332,6.0000254));
#3658=VERTEX_POINT('',#3657);
#3659=CARTESIAN_POINT('',(-98.63013208,103.936271273,6.0000254));
#3660=DIRECTION('',(0.,-1.,0.));
#3661=VECTOR('',#3660,14.10002794);
#3662=LINE('',#3659,#3661);
#3663=EDGE_CURVE('',#3656,#3658,#3662,.T.);
#3664=ORIENTED_EDGE('',*,*,#3663,.F.);
#3665=CARTESIAN_POINT('',(-93.963465414,103.936271273,6.0000254));
#3666=VERTEX_POINT('',#3665);
#3667=CARTESIAN_POINT('',(-93.963465414,103.936271273,6.0000254));
#3668=DIRECTION('',(-1.,0.,0.));
#3669=VECTOR('',#3668,4.666666667);
#3670=LINE('',#3667,#3669);
#3671=EDGE_CURVE('',#3666,#3656,#3670,.T.);
#3672=ORIENTED_EDGE('',*,*,#3671,.F.);
#3673=CARTESIAN_POINT('',(-89.296798747,103.936271273,6.0000254));
#3674=VERTEX_POINT('',#3673);
#3675=CARTESIAN_POINT('',(-89.296798747,103.936271273,6.0000254));
#3676=DIRECTION('',(-1.,0.,0.));
#3677=VECTOR('',#3676,4.666666667);
#3678=LINE('',#3675,#3677);
#3679=EDGE_CURVE('',#3674,#3666,#3678,.T.);
#3680=ORIENTED_EDGE('',*,*,#3679,.F.);
#3681=CARTESIAN_POINT('',(-84.63013208,103.936271273,6.0000254));
#3682=VERTEX_POINT('',#3681);
#3683=CARTESIAN_POINT('',(-84.63013208,103.936271273,6.0000254));
#3684=DIRECTION('',(-1.,0.,0.));
#3685=VECTOR('',#3684,4.666666667);
#3686=LINE('',#3683,#3685);
#3687=EDGE_CURVE('',#3682,#3674,#3686,.T.);
#3688=ORIENTED_EDGE('',*,*,#3687,.F.);
#3689=CARTESIAN_POINT('',(-84.63013208,89.836243332,6.0000254));
#3690=VERTEX_POINT('',#3689);
#3691=CARTESIAN_POINT('',(-84.63013208,89.836243332,6.0000254));
#3692=DIRECTION('',(0.,1.,0.));
#3693=VECTOR('',#3692,14.10002794);
#3694=LINE('',#3691,#3693);
#3695=EDGE_CURVE('',#3690,#3682,#3694,.T.);
#3696=ORIENTED_EDGE('',*,*,#3695,.F.);
#3697=CARTESIAN_POINT('',(-98.63013208,89.836243332,6.0000254));
#3698=DIRECTION('',(1.,0.,-0.));
#3699=VECTOR('',#3698,14.);
#3700=LINE('',#3697,#3699);
#3701=EDGE_CURVE('',#3658,#3690,#3700,.T.);
#3702=ORIENTED_EDGE('',*,*,#3701,.F.);
#3703=EDGE_LOOP('',(#3664,#3672,#3680,#3688,#3696,#3702));
#3704=FACE_BOUND('',#3703,.T.);
#3705=CARTESIAN_POINT('',(-136.032207264,101.369265939,6.0000254));
#3706=VERTEX_POINT('',#3705);
#3707=CARTESIAN_POINT('',(-136.032207264,87.269237998,6.0000254));
#3708=VERTEX_POINT('',#3707);
#3709=CARTESIAN_POINT('',(-136.032207264,101.369265939,6.0000254));
#3710=DIRECTION('',(0.,-1.,0.));
#3711=VECTOR('',#3710,14.10002794);
#3712=LINE('',#3709,#3711);
#3713=EDGE_CURVE('',#3706,#3708,#3712,.T.);
#3714=ORIENTED_EDGE('',*,*,#3713,.F.);
#3715=CARTESIAN_POINT('',(-131.365540598,101.369265939,6.0000254));
#3716=VERTEX_POINT('',#3715);
#3717=CARTESIAN_POINT('',(-131.365540598,101.369265939,6.0000254));
#3718=DIRECTION('',(-1.,0.,0.));
#3719=VECTOR('',#3718,4.666666667);
#3720=LINE('',#3717,#3719);
#3721=EDGE_CURVE('',#3716,#3706,#3720,.T.);
#3722=ORIENTED_EDGE('',*,*,#3721,.F.);
#3723=CARTESIAN_POINT('',(-126.698873931,101.369265939,6.0000254));
#3724=VERTEX_POINT('',#3723);
#3725=CARTESIAN_POINT('',(-126.698873931,101.369265939,6.0000254));
#3726=DIRECTION('',(-1.,0.,0.));
#3727=VECTOR('',#3726,4.666666667);
#3728=LINE('',#3725,#3727);
#3729=EDGE_CURVE('',#3724,#3716,#3728,.T.);
#3730=ORIENTED_EDGE('',*,*,#3729,.F.);
#3731=CARTESIAN_POINT('',(-122.032207264,101.369265939,6.0000254));
#3732=VERTEX_POINT('',#3731);
#3733=CARTESIAN_POINT('',(-122.032207264,101.369265939,6.0000254));
#3734=DIRECTION('',(-1.,0.,0.));
#3735=VECTOR('',#3734,4.666666667);
#3736=LINE('',#3733,#3735);
#3737=EDGE_CURVE('',#3732,#3724,#3736,.T.);
#3738=ORIENTED_EDGE('',*,*,#3737,.F.);
#3739=CARTESIAN_POINT('',(-122.032207264,87.269237998,6.0000254));
#3740=VERTEX_POINT('',#3739);
#3741=CARTESIAN_POINT('',(-122.032207264,87.269237998,6.0000254));
#3742=DIRECTION('',(0.,1.,0.));
#3743=VECTOR('',#3742,14.10002794);
#3744=LINE('',#3741,#3743);
#3745=EDGE_CURVE('',#3740,#3732,#3744,.T.);
#3746=ORIENTED_EDGE('',*,*,#3745,.F.);
#3747=CARTESIAN_POINT('',(-136.032207264,87.269237998,6.0000254));
#3748=DIRECTION('',(1.,0.,-0.));
#3749=VECTOR('',#3748,14.);
#3750=LINE('',#3747,#3749);
#3751=EDGE_CURVE('',#3708,#3740,#3750,.T.);
#3752=ORIENTED_EDGE('',*,*,#3751,.F.);
#3753=EDGE_LOOP('',(#3714,#3722,#3730,#3738,#3746,#3752));
#3754=FACE_BOUND('',#3753,.T.);
#3755=CARTESIAN_POINT('',(-126.68018796,12.458087376,6.0000254));
#3756=VERTEX_POINT('',#3755);
#3757=CARTESIAN_POINT('',(-126.68018796,26.558115316,6.0000254));
#3758=VERTEX_POINT('',#3757);
#3759=CARTESIAN_POINT('',(-126.68018796,12.458087376,6.0000254));
#3760=DIRECTION('',(0.,1.,0.));
#3761=VECTOR('',#3760,14.10002794);
#3762=LINE('',#3759,#3761);
#3763=EDGE_CURVE('',#3756,#3758,#3762,.T.);
#3764=ORIENTED_EDGE('',*,*,#3763,.T.);
#3765=CARTESIAN_POINT('',(-122.013521294,26.558115316,6.0000254));
#3766=VERTEX_POINT('',#3765);
#3767=CARTESIAN_POINT('',(-126.68018796,26.558115316,6.0000254));
#3768=DIRECTION('',(1.,0.,-0.));
#3769=VECTOR('',#3768,4.666666667);
#3770=LINE('',#3767,#3769);
#3771=EDGE_CURVE('',#3758,#3766,#3770,.T.);
#3772=ORIENTED_EDGE('',*,*,#3771,.T.);
#3773=CARTESIAN_POINT('',(-117.346854627,26.558115316,6.0000254));
#3774=VERTEX_POINT('',#3773);
#3775=CARTESIAN_POINT('',(-122.013521294,26.558115316,6.0000254));
#3776=DIRECTION('',(1.,0.,-0.));
#3777=VECTOR('',#3776,4.666666667);
#3778=LINE('',#3775,#3777);
#3779=EDGE_CURVE('',#3766,#3774,#3778,.T.);
#3780=ORIENTED_EDGE('',*,*,#3779,.T.);
#3781=CARTESIAN_POINT('',(-112.68018796,26.558115316,6.0000254));
#3782=VERTEX_POINT('',#3781);
#3783=CARTESIAN_POINT('',(-117.346854627,26.558115316,6.0000254));
#3784=DIRECTION('',(1.,0.,-0.));
#3785=VECTOR('',#3784,4.666666667);
#3786=LINE('',#3783,#3785);
#3787=EDGE_CURVE('',#3774,#3782,#3786,.T.);
#3788=ORIENTED_EDGE('',*,*,#3787,.T.);
#3789=CARTESIAN_POINT('',(-112.68018796,12.458087376,6.0000254));
#3790=VERTEX_POINT('',#3789);
#3791=CARTESIAN_POINT('',(-112.68018796,26.558115316,6.0000254));
#3792=DIRECTION('',(0.,-1.,0.));
#3793=VECTOR('',#3792,14.10002794);
#3794=LINE('',#3791,#3793);
#3795=EDGE_CURVE('',#3782,#3790,#3794,.T.);
#3796=ORIENTED_EDGE('',*,*,#3795,.T.);
#3797=CARTESIAN_POINT('',(-112.68018796,12.458087376,6.0000254));
#3798=DIRECTION('',(-1.,0.,0.));
#3799=VECTOR('',#3798,14.);
#3800=LINE('',#3797,#3799);
#3801=EDGE_CURVE('',#3790,#3756,#3800,.T.);
#3802=ORIENTED_EDGE('',*,*,#3801,.T.);
#3803=EDGE_LOOP('',(#3764,#3772,#3780,#3788,#3796,#3802));
#3804=FACE_BOUND('',#3803,.T.);
#3805=CARTESIAN_POINT('',(-41.333946198,5.825993409,6.0000254));
#3806=VERTEX_POINT('',#3805);
#3807=CARTESIAN_POINT('',(-28.178249507,1.037711403,6.0000254));
#3808=VERTEX_POINT('',#3807);
#3809=CARTESIAN_POINT('',(-41.333946198,5.825993409,6.0000254));
#3810=DIRECTION('',(0.939692621,-0.342020143,0.));
#3811=VECTOR('',#3810,14.);
#3812=LINE('',#3809,#3811);
#3813=EDGE_CURVE('',#3806,#3808,#3812,.T.);
#3814=ORIENTED_EDGE('',*,*,#3813,.F.);
#3815=CARTESIAN_POINT('',(-36.511452621,19.075685617,6.0000254));
#3816=VERTEX_POINT('',#3815);
#3817=CARTESIAN_POINT('',(-36.511452621,19.075685617,6.0000254));
#3818=DIRECTION('',(-0.342020143,-0.939692621,0.));
#3819=VECTOR('',#3818,14.10002794);
#3820=LINE('',#3817,#3819);
#3821=EDGE_CURVE('',#3816,#3806,#3820,.T.);
#3822=ORIENTED_EDGE('',*,*,#3821,.F.);
#3823=CARTESIAN_POINT('',(-32.12622039,17.479591615,6.0000254));
#3824=VERTEX_POINT('',#3823);
#3825=CARTESIAN_POINT('',(-32.12622039,17.479591615,6.0000254));
#3826=DIRECTION('',(-0.939692621,0.342020143,0.));
#3827=VECTOR('',#3826,4.666666667);
#3828=LINE('',#3825,#3827);
#3829=EDGE_CURVE('',#3824,#3816,#3828,.T.);
#3830=ORIENTED_EDGE('',*,*,#3829,.F.);
#3831=CARTESIAN_POINT('',(-27.74098816,15.883497613,6.0000254));
#3832=VERTEX_POINT('',#3831);
#3833=CARTESIAN_POINT('',(-27.74098816,15.883497613,6.0000254));
#3834=DIRECTION('',(-0.939692621,0.342020143,0.));
#3835=VECTOR('',#3834,4.666666667);
#3836=LINE('',#3833,#3835);
#3837=EDGE_CURVE('',#3832,#3824,#3836,.T.);
#3838=ORIENTED_EDGE('',*,*,#3837,.F.);
#3839=CARTESIAN_POINT('',(-23.35575593,14.287403611,6.0000254));
#3840=VERTEX_POINT('',#3839);
#3841=CARTESIAN_POINT('',(-23.35575593,14.287403611,6.0000254));
#3842=DIRECTION('',(-0.939692621,0.342020143,0.));
#3843=VECTOR('',#3842,4.666666667);
#3844=LINE('',#3841,#3843);
#3845=EDGE_CURVE('',#3840,#3832,#3844,.T.);
#3846=ORIENTED_EDGE('',*,*,#3845,.F.);
#3847=CARTESIAN_POINT('',(-28.178249507,1.037711403,6.0000254));
#3848=DIRECTION('',(0.342020143,0.939692621,0.));
#3849=VECTOR('',#3848,14.10002794);
#3850=LINE('',#3847,#3849);
#3851=EDGE_CURVE('',#3808,#3840,#3850,.T.);
#3852=ORIENTED_EDGE('',*,*,#3851,.F.);
#3853=EDGE_LOOP('',(#3814,#3822,#3830,#3838,#3846,#3852));
#3854=FACE_BOUND('',#3853,.T.);
#3855=CARTESIAN_POINT('',(-145.38022606,26.558115316,6.0000254));
#3856=VERTEX_POINT('',#3855);
#3857=CARTESIAN_POINT('',(-145.38022606,12.458087376,6.0000254));
#3858=VERTEX_POINT('',#3857);
#3859=CARTESIAN_POINT('',(-145.38022606,26.558115316,6.0000254));
#3860=DIRECTION('',(0.,-1.,0.));
#3861=VECTOR('',#3860,14.10002794);
#3862=LINE('',#3859,#3861);
#3863=EDGE_CURVE('',#3856,#3858,#3862,.T.);
#3864=ORIENTED_EDGE('',*,*,#3863,.F.);
#3865=CARTESIAN_POINT('',(-140.713559394,26.558115316,6.0000254));
#3866=VERTEX_POINT('',#3865);
#3867=CARTESIAN_POINT('',(-140.713559394,26.558115316,6.0000254));
#3868=DIRECTION('',(-1.,0.,0.));
#3869=VECTOR('',#3868,4.666666667);
#3870=LINE('',#3867,#3869);
#3871=EDGE_CURVE('',#3866,#3856,#3870,.T.);
#3872=ORIENTED_EDGE('',*,*,#3871,.F.);
#3873=CARTESIAN_POINT('',(-136.046892727,26.558115316,6.0000254));
#3874=VERTEX_POINT('',#3873);
#3875=CARTESIAN_POINT('',(-136.046892727,26.558115316,6.0000254));
#3876=DIRECTION('',(-1.,0.,0.));
#3877=VECTOR('',#3876,4.666666667);
#3878=LINE('',#3875,#3877);
#3879=EDGE_CURVE('',#3874,#3866,#3878,.T.);
#3880=ORIENTED_EDGE('',*,*,#3879,.F.);
#3881=CARTESIAN_POINT('',(-131.38022606,26.558115316,6.0000254));
#3882=VERTEX_POINT('',#3881);
#3883=CARTESIAN_POINT('',(-131.38022606,26.558115316,6.0000254));
#3884=DIRECTION('',(-1.,0.,0.));
#3885=VECTOR('',#3884,4.666666667);
#3886=LINE('',#3883,#3885);
#3887=EDGE_CURVE('',#3882,#3874,#3886,.T.);
#3888=ORIENTED_EDGE('',*,*,#3887,.F.);
#3889=CARTESIAN_POINT('',(-131.38022606,12.458087376,6.0000254));
#3890=VERTEX_POINT('',#3889);
#3891=CARTESIAN_POINT('',(-131.38022606,12.458087376,6.0000254));
#3892=DIRECTION('',(0.,1.,0.));
#3893=VECTOR('',#3892,14.10002794);
#3894=LINE('',#3891,#3893);
#3895=EDGE_CURVE('',#3890,#3882,#3894,.T.);
#3896=ORIENTED_EDGE('',*,*,#3895,.F.);
#3897=CARTESIAN_POINT('',(-131.38022606,12.458087376,6.0000254));
#3898=DIRECTION('',(-1.,-0.,0.));
#3899=VECTOR('',#3898,14.);
#3900=LINE('',#3897,#3899);
#3901=EDGE_CURVE('',#3890,#3858,#3900,.T.);
#3902=ORIENTED_EDGE('',*,*,#3901,.T.);
#3903=EDGE_LOOP('',(#3864,#3872,#3880,#3888,#3896,#3902));
#3904=FACE_BOUND('',#3903,.T.);
#3905=CARTESIAN_POINT('',(-85.629056924,23.42069437,6.0000254));
#3906=VERTEX_POINT('',#3905);
#3907=CARTESIAN_POINT('',(-90.224826438,22.610336208,6.0000254));
#3908=VERTEX_POINT('',#3907);
#3909=CARTESIAN_POINT('',(-85.629056924,23.42069437,6.0000254));
#3910=DIRECTION('',(-0.984807753,-0.173648178,0.));
#3911=VECTOR('',#3910,4.666666667);
#3912=LINE('',#3909,#3911);
#3913=EDGE_CURVE('',#3906,#3908,#3912,.T.);
#3914=ORIENTED_EDGE('',*,*,#3913,.F.);
#3915=CARTESIAN_POINT('',(-83.180612767,9.534877537,6.0000254));
#3916=VERTEX_POINT('',#3915);
#3917=CARTESIAN_POINT('',(-83.180612767,9.534877537,6.0000254));
#3918=DIRECTION('',(-0.173648178,0.984807753,0.));
#3919=VECTOR('',#3918,14.10002794);
#3920=LINE('',#3917,#3919);
#3921=EDGE_CURVE('',#3916,#3906,#3920,.T.);
#3922=ORIENTED_EDGE('',*,*,#3921,.F.);
#3923=CARTESIAN_POINT('',(-96.967921309,7.10380305,6.0000254));
#3924=VERTEX_POINT('',#3923);
#3925=CARTESIAN_POINT('',(-96.967921309,7.10380305,6.0000254));
#3926=DIRECTION('',(0.984807753,0.173648178,0.));
#3927=VECTOR('',#3926,14.);
#3928=LINE('',#3925,#3927);
#3929=EDGE_CURVE('',#3924,#3916,#3928,.T.);
#3930=ORIENTED_EDGE('',*,*,#3929,.F.);
#3931=CARTESIAN_POINT('',(-99.416365466,20.989619883,6.0000254));
#3932=VERTEX_POINT('',#3931);
#3933=CARTESIAN_POINT('',(-99.416365466,20.989619883,6.0000254));
#3934=DIRECTION('',(0.173648178,-0.984807753,0.));
#3935=VECTOR('',#3934,14.10002794);
#3936=LINE('',#3933,#3935);
#3937=EDGE_CURVE('',#3932,#3924,#3936,.T.);
#3938=ORIENTED_EDGE('',*,*,#3937,.F.);
#3939=CARTESIAN_POINT('',(-94.820595952,21.799978045,6.0000254));
#3940=VERTEX_POINT('',#3939);
#3941=CARTESIAN_POINT('',(-94.820595952,21.799978045,6.0000254));
#3942=DIRECTION('',(-0.984807753,-0.173648178,0.));
#3943=VECTOR('',#3942,4.666666667);
#3944=LINE('',#3941,#3943);
#3945=EDGE_CURVE('',#3940,#3932,#3944,.T.);
#3946=ORIENTED_EDGE('',*,*,#3945,.F.);
#3947=CARTESIAN_POINT('',(-90.224826438,22.610336208,6.0000254));
#3948=DIRECTION('',(-0.984807753,-0.173648178,0.));
#3949=VECTOR('',#3948,4.666666667);
#3950=LINE('',#3947,#3949);
#3951=EDGE_CURVE('',#3908,#3940,#3950,.T.);
#3952=ORIENTED_EDGE('',*,*,#3951,.F.);
#3953=EDGE_LOOP('',(#3914,#3922,#3930,#3938,#3946,#3952));
#3954=FACE_BOUND('',#3953,.T.);
#3955=CARTESIAN_POINT('',(-56.5800762,65.969194818,6.0000254));
#3956=VERTEX_POINT('',#3955);
#3957=CARTESIAN_POINT('',(-56.5800762,80.069222758,6.0000254));
#3958=VERTEX_POINT('',#3957);
#3959=CARTESIAN_POINT('',(-56.5800762,65.969194818,6.0000254));
#3960=DIRECTION('',(0.,1.,0.));
#3961=VECTOR('',#3960,14.10002794);
#3962=LINE('',#3959,#3961);
#3963=EDGE_CURVE('',#3956,#3958,#3962,.T.);
#3964=ORIENTED_EDGE('',*,*,#3963,.F.);
#3965=CARTESIAN_POINT('',(-70.5800762,65.969194818,6.0000254));
#3966=VERTEX_POINT('',#3965);
#3967=CARTESIAN_POINT('',(-70.5800762,65.969194818,6.0000254));
#3968=DIRECTION('',(1.,0.,-0.));
#3969=VECTOR('',#3968,14.);
#3970=LINE('',#3967,#3969);
#3971=EDGE_CURVE('',#3966,#3956,#3970,.T.);
#3972=ORIENTED_EDGE('',*,*,#3971,.F.);
#3973=CARTESIAN_POINT('',(-70.5800762,80.069222758,6.0000254));
#3974=VERTEX_POINT('',#3973);
#3975=CARTESIAN_POINT('',(-70.5800762,80.069222758,6.0000254));
#3976=DIRECTION('',(0.,-1.,0.));
#3977=VECTOR('',#3976,14.10002794);
#3978=LINE('',#3975,#3977);
#3979=EDGE_CURVE('',#3974,#3966,#3978,.T.);
#3980=ORIENTED_EDGE('',*,*,#3979,.F.);
#3981=CARTESIAN_POINT('',(-65.913409533,80.069222758,6.0000254));
#3982=VERTEX_POINT('',#3981);
#3983=CARTESIAN_POINT('',(-65.913409533,80.069222758,6.0000254));
#3984=DIRECTION('',(-1.,0.,0.));
#3985=VECTOR('',#3984,4.666666667);
#3986=LINE('',#3983,#3985);
#3987=EDGE_CURVE('',#3982,#3974,#3986,.T.);
#3988=ORIENTED_EDGE('',*,*,#3987,.F.);
#3989=CARTESIAN_POINT('',(-61.246742867,80.069222758,6.0000254));
#3990=VERTEX_POINT('',#3989);
#3991=CARTESIAN_POINT('',(-61.246742867,80.069222758,6.0000254));
#3992=DIRECTION('',(-1.,0.,0.));
#3993=VECTOR('',#3992,4.666666667);
#3994=LINE('',#3991,#3993);
#3995=EDGE_CURVE('',#3990,#3982,#3994,.T.);
#3996=ORIENTED_EDGE('',*,*,#3995,.F.);
#3997=CARTESIAN_POINT('',(-56.5800762,80.069222758,6.0000254));
#3998=DIRECTION('',(-1.,0.,0.));
#3999=VECTOR('',#3998,4.666666667);
#4000=LINE('',#3997,#3999);
#4001=EDGE_CURVE('',#3958,#3990,#4000,.T.);
#4002=ORIENTED_EDGE('',*,*,#4001,.F.);
#4003=EDGE_LOOP('',(#3964,#3972,#3980,#3988,#3996,#4002));
#4004=FACE_BOUND('',#4003,.T.);
#4005=CARTESIAN_POINT('',(-75.2801143,68.569199898,6.0000254));
#4006=VERTEX_POINT('',#4005);
#4007=CARTESIAN_POINT('',(-75.2801143,82.669227838,6.0000254));
#4008=VERTEX_POINT('',#4007);
#4009=CARTESIAN_POINT('',(-75.2801143,68.569199898,6.0000254));
#4010=DIRECTION('',(0.,1.,0.));
#4011=VECTOR('',#4010,14.10002794);
#4012=LINE('',#4009,#4011);
#4013=EDGE_CURVE('',#4006,#4008,#4012,.T.);
#4014=ORIENTED_EDGE('',*,*,#4013,.F.);
#4015=CARTESIAN_POINT('',(-89.2801143,68.569199898,6.0000254));
#4016=VERTEX_POINT('',#4015);
#4017=CARTESIAN_POINT('',(-89.2801143,68.569199898,6.0000254));
#4018=DIRECTION('',(1.,0.,-0.));
#4019=VECTOR('',#4018,14.);
#4020=LINE('',#4017,#4019);
#4021=EDGE_CURVE('',#4016,#4006,#4020,.T.);
#4022=ORIENTED_EDGE('',*,*,#4021,.F.);
#4023=CARTESIAN_POINT('',(-89.2801143,82.669227838,6.0000254));
#4024=VERTEX_POINT('',#4023);
#4025=CARTESIAN_POINT('',(-89.2801143,82.669227838,6.0000254));
#4026=DIRECTION('',(0.,-1.,0.));
#4027=VECTOR('',#4026,14.10002794);
#4028=LINE('',#4025,#4027);
#4029=EDGE_CURVE('',#4024,#4016,#4028,.T.);
#4030=ORIENTED_EDGE('',*,*,#4029,.F.);
#4031=CARTESIAN_POINT('',(-84.613447634,82.669227838,6.0000254));
#4032=VERTEX_POINT('',#4031);
#4033=CARTESIAN_POINT('',(-84.613447634,82.669227838,6.0000254));
#4034=DIRECTION('',(-1.,0.,0.));
#4035=VECTOR('',#4034,4.666666667);
#4036=LINE('',#4033,#4035);
#4037=EDGE_CURVE('',#4032,#4024,#4036,.T.);
#4038=ORIENTED_EDGE('',*,*,#4037,.F.);
#4039=CARTESIAN_POINT('',(-79.946780967,82.669227838,6.0000254));
#4040=VERTEX_POINT('',#4039);
#4041=CARTESIAN_POINT('',(-79.946780967,82.669227838,6.0000254));
#4042=DIRECTION('',(-1.,0.,0.));
#4043=VECTOR('',#4042,4.666666667);
#4044=LINE('',#4041,#4043);
#4045=EDGE_CURVE('',#4040,#4032,#4044,.T.);
#4046=ORIENTED_EDGE('',*,*,#4045,.F.);
#4047=CARTESIAN_POINT('',(-75.2801143,82.669227838,6.0000254));
#4048=DIRECTION('',(-1.,0.,0.));
#4049=VECTOR('',#4048,4.666666667);
#4050=LINE('',#4047,#4049);
#4051=EDGE_CURVE('',#4008,#4040,#4050,.T.);
#4052=ORIENTED_EDGE('',*,*,#4051,.F.);
#4053=EDGE_LOOP('',(#4014,#4022,#4030,#4038,#4046,#4052));
#4054=FACE_BOUND('',#4053,.T.);
#4055=CARTESIAN_POINT('',(-112.68018796,68.569199898,6.0000254));
#4056=VERTEX_POINT('',#4055);
#4057=CARTESIAN_POINT('',(-112.68018796,82.669227838,6.0000254));
#4058=VERTEX_POINT('',#4057);
#4059=CARTESIAN_POINT('',(-112.68018796,68.569199898,6.0000254));
#4060=DIRECTION('',(0.,1.,0.));
#4061=VECTOR('',#4060,14.10002794);
#4062=LINE('',#4059,#4061);
#4063=EDGE_CURVE('',#4056,#4058,#4062,.T.);
#4064=ORIENTED_EDGE('',*,*,#4063,.F.);
#4065=CARTESIAN_POINT('',(-126.68018796,68.569199898,6.0000254));
#4066=VERTEX_POINT('',#4065);
#4067=CARTESIAN_POINT('',(-126.68018796,68.569199898,6.0000254));
#4068=DIRECTION('',(1.,0.,-0.));
#4069=VECTOR('',#4068,14.);
#4070=LINE('',#4067,#4069);
#4071=EDGE_CURVE('',#4066,#4056,#4070,.T.);
#4072=ORIENTED_EDGE('',*,*,#4071,.F.);
#4073=CARTESIAN_POINT('',(-126.68018796,82.669227838,6.0000254));
#4074=VERTEX_POINT('',#4073);
#4075=CARTESIAN_POINT('',(-126.68018796,82.669227838,6.0000254));
#4076=DIRECTION('',(0.,-1.,0.));
#4077=VECTOR('',#4076,14.10002794);
#4078=LINE('',#4075,#4077);
#4079=EDGE_CURVE('',#4074,#4066,#4078,.T.);
#4080=ORIENTED_EDGE('',*,*,#4079,.F.);
#4081=CARTESIAN_POINT('',(-122.013521294,82.669227838,6.0000254));
#4082=VERTEX_POINT('',#4081);
#4083=CARTESIAN_POINT('',(-122.013521294,82.669227838,6.0000254));
#4084=DIRECTION('',(-1.,0.,0.));
#4085=VECTOR('',#4084,4.666666667);
#4086=LINE('',#4083,#4085);
#4087=EDGE_CURVE('',#4082,#4074,#4086,.T.);
#4088=ORIENTED_EDGE('',*,*,#4087,.F.);
#4089=CARTESIAN_POINT('',(-117.346854627,82.669227838,6.0000254));
#4090=VERTEX_POINT('',#4089);
#4091=CARTESIAN_POINT('',(-117.346854627,82.669227838,6.0000254));
#4092=DIRECTION('',(-1.,0.,0.));
#4093=VECTOR('',#4092,4.666666667);
#4094=LINE('',#4091,#4093);
#4095=EDGE_CURVE('',#4090,#4082,#4094,.T.);
#4096=ORIENTED_EDGE('',*,*,#4095,.F.);
#4097=CARTESIAN_POINT('',(-112.68018796,82.669227838,6.0000254));
#4098=DIRECTION('',(-1.,0.,0.));
#4099=VECTOR('',#4098,4.666666667);
#4100=LINE('',#4097,#4099);
#4101=EDGE_CURVE('',#4058,#4090,#4100,.T.);
#4102=ORIENTED_EDGE('',*,*,#4101,.F.);
#4103=EDGE_LOOP('',(#4064,#4072,#4080,#4088,#4096,#4102));
#4104=FACE_BOUND('',#4103,.T.);
#4105=CARTESIAN_POINT('',(-131.38022606,68.569199898,6.0000254));
#4106=VERTEX_POINT('',#4105);
#4107=CARTESIAN_POINT('',(-131.38022606,82.669227838,6.0000254));
#4108=VERTEX_POINT('',#4107);
#4109=CARTESIAN_POINT('',(-131.38022606,68.569199898,6.0000254));
#4110=DIRECTION('',(0.,1.,0.));
#4111=VECTOR('',#4110,14.10002794);
#4112=LINE('',#4109,#4111);
#4113=EDGE_CURVE('',#4106,#4108,#4112,.T.);
#4114=ORIENTED_EDGE('',*,*,#4113,.F.);
#4115=CARTESIAN_POINT('',(-145.38022606,68.569199898,6.0000254));
#4116=VERTEX_POINT('',#4115);
#4117=CARTESIAN_POINT('',(-145.38022606,68.569199898,6.0000254));
#4118=DIRECTION('',(1.,0.,-0.));
#4119=VECTOR('',#4118,14.);
#4120=LINE('',#4117,#4119);
#4121=EDGE_CURVE('',#4116,#4106,#4120,.T.);
#4122=ORIENTED_EDGE('',*,*,#4121,.F.);
#4123=CARTESIAN_POINT('',(-145.38022606,82.669227838,6.0000254));
#4124=VERTEX_POINT('',#4123);
#4125=CARTESIAN_POINT('',(-145.38022606,82.669227838,6.0000254));
#4126=DIRECTION('',(0.,-1.,0.));
#4127=VECTOR('',#4126,14.10002794);
#4128=LINE('',#4125,#4127);
#4129=EDGE_CURVE('',#4124,#4116,#4128,.T.);
#4130=ORIENTED_EDGE('',*,*,#4129,.F.);
#4131=CARTESIAN_POINT('',(-140.713559394,82.669227838,6.0000254));
#4132=VERTEX_POINT('',#4131);
#4133=CARTESIAN_POINT('',(-140.713559394,82.669227838,6.0000254));
#4134=DIRECTION('',(-1.,0.,0.));
#4135=VECTOR('',#4134,4.666666667);
#4136=LINE('',#4133,#4135);
#4137=EDGE_CURVE('',#4132,#4124,#4136,.T.);
#4138=ORIENTED_EDGE('',*,*,#4137,.F.);
#4139=CARTESIAN_POINT('',(-136.046892727,82.669227838,6.0000254));
#4140=VERTEX_POINT('',#4139);
#4141=CARTESIAN_POINT('',(-136.046892727,82.669227838,6.0000254));
#4142=DIRECTION('',(-1.,0.,0.));
#4143=VECTOR('',#4142,4.666666667);
#4144=LINE('',#4141,#4143);
#4145=EDGE_CURVE('',#4140,#4132,#4144,.T.);
#4146=ORIENTED_EDGE('',*,*,#4145,.F.);
#4147=CARTESIAN_POINT('',(-131.38022606,82.669227838,6.0000254));
#4148=DIRECTION('',(-1.,0.,0.));
#4149=VECTOR('',#4148,4.666666667);
#4150=LINE('',#4147,#4149);
#4151=EDGE_CURVE('',#4108,#4140,#4150,.T.);
#4152=ORIENTED_EDGE('',*,*,#4151,.F.);
#4153=EDGE_LOOP('',(#4114,#4122,#4130,#4138,#4146,#4152));
#4154=FACE_BOUND('',#4153,.T.);
#4155=CARTESIAN_POINT('',(-131.38022606,49.858161036,6.0000254));
#4156=VERTEX_POINT('',#4155);
#4157=CARTESIAN_POINT('',(-131.38022606,63.958188976,6.0000254));
#4158=VERTEX_POINT('',#4157);
#4159=CARTESIAN_POINT('',(-131.38022606,49.858161036,6.0000254));
#4160=DIRECTION('',(0.,1.,0.));
#4161=VECTOR('',#4160,14.10002794);
#4162=LINE('',#4159,#4161);
#4163=EDGE_CURVE('',#4156,#4158,#4162,.T.);
#4164=ORIENTED_EDGE('',*,*,#4163,.F.);
#4165=CARTESIAN_POINT('',(-145.38022606,49.858161036,6.0000254));
#4166=VERTEX_POINT('',#4165);
#4167=CARTESIAN_POINT('',(-145.38022606,49.858161036,6.0000254));
#4168=DIRECTION('',(1.,0.,-0.));
#4169=VECTOR('',#4168,14.);
#4170=LINE('',#4167,#4169);
#4171=EDGE_CURVE('',#4166,#4156,#4170,.T.);
#4172=ORIENTED_EDGE('',*,*,#4171,.F.);
#4173=CARTESIAN_POINT('',(-145.38022606,63.958188976,6.0000254));
#4174=VERTEX_POINT('',#4173);
#4175=CARTESIAN_POINT('',(-145.38022606,63.958188976,6.0000254));
#4176=DIRECTION('',(0.,-1.,0.));
#4177=VECTOR('',#4176,14.10002794);
#4178=LINE('',#4175,#4177);
#4179=EDGE_CURVE('',#4174,#4166,#4178,.T.);
#4180=ORIENTED_EDGE('',*,*,#4179,.F.);
#4181=CARTESIAN_POINT('',(-140.713559394,63.958188976,6.0000254));
#4182=VERTEX_POINT('',#4181);
#4183=CARTESIAN_POINT('',(-140.713559394,63.958188976,6.0000254));
#4184=DIRECTION('',(-1.,0.,0.));
#4185=VECTOR('',#4184,4.666666667);
#4186=LINE('',#4183,#4185);
#4187=EDGE_CURVE('',#4182,#4174,#4186,.T.);
#4188=ORIENTED_EDGE('',*,*,#4187,.F.);
#4189=CARTESIAN_POINT('',(-136.046892727,63.958188976,6.0000254));
#4190=VERTEX_POINT('',#4189);
#4191=CARTESIAN_POINT('',(-136.046892727,63.958188976,6.0000254));
#4192=DIRECTION('',(-1.,0.,0.));
#4193=VECTOR('',#4192,4.666666667);
#4194=LINE('',#4191,#4193);
#4195=EDGE_CURVE('',#4190,#4182,#4194,.T.);
#4196=ORIENTED_EDGE('',*,*,#4195,.F.);
#4197=CARTESIAN_POINT('',(-131.38022606,63.958188976,6.0000254));
#4198=DIRECTION('',(-1.,0.,0.));
#4199=VECTOR('',#4198,4.666666667);
#4200=LINE('',#4197,#4199);
#4201=EDGE_CURVE('',#4158,#4190,#4200,.T.);
#4202=ORIENTED_EDGE('',*,*,#4201,.F.);
#4203=EDGE_LOOP('',(#4164,#4172,#4180,#4188,#4196,#4202));
#4204=FACE_BOUND('',#4203,.T.);
#4205=CARTESIAN_POINT('',(-131.38022606,31.158122936,6.0000254));
#4206=VERTEX_POINT('',#4205);
#4207=CARTESIAN_POINT('',(-131.38022606,45.258150876,6.0000254));
#4208=VERTEX_POINT('',#4207);
#4209=CARTESIAN_POINT('',(-131.38022606,31.158122936,6.0000254));
#4210=DIRECTION('',(0.,1.,0.));
#4211=VECTOR('',#4210,14.10002794);
#4212=LINE('',#4209,#4211);
#4213=EDGE_CURVE('',#4206,#4208,#4212,.T.);
#4214=ORIENTED_EDGE('',*,*,#4213,.F.);
#4215=CARTESIAN_POINT('',(-145.38022606,31.158122936,6.0000254));
#4216=VERTEX_POINT('',#4215);
#4217=CARTESIAN_POINT('',(-145.38022606,31.158122936,6.0000254));
#4218=DIRECTION('',(1.,0.,-0.));
#4219=VECTOR('',#4218,14.);
#4220=LINE('',#4217,#4219);
#4221=EDGE_CURVE('',#4216,#4206,#4220,.T.);
#4222=ORIENTED_EDGE('',*,*,#4221,.F.);
#4223=CARTESIAN_POINT('',(-145.38022606,45.258150876,6.0000254));
#4224=VERTEX_POINT('',#4223);
#4225=CARTESIAN_POINT('',(-145.38022606,45.258150876,6.0000254));
#4226=DIRECTION('',(0.,-1.,0.));
#4227=VECTOR('',#4226,14.10002794);
#4228=LINE('',#4225,#4227);
#4229=EDGE_CURVE('',#4224,#4216,#4228,.T.);
#4230=ORIENTED_EDGE('',*,*,#4229,.F.);
#4231=CARTESIAN_POINT('',(-140.713559394,45.258150876,6.0000254));
#4232=VERTEX_POINT('',#4231);
#4233=CARTESIAN_POINT('',(-140.713559394,45.258150876,6.0000254));
#4234=DIRECTION('',(-1.,0.,0.));
#4235=VECTOR('',#4234,4.666666667);
#4236=LINE('',#4233,#4235);
#4237=EDGE_CURVE('',#4232,#4224,#4236,.T.);
#4238=ORIENTED_EDGE('',*,*,#4237,.F.);
#4239=CARTESIAN_POINT('',(-136.046892727,45.258150876,6.0000254));
#4240=VERTEX_POINT('',#4239);
#4241=CARTESIAN_POINT('',(-136.046892727,45.258150876,6.0000254));
#4242=DIRECTION('',(-1.,0.,0.));
#4243=VECTOR('',#4242,4.666666667);
#4244=LINE('',#4241,#4243);
#4245=EDGE_CURVE('',#4240,#4232,#4244,.T.);
#4246=ORIENTED_EDGE('',*,*,#4245,.F.);
#4247=CARTESIAN_POINT('',(-131.38022606,45.258150876,6.0000254));
#4248=DIRECTION('',(-1.,0.,0.));
#4249=VECTOR('',#4248,4.666666667);
#4250=LINE('',#4247,#4249);
#4251=EDGE_CURVE('',#4208,#4240,#4250,.T.);
#4252=ORIENTED_EDGE('',*,*,#4251,.F.);
#4253=EDGE_LOOP('',(#4214,#4222,#4230,#4238,#4246,#4252));
#4254=FACE_BOUND('',#4253,.T.);
#4255=CARTESIAN_POINT('',(-37.8798476,65.969194818,6.0000254));
#4256=VERTEX_POINT('',#4255);
#4257=CARTESIAN_POINT('',(-37.8798476,80.069222758,6.0000254));
#4258=VERTEX_POINT('',#4257);
#4259=CARTESIAN_POINT('',(-37.8798476,65.969194818,6.0000254));
#4260=DIRECTION('',(0.,1.,0.));
#4261=VECTOR('',#4260,14.10002794);
#4262=LINE('',#4259,#4261);
#4263=EDGE_CURVE('',#4256,#4258,#4262,.T.);
#4264=ORIENTED_EDGE('',*,*,#4263,.F.);
#4265=CARTESIAN_POINT('',(-51.8798476,65.969194818,6.0000254));
#4266=VERTEX_POINT('',#4265);
#4267=CARTESIAN_POINT('',(-51.8798476,65.969194818,6.0000254));
#4268=DIRECTION('',(1.,0.,-0.));
#4269=VECTOR('',#4268,14.);
#4270=LINE('',#4267,#4269);
#4271=EDGE_CURVE('',#4266,#4256,#4270,.T.);
#4272=ORIENTED_EDGE('',*,*,#4271,.F.);
#4273=CARTESIAN_POINT('',(-51.8798476,80.069222758,6.0000254));
#4274=VERTEX_POINT('',#4273);
#4275=CARTESIAN_POINT('',(-51.8798476,80.069222758,6.0000254));
#4276=DIRECTION('',(0.,-1.,0.));
#4277=VECTOR('',#4276,14.10002794);
#4278=LINE('',#4275,#4277);
#4279=EDGE_CURVE('',#4274,#4266,#4278,.T.);
#4280=ORIENTED_EDGE('',*,*,#4279,.F.);
#4281=CARTESIAN_POINT('',(-47.213180933,80.069222758,6.0000254));
#4282=VERTEX_POINT('',#4281);
#4283=CARTESIAN_POINT('',(-47.213180933,80.069222758,6.0000254));
#4284=DIRECTION('',(-1.,0.,0.));
#4285=VECTOR('',#4284,4.666666667);
#4286=LINE('',#4283,#4285);
#4287=EDGE_CURVE('',#4282,#4274,#4286,.T.);
#4288=ORIENTED_EDGE('',*,*,#4287,.F.);
#4289=CARTESIAN_POINT('',(-42.546514266,80.069222758,6.0000254));
#4290=VERTEX_POINT('',#4289);
#4291=CARTESIAN_POINT('',(-42.546514266,80.069222758,6.0000254));
#4292=DIRECTION('',(-1.,0.,0.));
#4293=VECTOR('',#4292,4.666666667);
#4294=LINE('',#4291,#4293);
#4295=EDGE_CURVE('',#4290,#4282,#4294,.T.);
#4296=ORIENTED_EDGE('',*,*,#4295,.F.);
#4297=CARTESIAN_POINT('',(-37.8798476,80.069222758,6.0000254));
#4298=DIRECTION('',(-1.,0.,0.));
#4299=VECTOR('',#4298,4.666666667);
#4300=LINE('',#4297,#4299);
#4301=EDGE_CURVE('',#4258,#4290,#4300,.T.);
#4302=ORIENTED_EDGE('',*,*,#4301,.F.);
#4303=EDGE_LOOP('',(#4264,#4272,#4280,#4288,#4296,#4302));
#4304=FACE_BOUND('',#4303,.T.);
#4305=CARTESIAN_POINT('',(-107.9801524,71.136205232,6.0000254));
#4306=VERTEX_POINT('',#4305);
#4307=CARTESIAN_POINT('',(-93.9801524,71.136205232,6.0000254));
#4308=VERTEX_POINT('',#4307);
#4309=CARTESIAN_POINT('',(-107.9801524,71.136205232,6.0000254));
#4310=DIRECTION('',(1.,0.,-0.));
#4311=VECTOR('',#4310,14.);
#4312=LINE('',#4309,#4311);
#4313=EDGE_CURVE('',#4306,#4308,#4312,.T.);
#4314=ORIENTED_EDGE('',*,*,#4313,.F.);
#4315=CARTESIAN_POINT('',(-107.9801524,85.236233172,6.0000254));
#4316=VERTEX_POINT('',#4315);
#4317=CARTESIAN_POINT('',(-107.9801524,85.236233172,6.0000254));
#4318=DIRECTION('',(0.,-1.,0.));
#4319=VECTOR('',#4318,14.10002794);
#4320=LINE('',#4317,#4319);
#4321=EDGE_CURVE('',#4316,#4306,#4320,.T.);
#4322=ORIENTED_EDGE('',*,*,#4321,.F.);
#4323=CARTESIAN_POINT('',(-103.313485734,85.236233172,6.0000254));
#4324=VERTEX_POINT('',#4323);
#4325=CARTESIAN_POINT('',(-103.313485734,85.236233172,6.0000254));
#4326=DIRECTION('',(-1.,0.,0.));
#4327=VECTOR('',#4326,4.666666667);
#4328=LINE('',#4325,#4327);
#4329=EDGE_CURVE('',#4324,#4316,#4328,.T.);
#4330=ORIENTED_EDGE('',*,*,#4329,.F.);
#4331=CARTESIAN_POINT('',(-98.646819067,85.236233172,6.0000254));
#4332=VERTEX_POINT('',#4331);
#4333=CARTESIAN_POINT('',(-98.646819067,85.236233172,6.0000254));
#4334=DIRECTION('',(-1.,0.,0.));
#4335=VECTOR('',#4334,4.666666667);
#4336=LINE('',#4333,#4335);
#4337=EDGE_CURVE('',#4332,#4324,#4336,.T.);
#4338=ORIENTED_EDGE('',*,*,#4337,.F.);
#4339=CARTESIAN_POINT('',(-93.9801524,85.236233172,6.0000254));
#4340=VERTEX_POINT('',#4339);
#4341=CARTESIAN_POINT('',(-93.9801524,85.236233172,6.0000254));
#4342=DIRECTION('',(-1.,0.,0.));
#4343=VECTOR('',#4342,4.666666667);
#4344=LINE('',#4341,#4343);
#4345=EDGE_CURVE('',#4340,#4332,#4344,.T.);
#4346=ORIENTED_EDGE('',*,*,#4345,.F.);
#4347=CARTESIAN_POINT('',(-93.9801524,71.136205232,6.0000254));
#4348=DIRECTION('',(0.,1.,0.));
#4349=VECTOR('',#4348,14.10002794);
#4350=LINE('',#4347,#4349);
#4351=EDGE_CURVE('',#4308,#4340,#4350,.T.);
#4352=ORIENTED_EDGE('',*,*,#4351,.F.);
#4353=EDGE_LOOP('',(#4314,#4322,#4330,#4338,#4346,#4352));
#4354=FACE_BOUND('',#4353,.T.);
#4355=CARTESIAN_POINT('',(-117.33017018,103.936271273,6.0000254));
#4356=VERTEX_POINT('',#4355);
#4357=CARTESIAN_POINT('',(-117.33017018,89.836243332,6.0000254));
#4358=VERTEX_POINT('',#4357);
#4359=CARTESIAN_POINT('',(-117.33017018,103.936271273,6.0000254));
#4360=DIRECTION('',(0.,-1.,0.));
#4361=VECTOR('',#4360,14.10002794);
#4362=LINE('',#4359,#4361);
#4363=EDGE_CURVE('',#4356,#4358,#4362,.T.);
#4364=ORIENTED_EDGE('',*,*,#4363,.F.);
#4365=CARTESIAN_POINT('',(-112.663503514,103.936271273,6.0000254));
#4366=VERTEX_POINT('',#4365);
#4367=CARTESIAN_POINT('',(-112.663503514,103.936271273,6.0000254));
#4368=DIRECTION('',(-1.,0.,0.));
#4369=VECTOR('',#4368,4.666666667);
#4370=LINE('',#4367,#4369);
#4371=EDGE_CURVE('',#4366,#4356,#4370,.T.);
#4372=ORIENTED_EDGE('',*,*,#4371,.F.);
#4373=CARTESIAN_POINT('',(-107.996836847,103.936271273,6.0000254));
#4374=VERTEX_POINT('',#4373);
#4375=CARTESIAN_POINT('',(-107.996836847,103.936271273,6.0000254));
#4376=DIRECTION('',(-1.,0.,0.));
#4377=VECTOR('',#4376,4.666666667);
#4378=LINE('',#4375,#4377);
#4379=EDGE_CURVE('',#4374,#4366,#4378,.T.);
#4380=ORIENTED_EDGE('',*,*,#4379,.F.);
#4381=CARTESIAN_POINT('',(-103.33017018,103.936271273,6.0000254));
#4382=VERTEX_POINT('',#4381);
#4383=CARTESIAN_POINT('',(-103.33017018,103.936271273,6.0000254));
#4384=DIRECTION('',(-1.,0.,0.));
#4385=VECTOR('',#4384,4.666666667);
#4386=LINE('',#4383,#4385);
#4387=EDGE_CURVE('',#4382,#4374,#4386,.T.);
#4388=ORIENTED_EDGE('',*,*,#4387,.F.);
#4389=CARTESIAN_POINT('',(-103.33017018,89.836243332,6.0000254));
#4390=VERTEX_POINT('',#4389);
#4391=CARTESIAN_POINT('',(-103.33017018,89.836243332,6.0000254));
#4392=DIRECTION('',(0.,1.,0.));
#4393=VECTOR('',#4392,14.10002794);
#4394=LINE('',#4391,#4393);
#4395=EDGE_CURVE('',#4390,#4382,#4394,.T.);
#4396=ORIENTED_EDGE('',*,*,#4395,.F.);
#4397=CARTESIAN_POINT('',(-117.33017018,89.836243332,6.0000254));
#4398=DIRECTION('',(1.,0.,-0.));
#4399=VECTOR('',#4398,14.);
#4400=LINE('',#4397,#4399);
#4401=EDGE_CURVE('',#4358,#4390,#4400,.T.);
#4402=ORIENTED_EDGE('',*,*,#4401,.F.);
#4403=EDGE_LOOP('',(#4364,#4372,#4380,#4388,#4396,#4402));
#4404=FACE_BOUND('',#4403,.T.);
#4405=CARTESIAN_POINT('',(-79.978094996,101.369265939,6.0000254));
#4406=VERTEX_POINT('',#4405);
#4407=CARTESIAN_POINT('',(-79.978094996,87.269237998,6.0000254));
#4408=VERTEX_POINT('',#4407);
#4409=CARTESIAN_POINT('',(-79.978094996,101.369265939,6.0000254));
#4410=DIRECTION('',(0.,-1.,0.));
#4411=VECTOR('',#4410,14.10002794);
#4412=LINE('',#4409,#4411);
#4413=EDGE_CURVE('',#4406,#4408,#4412,.T.);
#4414=ORIENTED_EDGE('',*,*,#4413,.F.);
#4415=CARTESIAN_POINT('',(-75.31142833,101.369265939,6.0000254));
#4416=VERTEX_POINT('',#4415);
#4417=CARTESIAN_POINT('',(-75.31142833,101.369265939,6.0000254));
#4418=DIRECTION('',(-1.,0.,0.));
#4419=VECTOR('',#4418,4.666666667);
#4420=LINE('',#4417,#4419);
#4421=EDGE_CURVE('',#4416,#4406,#4420,.T.);
#4422=ORIENTED_EDGE('',*,*,#4421,.F.);
#4423=CARTESIAN_POINT('',(-70.644761663,101.369265939,6.0000254));
#4424=VERTEX_POINT('',#4423);
#4425=CARTESIAN_POINT('',(-70.644761663,101.369265939,6.0000254));
#4426=DIRECTION('',(-1.,0.,0.));
#4427=VECTOR('',#4426,4.666666667);
#4428=LINE('',#4425,#4427);
#4429=EDGE_CURVE('',#4424,#4416,#4428,.T.);
#4430=ORIENTED_EDGE('',*,*,#4429,.F.);
#4431=CARTESIAN_POINT('',(-65.978094996,101.369265939,6.0000254));
#4432=VERTEX_POINT('',#4431);
#4433=CARTESIAN_POINT('',(-65.978094996,101.369265939,6.0000254));
#4434=DIRECTION('',(-1.,0.,0.));
#4435=VECTOR('',#4434,4.666666667);
#4436=LINE('',#4433,#4435);
#4437=EDGE_CURVE('',#4432,#4424,#4436,.T.);
#4438=ORIENTED_EDGE('',*,*,#4437,.F.);
#4439=CARTESIAN_POINT('',(-65.978094996,87.269237998,6.0000254));
#4440=VERTEX_POINT('',#4439);
#4441=CARTESIAN_POINT('',(-65.978094996,87.269237998,6.0000254));
#4442=DIRECTION('',(0.,1.,0.));
#4443=VECTOR('',#4442,14.10002794);
#4444=LINE('',#4441,#4443);
#4445=EDGE_CURVE('',#4440,#4432,#4444,.T.);
#4446=ORIENTED_EDGE('',*,*,#4445,.F.);
#4447=CARTESIAN_POINT('',(-79.978094996,87.269237998,6.0000254));
#4448=DIRECTION('',(1.,0.,-0.));
#4449=VECTOR('',#4448,14.);
#4450=LINE('',#4447,#4449);
#4451=EDGE_CURVE('',#4408,#4440,#4450,.T.);
#4452=ORIENTED_EDGE('',*,*,#4451,.F.);
#4453=EDGE_LOOP('',(#4414,#4422,#4430,#4438,#4446,#4452));
#4454=FACE_BOUND('',#4453,.T.);
#4455=CARTESIAN_POINT('',(-43.500913192,20.918146817,6.0000254));
#4456=VERTEX_POINT('',#4455);
#4457=CARTESIAN_POINT('',(-48.096682706,21.72850498,6.0000254));
#4458=VERTEX_POINT('',#4457);
#4459=CARTESIAN_POINT('',(-43.500913192,20.918146817,6.0000254));
#4460=DIRECTION('',(-0.984807753,0.173648178,0.));
#4461=VECTOR('',#4460,4.666666667);
#4462=LINE('',#4459,#4461);
#4463=EDGE_CURVE('',#4456,#4458,#4462,.T.);
#4464=ORIENTED_EDGE('',*,*,#4463,.F.);
#4465=CARTESIAN_POINT('',(-45.949357349,7.032329984,6.0000254));
#4466=VERTEX_POINT('',#4465);
#4467=CARTESIAN_POINT('',(-45.949357349,7.032329984,6.0000254));
#4468=DIRECTION('',(0.173648178,0.984807753,0.));
#4469=VECTOR('',#4468,14.10002794);
#4470=LINE('',#4467,#4469);
#4471=EDGE_CURVE('',#4466,#4456,#4470,.T.);
#4472=ORIENTED_EDGE('',*,*,#4471,.F.);
#4473=CARTESIAN_POINT('',(-59.736665891,9.463404471,6.0000254));
#4474=VERTEX_POINT('',#4473);
#4475=CARTESIAN_POINT('',(-59.736665891,9.463404471,6.0000254));
#4476=DIRECTION('',(0.984807753,-0.173648178,0.));
#4477=VECTOR('',#4476,14.);
#4478=LINE('',#4475,#4477);
#4479=EDGE_CURVE('',#4474,#4466,#4478,.T.);
#4480=ORIENTED_EDGE('',*,*,#4479,.F.);
#4481=CARTESIAN_POINT('',(-57.288221734,23.349221304,6.0000254));
#4482=VERTEX_POINT('',#4481);
#4483=CARTESIAN_POINT('',(-57.288221734,23.349221304,6.0000254));
#4484=DIRECTION('',(-0.173648178,-0.984807753,0.));
#4485=VECTOR('',#4484,14.10002794);
#4486=LINE('',#4483,#4485);
#4487=EDGE_CURVE('',#4482,#4474,#4486,.T.);
#4488=ORIENTED_EDGE('',*,*,#4487,.F.);
#4489=CARTESIAN_POINT('',(-52.69245222,22.538863142,6.0000254));
#4490=VERTEX_POINT('',#4489);
#4491=CARTESIAN_POINT('',(-52.69245222,22.538863142,6.0000254));
#4492=DIRECTION('',(-0.984807753,0.173648178,0.));
#4493=VECTOR('',#4492,4.666666667);
#4494=LINE('',#4491,#4493);
#4495=EDGE_CURVE('',#4490,#4482,#4494,.T.);
#4496=ORIENTED_EDGE('',*,*,#4495,.F.);
#4497=CARTESIAN_POINT('',(-48.096682706,21.72850498,6.0000254));
#4498=DIRECTION('',(-0.984807753,0.173648178,0.));
#4499=VECTOR('',#4498,4.666666667);
#4500=LINE('',#4497,#4499);
#4501=EDGE_CURVE('',#4458,#4490,#4500,.T.);
#4502=ORIENTED_EDGE('',*,*,#4501,.F.);
#4503=EDGE_LOOP('',(#4464,#4472,#4480,#4488,#4496,#4502));
#4504=FACE_BOUND('',#4503,.T.);
#4505=CARTESIAN_POINT('',(-44.234960388,84.069222702,6.0000254));
#4506=VERTEX_POINT('',#4505);
#4507=CARTESIAN_POINT('',(-44.234960388,101.552260605,6.0000254));
#4508=VERTEX_POINT('',#4507);
#4509=CARTESIAN_POINT('',(-44.234960388,84.069222702,6.0000254));
#4510=DIRECTION('',(0.,1.,0.));
#4511=VECTOR('',#4510,17.483037903);
#4512=LINE('',#4509,#4511);
#4513=EDGE_CURVE('',#4506,#4508,#4512,.T.);
#4514=ORIENTED_EDGE('',*,*,#4513,.T.);
#4515=CARTESIAN_POINT('',(-62.627230822,101.552260605,6.0000254));
#4516=VERTEX_POINT('',#4515);
#4517=CARTESIAN_POINT('',(-44.234960388,101.552260605,6.0000254));
#4518=DIRECTION('',(-1.,0.,0.));
#4519=VECTOR('',#4518,18.392270433);
#4520=LINE('',#4517,#4519);
#4521=EDGE_CURVE('',#4508,#4516,#4520,.T.);
#4522=ORIENTED_EDGE('',*,*,#4521,.T.);
#4523=CARTESIAN_POINT('',(-63.777230822,102.702272675,6.0000254));
#4524=VERTEX_POINT('',#4523);
#4525=CARTESIAN_POINT('',(-62.627230822,102.702260605,6.0000254));
#4526=DIRECTION('',(0.,0.,-1.));
#4527=DIRECTION('',(-1.,0.,0.));
#4528=AXIS2_PLACEMENT_3D('',#4525,#4526,#4527);
#4529=CIRCLE('',#4528,1.15);
#4530=EDGE_CURVE('',#4516,#4524,#4529,.T.);
#4531=ORIENTED_EDGE('',*,*,#4530,.T.);
#4532=CARTESIAN_POINT('',(-63.777223821,103.369257017,6.0000254));
#4533=VERTEX_POINT('',#4532);
#4534=CARTESIAN_POINT('',(-63.777230822,102.702272675,6.0000254));
#4535=DIRECTION('',(0.000010496,1.,0.));
#4536=VECTOR('',#4535,0.666984341);
#4537=LINE('',#4534,#4536);
#4538=EDGE_CURVE('',#4524,#4533,#4537,.T.);
#4539=ORIENTED_EDGE('',*,*,#4538,.T.);
#4540=CARTESIAN_POINT('',(-64.627223821,104.219265939,6.0000254));
#4541=VERTEX_POINT('',#4540);
#4542=CARTESIAN_POINT('',(-64.627223821,103.369265939,6.0000254));
#4543=DIRECTION('',(0.,0.,-1.));
#4544=DIRECTION('',(-1.,0.,0.));
#4545=AXIS2_PLACEMENT_3D('',#4542,#4543,#4544);
#4546=CIRCLE('',#4545,0.85);
#4547=EDGE_CURVE('',#4541,#4533,#4546,.T.);
#4548=ORIENTED_EDGE('',*,*,#4547,.F.);
#4549=CARTESIAN_POINT('',(-81.310051619,104.219265939,6.0000254));
#4550=VERTEX_POINT('',#4549);
#4551=CARTESIAN_POINT('',(-64.627223821,104.219265939,6.0000254));
#4552=DIRECTION('',(-1.,0.,0.));
#4553=VECTOR('',#4552,16.682827798);
#4554=LINE('',#4551,#4553);
#4555=EDGE_CURVE('',#4541,#4550,#4554,.T.);
#4556=ORIENTED_EDGE('',*,*,#4555,.T.);
#4557=CARTESIAN_POINT('',(-82.460051414,105.368580245,6.0000254));
#4558=VERTEX_POINT('',#4557);
#4559=CARTESIAN_POINT('',(-81.310051619,105.369265939,6.0000254));
#4560=DIRECTION('',(0.,0.,-1.));
#4561=DIRECTION('',(-1.,0.,0.));
#4562=AXIS2_PLACEMENT_3D('',#4559,#4560,#4561);
#4563=CIRCLE('',#4562,1.15);
#4564=EDGE_CURVE('',#4550,#4558,#4563,.T.);
#4565=ORIENTED_EDGE('',*,*,#4564,.T.);
#4566=CARTESIAN_POINT('',(-82.460390205,105.936778089,6.0000254));
#4567=VERTEX_POINT('',#4566);
#4568=CARTESIAN_POINT('',(-82.460051414,105.368580245,6.0000254));
#4569=DIRECTION('',(-0.000596255,0.999999822,0.));
#4570=VECTOR('',#4569,0.568197945);
#4571=LINE('',#4568,#4570);
#4572=EDGE_CURVE('',#4558,#4567,#4571,.T.);
#4573=ORIENTED_EDGE('',*,*,#4572,.T.);
#4574=CARTESIAN_POINT('',(-83.310390054,106.786271273,6.0000254));
#4575=VERTEX_POINT('',#4574);
#4576=CARTESIAN_POINT('',(-83.310390054,105.936271273,6.0000254));
#4577=DIRECTION('',(0.,0.,-1.));
#4578=DIRECTION('',(-1.,0.,0.));
#4579=AXIS2_PLACEMENT_3D('',#4576,#4577,#4578);
#4580=CIRCLE('',#4579,0.85);
#4581=EDGE_CURVE('',#4575,#4567,#4580,.T.);
#4582=ORIENTED_EDGE('',*,*,#4581,.F.);
#4583=CARTESIAN_POINT('',(-118.701069342,106.786271273,6.0000254));
#4584=VERTEX_POINT('',#4583);
#4585=CARTESIAN_POINT('',(-83.310390054,106.786271273,6.0000254));
#4586=DIRECTION('',(-1.,0.,0.));
#4587=VECTOR('',#4586,35.390679288);
#4588=LINE('',#4585,#4587);
#4589=EDGE_CURVE('',#4575,#4584,#4588,.T.);
#4590=ORIENTED_EDGE('',*,*,#4589,.T.);
#4591=CARTESIAN_POINT('',(-119.551069342,105.936271273,6.0000254));
#4592=VERTEX_POINT('',#4591);
#4593=CARTESIAN_POINT('',(-118.701069342,105.936271273,6.0000254));
#4594=DIRECTION('',(0.,0.,-1.));
#4595=DIRECTION('',(-1.,0.,0.));
#4596=AXIS2_PLACEMENT_3D('',#4593,#4594,#4595);
#4597=CIRCLE('',#4596,0.85);
#4598=EDGE_CURVE('',#4592,#4584,#4597,.T.);
#4599=ORIENTED_EDGE('',*,*,#4598,.F.);
#4600=CARTESIAN_POINT('',(-119.551069342,105.369265939,6.0000254));
#4601=VERTEX_POINT('',#4600);
#4602=CARTESIAN_POINT('',(-119.551069342,105.936271273,6.0000254));
#4603=DIRECTION('',(-0.,-1.,0.));
#4604=VECTOR('',#4603,0.567005334);
#4605=LINE('',#4602,#4604);
#4606=EDGE_CURVE('',#4592,#4601,#4605,.T.);
#4607=ORIENTED_EDGE('',*,*,#4606,.T.);
#4608=CARTESIAN_POINT('',(-120.701069342,104.219265939,6.0000254));
#4609=VERTEX_POINT('',#4608);
#4610=CARTESIAN_POINT('',(-120.701069342,105.369265939,6.0000254));
#4611=DIRECTION('',(0.,0.,-1.));
#4612=DIRECTION('',(-1.,0.,0.));
#4613=AXIS2_PLACEMENT_3D('',#4610,#4611,#4612);
#4614=CIRCLE('',#4613,1.15);
#4615=EDGE_CURVE('',#4601,#4609,#4614,.T.);
#4616=ORIENTED_EDGE('',*,*,#4615,.T.);
#4617=CARTESIAN_POINT('',(-138.032207264,104.219265939,6.0000254));
#4618=VERTEX_POINT('',#4617);
#4619=CARTESIAN_POINT('',(-120.701069342,104.219265939,6.0000254));
#4620=DIRECTION('',(-1.,0.,0.));
#4621=VECTOR('',#4620,17.331137922);
#4622=LINE('',#4619,#4621);
#4623=EDGE_CURVE('',#4609,#4618,#4622,.T.);
#4624=ORIENTED_EDGE('',*,*,#4623,.T.);
#4625=CARTESIAN_POINT('',(-138.882207264,103.369265939,6.0000254));
#4626=VERTEX_POINT('',#4625);
#4627=CARTESIAN_POINT('',(-138.032207264,103.369265939,6.0000254));
#4628=DIRECTION('',(0.,0.,-1.));
#4629=DIRECTION('',(-1.,0.,0.));
#4630=AXIS2_PLACEMENT_3D('',#4627,#4628,#4629);
#4631=CIRCLE('',#4630,0.85);
#4632=EDGE_CURVE('',#4626,#4618,#4631,.T.);
#4633=ORIENTED_EDGE('',*,*,#4632,.F.);
#4634=CARTESIAN_POINT('',(-138.882207264,86.669227838,6.0000254));
#4635=VERTEX_POINT('',#4634);
#4636=CARTESIAN_POINT('',(-138.882207264,103.369265939,6.0000254));
#4637=DIRECTION('',(0.,-1.,0.));
#4638=VECTOR('',#4637,16.7000381);
#4639=LINE('',#4636,#4638);
#4640=EDGE_CURVE('',#4626,#4635,#4639,.T.);
#4641=ORIENTED_EDGE('',*,*,#4640,.T.);
#4642=CARTESIAN_POINT('',(-140.032207264,85.519227838,6.0000254));
#4643=VERTEX_POINT('',#4642);
#4644=CARTESIAN_POINT('',(-140.032207264,86.669227838,6.0000254));
#4645=DIRECTION('',(0.,0.,-1.));
#4646=DIRECTION('',(-1.,0.,0.));
#4647=AXIS2_PLACEMENT_3D('',#4644,#4645,#4646);
#4648=CIRCLE('',#4647,1.15);
#4649=EDGE_CURVE('',#4635,#4643,#4648,.T.);
#4650=ORIENTED_EDGE('',*,*,#4649,.T.);
#4651=CARTESIAN_POINT('',(-147.38022606,85.519227838,6.0000254));
#4652=VERTEX_POINT('',#4651);
#4653=CARTESIAN_POINT('',(-140.032207264,85.519227838,6.0000254));
#4654=DIRECTION('',(-1.,0.,0.));
#4655=VECTOR('',#4654,7.348018796);
#4656=LINE('',#4653,#4655);
#4657=EDGE_CURVE('',#4643,#4652,#4656,.T.);
#4658=ORIENTED_EDGE('',*,*,#4657,.T.);
#4659=CARTESIAN_POINT('',(-148.23022606,84.669227838,6.0000254));
#4660=VERTEX_POINT('',#4659);
#4661=CARTESIAN_POINT('',(-147.38022606,84.669227838,6.0000254));
#4662=DIRECTION('',(0.,0.,-1.));
#4663=DIRECTION('',(-1.,0.,0.));
#4664=AXIS2_PLACEMENT_3D('',#4661,#4662,#4663);
#4665=CIRCLE('',#4664,0.85);
#4666=EDGE_CURVE('',#4660,#4652,#4665,.T.);
#4667=ORIENTED_EDGE('',*,*,#4666,.F.);
#4668=CARTESIAN_POINT('',(-148.23022606,10.608168675,6.0000254));
#4669=VERTEX_POINT('',#4668);
#4670=CARTESIAN_POINT('',(-148.23022606,84.669227838,6.0000254));
#4671=DIRECTION('',(0.,-1.,0.));
#4672=VECTOR('',#4671,74.061059163);
#4673=LINE('',#4670,#4672);
#4674=EDGE_CURVE('',#4660,#4669,#4673,.T.);
#4675=ORIENTED_EDGE('',*,*,#4674,.T.);
#4676=CARTESIAN_POINT('',(-147.230144761,9.608087376,6.0000254));
#4677=VERTEX_POINT('',#4676);
#4678=CARTESIAN_POINT('',(-147.230144761,10.608168675,6.0000254));
#4679=DIRECTION('',(0.,0.,-1.));
#4680=DIRECTION('',(-1.,0.,0.));
#4681=AXIS2_PLACEMENT_3D('',#4678,#4679,#4680);
#4682=CIRCLE('',#4681,1.000081299);
#4683=EDGE_CURVE('',#4677,#4669,#4682,.T.);
#4684=ORIENTED_EDGE('',*,*,#4683,.F.);
#4685=CARTESIAN_POINT('',(-101.268424623,9.608087376,6.0000254));
#4686=VERTEX_POINT('',#4685);
#4687=CARTESIAN_POINT('',(-147.230144761,9.608087376,6.0000254));
#4688=DIRECTION('',(1.,-0.,0.));
#4689=VECTOR('',#4688,45.961720138);
#4690=LINE('',#4687,#4689);
#4691=EDGE_CURVE('',#4677,#4686,#4690,.T.);
#4692=ORIENTED_EDGE('',*,*,#4691,.T.);
#4693=CARTESIAN_POINT('',(-100.135895707,8.65778278,6.0000254));
#4694=VERTEX_POINT('',#4693);
#4695=CARTESIAN_POINT('',(-101.268424623,8.458087376,6.0000254));
#4696=DIRECTION('',(0.,0.,-1.));
#4697=DIRECTION('',(-1.,0.,0.));
#4698=AXIS2_PLACEMENT_3D('',#4695,#4696,#4697);
#4699=CIRCLE('',#4698,1.15);
#4700=EDGE_CURVE('',#4686,#4694,#4699,.T.);
#4701=ORIENTED_EDGE('',*,*,#4700,.T.);
#4702=CARTESIAN_POINT('',(-99.42732705,4.639290237,6.0000254));
#4703=VERTEX_POINT('',#4702);
#4704=CARTESIAN_POINT('',(-100.135895707,8.65778278,6.0000254));
#4705=DIRECTION('',(0.173648178,-0.984807753,0.));
#4706=VECTOR('',#4705,4.080484268);
#4707=LINE('',#4704,#4706);
#4708=EDGE_CURVE('',#4694,#4703,#4707,.T.);
#4709=ORIENTED_EDGE('',*,*,#4708,.T.);
#4710=CARTESIAN_POINT('',(-98.442639509,3.949804598,6.0000254));
#4711=VERTEX_POINT('',#4710);
#4712=CARTESIAN_POINT('',(-98.59024046,4.786891188,6.0000254));
#4713=DIRECTION('',(0.,0.,-1.));
#4714=DIRECTION('',(-1.,0.,0.));
#4715=AXIS2_PLACEMENT_3D('',#4712,#4713,#4714);
#4716=CIRCLE('',#4715,0.85);
#4717=EDGE_CURVE('',#4711,#4703,#4716,.T.);
#4718=ORIENTED_EDGE('',*,*,#4717,.F.);
#4719=CARTESIAN_POINT('',(-86.745538436,6.012319113,6.0000254));
#4720=VERTEX_POINT('',#4719);
#4721=CARTESIAN_POINT('',(-98.442639509,3.949804598,6.0000254));
#4722=DIRECTION('',(0.984807753,0.173648178,0.));
#4723=VECTOR('',#4722,11.877547711);
#4724=LINE('',#4721,#4723);
#4725=EDGE_CURVE('',#4711,#4720,#4724,.T.);
#4726=ORIENTED_EDGE('',*,*,#4725,.T.);
#4727=CARTESIAN_POINT('',(-74.564118773,7.07805524,6.0000254));
#4728=VERTEX_POINT('',#4727);
#4729=CARTESIAN_POINT('',(-74.564118773,-63.07194476,6.0000254));
#4730=DIRECTION('',(0.,0.,-1.));
#4731=DIRECTION('',(-1.,0.,0.));
#4732=AXIS2_PLACEMENT_3D('',#4729,#4730,#4731);
#4733=CIRCLE('',#4732,70.15);
#4734=EDGE_CURVE('',#4720,#4728,#4733,.T.);
#4735=ORIENTED_EDGE('',*,*,#4734,.T.);
#4736=CARTESIAN_POINT('',(-68.758503783,7.07805524,6.0000254));
#4737=VERTEX_POINT('',#4736);
#4738=CARTESIAN_POINT('',(-74.564118773,7.07805524,6.0000254));
#4739=DIRECTION('',(1.,0.,-0.));
#4740=VECTOR('',#4739,5.80561499);
#4741=LINE('',#4738,#4740);
#4742=EDGE_CURVE('',#4728,#4737,#4741,.T.);
#4743=ORIENTED_EDGE('',*,*,#4742,.T.);
#4744=CARTESIAN_POINT('',(-56.577084119,6.012319113,6.0000254));
#4745=VERTEX_POINT('',#4744);
#4746=CARTESIAN_POINT('',(-68.758503783,-63.07194476,6.0000254));
#4747=DIRECTION('',(0.,0.,-1.));
#4748=DIRECTION('',(-1.,0.,0.));
#4749=AXIS2_PLACEMENT_3D('',#4746,#4747,#4748);
#4750=CIRCLE('',#4749,70.15);
#4751=EDGE_CURVE('',#4737,#4745,#4750,.T.);
#4752=ORIENTED_EDGE('',*,*,#4751,.T.);
#4753=CARTESIAN_POINT('',(-50.210303512,4.889683912,6.0000254));
#4754=VERTEX_POINT('',#4753);
#4755=CARTESIAN_POINT('',(-56.577084119,6.012319113,6.0000254));
#4756=DIRECTION('',(0.984807753,-0.173648178,0.));
#4757=VECTOR('',#4756,6.46499846);
#4758=LINE('',#4755,#4757);
#4759=EDGE_CURVE('',#4745,#4754,#4758,.T.);
#4760=ORIENTED_EDGE('',*,*,#4759,.T.);
#4761=CARTESIAN_POINT('',(-38.399010122,1.724857386,6.0000254));
#4762=VERTEX_POINT('',#4761);
#4763=CARTESIAN_POINT('',(-62.391723176,-64.194579962,6.0000254));
#4764=DIRECTION('',(0.,0.,-1.));
#4765=DIRECTION('',(-1.,0.,0.));
#4766=AXIS2_PLACEMENT_3D('',#4763,#4764,#4765);
#4767=CIRCLE('',#4766,70.15);
#4768=EDGE_CURVE('',#4754,#4762,#4767,.T.);
#4769=ORIENTED_EDGE('',*,*,#4768,.T.);
#4770=CARTESIAN_POINT('',(-27.276779472,-2.323303509,6.0000254));
#4771=VERTEX_POINT('',#4770);
#4772=CARTESIAN_POINT('',(-38.399010122,1.724857386,6.0000254));
#4773=DIRECTION('',(0.939692621,-0.342020143,0.));
#4774=VECTOR('',#4773,11.836030638);
#4775=LINE('',#4772,#4774);
#4776=EDGE_CURVE('',#4762,#4771,#4775,.T.);
#4777=ORIENTED_EDGE('',*,*,#4776,.T.);
#4778=CARTESIAN_POINT('',(-26.98606235,-2.374564781,6.0000254));
#4779=VERTEX_POINT('',#4778);
#4780=CARTESIAN_POINT('',(-26.98606235,-1.524564781,6.0000254));
#4781=DIRECTION('',(0.,0.,-1.));
#4782=DIRECTION('',(-1.,0.,0.));
#4783=AXIS2_PLACEMENT_3D('',#4780,#4781,#4782);
#4784=CIRCLE('',#4783,0.85);
#4785=EDGE_CURVE('',#4779,#4771,#4784,.T.);
#4786=ORIENTED_EDGE('',*,*,#4785,.F.);
#4787=CARTESIAN_POINT('',(-26.187323622,-1.815281903,6.0000254));
#4788=VERTEX_POINT('',#4787);
#4789=CARTESIAN_POINT('',(-26.98606235,-1.524564781,6.0000254));
#4790=DIRECTION('',(0.,0.,-1.));
#4791=DIRECTION('',(-1.,0.,0.));
#4792=AXIS2_PLACEMENT_3D('',#4789,#4790,#4791);
#4793=CIRCLE('',#4792,0.85);
#4794=EDGE_CURVE('',#4788,#4779,#4793,.T.);
#4795=ORIENTED_EDGE('',*,*,#4794,.F.);
#4796=CARTESIAN_POINT('',(-20.338769615,14.253488168,6.0000254));
#4797=VERTEX_POINT('',#4796);
#4798=CARTESIAN_POINT('',(-20.338769615,14.253488168,6.0000254));
#4799=DIRECTION('',(-0.342020143,-0.939692621,-0.));
#4800=VECTOR('',#4799,17.10002794);
#4801=LINE('',#4798,#4800);
#4802=EDGE_CURVE('',#4797,#4788,#4801,.T.);
#4803=ORIENTED_EDGE('',*,*,#4802,.F.);
#4804=CARTESIAN_POINT('',(-19.258123101,15.010165003,6.0000254));
#4805=VERTEX_POINT('',#4804);
#4806=CARTESIAN_POINT('',(-19.258123101,13.860165003,6.0000254));
#4807=DIRECTION('',(0.,0.,-1.));
#4808=DIRECTION('',(-1.,0.,0.));
#4809=AXIS2_PLACEMENT_3D('',#4806,#4807,#4808);
#4810=CIRCLE('',#4809,1.15);
#4811=EDGE_CURVE('',#4797,#4805,#4810,.T.);
#4812=ORIENTED_EDGE('',*,*,#4811,.T.);
#4813=CARTESIAN_POINT('',(-18.864799937,14.940811517,6.0000254));
#4814=VERTEX_POINT('',#4813);
#4815=CARTESIAN_POINT('',(-19.258123101,13.860165003,6.0000254));
#4816=DIRECTION('',(0.,0.,-1.));
#4817=DIRECTION('',(-1.,0.,0.));
#4818=AXIS2_PLACEMENT_3D('',#4815,#4816,#4817);
#4819=CIRCLE('',#4818,1.15);
#4820=EDGE_CURVE('',#4805,#4814,#4819,.T.);
#4821=ORIENTED_EDGE('',*,*,#4820,.T.);
#4822=CARTESIAN_POINT('',(-7.441313835,10.783002604,6.0000254));
#4823=VERTEX_POINT('',#4822);
#4824=CARTESIAN_POINT('',(-7.441313835,10.783002604,6.0000254));
#4825=DIRECTION('',(-0.939692621,0.342020143,-0.));
#4826=VECTOR('',#4825,12.156619994);
#4827=LINE('',#4824,#4826);
#4828=EDGE_CURVE('',#4823,#4814,#4827,.T.);
#4829=ORIENTED_EDGE('',*,*,#4828,.F.);
#4830=CARTESIAN_POINT('',(-6.351857985,11.29102421,6.0000254));
#4831=VERTEX_POINT('',#4830);
#4832=CARTESIAN_POINT('',(-7.150596713,11.581741332,6.0000254));
#4833=DIRECTION('',(0.,0.,-1.));
#4834=DIRECTION('',(-1.,0.,0.));
#4835=AXIS2_PLACEMENT_3D('',#4832,#4833,#4834);
#4836=CIRCLE('',#4835,0.85);
#4837=EDGE_CURVE('',#4831,#4823,#4836,.T.);
#4838=ORIENTED_EDGE('',*,*,#4837,.F.);
#4839=CARTESIAN_POINT('',(0.36927636,29.757189056,6.0000254));
#4840=VERTEX_POINT('',#4839);
#4841=CARTESIAN_POINT('',(0.36927636,29.757189056,6.0000254));
#4842=DIRECTION('',(-0.342020143,-0.939692621,-0.));
#4843=VECTOR('',#4842,19.651282172);
#4844=LINE('',#4841,#4843);
#4845=EDGE_CURVE('',#4840,#4831,#4844,.T.);
#4846=ORIENTED_EDGE('',*,*,#4845,.F.);
#4847=CARTESIAN_POINT('',(1.747299975,37.572349331,6.0000254));
#4848=VERTEX_POINT('',#4847);
#4849=CARTESIAN_POINT('',(-21.102700025,37.572349331,6.0000254));
#4850=DIRECTION('',(0.,0.,-1.));
#4851=DIRECTION('',(-1.,0.,0.));
#4852=AXIS2_PLACEMENT_3D('',#4849,#4850,#4851);
#4853=CIRCLE('',#4852,22.85);
#4854=EDGE_CURVE('',#4848,#4840,#4853,.T.);
#4855=ORIENTED_EDGE('',*,*,#4854,.F.);
#4856=CARTESIAN_POINT('',(1.747299975,37.572349331,6.0000254));
#4857=DIRECTION('',(0.,1.,0.));
#4858=VECTOR('',#4857,5.579320756);
#4859=LINE('',#4856,#4858);
#4860=EDGE_CURVE('',#4848,#33,#4859,.T.);
#4861=ORIENTED_EDGE('',*,*,#4860,.T.);
#4862=ORIENTED_EDGE('',*,*,#40,.T.);
#4863=CARTESIAN_POINT('',(-34.8798476,44.766289587,6.0000254));
#4864=VERTEX_POINT('',#4863);
#4865=CARTESIAN_POINT('',(-33.37984751,44.766496937,6.0000254));
#4866=DIRECTION('',(0.,0.,-1.));
#4867=DIRECTION('',(0.000869595,0.999999622,0.));
#4868=AXIS2_PLACEMENT_3D('',#4865,#4866,#4867);
#4869=ELLIPSE('',#4868,1.614826934,1.5);
#4870=EDGE_CURVE('',#35,#4864,#4869,.T.);
#4871=ORIENTED_EDGE('',*,*,#4870,.T.);
#4872=CARTESIAN_POINT('',(-34.8798476,82.069226015,6.0000254));
#4873=VERTEX_POINT('',#4872);
#4874=CARTESIAN_POINT('',(-34.8798476,44.766289587,6.0000254));
#4875=DIRECTION('',(0.,1.,0.));
#4876=VECTOR('',#4875,37.302936428);
#4877=LINE('',#4874,#4876);
#4878=EDGE_CURVE('',#4864,#4873,#4877,.T.);
#4879=ORIENTED_EDGE('',*,*,#4878,.T.);
#4880=CARTESIAN_POINT('',(-35.879847567,83.069222758,6.0000254));
#4881=VERTEX_POINT('',#4880);
#4882=CARTESIAN_POINT('',(-35.87984766,82.069222723,6.0000254));
#4883=DIRECTION('',(0.,-0.,1.));
#4884=DIRECTION('',(-0.79291331,-0.609334459,0.));
#4885=AXIS2_PLACEMENT_3D('',#4882,#4883,#4884);
#4886=ELLIPSE('',#4885,1.000000096,1.);
#4887=EDGE_CURVE('',#4873,#4881,#4886,.T.);
#4888=ORIENTED_EDGE('',*,*,#4887,.T.);
#4889=CARTESIAN_POINT('',(-43.234964629,83.069222758,6.0000254));
#4890=VERTEX_POINT('',#4889);
#4891=CARTESIAN_POINT('',(-43.234964629,83.069222758,6.0000254));
#4892=DIRECTION('',(1.,0.,-0.));
#4893=VECTOR('',#4892,7.355117062);
#4894=LINE('',#4891,#4893);
#4895=EDGE_CURVE('',#4890,#4881,#4894,.T.);
#4896=ORIENTED_EDGE('',*,*,#4895,.F.);
#4897=CARTESIAN_POINT('',(-43.234960328,84.069222794,6.0000254));
#4898=DIRECTION('',(0.,0.,-1.));
#4899=DIRECTION('',(0.79291331,0.609334459,0.));
#4900=AXIS2_PLACEMENT_3D('',#4897,#4898,#4899);
#4901=ELLIPSE('',#4900,1.000000096,1.);
#4902=EDGE_CURVE('',#4890,#4506,#4901,.T.);
#4903=ORIENTED_EDGE('',*,*,#4902,.T.);
#4904=EDGE_LOOP('',(#4514,#4522,#4531,#4539,#4548,#4556,#4565,#4573,#4582,#4590,#4599,#4607,#4616,#4624,#4633,#4641,#4650,#4658,#4667,#4675,#4684,#4692,#4701,#4709,#4718,#4726,
#4735,#4743,#4752,#4760,#4769,#4777,#4786,#4795,#4803,#4812,#4821,#4829,#4838,#4846,#4855,#4861,#4862,#4871,#4879,#4888,#4896,#4903));
#4905=FACE_BOUND('',#4904,.T.);
#4906=CARTESIAN_POINT('',(-126.68018796,31.158122936,6.0000254));
#4907=VERTEX_POINT('',#4906);
#4908=CARTESIAN_POINT('',(-112.68018796,31.158122936,6.0000254));
#4909=VERTEX_POINT('',#4908);
#4910=CARTESIAN_POINT('',(-126.68018796,31.158122936,6.0000254));
#4911=DIRECTION('',(1.,0.,-0.));
#4912=VECTOR('',#4911,14.);
#4913=LINE('',#4910,#4912);
#4914=EDGE_CURVE('',#4907,#4909,#4913,.T.);
#4915=ORIENTED_EDGE('',*,*,#4914,.F.);
#4916=CARTESIAN_POINT('',(-126.68018796,45.269151638,6.0000254));
#4917=VERTEX_POINT('',#4916);
#4918=CARTESIAN_POINT('',(-126.68018796,45.269151638,6.0000254));
#4919=DIRECTION('',(0.,-1.,0.));
#4920=VECTOR('',#4919,14.111028702);
#4921=LINE('',#4918,#4920);
#4922=EDGE_CURVE('',#4917,#4907,#4921,.T.);
#4923=ORIENTED_EDGE('',*,*,#4922,.F.);
#4924=CARTESIAN_POINT('',(-112.68018796,45.269151638,6.0000254));
#4925=VERTEX_POINT('',#4924);
#4926=CARTESIAN_POINT('',(-112.68018796,45.269151638,6.0000254));
#4927=DIRECTION('',(-1.,0.,0.));
#4928=VECTOR('',#4927,14.);
#4929=LINE('',#4926,#4928);
#4930=EDGE_CURVE('',#4925,#4917,#4929,.T.);
#4931=ORIENTED_EDGE('',*,*,#4930,.F.);
#4932=CARTESIAN_POINT('',(-112.68018796,31.158122936,6.0000254));
#4933=DIRECTION('',(0.,1.,0.));
#4934=VECTOR('',#4933,14.111028702);
#4935=LINE('',#4932,#4934);
#4936=EDGE_CURVE('',#4909,#4925,#4935,.T.);
#4937=ORIENTED_EDGE('',*,*,#4936,.F.);
#4938=EDGE_LOOP('',(#4915,#4923,#4931,#4937));
#4939=FACE_BOUND('',#4938,.T.);
#4940=CARTESIAN_POINT('',(-126.68018796,49.858161036,6.0000254));
#4941=VERTEX_POINT('',#4940);
#4942=CARTESIAN_POINT('',(-112.68018796,49.858161036,6.0000254));
#4943=VERTEX_POINT('',#4942);
#4944=CARTESIAN_POINT('',(-126.68018796,49.858161036,6.0000254));
#4945=DIRECTION('',(1.,0.,-0.));
#4946=VECTOR('',#4945,14.);
#4947=LINE('',#4944,#4946);
#4948=EDGE_CURVE('',#4941,#4943,#4947,.T.);
#4949=ORIENTED_EDGE('',*,*,#4948,.F.);
#4950=CARTESIAN_POINT('',(-126.68018796,63.969189738,6.0000254));
#4951=VERTEX_POINT('',#4950);
#4952=CARTESIAN_POINT('',(-126.68018796,63.969189738,6.0000254));
#4953=DIRECTION('',(0.,-1.,0.));
#4954=VECTOR('',#4953,14.111028702);
#4955=LINE('',#4952,#4954);
#4956=EDGE_CURVE('',#4951,#4941,#4955,.T.);
#4957=ORIENTED_EDGE('',*,*,#4956,.F.);
#4958=CARTESIAN_POINT('',(-112.68018796,63.969189738,6.0000254));
#4959=VERTEX_POINT('',#4958);
#4960=CARTESIAN_POINT('',(-112.68018796,63.969189738,6.0000254));
#4961=DIRECTION('',(-1.,0.,0.));
#4962=VECTOR('',#4961,14.);
#4963=LINE('',#4960,#4962);
#4964=EDGE_CURVE('',#4959,#4951,#4963,.T.);
#4965=ORIENTED_EDGE('',*,*,#4964,.F.);
#4966=CARTESIAN_POINT('',(-112.68018796,49.858161036,6.0000254));
#4967=DIRECTION('',(0.,1.,0.));
#4968=VECTOR('',#4967,14.111028702);
#4969=LINE('',#4966,#4968);
#4970=EDGE_CURVE('',#4943,#4959,#4969,.T.);
#4971=ORIENTED_EDGE('',*,*,#4970,.F.);
#4972=EDGE_LOOP('',(#4949,#4957,#4965,#4971));
#4973=FACE_BOUND('',#4972,.T.);
#4974=CARTESIAN_POINT('',(-107.9801524,52.42516637,6.0000254));
#4975=VERTEX_POINT('',#4974);
#4976=CARTESIAN_POINT('',(-93.9801524,52.42516637,6.0000254));
#4977=VERTEX_POINT('',#4976);
#4978=CARTESIAN_POINT('',(-107.9801524,52.42516637,6.0000254));
#4979=DIRECTION('',(1.,0.,-0.));
#4980=VECTOR('',#4979,14.);
#4981=LINE('',#4978,#4980);
#4982=EDGE_CURVE('',#4975,#4977,#4981,.T.);
#4983=ORIENTED_EDGE('',*,*,#4982,.F.);
#4984=CARTESIAN_POINT('',(-107.9801524,66.536195072,6.0000254));
#4985=VERTEX_POINT('',#4984);
#4986=CARTESIAN_POINT('',(-107.9801524,66.536195072,6.0000254));
#4987=DIRECTION('',(0.,-1.,0.));
#4988=VECTOR('',#4987,14.111028702);
#4989=LINE('',#4986,#4988);
#4990=EDGE_CURVE('',#4985,#4975,#4989,.T.);
#4991=ORIENTED_EDGE('',*,*,#4990,.F.);
#4992=CARTESIAN_POINT('',(-93.9801524,66.536195072,6.0000254));
#4993=VERTEX_POINT('',#4992);
#4994=CARTESIAN_POINT('',(-93.9801524,66.536195072,6.0000254));
#4995=DIRECTION('',(-1.,0.,0.));
#4996=VECTOR('',#4995,14.);
#4997=LINE('',#4994,#4996);
#4998=EDGE_CURVE('',#4993,#4985,#4997,.T.);
#4999=ORIENTED_EDGE('',*,*,#4998,.F.);
#5000=CARTESIAN_POINT('',(-93.9801524,52.42516637,6.0000254));
#5001=DIRECTION('',(0.,1.,0.));
#5002=VECTOR('',#5001,14.111028702);
#5003=LINE('',#5000,#5002);
#5004=EDGE_CURVE('',#4977,#4993,#5003,.T.);
#5005=ORIENTED_EDGE('',*,*,#5004,.F.);
#5006=EDGE_LOOP('',(#4983,#4991,#4999,#5005));
#5007=FACE_BOUND('',#5006,.T.);
#5008=CARTESIAN_POINT('',(-107.9801524,33.72512827,6.0000254));
#5009=VERTEX_POINT('',#5008);
#5010=CARTESIAN_POINT('',(-93.9801524,33.72512827,6.0000254));
#5011=VERTEX_POINT('',#5010);
#5012=CARTESIAN_POINT('',(-107.9801524,33.72512827,6.0000254));
#5013=DIRECTION('',(1.,0.,-0.));
#5014=VECTOR('',#5013,14.);
#5015=LINE('',#5012,#5014);
#5016=EDGE_CURVE('',#5009,#5011,#5015,.T.);
#5017=ORIENTED_EDGE('',*,*,#5016,.F.);
#5018=CARTESIAN_POINT('',(-107.9801524,47.836156972,6.0000254));
#5019=VERTEX_POINT('',#5018);
#5020=CARTESIAN_POINT('',(-107.9801524,47.836156972,6.0000254));
#5021=DIRECTION('',(0.,-1.,0.));
#5022=VECTOR('',#5021,14.111028702);
#5023=LINE('',#5020,#5022);
#5024=EDGE_CURVE('',#5019,#5009,#5023,.T.);
#5025=ORIENTED_EDGE('',*,*,#5024,.F.);
#5026=CARTESIAN_POINT('',(-93.9801524,47.836156972,6.0000254));
#5027=VERTEX_POINT('',#5026);
#5028=CARTESIAN_POINT('',(-93.9801524,47.836156972,6.0000254));
#5029=DIRECTION('',(-1.,0.,0.));
#5030=VECTOR('',#5029,14.);
#5031=LINE('',#5028,#5030);
#5032=EDGE_CURVE('',#5027,#5019,#5031,.T.);
#5033=ORIENTED_EDGE('',*,*,#5032,.F.);
#5034=CARTESIAN_POINT('',(-93.9801524,33.72512827,6.0000254));
#5035=DIRECTION('',(0.,1.,0.));
#5036=VECTOR('',#5035,14.111028702);
#5037=LINE('',#5034,#5036);
#5038=EDGE_CURVE('',#5011,#5027,#5037,.T.);
#5039=ORIENTED_EDGE('',*,*,#5038,.F.);
#5040=EDGE_LOOP('',(#5017,#5025,#5033,#5039));
#5041=FACE_BOUND('',#5040,.T.);
#5042=CARTESIAN_POINT('',(-78.422093177,9.917054478,6.0000254));
#5043=VERTEX_POINT('',#5042);
#5044=CARTESIAN_POINT('',(-64.422093177,9.917054478,6.0000254));
#5045=VERTEX_POINT('',#5044);
#5046=CARTESIAN_POINT('',(-78.422093177,9.917054478,6.0000254));
#5047=DIRECTION('',(1.,0.,-0.));
#5048=VECTOR('',#5047,14.);
#5049=LINE('',#5046,#5048);
#5050=EDGE_CURVE('',#5043,#5045,#5049,.T.);
#5051=ORIENTED_EDGE('',*,*,#5050,.F.);
#5052=CARTESIAN_POINT('',(-78.422093177,24.02808318,6.0000254));
#5053=VERTEX_POINT('',#5052);
#5054=CARTESIAN_POINT('',(-78.422093177,24.02808318,6.0000254));
#5055=DIRECTION('',(0.,-1.,0.));
#5056=VECTOR('',#5055,14.111028702);
#5057=LINE('',#5054,#5056);
#5058=EDGE_CURVE('',#5053,#5043,#5057,.T.);
#5059=ORIENTED_EDGE('',*,*,#5058,.F.);
#5060=CARTESIAN_POINT('',(-64.422093177,24.02808318,6.0000254));
#5061=VERTEX_POINT('',#5060);
#5062=CARTESIAN_POINT('',(-64.422093177,24.02808318,6.0000254));
#5063=DIRECTION('',(-1.,0.,0.));
#5064=VECTOR('',#5063,14.);
#5065=LINE('',#5062,#5064);
#5066=EDGE_CURVE('',#5061,#5053,#5065,.T.);
#5067=ORIENTED_EDGE('',*,*,#5066,.F.);
#5068=CARTESIAN_POINT('',(-64.422093177,9.917054478,6.0000254));
#5069=DIRECTION('',(0.,1.,0.));
#5070=VECTOR('',#5069,14.111028702);
#5071=LINE('',#5068,#5070);
#5072=EDGE_CURVE('',#5045,#5061,#5071,.T.);
#5073=ORIENTED_EDGE('',*,*,#5072,.F.);
#5074=EDGE_LOOP('',(#5051,#5059,#5067,#5073));
#5075=FACE_BOUND('',#5074,.T.);
#5076=CARTESIAN_POINT('',(-70.5800762,28.558117856,6.0000254));
#5077=VERTEX_POINT('',#5076);
#5078=CARTESIAN_POINT('',(-56.5800762,28.558117856,6.0000254));
#5079=VERTEX_POINT('',#5078);
#5080=CARTESIAN_POINT('',(-70.5800762,28.558117856,6.0000254));
#5081=DIRECTION('',(1.,0.,-0.));
#5082=VECTOR('',#5081,14.);
#5083=LINE('',#5080,#5082);
#5084=EDGE_CURVE('',#5077,#5079,#5083,.T.);
#5085=ORIENTED_EDGE('',*,*,#5084,.F.);
#5086=CARTESIAN_POINT('',(-70.5800762,42.669146558,6.0000254));
#5087=VERTEX_POINT('',#5086);
#5088=CARTESIAN_POINT('',(-70.5800762,42.669146558,6.0000254));
#5089=DIRECTION('',(0.,-1.,0.));
#5090=VECTOR('',#5089,14.111028702);
#5091=LINE('',#5088,#5090);
#5092=EDGE_CURVE('',#5087,#5077,#5091,.T.);
#5093=ORIENTED_EDGE('',*,*,#5092,.F.);
#5094=CARTESIAN_POINT('',(-56.5800762,42.669146558,6.0000254));
#5095=VERTEX_POINT('',#5094);
#5096=CARTESIAN_POINT('',(-56.5800762,42.669146558,6.0000254));
#5097=DIRECTION('',(-1.,0.,0.));
#5098=VECTOR('',#5097,14.);
#5099=LINE('',#5096,#5098);
#5100=EDGE_CURVE('',#5095,#5087,#5099,.T.);
#5101=ORIENTED_EDGE('',*,*,#5100,.F.);
#5102=CARTESIAN_POINT('',(-56.5800762,28.558117856,6.0000254));
#5103=DIRECTION('',(0.,1.,0.));
#5104=VECTOR('',#5103,14.111028702);
#5105=LINE('',#5102,#5104);
#5106=EDGE_CURVE('',#5079,#5095,#5105,.T.);
#5107=ORIENTED_EDGE('',*,*,#5106,.F.);
#5108=EDGE_LOOP('',(#5085,#5093,#5101,#5107));
#5109=FACE_BOUND('',#5108,.T.);
#5110=CARTESIAN_POINT('',(-70.5800762,47.258155956,6.0000254));
#5111=VERTEX_POINT('',#5110);
#5112=CARTESIAN_POINT('',(-56.5800762,47.258155956,6.0000254));
#5113=VERTEX_POINT('',#5112);
#5114=CARTESIAN_POINT('',(-70.5800762,47.258155956,6.0000254));
#5115=DIRECTION('',(1.,0.,-0.));
#5116=VECTOR('',#5115,14.);
#5117=LINE('',#5114,#5116);
#5118=EDGE_CURVE('',#5111,#5113,#5117,.T.);
#5119=ORIENTED_EDGE('',*,*,#5118,.F.);
#5120=CARTESIAN_POINT('',(-70.5800762,61.369184658,6.0000254));
#5121=VERTEX_POINT('',#5120);
#5122=CARTESIAN_POINT('',(-70.5800762,61.369184658,6.0000254));
#5123=DIRECTION('',(0.,-1.,0.));
#5124=VECTOR('',#5123,14.111028702);
#5125=LINE('',#5122,#5124);
#5126=EDGE_CURVE('',#5121,#5111,#5125,.T.);
#5127=ORIENTED_EDGE('',*,*,#5126,.F.);
#5128=CARTESIAN_POINT('',(-56.5800762,61.369184658,6.0000254));
#5129=VERTEX_POINT('',#5128);
#5130=CARTESIAN_POINT('',(-56.5800762,61.369184658,6.0000254));
#5131=DIRECTION('',(-1.,0.,0.));
#5132=VECTOR('',#5131,14.);
#5133=LINE('',#5130,#5132);
#5134=EDGE_CURVE('',#5129,#5121,#5133,.T.);
#5135=ORIENTED_EDGE('',*,*,#5134,.F.);
#5136=CARTESIAN_POINT('',(-56.5800762,47.258155956,6.0000254));
#5137=DIRECTION('',(0.,1.,0.));
#5138=VECTOR('',#5137,14.111028702);
#5139=LINE('',#5136,#5138);
#5140=EDGE_CURVE('',#5113,#5129,#5139,.T.);
#5141=ORIENTED_EDGE('',*,*,#5140,.F.);
#5142=EDGE_LOOP('',(#5119,#5127,#5135,#5141));
#5143=FACE_BOUND('',#5142,.T.);
#5144=CARTESIAN_POINT('',(-51.8798476,47.258155956,6.0000254));
#5145=VERTEX_POINT('',#5144);
#5146=CARTESIAN_POINT('',(-37.8798476,47.258155956,6.0000254));
#5147=VERTEX_POINT('',#5146);
#5148=CARTESIAN_POINT('',(-51.8798476,47.258155956,6.0000254));
#5149=DIRECTION('',(1.,0.,-0.));
#5150=VECTOR('',#5149,14.);
#5151=LINE('',#5148,#5150);
#5152=EDGE_CURVE('',#5145,#5147,#5151,.T.);
#5153=ORIENTED_EDGE('',*,*,#5152,.F.);
#5154=CARTESIAN_POINT('',(-51.8798476,61.369184658,6.0000254));
#5155=VERTEX_POINT('',#5154);
#5156=CARTESIAN_POINT('',(-51.8798476,61.369184658,6.0000254));
#5157=DIRECTION('',(0.,-1.,0.));
#5158=VECTOR('',#5157,14.111028702);
#5159=LINE('',#5156,#5158);
#5160=EDGE_CURVE('',#5155,#5145,#5159,.T.);
#5161=ORIENTED_EDGE('',*,*,#5160,.F.);
#5162=CARTESIAN_POINT('',(-37.8798476,61.369184658,6.0000254));
#5163=VERTEX_POINT('',#5162);
#5164=CARTESIAN_POINT('',(-37.8798476,61.369184658,6.0000254));
#5165=DIRECTION('',(-1.,0.,0.));
#5166=VECTOR('',#5165,14.);
#5167=LINE('',#5164,#5166);
#5168=EDGE_CURVE('',#5163,#5155,#5167,.T.);
#5169=ORIENTED_EDGE('',*,*,#5168,.F.);
#5170=CARTESIAN_POINT('',(-37.8798476,47.258155956,6.0000254));
#5171=DIRECTION('',(0.,1.,0.));
#5172=VECTOR('',#5171,14.111028702);
#5173=LINE('',#5170,#5172);
#5174=EDGE_CURVE('',#5147,#5163,#5173,.T.);
#5175=ORIENTED_EDGE('',*,*,#5174,.F.);
#5176=EDGE_LOOP('',(#5153,#5161,#5169,#5175));
#5177=FACE_BOUND('',#5176,.T.);
#5178=CARTESIAN_POINT('',(-51.8798476,28.558117856,6.0000254));
#5179=VERTEX_POINT('',#5178);
#5180=CARTESIAN_POINT('',(-37.8798476,28.558117856,6.0000254));
#5181=VERTEX_POINT('',#5180);
#5182=CARTESIAN_POINT('',(-51.8798476,28.558117856,6.0000254));
#5183=DIRECTION('',(1.,0.,-0.));
#5184=VECTOR('',#5183,14.);
#5185=LINE('',#5182,#5184);
#5186=EDGE_CURVE('',#5179,#5181,#5185,.T.);
#5187=ORIENTED_EDGE('',*,*,#5186,.F.);
#5188=CARTESIAN_POINT('',(-51.8798476,42.669146558,6.0000254));
#5189=VERTEX_POINT('',#5188);
#5190=CARTESIAN_POINT('',(-51.8798476,42.669146558,6.0000254));
#5191=DIRECTION('',(0.,-1.,0.));
#5192=VECTOR('',#5191,14.111028702);
#5193=LINE('',#5190,#5192);
#5194=EDGE_CURVE('',#5189,#5179,#5193,.T.);
#5195=ORIENTED_EDGE('',*,*,#5194,.F.);
#5196=CARTESIAN_POINT('',(-37.8798476,42.669146558,6.0000254));
#5197=VERTEX_POINT('',#5196);
#5198=CARTESIAN_POINT('',(-37.8798476,42.669146558,6.0000254));
#5199=DIRECTION('',(-1.,0.,0.));
#5200=VECTOR('',#5199,14.);
#5201=LINE('',#5198,#5200);
#5202=EDGE_CURVE('',#5197,#5189,#5201,.T.);
#5203=ORIENTED_EDGE('',*,*,#5202,.F.);
#5204=CARTESIAN_POINT('',(-37.8798476,28.558117856,6.0000254));
#5205=DIRECTION('',(0.,1.,0.));
#5206=VECTOR('',#5205,14.111028702);
#5207=LINE('',#5204,#5206);
#5208=EDGE_CURVE('',#5181,#5197,#5207,.T.);
#5209=ORIENTED_EDGE('',*,*,#5208,.F.);
#5210=EDGE_LOOP('',(#5187,#5195,#5203,#5209));
#5211=FACE_BOUND('',#5210,.T.);
#5212=CARTESIAN_POINT('',(-89.2801143,31.158122936,6.0000254));
#5213=VERTEX_POINT('',#5212);
#5214=CARTESIAN_POINT('',(-75.2801143,31.158122936,6.0000254));
#5215=VERTEX_POINT('',#5214);
#5216=CARTESIAN_POINT('',(-89.2801143,31.158122936,6.0000254));
#5217=DIRECTION('',(1.,0.,-0.));
#5218=VECTOR('',#5217,14.);
#5219=LINE('',#5216,#5218);
#5220=EDGE_CURVE('',#5213,#5215,#5219,.T.);
#5221=ORIENTED_EDGE('',*,*,#5220,.F.);
#5222=CARTESIAN_POINT('',(-89.2801143,31.169123698,6.0000254));
#5223=VERTEX_POINT('',#5222);
#5224=CARTESIAN_POINT('',(-89.2801143,31.158122936,6.0000254));
#5225=DIRECTION('',(0.,1.,0.));
#5226=VECTOR('',#5225,0.011000762);
#5227=LINE('',#5224,#5226);
#5228=EDGE_CURVE('',#5213,#5223,#5227,.T.);
#5229=ORIENTED_EDGE('',*,*,#5228,.T.);
#5230=CARTESIAN_POINT('',(-89.296113792,31.169123698,6.0000254));
#5231=VERTEX_POINT('',#5230);
#5232=CARTESIAN_POINT('',(-89.296113792,31.169123698,6.0000254));
#5233=DIRECTION('',(1.,0.,-0.));
#5234=VECTOR('',#5233,0.015999492);
#5235=LINE('',#5232,#5234);
#5236=EDGE_CURVE('',#5231,#5223,#5235,.T.);
#5237=ORIENTED_EDGE('',*,*,#5236,.F.);
#5238=CARTESIAN_POINT('',(-89.296113792,45.269151638,6.0000254));
#5239=VERTEX_POINT('',#5238);
#5240=CARTESIAN_POINT('',(-89.296113792,45.269151638,6.0000254));
#5241=DIRECTION('',(0.,-1.,0.));
#5242=VECTOR('',#5241,14.10002794);
#5243=LINE('',#5240,#5242);
#5244=EDGE_CURVE('',#5239,#5231,#5243,.T.);
#5245=ORIENTED_EDGE('',*,*,#5244,.F.);
#5246=CARTESIAN_POINT('',(-75.296113792,45.269151638,6.0000254));
#5247=VERTEX_POINT('',#5246);
#5248=CARTESIAN_POINT('',(-75.296113792,45.269151638,6.0000254));
#5249=DIRECTION('',(-1.,0.,0.));
#5250=VECTOR('',#5249,14.);
#5251=LINE('',#5248,#5250);
#5252=EDGE_CURVE('',#5247,#5239,#5251,.T.);
#5253=ORIENTED_EDGE('',*,*,#5252,.F.);
#5254=CARTESIAN_POINT('',(-75.296113792,45.258150876,6.0000254));
#5255=VERTEX_POINT('',#5254);
#5256=CARTESIAN_POINT('',(-75.296113792,45.258150876,6.0000254));
#5257=DIRECTION('',(0.,1.,0.));
#5258=VECTOR('',#5257,0.011000762);
#5259=LINE('',#5256,#5258);
#5260=EDGE_CURVE('',#5255,#5247,#5259,.T.);
#5261=ORIENTED_EDGE('',*,*,#5260,.F.);
#5262=CARTESIAN_POINT('',(-75.2801143,45.258150876,6.0000254));
#5263=VERTEX_POINT('',#5262);
#5264=CARTESIAN_POINT('',(-75.2801143,45.258150876,6.0000254));
#5265=DIRECTION('',(-1.,0.,0.));
#5266=VECTOR('',#5265,0.015999492);
#5267=LINE('',#5264,#5266);
#5268=EDGE_CURVE('',#5263,#5255,#5267,.T.);
#5269=ORIENTED_EDGE('',*,*,#5268,.F.);
#5270=CARTESIAN_POINT('',(-75.2801143,31.158122936,6.0000254));
#5271=DIRECTION('',(0.,1.,0.));
#5272=VECTOR('',#5271,14.10002794);
#5273=LINE('',#5270,#5272);
#5274=EDGE_CURVE('',#5215,#5263,#5273,.T.);
#5275=ORIENTED_EDGE('',*,*,#5274,.F.);
#5276=EDGE_LOOP('',(#5221,#5229,#5237,#5245,#5253,#5261,#5269,#5275));
#5277=FACE_BOUND('',#5276,.T.);
#5278=CARTESIAN_POINT('',(-89.2801143,49.858161036,6.0000254));
#5279=VERTEX_POINT('',#5278);
#5280=CARTESIAN_POINT('',(-75.2801143,49.858161036,6.0000254));
#5281=VERTEX_POINT('',#5280);
#5282=CARTESIAN_POINT('',(-89.2801143,49.858161036,6.0000254));
#5283=DIRECTION('',(1.,0.,-0.));
#5284=VECTOR('',#5283,14.);
#5285=LINE('',#5282,#5284);
#5286=EDGE_CURVE('',#5279,#5281,#5285,.T.);
#5287=ORIENTED_EDGE('',*,*,#5286,.F.);
#5288=CARTESIAN_POINT('',(-89.2801143,63.969189738,6.0000254));
#5289=VERTEX_POINT('',#5288);
#5290=CARTESIAN_POINT('',(-89.2801143,63.969189738,6.0000254));
#5291=DIRECTION('',(0.,-1.,0.));
#5292=VECTOR('',#5291,14.111028702);
#5293=LINE('',#5290,#5292);
#5294=EDGE_CURVE('',#5289,#5279,#5293,.T.);
#5295=ORIENTED_EDGE('',*,*,#5294,.F.);
#5296=CARTESIAN_POINT('',(-75.2801143,63.969189738,6.0000254));
#5297=VERTEX_POINT('',#5296);
#5298=CARTESIAN_POINT('',(-75.2801143,63.969189738,6.0000254));
#5299=DIRECTION('',(-1.,0.,0.));
#5300=VECTOR('',#5299,14.);
#5301=LINE('',#5298,#5300);
#5302=EDGE_CURVE('',#5297,#5289,#5301,.T.);
#5303=ORIENTED_EDGE('',*,*,#5302,.F.);
#5304=CARTESIAN_POINT('',(-75.2801143,49.858161036,6.0000254));
#5305=DIRECTION('',(0.,1.,0.));
#5306=VECTOR('',#5305,14.111028702);
#5307=LINE('',#5304,#5306);
#5308=EDGE_CURVE('',#5281,#5297,#5307,.T.);
#5309=ORIENTED_EDGE('',*,*,#5308,.F.);
#5310=EDGE_LOOP('',(#5287,#5295,#5303,#5309));
#5311=FACE_BOUND('',#5310,.T.);
#5312=CARTESIAN_POINT('',(-23.48999065,26.39109849,6.0000254));
#5313=VERTEX_POINT('',#5312);
#5314=CARTESIAN_POINT('',(-9.48999065,26.39109849,6.0000254));
#5315=VERTEX_POINT('',#5314);
#5316=CARTESIAN_POINT('',(-23.48999065,26.39109849,6.0000254));
#5317=DIRECTION('',(1.,0.,-0.));
#5318=VECTOR('',#5317,14.);
#5319=LINE('',#5316,#5318);
#5320=EDGE_CURVE('',#5313,#5315,#5319,.T.);
#5321=ORIENTED_EDGE('',*,*,#5320,.F.);
#5322=CARTESIAN_POINT('',(-23.48999065,40.49112643,6.0000254));
#5323=VERTEX_POINT('',#5322);
#5324=CARTESIAN_POINT('',(-23.48999065,26.39109849,6.0000254));
#5325=DIRECTION('',(0.,1.,0.));
#5326=VECTOR('',#5325,14.10002794);
#5327=LINE('',#5324,#5326);
#5328=EDGE_CURVE('',#5313,#5323,#5327,.T.);
#5329=ORIENTED_EDGE('',*,*,#5328,.T.);
#5330=CARTESIAN_POINT('',(-9.48999065,40.49112643,6.0000254));
#5331=VERTEX_POINT('',#5330);
#5332=CARTESIAN_POINT('',(-9.48999065,40.49112643,6.0000254));
#5333=DIRECTION('',(-1.,0.,0.));
#5334=VECTOR('',#5333,14.);
#5335=LINE('',#5332,#5334);
#5336=EDGE_CURVE('',#5331,#5323,#5335,.T.);
#5337=ORIENTED_EDGE('',*,*,#5336,.F.);
#5338=CARTESIAN_POINT('',(-9.48999065,26.39109849,6.0000254));
#5339=DIRECTION('',(0.,1.,0.));
#5340=VECTOR('',#5339,14.10002794);
#5341=LINE('',#5338,#5340);
#5342=EDGE_CURVE('',#5315,#5331,#5341,.T.);
#5343=ORIENTED_EDGE('',*,*,#5342,.F.);
#5344=EDGE_LOOP('',(#5321,#5329,#5337,#5343));
#5345=FACE_BOUND('',#5344,.T.);
#5346=ADVANCED_FACE('',(#3654,#3704,#3754,#3804,#3854,#3904,#3954,#4004,#4054,#4104,#4154,#4204,#4254,#4304,#4354,#4404,#4454,#4504,#4905,#4939,#4973,#5007,#5041,#5075,#5109,#5143,
#5177,#5211,#5277,#5311,#5345),#3604,.F.);
#5347=CARTESIAN_POINT('',(-131.38022606,45.258150876,1.));
#5348=DIRECTION('',(0.,-1.,0.));
#5349=DIRECTION('',(-1.,0.,0.));
#5350=AXIS2_PLACEMENT_3D('',#5347,#5348,#5349);
#5351=PLANE('',#5350);
#5352=CARTESIAN_POINT('',(-136.046892727,45.258150876,4.5000254));
#5353=VERTEX_POINT('',#5352);
#5354=CARTESIAN_POINT('',(-136.046892727,45.258150876,4.5000254));
#5355=DIRECTION('',(0.,0.,-1.));
#5356=VECTOR('',#5355,1.5);
#5357=LINE('',#5354,#5356);
#5358=EDGE_CURVE('',#5353,#1529,#5357,.T.);
#5359=ORIENTED_EDGE('',*,*,#5358,.T.);
#5360=ORIENTED_EDGE('',*,*,#1534,.F.);
#5361=CARTESIAN_POINT('',(-131.38022606,45.258150876,3.0000254));
#5362=DIRECTION('',(-0.,-0.,1.));
#5363=VECTOR('',#5362,3.);
#5364=LINE('',#5361,#5363);
#5365=EDGE_CURVE('',#1521,#4208,#5364,.T.);
#5366=ORIENTED_EDGE('',*,*,#5365,.T.);
#5367=ORIENTED_EDGE('',*,*,#4251,.T.);
#5368=CARTESIAN_POINT('',(-136.046892727,45.258150876,6.0000254));
#5369=CARTESIAN_POINT('',(-136.046892727,45.258150876,4.5000254));
#5370=B_SPLINE_CURVE_WITH_KNOTS('',1,(#5368,#5369),.UNSPECIFIED.,.F.,.F.,(2,2),(-0.005000025,-0.003500025),.UNSPECIFIED.);
#5371=EDGE_CURVE('',#4240,#5353,#5370,.T.);
#5372=ORIENTED_EDGE('',*,*,#5371,.T.);
#5373=EDGE_LOOP('',(#5359,#5360,#5366,#5367,#5372));
#5374=FACE_BOUND('',#5373,.T.);
#5375=ADVANCED_FACE('',(#5374),#5351,.T.);
#5376=COLOUR_RGB('',0.937179565,0.935741007,0.649182916);
#5377=FILL_AREA_STYLE_COLOUR('',#5376);
#5378=FILL_AREA_STYLE('',(#5377));
#5379=SURFACE_STYLE_FILL_AREA(#5378);
#5380=SURFACE_SIDE_STYLE('',(#5379));
#5381=SURFACE_STYLE_USAGE(.BOTH.,#5380);
#5382=PRESENTATION_STYLE_ASSIGNMENT((#5381));
#5383=OVER_RIDING_STYLED_ITEM('',(#5382),#5375,#26);
#5384=CARTESIAN_POINT('',(-131.38022606,45.258150876,1.));
#5385=DIRECTION('',(0.,-1.,0.));
#5386=DIRECTION('',(-1.,0.,0.));
#5387=AXIS2_PLACEMENT_3D('',#5384,#5385,#5386);
#5388=PLANE('',#5387);
#5389=ORIENTED_EDGE('',*,*,#5371,.F.);
#5390=ORIENTED_EDGE('',*,*,#4245,.T.);
#5391=CARTESIAN_POINT('',(-140.713559394,45.258150876,4.5000254));
#5392=VERTEX_POINT('',#5391);
#5393=CARTESIAN_POINT('',(-140.713559394,45.258150876,6.0000254));
#5394=CARTESIAN_POINT('',(-140.713559394,45.258150876,4.5000254));
#5395=B_SPLINE_CURVE_WITH_KNOTS('',1,(#5393,#5394),.UNSPECIFIED.,.F.,.F.,(2,2),(-0.005000025,-0.003500025),.UNSPECIFIED.);
#5396=EDGE_CURVE('',#4232,#5392,#5395,.T.);
#5397=ORIENTED_EDGE('',*,*,#5396,.T.);
#5398=CARTESIAN_POINT('',(-136.046892727,45.258150876,4.5000254));
#5399=DIRECTION('',(-1.,0.,0.));
#5400=VECTOR('',#5399,4.666666667);
#5401=LINE('',#5398,#5400);
#5402=EDGE_CURVE('',#5353,#5392,#5401,.T.);
#5403=ORIENTED_EDGE('',*,*,#5402,.F.);
#5404=EDGE_LOOP('',(#5389,#5390,#5397,#5403));
#5405=FACE_BOUND('',#5404,.T.);
#5406=ADVANCED_FACE('',(#5405),#5388,.T.);
#5407=OVER_RIDING_STYLED_ITEM('',(#5382),#5406,#26);
#5408=CARTESIAN_POINT('',(-131.38022606,26.558115316,1.));
#5409=DIRECTION('',(0.,-1.,0.));
#5410=DIRECTION('',(-1.,0.,0.));
#5411=AXIS2_PLACEMENT_3D('',#5408,#5409,#5410);
#5412=PLANE('',#5411);
#5413=CARTESIAN_POINT('',(-136.046892727,26.558115316,4.5000254));
#5414=VERTEX_POINT('',#5413);
#5415=CARTESIAN_POINT('',(-136.046892727,26.558115316,4.5000254));
#5416=DIRECTION('',(0.,0.,-1.));
#5417=VECTOR('',#5416,1.5);
#5418=LINE('',#5415,#5417);
#5419=EDGE_CURVE('',#5414,#1627,#5418,.T.);
#5420=ORIENTED_EDGE('',*,*,#5419,.T.);
#5421=ORIENTED_EDGE('',*,*,#1632,.F.);
#5422=CARTESIAN_POINT('',(-131.38022606,26.558115316,3.0000254));
#5423=DIRECTION('',(-0.,-0.,1.));
#5424=VECTOR('',#5423,3.);
#5425=LINE('',#5422,#5424);
#5426=EDGE_CURVE('',#1619,#3882,#5425,.T.);
#5427=ORIENTED_EDGE('',*,*,#5426,.T.);
#5428=ORIENTED_EDGE('',*,*,#3887,.T.);
#5429=CARTESIAN_POINT('',(-136.046892727,26.558115316,6.0000254));
#5430=CARTESIAN_POINT('',(-136.046892727,26.558115316,4.5000254));
#5431=B_SPLINE_CURVE_WITH_KNOTS('',1,(#5429,#5430),.UNSPECIFIED.,.F.,.F.,(2,2),(-0.005000025,-0.003500025),.UNSPECIFIED.);
#5432=EDGE_CURVE('',#3874,#5414,#5431,.T.);
#5433=ORIENTED_EDGE('',*,*,#5432,.T.);
#5434=EDGE_LOOP('',(#5420,#5421,#5427,#5428,#5433));
#5435=FACE_BOUND('',#5434,.T.);
#5436=ADVANCED_FACE('',(#5435),#5412,.T.);
#5437=OVER_RIDING_STYLED_ITEM('',(#5382),#5436,#26);
#5438=CARTESIAN_POINT('',(-131.38022606,26.558115316,1.));
#5439=DIRECTION('',(0.,-1.,0.));
#5440=DIRECTION('',(-1.,0.,0.));
#5441=AXIS2_PLACEMENT_3D('',#5438,#5439,#5440);
#5442=PLANE('',#5441);
#5443=ORIENTED_EDGE('',*,*,#5432,.F.);
#5444=ORIENTED_EDGE('',*,*,#3879,.T.);
#5445=CARTESIAN_POINT('',(-140.713559394,26.558115316,4.5000254));
#5446=VERTEX_POINT('',#5445);
#5447=CARTESIAN_POINT('',(-140.713559394,26.558115316,6.0000254));
#5448=CARTESIAN_POINT('',(-140.713559394,26.558115316,4.5000254));
#5449=B_SPLINE_CURVE_WITH_KNOTS('',1,(#5447,#5448),.UNSPECIFIED.,.F.,.F.,(2,2),(-0.005000025,-0.003500025),.UNSPECIFIED.);
#5450=EDGE_CURVE('',#3866,#5446,#5449,.T.);
#5451=ORIENTED_EDGE('',*,*,#5450,.T.);
#5452=CARTESIAN_POINT('',(-136.046892727,26.558115316,4.5000254));
#5453=DIRECTION('',(-1.,0.,0.));
#5454=VECTOR('',#5453,4.666666667);
#5455=LINE('',#5452,#5454);
#5456=EDGE_CURVE('',#5414,#5446,#5455,.T.);
#5457=ORIENTED_EDGE('',*,*,#5456,.F.);
#5458=EDGE_LOOP('',(#5443,#5444,#5451,#5457));
#5459=FACE_BOUND('',#5458,.T.);
#5460=ADVANCED_FACE('',(#5459),#5442,.T.);
#5461=OVER_RIDING_STYLED_ITEM('',(#5382),#5460,#26);
#5462=CARTESIAN_POINT('',(-131.38022606,63.958188976,1.));
#5463=DIRECTION('',(0.,-1.,0.));
#5464=DIRECTION('',(-1.,0.,0.));
#5465=AXIS2_PLACEMENT_3D('',#5462,#5463,#5464);
#5466=PLANE('',#5465);
#5467=CARTESIAN_POINT('',(-136.046892727,63.958188976,4.5000254));
#5468=VERTEX_POINT('',#5467);
#5469=CARTESIAN_POINT('',(-136.046892727,63.958188976,4.5000254));
#5470=DIRECTION('',(0.,0.,-1.));
#5471=VECTOR('',#5470,1.5);
#5472=LINE('',#5469,#5471);
#5473=EDGE_CURVE('',#5468,#1431,#5472,.T.);
#5474=ORIENTED_EDGE('',*,*,#5473,.T.);
#5475=ORIENTED_EDGE('',*,*,#1436,.F.);
#5476=CARTESIAN_POINT('',(-131.38022606,63.958188976,3.0000254));
#5477=DIRECTION('',(-0.,-0.,1.));
#5478=VECTOR('',#5477,3.);
#5479=LINE('',#5476,#5478);
#5480=EDGE_CURVE('',#1423,#4158,#5479,.T.);
#5481=ORIENTED_EDGE('',*,*,#5480,.T.);
#5482=ORIENTED_EDGE('',*,*,#4201,.T.);
#5483=CARTESIAN_POINT('',(-136.046892727,63.958188976,6.0000254));
#5484=CARTESIAN_POINT('',(-136.046892727,63.958188976,4.5000254));
#5485=B_SPLINE_CURVE_WITH_KNOTS('',1,(#5483,#5484),.UNSPECIFIED.,.F.,.F.,(2,2),(-0.005000025,-0.003500025),.UNSPECIFIED.);
#5486=EDGE_CURVE('',#4190,#5468,#5485,.T.);
#5487=ORIENTED_EDGE('',*,*,#5486,.T.);
#5488=EDGE_LOOP('',(#5474,#5475,#5481,#5482,#5487));
#5489=FACE_BOUND('',#5488,.T.);
#5490=ADVANCED_FACE('',(#5489),#5466,.T.);
#5491=OVER_RIDING_STYLED_ITEM('',(#5382),#5490,#26);
#5492=CARTESIAN_POINT('',(-131.38022606,63.958188976,1.));
#5493=DIRECTION('',(0.,-1.,0.));
#5494=DIRECTION('',(-1.,0.,0.));
#5495=AXIS2_PLACEMENT_3D('',#5492,#5493,#5494);
#5496=PLANE('',#5495);
#5497=ORIENTED_EDGE('',*,*,#5486,.F.);
#5498=ORIENTED_EDGE('',*,*,#4195,.T.);
#5499=CARTESIAN_POINT('',(-140.713559394,63.958188976,4.5000254));
#5500=VERTEX_POINT('',#5499);
#5501=CARTESIAN_POINT('',(-140.713559394,63.958188976,6.0000254));
#5502=CARTESIAN_POINT('',(-140.713559394,63.958188976,4.5000254));
#5503=B_SPLINE_CURVE_WITH_KNOTS('',1,(#5501,#5502),.UNSPECIFIED.,.F.,.F.,(2,2),(-0.005000025,-0.003500025),.UNSPECIFIED.);
#5504=EDGE_CURVE('',#4182,#5500,#5503,.T.);
#5505=ORIENTED_EDGE('',*,*,#5504,.T.);
#5506=CARTESIAN_POINT('',(-136.046892727,63.958188976,4.5000254));
#5507=DIRECTION('',(-1.,0.,0.));
#5508=VECTOR('',#5507,4.666666667);
#5509=LINE('',#5506,#5508);
#5510=EDGE_CURVE('',#5468,#5500,#5509,.T.);
#5511=ORIENTED_EDGE('',*,*,#5510,.F.);
#5512=EDGE_LOOP('',(#5497,#5498,#5505,#5511));
#5513=FACE_BOUND('',#5512,.T.);
#5514=ADVANCED_FACE('',(#5513),#5496,.T.);
#5515=OVER_RIDING_STYLED_ITEM('',(#5382),#5514,#26);
#5516=CARTESIAN_POINT('',(-131.38022606,82.669227838,1.));
#5517=DIRECTION('',(0.,-1.,0.));
#5518=DIRECTION('',(-1.,0.,0.));
#5519=AXIS2_PLACEMENT_3D('',#5516,#5517,#5518);
#5520=PLANE('',#5519);
#5521=CARTESIAN_POINT('',(-136.046892727,82.669227838,4.5000254));
#5522=VERTEX_POINT('',#5521);
#5523=CARTESIAN_POINT('',(-136.046892727,82.669227838,4.5000254));
#5524=DIRECTION('',(0.,0.,-1.));
#5525=VECTOR('',#5524,1.5);
#5526=LINE('',#5523,#5525);
#5527=EDGE_CURVE('',#5522,#1333,#5526,.T.);
#5528=ORIENTED_EDGE('',*,*,#5527,.T.);
#5529=ORIENTED_EDGE('',*,*,#1338,.F.);
#5530=CARTESIAN_POINT('',(-131.38022606,82.669227838,3.0000254));
#5531=DIRECTION('',(-0.,-0.,1.));
#5532=VECTOR('',#5531,3.);
#5533=LINE('',#5530,#5532);
#5534=EDGE_CURVE('',#1325,#4108,#5533,.T.);
#5535=ORIENTED_EDGE('',*,*,#5534,.T.);
#5536=ORIENTED_EDGE('',*,*,#4151,.T.);
#5537=CARTESIAN_POINT('',(-136.046892727,82.669227838,6.0000254));
#5538=CARTESIAN_POINT('',(-136.046892727,82.669227838,4.5000254));
#5539=B_SPLINE_CURVE_WITH_KNOTS('',1,(#5537,#5538),.UNSPECIFIED.,.F.,.F.,(2,2),(-0.005000025,-0.003500025),.UNSPECIFIED.);
#5540=EDGE_CURVE('',#4140,#5522,#5539,.T.);
#5541=ORIENTED_EDGE('',*,*,#5540,.T.);
#5542=EDGE_LOOP('',(#5528,#5529,#5535,#5536,#5541));
#5543=FACE_BOUND('',#5542,.T.);
#5544=ADVANCED_FACE('',(#5543),#5520,.T.);
#5545=OVER_RIDING_STYLED_ITEM('',(#5382),#5544,#26);
#5546=CARTESIAN_POINT('',(-131.38022606,82.669227838,1.));
#5547=DIRECTION('',(0.,-1.,0.));
#5548=DIRECTION('',(-1.,0.,0.));
#5549=AXIS2_PLACEMENT_3D('',#5546,#5547,#5548);
#5550=PLANE('',#5549);
#5551=ORIENTED_EDGE('',*,*,#5540,.F.);
#5552=ORIENTED_EDGE('',*,*,#4145,.T.);
#5553=CARTESIAN_POINT('',(-140.713559394,82.669227838,4.5000254));
#5554=VERTEX_POINT('',#5553);
#5555=CARTESIAN_POINT('',(-140.713559394,82.669227838,6.0000254));
#5556=CARTESIAN_POINT('',(-140.713559394,82.669227838,4.5000254));
#5557=B_SPLINE_CURVE_WITH_KNOTS('',1,(#5555,#5556),.UNSPECIFIED.,.F.,.F.,(2,2),(-0.005000025,-0.003500025),.UNSPECIFIED.);
#5558=EDGE_CURVE('',#4132,#5554,#5557,.T.);
#5559=ORIENTED_EDGE('',*,*,#5558,.T.);
#5560=CARTESIAN_POINT('',(-136.046892727,82.669227838,4.5000254));
#5561=DIRECTION('',(-1.,0.,0.));
#5562=VECTOR('',#5561,4.666666667);
#5563=LINE('',#5560,#5562);
#5564=EDGE_CURVE('',#5522,#5554,#5563,.T.);
#5565=ORIENTED_EDGE('',*,*,#5564,.F.);
#5566=EDGE_LOOP('',(#5551,#5552,#5559,#5565));
#5567=FACE_BOUND('',#5566,.T.);
#5568=ADVANCED_FACE('',(#5567),#5550,.T.);
#5569=OVER_RIDING_STYLED_ITEM('',(#5382),#5568,#26);
#5570=CARTESIAN_POINT('',(-112.68018796,45.269151638,1.));
#5571=DIRECTION('',(0.,-1.,0.));
#5572=DIRECTION('',(-1.,0.,0.));
#5573=AXIS2_PLACEMENT_3D('',#5570,#5571,#5572);
#5574=PLANE('',#5573);
#5575=ORIENTED_EDGE('',*,*,#668,.F.);
#5576=CARTESIAN_POINT('',(-122.013521294,45.269151638,4.5000254));
#5577=VERTEX_POINT('',#5576);
#5578=CARTESIAN_POINT('',(-122.013521294,45.269151638,3.0000254));
#5579=DIRECTION('',(-0.,-0.,1.));
#5580=VECTOR('',#5579,1.5);
#5581=LINE('',#5578,#5580);
#5582=EDGE_CURVE('',#655,#5577,#5581,.T.);
#5583=ORIENTED_EDGE('',*,*,#5582,.T.);
#5584=CARTESIAN_POINT('',(-117.346854627,45.269151638,4.5000254));
#5585=VERTEX_POINT('',#5584);
#5586=CARTESIAN_POINT('',(-122.013521294,45.269151638,4.5000254));
#5587=DIRECTION('',(1.,-0.,-0.));
#5588=VECTOR('',#5587,4.666666667);
#5589=LINE('',#5586,#5588);
#5590=EDGE_CURVE('',#5577,#5585,#5589,.T.);
#5591=ORIENTED_EDGE('',*,*,#5590,.T.);
#5592=CARTESIAN_POINT('',(-117.346854627,45.269151638,4.5000254));
#5593=DIRECTION('',(0.,0.,-1.));
#5594=VECTOR('',#5593,1.5);
#5595=LINE('',#5592,#5594);
#5596=EDGE_CURVE('',#5585,#631,#5595,.T.);
#5597=ORIENTED_EDGE('',*,*,#5596,.T.);
#5598=ORIENTED_EDGE('',*,*,#636,.F.);
#5599=CARTESIAN_POINT('',(-112.68018796,45.269151638,3.0000254));
#5600=DIRECTION('',(-0.,-0.,1.));
#5601=VECTOR('',#5600,3.);
#5602=LINE('',#5599,#5601);
#5603=EDGE_CURVE('',#623,#4925,#5602,.T.);
#5604=ORIENTED_EDGE('',*,*,#5603,.T.);
#5605=ORIENTED_EDGE('',*,*,#4930,.T.);
#5606=CARTESIAN_POINT('',(-126.68018796,45.269151638,3.0000254));
#5607=DIRECTION('',(-0.,-0.,1.));
#5608=VECTOR('',#5607,3.);
#5609=LINE('',#5606,#5608);
#5610=EDGE_CURVE('',#663,#4917,#5609,.T.);
#5611=ORIENTED_EDGE('',*,*,#5610,.F.);
#5612=EDGE_LOOP('',(#5575,#5583,#5591,#5597,#5598,#5604,#5605,#5611));
#5613=FACE_BOUND('',#5612,.T.);
#5614=ADVANCED_FACE('',(#5613),#5574,.T.);
#5615=OVER_RIDING_STYLED_ITEM('',(#5382),#5614,#26);
#5616=CARTESIAN_POINT('',(-112.68018796,63.969189738,1.));
#5617=DIRECTION('',(0.,-1.,0.));
#5618=DIRECTION('',(-1.,0.,0.));
#5619=AXIS2_PLACEMENT_3D('',#5616,#5617,#5618);
#5620=PLANE('',#5619);
#5621=ORIENTED_EDGE('',*,*,#766,.F.);
#5622=CARTESIAN_POINT('',(-122.013521294,63.969189738,4.5000254));
#5623=VERTEX_POINT('',#5622);
#5624=CARTESIAN_POINT('',(-122.013521294,63.969189738,3.0000254));
#5625=DIRECTION('',(-0.,-0.,1.));
#5626=VECTOR('',#5625,1.5);
#5627=LINE('',#5624,#5626);
#5628=EDGE_CURVE('',#753,#5623,#5627,.T.);
#5629=ORIENTED_EDGE('',*,*,#5628,.T.);
#5630=CARTESIAN_POINT('',(-117.346854627,63.969189738,4.5000254));
#5631=VERTEX_POINT('',#5630);
#5632=CARTESIAN_POINT('',(-122.013521294,63.969189738,4.5000254));
#5633=DIRECTION('',(1.,-0.,-0.));
#5634=VECTOR('',#5633,4.666666667);
#5635=LINE('',#5632,#5634);
#5636=EDGE_CURVE('',#5623,#5631,#5635,.T.);
#5637=ORIENTED_EDGE('',*,*,#5636,.T.);
#5638=CARTESIAN_POINT('',(-117.346854627,63.969189738,4.5000254));
#5639=DIRECTION('',(0.,0.,-1.));
#5640=VECTOR('',#5639,1.5);
#5641=LINE('',#5638,#5640);
#5642=EDGE_CURVE('',#5631,#729,#5641,.T.);
#5643=ORIENTED_EDGE('',*,*,#5642,.T.);
#5644=ORIENTED_EDGE('',*,*,#734,.F.);
#5645=CARTESIAN_POINT('',(-112.68018796,63.969189738,3.0000254));
#5646=DIRECTION('',(-0.,-0.,1.));
#5647=VECTOR('',#5646,3.);
#5648=LINE('',#5645,#5647);
#5649=EDGE_CURVE('',#721,#4959,#5648,.T.);
#5650=ORIENTED_EDGE('',*,*,#5649,.T.);
#5651=ORIENTED_EDGE('',*,*,#4964,.T.);
#5652=CARTESIAN_POINT('',(-126.68018796,63.969189738,3.0000254));
#5653=DIRECTION('',(-0.,-0.,1.));
#5654=VECTOR('',#5653,3.);
#5655=LINE('',#5652,#5654);
#5656=EDGE_CURVE('',#761,#4951,#5655,.T.);
#5657=ORIENTED_EDGE('',*,*,#5656,.F.);
#5658=EDGE_LOOP('',(#5621,#5629,#5637,#5643,#5644,#5650,#5651,#5657));
#5659=FACE_BOUND('',#5658,.T.);
#5660=ADVANCED_FACE('',(#5659),#5620,.T.);
#5661=OVER_RIDING_STYLED_ITEM('',(#5382),#5660,#26);
#5662=CARTESIAN_POINT('',(-112.68018796,82.669227838,1.));
#5663=DIRECTION('',(0.,-1.,0.));
#5664=DIRECTION('',(-1.,0.,0.));
#5665=AXIS2_PLACEMENT_3D('',#5662,#5663,#5664);
#5666=PLANE('',#5665);
#5667=CARTESIAN_POINT('',(-117.346854627,82.669227838,4.5000254));
#5668=VERTEX_POINT('',#5667);
#5669=CARTESIAN_POINT('',(-117.346854627,82.669227838,4.5000254));
#5670=DIRECTION('',(0.,0.,-1.));
#5671=VECTOR('',#5670,1.5);
#5672=LINE('',#5669,#5671);
#5673=EDGE_CURVE('',#5668,#843,#5672,.T.);
#5674=ORIENTED_EDGE('',*,*,#5673,.T.);
#5675=ORIENTED_EDGE('',*,*,#848,.F.);
#5676=CARTESIAN_POINT('',(-112.68018796,82.669227838,3.0000254));
#5677=DIRECTION('',(-0.,-0.,1.));
#5678=VECTOR('',#5677,3.);
#5679=LINE('',#5676,#5678);
#5680=EDGE_CURVE('',#835,#4058,#5679,.T.);
#5681=ORIENTED_EDGE('',*,*,#5680,.T.);
#5682=ORIENTED_EDGE('',*,*,#4101,.T.);
#5683=CARTESIAN_POINT('',(-117.346854627,82.669227838,6.0000254));
#5684=CARTESIAN_POINT('',(-117.346854627,82.669227838,4.5000254));
#5685=B_SPLINE_CURVE_WITH_KNOTS('',1,(#5683,#5684),.UNSPECIFIED.,.F.,.F.,(2,2),(-0.005000025,-0.003500025),.UNSPECIFIED.);
#5686=EDGE_CURVE('',#4090,#5668,#5685,.T.);
#5687=ORIENTED_EDGE('',*,*,#5686,.T.);
#5688=EDGE_LOOP('',(#5674,#5675,#5681,#5682,#5687));
#5689=FACE_BOUND('',#5688,.T.);
#5690=ADVANCED_FACE('',(#5689),#5666,.T.);
#5691=OVER_RIDING_STYLED_ITEM('',(#5382),#5690,#26);
#5692=CARTESIAN_POINT('',(-112.68018796,82.669227838,1.));
#5693=DIRECTION('',(0.,-1.,0.));
#5694=DIRECTION('',(-1.,0.,0.));
#5695=AXIS2_PLACEMENT_3D('',#5692,#5693,#5694);
#5696=PLANE('',#5695);
#5697=ORIENTED_EDGE('',*,*,#5686,.F.);
#5698=ORIENTED_EDGE('',*,*,#4095,.T.);
#5699=CARTESIAN_POINT('',(-122.013521294,82.669227838,4.5000254));
#5700=VERTEX_POINT('',#5699);
#5701=CARTESIAN_POINT('',(-122.013521294,82.669227838,6.0000254));
#5702=CARTESIAN_POINT('',(-122.013521294,82.669227838,4.5000254));
#5703=B_SPLINE_CURVE_WITH_KNOTS('',1,(#5701,#5702),.UNSPECIFIED.,.F.,.F.,(2,2),(-0.005000025,-0.003500025),.UNSPECIFIED.);
#5704=EDGE_CURVE('',#4082,#5700,#5703,.T.);
#5705=ORIENTED_EDGE('',*,*,#5704,.T.);
#5706=CARTESIAN_POINT('',(-117.346854627,82.669227838,4.5000254));
#5707=DIRECTION('',(-1.,0.,0.));
#5708=VECTOR('',#5707,4.666666667);
#5709=LINE('',#5706,#5708);
#5710=EDGE_CURVE('',#5668,#5700,#5709,.T.);
#5711=ORIENTED_EDGE('',*,*,#5710,.F.);
#5712=EDGE_LOOP('',(#5697,#5698,#5705,#5711));
#5713=FACE_BOUND('',#5712,.T.);
#5714=ADVANCED_FACE('',(#5713),#5696,.T.);
#5715=OVER_RIDING_STYLED_ITEM('',(#5382),#5714,#26);
#5716=CARTESIAN_POINT('',(-103.33017018,103.936271273,1.));
#5717=DIRECTION('',(0.,-1.,0.));
#5718=DIRECTION('',(-1.,0.,0.));
#5719=AXIS2_PLACEMENT_3D('',#5716,#5717,#5718);
#5720=PLANE('',#5719);
#5721=CARTESIAN_POINT('',(-107.996836847,103.936271273,4.5000254));
#5722=VERTEX_POINT('',#5721);
#5723=CARTESIAN_POINT('',(-107.996836847,103.936271273,4.5000254));
#5724=DIRECTION('',(0.,0.,-1.));
#5725=VECTOR('',#5724,1.5);
#5726=LINE('',#5723,#5725);
#5727=EDGE_CURVE('',#5722,#1235,#5726,.T.);
#5728=ORIENTED_EDGE('',*,*,#5727,.T.);
#5729=ORIENTED_EDGE('',*,*,#1240,.F.);
#5730=CARTESIAN_POINT('',(-103.33017018,103.936271273,3.0000254));
#5731=DIRECTION('',(-0.,-0.,1.));
#5732=VECTOR('',#5731,3.);
#5733=LINE('',#5730,#5732);
#5734=EDGE_CURVE('',#1227,#4382,#5733,.T.);
#5735=ORIENTED_EDGE('',*,*,#5734,.T.);
#5736=ORIENTED_EDGE('',*,*,#4387,.T.);
#5737=CARTESIAN_POINT('',(-107.996836847,103.936271273,6.0000254));
#5738=CARTESIAN_POINT('',(-107.996836847,103.936271273,4.5000254));
#5739=B_SPLINE_CURVE_WITH_KNOTS('',1,(#5737,#5738),.UNSPECIFIED.,.F.,.F.,(2,2),(-0.005000025,-0.003500025),.UNSPECIFIED.);
#5740=EDGE_CURVE('',#4374,#5722,#5739,.T.);
#5741=ORIENTED_EDGE('',*,*,#5740,.T.);
#5742=EDGE_LOOP('',(#5728,#5729,#5735,#5736,#5741));
#5743=FACE_BOUND('',#5742,.T.);
#5744=ADVANCED_FACE('',(#5743),#5720,.T.);
#5745=OVER_RIDING_STYLED_ITEM('',(#5382),#5744,#26);
#5746=CARTESIAN_POINT('',(-103.33017018,103.936271273,1.));
#5747=DIRECTION('',(0.,-1.,0.));
#5748=DIRECTION('',(-1.,0.,0.));
#5749=AXIS2_PLACEMENT_3D('',#5746,#5747,#5748);
#5750=PLANE('',#5749);
#5751=ORIENTED_EDGE('',*,*,#5740,.F.);
#5752=ORIENTED_EDGE('',*,*,#4379,.T.);
#5753=CARTESIAN_POINT('',(-112.663503514,103.936271273,4.5000254));
#5754=VERTEX_POINT('',#5753);
#5755=CARTESIAN_POINT('',(-112.663503514,103.936271273,6.0000254));
#5756=CARTESIAN_POINT('',(-112.663503514,103.936271273,4.5000254));
#5757=B_SPLINE_CURVE_WITH_KNOTS('',1,(#5755,#5756),.UNSPECIFIED.,.F.,.F.,(2,2),(-0.005000025,-0.003500025),.UNSPECIFIED.);
#5758=EDGE_CURVE('',#4366,#5754,#5757,.T.);
#5759=ORIENTED_EDGE('',*,*,#5758,.T.);
#5760=CARTESIAN_POINT('',(-107.996836847,103.936271273,4.5000254));
#5761=DIRECTION('',(-1.,0.,0.));
#5762=VECTOR('',#5761,4.666666667);
#5763=LINE('',#5760,#5762);
#5764=EDGE_CURVE('',#5722,#5754,#5763,.T.);
#5765=ORIENTED_EDGE('',*,*,#5764,.F.);
#5766=EDGE_LOOP('',(#5751,#5752,#5759,#5765));
#5767=FACE_BOUND('',#5766,.T.);
#5768=ADVANCED_FACE('',(#5767),#5750,.T.);
#5769=OVER_RIDING_STYLED_ITEM('',(#5382),#5768,#26);
#5770=CARTESIAN_POINT('',(-93.9801524,66.536195072,1.));
#5771=DIRECTION('',(0.,-1.,0.));
#5772=DIRECTION('',(-1.,0.,0.));
#5773=AXIS2_PLACEMENT_3D('',#5770,#5771,#5772);
#5774=PLANE('',#5773);
#5775=ORIENTED_EDGE('',*,*,#1060,.F.);
#5776=CARTESIAN_POINT('',(-103.313485734,66.536195072,4.5000254));
#5777=VERTEX_POINT('',#5776);
#5778=CARTESIAN_POINT('',(-103.313485734,66.536195072,3.0000254));
#5779=DIRECTION('',(-0.,-0.,1.));
#5780=VECTOR('',#5779,1.5);
#5781=LINE('',#5778,#5780);
#5782=EDGE_CURVE('',#1047,#5777,#5781,.T.);
#5783=ORIENTED_EDGE('',*,*,#5782,.T.);
#5784=CARTESIAN_POINT('',(-98.646819067,66.536195072,4.5000254));
#5785=VERTEX_POINT('',#5784);
#5786=CARTESIAN_POINT('',(-103.313485734,66.536195072,4.5000254));
#5787=DIRECTION('',(1.,-0.,-0.));
#5788=VECTOR('',#5787,4.666666667);
#5789=LINE('',#5786,#5788);
#5790=EDGE_CURVE('',#5777,#5785,#5789,.T.);
#5791=ORIENTED_EDGE('',*,*,#5790,.T.);
#5792=CARTESIAN_POINT('',(-98.646819067,66.536195072,4.5000254));
#5793=DIRECTION('',(0.,0.,-1.));
#5794=VECTOR('',#5793,1.5);
#5795=LINE('',#5792,#5794);
#5796=EDGE_CURVE('',#5785,#1023,#5795,.T.);
#5797=ORIENTED_EDGE('',*,*,#5796,.T.);
#5798=ORIENTED_EDGE('',*,*,#1028,.F.);
#5799=CARTESIAN_POINT('',(-93.9801524,66.536195072,3.0000254));
#5800=DIRECTION('',(-0.,-0.,1.));
#5801=VECTOR('',#5800,3.);
#5802=LINE('',#5799,#5801);
#5803=EDGE_CURVE('',#1015,#4993,#5802,.T.);
#5804=ORIENTED_EDGE('',*,*,#5803,.T.);
#5805=ORIENTED_EDGE('',*,*,#4998,.T.);
#5806=CARTESIAN_POINT('',(-107.9801524,66.536195072,3.0000254));
#5807=DIRECTION('',(-0.,-0.,1.));
#5808=VECTOR('',#5807,3.);
#5809=LINE('',#5806,#5808);
#5810=EDGE_CURVE('',#1055,#4985,#5809,.T.);
#5811=ORIENTED_EDGE('',*,*,#5810,.F.);
#5812=EDGE_LOOP('',(#5775,#5783,#5791,#5797,#5798,#5804,#5805,#5811));
#5813=FACE_BOUND('',#5812,.T.);
#5814=ADVANCED_FACE('',(#5813),#5774,.T.);
#5815=OVER_RIDING_STYLED_ITEM('',(#5382),#5814,#26);
#5816=CARTESIAN_POINT('',(-93.9801524,85.236233172,1.));
#5817=DIRECTION('',(0.,-1.,0.));
#5818=DIRECTION('',(-1.,0.,0.));
#5819=AXIS2_PLACEMENT_3D('',#5816,#5817,#5818);
#5820=PLANE('',#5819);
#5821=CARTESIAN_POINT('',(-98.646819067,85.236233172,4.5000254));
#5822=VERTEX_POINT('',#5821);
#5823=CARTESIAN_POINT('',(-98.646819067,85.236233172,4.5000254));
#5824=DIRECTION('',(0.,0.,-1.));
#5825=VECTOR('',#5824,1.5);
#5826=LINE('',#5823,#5825);
#5827=EDGE_CURVE('',#5822,#941,#5826,.T.);
#5828=ORIENTED_EDGE('',*,*,#5827,.T.);
#5829=ORIENTED_EDGE('',*,*,#946,.F.);
#5830=CARTESIAN_POINT('',(-93.9801524,85.236233172,3.0000254));
#5831=DIRECTION('',(-0.,-0.,1.));
#5832=VECTOR('',#5831,3.);
#5833=LINE('',#5830,#5832);
#5834=EDGE_CURVE('',#933,#4340,#5833,.T.);
#5835=ORIENTED_EDGE('',*,*,#5834,.T.);
#5836=ORIENTED_EDGE('',*,*,#4345,.T.);
#5837=CARTESIAN_POINT('',(-98.646819067,85.236233172,6.0000254));
#5838=CARTESIAN_POINT('',(-98.646819067,85.236233172,4.5000254));
#5839=B_SPLINE_CURVE_WITH_KNOTS('',1,(#5837,#5838),.UNSPECIFIED.,.F.,.F.,(2,2),(-0.005000025,-0.003500025),.UNSPECIFIED.);
#5840=EDGE_CURVE('',#4332,#5822,#5839,.T.);
#5841=ORIENTED_EDGE('',*,*,#5840,.T.);
#5842=EDGE_LOOP('',(#5828,#5829,#5835,#5836,#5841));
#5843=FACE_BOUND('',#5842,.T.);
#5844=ADVANCED_FACE('',(#5843),#5820,.T.);
#5845=OVER_RIDING_STYLED_ITEM('',(#5382),#5844,#26);
#5846=CARTESIAN_POINT('',(-93.9801524,85.236233172,1.));
#5847=DIRECTION('',(0.,-1.,0.));
#5848=DIRECTION('',(-1.,0.,0.));
#5849=AXIS2_PLACEMENT_3D('',#5846,#5847,#5848);
#5850=PLANE('',#5849);
#5851=ORIENTED_EDGE('',*,*,#5840,.F.);
#5852=ORIENTED_EDGE('',*,*,#4337,.T.);
#5853=CARTESIAN_POINT('',(-103.313485734,85.236233172,4.5000254));
#5854=VERTEX_POINT('',#5853);
#5855=CARTESIAN_POINT('',(-103.313485734,85.236233172,6.0000254));
#5856=CARTESIAN_POINT('',(-103.313485734,85.236233172,4.5000254));
#5857=B_SPLINE_CURVE_WITH_KNOTS('',1,(#5855,#5856),.UNSPECIFIED.,.F.,.F.,(2,2),(-0.005000025,-0.003500025),.UNSPECIFIED.);
#5858=EDGE_CURVE('',#4324,#5854,#5857,.T.);
#5859=ORIENTED_EDGE('',*,*,#5858,.T.);
#5860=CARTESIAN_POINT('',(-98.646819067,85.236233172,4.5000254));
#5861=DIRECTION('',(-1.,0.,0.));
#5862=VECTOR('',#5861,4.666666667);
#5863=LINE('',#5860,#5862);
#5864=EDGE_CURVE('',#5822,#5854,#5863,.T.);
#5865=ORIENTED_EDGE('',*,*,#5864,.F.);
#5866=EDGE_LOOP('',(#5851,#5852,#5859,#5865));
#5867=FACE_BOUND('',#5866,.T.);
#5868=ADVANCED_FACE('',(#5867),#5850,.T.);
#5869=OVER_RIDING_STYLED_ITEM('',(#5382),#5868,#26);
#5870=CARTESIAN_POINT('',(-93.9801524,47.836156972,1.));
#5871=DIRECTION('',(0.,-1.,0.));
#5872=DIRECTION('',(-1.,0.,0.));
#5873=AXIS2_PLACEMENT_3D('',#5870,#5871,#5872);
#5874=PLANE('',#5873);
#5875=ORIENTED_EDGE('',*,*,#1158,.F.);
#5876=CARTESIAN_POINT('',(-103.313485734,47.836156972,4.5000254));
#5877=VERTEX_POINT('',#5876);
#5878=CARTESIAN_POINT('',(-103.313485734,47.836156972,3.0000254));
#5879=DIRECTION('',(-0.,-0.,1.));
#5880=VECTOR('',#5879,1.5);
#5881=LINE('',#5878,#5880);
#5882=EDGE_CURVE('',#1145,#5877,#5881,.T.);
#5883=ORIENTED_EDGE('',*,*,#5882,.T.);
#5884=CARTESIAN_POINT('',(-98.646819067,47.836156972,4.5000254));
#5885=VERTEX_POINT('',#5884);
#5886=CARTESIAN_POINT('',(-103.313485734,47.836156972,4.5000254));
#5887=DIRECTION('',(1.,-0.,-0.));
#5888=VECTOR('',#5887,4.666666667);
#5889=LINE('',#5886,#5888);
#5890=EDGE_CURVE('',#5877,#5885,#5889,.T.);
#5891=ORIENTED_EDGE('',*,*,#5890,.T.);
#5892=CARTESIAN_POINT('',(-98.646819067,47.836156972,4.5000254));
#5893=DIRECTION('',(0.,0.,-1.));
#5894=VECTOR('',#5893,1.5);
#5895=LINE('',#5892,#5894);
#5896=EDGE_CURVE('',#5885,#1121,#5895,.T.);
#5897=ORIENTED_EDGE('',*,*,#5896,.T.);
#5898=ORIENTED_EDGE('',*,*,#1126,.F.);
#5899=CARTESIAN_POINT('',(-93.9801524,47.836156972,3.0000254));
#5900=DIRECTION('',(-0.,-0.,1.));
#5901=VECTOR('',#5900,3.);
#5902=LINE('',#5899,#5901);
#5903=EDGE_CURVE('',#1113,#5027,#5902,.T.);
#5904=ORIENTED_EDGE('',*,*,#5903,.T.);
#5905=ORIENTED_EDGE('',*,*,#5032,.T.);
#5906=CARTESIAN_POINT('',(-107.9801524,47.836156972,3.0000254));
#5907=DIRECTION('',(-0.,-0.,1.));
#5908=VECTOR('',#5907,3.);
#5909=LINE('',#5906,#5908);
#5910=EDGE_CURVE('',#1153,#5019,#5909,.T.);
#5911=ORIENTED_EDGE('',*,*,#5910,.F.);
#5912=EDGE_LOOP('',(#5875,#5883,#5891,#5897,#5898,#5904,#5905,#5911));
#5913=FACE_BOUND('',#5912,.T.);
#5914=ADVANCED_FACE('',(#5913),#5874,.T.);
#5915=OVER_RIDING_STYLED_ITEM('',(#5382),#5914,#26);
#5916=CARTESIAN_POINT('',(-85.629056924,23.42069437,1.));
#5917=DIRECTION('',(0.173648178,-0.984807753,0.));
#5918=DIRECTION('',(-0.984807753,-0.173648178,0.));
#5919=AXIS2_PLACEMENT_3D('',#5916,#5917,#5918);
#5920=PLANE('',#5919);
#5921=CARTESIAN_POINT('',(-90.224826438,22.610336208,4.5000254));
#5922=VERTEX_POINT('',#5921);
#5923=CARTESIAN_POINT('',(-90.224826438,22.610336208,4.5000254));
#5924=DIRECTION('',(0.,0.,-1.));
#5925=VECTOR('',#5924,1.5);
#5926=LINE('',#5923,#5925);
#5927=EDGE_CURVE('',#5922,#3046,#5926,.T.);
#5928=ORIENTED_EDGE('',*,*,#5927,.T.);
#5929=ORIENTED_EDGE('',*,*,#3051,.F.);
#5930=CARTESIAN_POINT('',(-85.629056924,23.42069437,3.0000254));
#5931=DIRECTION('',(-0.,-0.,1.));
#5932=VECTOR('',#5931,3.);
#5933=LINE('',#5930,#5932);
#5934=EDGE_CURVE('',#3038,#3906,#5933,.T.);
#5935=ORIENTED_EDGE('',*,*,#5934,.T.);
#5936=ORIENTED_EDGE('',*,*,#3913,.T.);
#5937=CARTESIAN_POINT('',(-90.224826438,22.610336208,6.0000254));
#5938=CARTESIAN_POINT('',(-90.224826438,22.610336208,4.5000254));
#5939=B_SPLINE_CURVE_WITH_KNOTS('',1,(#5937,#5938),.UNSPECIFIED.,.F.,.F.,(2,2),(-0.005000025,-0.003500025),.UNSPECIFIED.);
#5940=EDGE_CURVE('',#3908,#5922,#5939,.T.);
#5941=ORIENTED_EDGE('',*,*,#5940,.T.);
#5942=EDGE_LOOP('',(#5928,#5929,#5935,#5936,#5941));
#5943=FACE_BOUND('',#5942,.T.);
#5944=ADVANCED_FACE('',(#5943),#5920,.T.);
#5945=OVER_RIDING_STYLED_ITEM('',(#5382),#5944,#26);
#5946=CARTESIAN_POINT('',(-85.629056924,23.42069437,1.));
#5947=DIRECTION('',(0.173648178,-0.984807753,0.));
#5948=DIRECTION('',(-0.984807753,-0.173648178,0.));
#5949=AXIS2_PLACEMENT_3D('',#5946,#5947,#5948);
#5950=PLANE('',#5949);
#5951=ORIENTED_EDGE('',*,*,#5940,.F.);
#5952=ORIENTED_EDGE('',*,*,#3951,.T.);
#5953=CARTESIAN_POINT('',(-94.820595952,21.799978045,4.5000254));
#5954=VERTEX_POINT('',#5953);
#5955=CARTESIAN_POINT('',(-94.820595952,21.799978045,6.0000254));
#5956=CARTESIAN_POINT('',(-94.820595952,21.799978045,4.5000254));
#5957=B_SPLINE_CURVE_WITH_KNOTS('',1,(#5955,#5956),.UNSPECIFIED.,.F.,.F.,(2,2),(-0.005000025,-0.003500025),.UNSPECIFIED.);
#5958=EDGE_CURVE('',#3940,#5954,#5957,.T.);
#5959=ORIENTED_EDGE('',*,*,#5958,.T.);
#5960=CARTESIAN_POINT('',(-90.224826438,22.610336208,4.5000254));
#5961=DIRECTION('',(-0.984807753,-0.173648178,0.));
#5962=VECTOR('',#5961,4.666666667);
#5963=LINE('',#5960,#5962);
#5964=EDGE_CURVE('',#5922,#5954,#5963,.T.);
#5965=ORIENTED_EDGE('',*,*,#5964,.F.);
#5966=EDGE_LOOP('',(#5951,#5952,#5959,#5965));
#5967=FACE_BOUND('',#5966,.T.);
#5968=ADVANCED_FACE('',(#5967),#5950,.T.);
#5969=OVER_RIDING_STYLED_ITEM('',(#5382),#5968,#26);
#5970=CARTESIAN_POINT('',(-84.63013208,103.936271273,1.));
#5971=DIRECTION('',(0.,-1.,0.));
#5972=DIRECTION('',(-1.,0.,0.));
#5973=AXIS2_PLACEMENT_3D('',#5970,#5971,#5972);
#5974=PLANE('',#5973);
#5975=CARTESIAN_POINT('',(-89.296798747,103.936271273,4.5000254));
#5976=VERTEX_POINT('',#5975);
#5977=CARTESIAN_POINT('',(-89.296798747,103.936271273,4.5000254));
#5978=DIRECTION('',(0.,0.,-1.));
#5979=VECTOR('',#5978,1.5);
#5980=LINE('',#5977,#5979);
#5981=EDGE_CURVE('',#5976,#3144,#5980,.T.);
#5982=ORIENTED_EDGE('',*,*,#5981,.T.);
#5983=ORIENTED_EDGE('',*,*,#3149,.F.);
#5984=CARTESIAN_POINT('',(-84.63013208,103.936271273,3.0000254));
#5985=DIRECTION('',(-0.,-0.,1.));
#5986=VECTOR('',#5985,3.);
#5987=LINE('',#5984,#5986);
#5988=EDGE_CURVE('',#3136,#3682,#5987,.T.);
#5989=ORIENTED_EDGE('',*,*,#5988,.T.);
#5990=ORIENTED_EDGE('',*,*,#3687,.T.);
#5991=CARTESIAN_POINT('',(-89.296798747,103.936271273,6.0000254));
#5992=CARTESIAN_POINT('',(-89.296798747,103.936271273,4.5000254));
#5993=B_SPLINE_CURVE_WITH_KNOTS('',1,(#5991,#5992),.UNSPECIFIED.,.F.,.F.,(2,2),(-0.005000025,-0.003500025),.UNSPECIFIED.);
#5994=EDGE_CURVE('',#3674,#5976,#5993,.T.);
#5995=ORIENTED_EDGE('',*,*,#5994,.T.);
#5996=EDGE_LOOP('',(#5982,#5983,#5989,#5990,#5995));
#5997=FACE_BOUND('',#5996,.T.);
#5998=ADVANCED_FACE('',(#5997),#5974,.T.);
#5999=OVER_RIDING_STYLED_ITEM('',(#5382),#5998,#26);
#6000=CARTESIAN_POINT('',(-84.63013208,103.936271273,1.));
#6001=DIRECTION('',(0.,-1.,0.));
#6002=DIRECTION('',(-1.,0.,0.));
#6003=AXIS2_PLACEMENT_3D('',#6000,#6001,#6002);
#6004=PLANE('',#6003);
#6005=ORIENTED_EDGE('',*,*,#5994,.F.);
#6006=ORIENTED_EDGE('',*,*,#3679,.T.);
#6007=CARTESIAN_POINT('',(-93.963465414,103.936271273,4.5000254));
#6008=VERTEX_POINT('',#6007);
#6009=CARTESIAN_POINT('',(-93.963465414,103.936271273,6.0000254));
#6010=CARTESIAN_POINT('',(-93.963465414,103.936271273,4.5000254));
#6011=B_SPLINE_CURVE_WITH_KNOTS('',1,(#6009,#6010),.UNSPECIFIED.,.F.,.F.,(2,2),(-0.005000025,-0.003500025),.UNSPECIFIED.);
#6012=EDGE_CURVE('',#3666,#6008,#6011,.T.);
#6013=ORIENTED_EDGE('',*,*,#6012,.T.);
#6014=CARTESIAN_POINT('',(-89.296798747,103.936271273,4.5000254));
#6015=DIRECTION('',(-1.,0.,0.));
#6016=VECTOR('',#6015,4.666666667);
#6017=LINE('',#6014,#6016);
#6018=EDGE_CURVE('',#5976,#6008,#6017,.T.);
#6019=ORIENTED_EDGE('',*,*,#6018,.F.);
#6020=EDGE_LOOP('',(#6005,#6006,#6013,#6019));
#6021=FACE_BOUND('',#6020,.T.);
#6022=ADVANCED_FACE('',(#6021),#6004,.T.);
#6023=OVER_RIDING_STYLED_ITEM('',(#5382),#6022,#26);
#6024=CARTESIAN_POINT('',(-75.296113792,45.269151638,1.));
#6025=DIRECTION('',(0.,-1.,0.));
#6026=DIRECTION('',(-1.,0.,0.));
#6027=AXIS2_PLACEMENT_3D('',#6024,#6025,#6026);
#6028=PLANE('',#6027);
#6029=ORIENTED_EDGE('',*,*,#2440,.F.);
#6030=CARTESIAN_POINT('',(-84.613447634,45.269151638,4.5000254));
#6031=VERTEX_POINT('',#6030);
#6032=CARTESIAN_POINT('',(-84.613447634,45.269151638,3.0000254));
#6033=DIRECTION('',(-0.,-0.,1.));
#6034=VECTOR('',#6033,1.5);
#6035=LINE('',#6032,#6034);
#6036=EDGE_CURVE('',#2427,#6031,#6035,.T.);
#6037=ORIENTED_EDGE('',*,*,#6036,.T.);
#6038=CARTESIAN_POINT('',(-79.946780967,45.269151638,4.5000254));
#6039=VERTEX_POINT('',#6038);
#6040=CARTESIAN_POINT('',(-84.613447634,45.269151638,4.5000254));
#6041=DIRECTION('',(1.,-0.,-0.));
#6042=VECTOR('',#6041,4.666666667);
#6043=LINE('',#6040,#6042);
#6044=EDGE_CURVE('',#6031,#6039,#6043,.T.);
#6045=ORIENTED_EDGE('',*,*,#6044,.T.);
#6046=CARTESIAN_POINT('',(-79.946780967,45.269151638,4.5000254));
#6047=DIRECTION('',(0.,0.,-1.));
#6048=VECTOR('',#6047,1.5);
#6049=LINE('',#6046,#6048);
#6050=EDGE_CURVE('',#6039,#2403,#6049,.T.);
#6051=ORIENTED_EDGE('',*,*,#6050,.T.);
#6052=ORIENTED_EDGE('',*,*,#2408,.F.);
#6053=CARTESIAN_POINT('',(-75.296113792,45.269151638,3.0000254));
#6054=DIRECTION('',(-0.,-0.,1.));
#6055=VECTOR('',#6054,3.);
#6056=LINE('',#6053,#6055);
#6057=EDGE_CURVE('',#2395,#5247,#6056,.T.);
#6058=ORIENTED_EDGE('',*,*,#6057,.T.);
#6059=ORIENTED_EDGE('',*,*,#5252,.T.);
#6060=CARTESIAN_POINT('',(-89.296113792,45.269151638,3.0000254));
#6061=DIRECTION('',(-0.,-0.,1.));
#6062=VECTOR('',#6061,3.);
#6063=LINE('',#6060,#6062);
#6064=EDGE_CURVE('',#2435,#5239,#6063,.T.);
#6065=ORIENTED_EDGE('',*,*,#6064,.F.);
#6066=EDGE_LOOP('',(#6029,#6037,#6045,#6051,#6052,#6058,#6059,#6065));
#6067=FACE_BOUND('',#6066,.T.);
#6068=ADVANCED_FACE('',(#6067),#6028,.T.);
#6069=OVER_RIDING_STYLED_ITEM('',(#5382),#6068,#26);
#6070=CARTESIAN_POINT('',(-75.296113792,31.169123698,1.));
#6071=DIRECTION('',(-1.,0.,0.));
#6072=DIRECTION('',(0.,1.,0.));
#6073=AXIS2_PLACEMENT_3D('',#6070,#6071,#6072);
#6074=PLANE('',#6073);
#6075=ORIENTED_EDGE('',*,*,#2400,.F.);
#6076=CARTESIAN_POINT('',(-75.296113792,45.258150876,3.0000254));
#6077=DIRECTION('',(0.,0.,1.));
#6078=VECTOR('',#6077,3.);
#6079=LINE('',#6076,#6078);
#6080=EDGE_CURVE('',#2387,#5255,#6079,.T.);
#6081=ORIENTED_EDGE('',*,*,#6080,.T.);
#6082=ORIENTED_EDGE('',*,*,#5260,.T.);
#6083=ORIENTED_EDGE('',*,*,#6057,.F.);
#6084=EDGE_LOOP('',(#6075,#6081,#6082,#6083));
#6085=FACE_BOUND('',#6084,.T.);
#6086=ADVANCED_FACE('',(#6085),#6074,.T.);
#6087=OVER_RIDING_STYLED_ITEM('',(#5382),#6086,#26);
#6088=CARTESIAN_POINT('',(-75.2801143,63.969189738,1.));
#6089=DIRECTION('',(0.,-1.,0.));
#6090=DIRECTION('',(-1.,0.,0.));
#6091=AXIS2_PLACEMENT_3D('',#6088,#6089,#6090);
#6092=PLANE('',#6091);
#6093=ORIENTED_EDGE('',*,*,#3557,.F.);
#6094=CARTESIAN_POINT('',(-84.613447634,63.969189738,4.5000254));
#6095=VERTEX_POINT('',#6094);
#6096=CARTESIAN_POINT('',(-84.613447634,63.969189738,3.0000254));
#6097=DIRECTION('',(-0.,-0.,1.));
#6098=VECTOR('',#6097,1.5);
#6099=LINE('',#6096,#6098);
#6100=EDGE_CURVE('',#3544,#6095,#6099,.T.);
#6101=ORIENTED_EDGE('',*,*,#6100,.T.);
#6102=CARTESIAN_POINT('',(-79.946780967,63.969189738,4.5000254));
#6103=VERTEX_POINT('',#6102);
#6104=CARTESIAN_POINT('',(-84.613447634,63.969189738,4.5000254));
#6105=DIRECTION('',(1.,-0.,-0.));
#6106=VECTOR('',#6105,4.666666667);
#6107=LINE('',#6104,#6106);
#6108=EDGE_CURVE('',#6095,#6103,#6107,.T.);
#6109=ORIENTED_EDGE('',*,*,#6108,.T.);
#6110=CARTESIAN_POINT('',(-79.946780967,63.969189738,4.5000254));
#6111=DIRECTION('',(0.,0.,-1.));
#6112=VECTOR('',#6111,1.5);
#6113=LINE('',#6110,#6112);
#6114=EDGE_CURVE('',#6103,#3520,#6113,.T.);
#6115=ORIENTED_EDGE('',*,*,#6114,.T.);
#6116=ORIENTED_EDGE('',*,*,#3525,.F.);
#6117=CARTESIAN_POINT('',(-75.2801143,63.969189738,3.0000254));
#6118=DIRECTION('',(-0.,-0.,1.));
#6119=VECTOR('',#6118,3.);
#6120=LINE('',#6117,#6119);
#6121=EDGE_CURVE('',#3512,#5297,#6120,.T.);
#6122=ORIENTED_EDGE('',*,*,#6121,.T.);
#6123=ORIENTED_EDGE('',*,*,#5302,.T.);
#6124=CARTESIAN_POINT('',(-89.2801143,63.969189738,3.0000254));
#6125=DIRECTION('',(-0.,-0.,1.));
#6126=VECTOR('',#6125,3.);
#6127=LINE('',#6124,#6126);
#6128=EDGE_CURVE('',#3552,#5289,#6127,.T.);
#6129=ORIENTED_EDGE('',*,*,#6128,.F.);
#6130=EDGE_LOOP('',(#6093,#6101,#6109,#6115,#6116,#6122,#6123,#6129));
#6131=FACE_BOUND('',#6130,.T.);
#6132=ADVANCED_FACE('',(#6131),#6092,.T.);
#6133=OVER_RIDING_STYLED_ITEM('',(#5382),#6132,#26);
#6134=CARTESIAN_POINT('',(-75.2801143,82.669227838,1.));
#6135=DIRECTION('',(0.,-1.,0.));
#6136=DIRECTION('',(-1.,0.,0.));
#6137=AXIS2_PLACEMENT_3D('',#6134,#6135,#6136);
#6138=PLANE('',#6137);
#6139=CARTESIAN_POINT('',(-79.946780967,82.669227838,4.5000254));
#6140=VERTEX_POINT('',#6139);
#6141=CARTESIAN_POINT('',(-79.946780967,82.669227838,4.5000254));
#6142=DIRECTION('',(0.,0.,-1.));
#6143=VECTOR('',#6142,1.5);
#6144=LINE('',#6141,#6143);
#6145=EDGE_CURVE('',#6140,#3438,#6144,.T.);
#6146=ORIENTED_EDGE('',*,*,#6145,.T.);
#6147=ORIENTED_EDGE('',*,*,#3443,.F.);
#6148=CARTESIAN_POINT('',(-75.2801143,82.669227838,3.0000254));
#6149=DIRECTION('',(-0.,-0.,1.));
#6150=VECTOR('',#6149,3.);
#6151=LINE('',#6148,#6150);
#6152=EDGE_CURVE('',#3430,#4008,#6151,.T.);
#6153=ORIENTED_EDGE('',*,*,#6152,.T.);
#6154=ORIENTED_EDGE('',*,*,#4051,.T.);
#6155=CARTESIAN_POINT('',(-79.946780967,82.669227838,6.0000254));
#6156=CARTESIAN_POINT('',(-79.946780967,82.669227838,4.5000254));
#6157=B_SPLINE_CURVE_WITH_KNOTS('',1,(#6155,#6156),.UNSPECIFIED.,.F.,.F.,(2,2),(-0.005000025,-0.003500025),.UNSPECIFIED.);
#6158=EDGE_CURVE('',#4040,#6140,#6157,.T.);
#6159=ORIENTED_EDGE('',*,*,#6158,.T.);
#6160=EDGE_LOOP('',(#6146,#6147,#6153,#6154,#6159));
#6161=FACE_BOUND('',#6160,.T.);
#6162=ADVANCED_FACE('',(#6161),#6138,.T.);
#6163=OVER_RIDING_STYLED_ITEM('',(#5382),#6162,#26);
#6164=CARTESIAN_POINT('',(-75.2801143,82.669227838,1.));
#6165=DIRECTION('',(0.,-1.,0.));
#6166=DIRECTION('',(-1.,0.,0.));
#6167=AXIS2_PLACEMENT_3D('',#6164,#6165,#6166);
#6168=PLANE('',#6167);
#6169=ORIENTED_EDGE('',*,*,#6158,.F.);
#6170=ORIENTED_EDGE('',*,*,#4045,.T.);
#6171=CARTESIAN_POINT('',(-84.613447634,82.669227838,4.5000254));
#6172=VERTEX_POINT('',#6171);
#6173=CARTESIAN_POINT('',(-84.613447634,82.669227838,6.0000254));
#6174=CARTESIAN_POINT('',(-84.613447634,82.669227838,4.5000254));
#6175=B_SPLINE_CURVE_WITH_KNOTS('',1,(#6173,#6174),.UNSPECIFIED.,.F.,.F.,(2,2),(-0.005000025,-0.003500025),.UNSPECIFIED.);
#6176=EDGE_CURVE('',#4032,#6172,#6175,.T.);
#6177=ORIENTED_EDGE('',*,*,#6176,.T.);
#6178=CARTESIAN_POINT('',(-79.946780967,82.669227838,4.5000254));
#6179=DIRECTION('',(-1.,0.,0.));
#6180=VECTOR('',#6179,4.666666667);
#6181=LINE('',#6178,#6180);
#6182=EDGE_CURVE('',#6140,#6172,#6181,.T.);
#6183=ORIENTED_EDGE('',*,*,#6182,.F.);
#6184=EDGE_LOOP('',(#6169,#6170,#6177,#6183));
#6185=FACE_BOUND('',#6184,.T.);
#6186=ADVANCED_FACE('',(#6185),#6168,.T.);
#6187=OVER_RIDING_STYLED_ITEM('',(#5382),#6186,#26);
#6188=CARTESIAN_POINT('',(-65.978094996,101.369265939,1.));
#6189=DIRECTION('',(0.,-1.,0.));
#6190=DIRECTION('',(-1.,0.,0.));
#6191=AXIS2_PLACEMENT_3D('',#6188,#6189,#6190);
#6192=PLANE('',#6191);
#6193=CARTESIAN_POINT('',(-70.644761663,101.369265939,4.5000254));
#6194=VERTEX_POINT('',#6193);
#6195=CARTESIAN_POINT('',(-70.644761663,101.369265939,4.5000254));
#6196=DIRECTION('',(0.,0.,-1.));
#6197=VECTOR('',#6196,1.5);
#6198=LINE('',#6195,#6197);
#6199=EDGE_CURVE('',#6194,#3340,#6198,.T.);
#6200=ORIENTED_EDGE('',*,*,#6199,.T.);
#6201=ORIENTED_EDGE('',*,*,#3345,.F.);
#6202=CARTESIAN_POINT('',(-65.978094996,101.369265939,3.0000254));
#6203=DIRECTION('',(-0.,-0.,1.));
#6204=VECTOR('',#6203,3.);
#6205=LINE('',#6202,#6204);
#6206=EDGE_CURVE('',#3332,#4432,#6205,.T.);
#6207=ORIENTED_EDGE('',*,*,#6206,.T.);
#6208=ORIENTED_EDGE('',*,*,#4437,.T.);
#6209=CARTESIAN_POINT('',(-70.644761663,101.369265939,6.0000254));
#6210=CARTESIAN_POINT('',(-70.644761663,101.369265939,4.5000254));
#6211=B_SPLINE_CURVE_WITH_KNOTS('',1,(#6209,#6210),.UNSPECIFIED.,.F.,.F.,(2,2),(-0.005000025,-0.003500025),.UNSPECIFIED.);
#6212=EDGE_CURVE('',#4424,#6194,#6211,.T.);
#6213=ORIENTED_EDGE('',*,*,#6212,.T.);
#6214=EDGE_LOOP('',(#6200,#6201,#6207,#6208,#6213));
#6215=FACE_BOUND('',#6214,.T.);
#6216=ADVANCED_FACE('',(#6215),#6192,.T.);
#6217=OVER_RIDING_STYLED_ITEM('',(#5382),#6216,#26);
#6218=CARTESIAN_POINT('',(-65.978094996,101.369265939,1.));
#6219=DIRECTION('',(0.,-1.,0.));
#6220=DIRECTION('',(-1.,0.,0.));
#6221=AXIS2_PLACEMENT_3D('',#6218,#6219,#6220);
#6222=PLANE('',#6221);
#6223=ORIENTED_EDGE('',*,*,#6212,.F.);
#6224=ORIENTED_EDGE('',*,*,#4429,.T.);
#6225=CARTESIAN_POINT('',(-75.311428329,101.369265939,4.5000254));
#6226=VERTEX_POINT('',#6225);
#6227=CARTESIAN_POINT('',(-75.31142833,101.369265939,6.0000254));
#6228=CARTESIAN_POINT('',(-75.31142833,101.369265939,4.5000254));
#6229=B_SPLINE_CURVE_WITH_KNOTS('',1,(#6227,#6228),.UNSPECIFIED.,.F.,.F.,(2,2),(-0.005000025,-0.003500025),.UNSPECIFIED.);
#6230=EDGE_CURVE('',#4416,#6226,#6229,.T.);
#6231=ORIENTED_EDGE('',*,*,#6230,.T.);
#6232=CARTESIAN_POINT('',(-70.644761663,101.369265939,4.5000254));
#6233=DIRECTION('',(-1.,0.,0.));
#6234=VECTOR('',#6233,4.666666667);
#6235=LINE('',#6232,#6234);
#6236=EDGE_CURVE('',#6194,#6226,#6235,.T.);
#6237=ORIENTED_EDGE('',*,*,#6236,.F.);
#6238=EDGE_LOOP('',(#6223,#6224,#6231,#6237));
#6239=FACE_BOUND('',#6238,.T.);
#6240=ADVANCED_FACE('',(#6239),#6222,.T.);
#6241=OVER_RIDING_STYLED_ITEM('',(#5382),#6240,#26);
#6242=CARTESIAN_POINT('',(-64.422093177,24.02808318,1.));
#6243=DIRECTION('',(0.,-1.,0.));
#6244=DIRECTION('',(-1.,0.,0.));
#6245=AXIS2_PLACEMENT_3D('',#6242,#6243,#6244);
#6246=PLANE('',#6245);
#6247=ORIENTED_EDGE('',*,*,#1746,.F.);
#6248=CARTESIAN_POINT('',(-73.755426511,24.02808318,4.5000254));
#6249=VERTEX_POINT('',#6248);
#6250=CARTESIAN_POINT('',(-73.755426511,24.02808318,3.0000254));
#6251=DIRECTION('',(-0.,-0.,1.));
#6252=VECTOR('',#6251,1.5);
#6253=LINE('',#6250,#6252);
#6254=EDGE_CURVE('',#1733,#6249,#6253,.T.);
#6255=ORIENTED_EDGE('',*,*,#6254,.T.);
#6256=CARTESIAN_POINT('',(-69.088759844,24.02808318,4.5000254));
#6257=VERTEX_POINT('',#6256);
#6258=CARTESIAN_POINT('',(-73.755426511,24.02808318,4.5000254));
#6259=DIRECTION('',(1.,-0.,-0.));
#6260=VECTOR('',#6259,4.666666667);
#6261=LINE('',#6258,#6260);
#6262=EDGE_CURVE('',#6249,#6257,#6261,.T.);
#6263=ORIENTED_EDGE('',*,*,#6262,.T.);
#6264=CARTESIAN_POINT('',(-69.088759844,24.02808318,4.5000254));
#6265=DIRECTION('',(0.,0.,-1.));
#6266=VECTOR('',#6265,1.5);
#6267=LINE('',#6264,#6266);
#6268=EDGE_CURVE('',#6257,#1709,#6267,.T.);
#6269=ORIENTED_EDGE('',*,*,#6268,.T.);
#6270=ORIENTED_EDGE('',*,*,#1714,.F.);
#6271=CARTESIAN_POINT('',(-64.422093177,24.02808318,3.0000254));
#6272=DIRECTION('',(-0.,-0.,1.));
#6273=VECTOR('',#6272,3.);
#6274=LINE('',#6271,#6273);
#6275=EDGE_CURVE('',#1701,#5061,#6274,.T.);
#6276=ORIENTED_EDGE('',*,*,#6275,.T.);
#6277=ORIENTED_EDGE('',*,*,#5066,.T.);
#6278=CARTESIAN_POINT('',(-78.422093177,24.02808318,3.0000254));
#6279=DIRECTION('',(-0.,-0.,1.));
#6280=VECTOR('',#6279,3.);
#6281=LINE('',#6278,#6280);
#6282=EDGE_CURVE('',#1741,#5053,#6281,.T.);
#6283=ORIENTED_EDGE('',*,*,#6282,.F.);
#6284=EDGE_LOOP('',(#6247,#6255,#6263,#6269,#6270,#6276,#6277,#6283));
#6285=FACE_BOUND('',#6284,.T.);
#6286=ADVANCED_FACE('',(#6285),#6246,.T.);
#6287=OVER_RIDING_STYLED_ITEM('',(#5382),#6286,#26);
#6288=CARTESIAN_POINT('',(-56.5800762,42.669146558,1.));
#6289=DIRECTION('',(0.,-1.,0.));
#6290=DIRECTION('',(-1.,0.,0.));
#6291=AXIS2_PLACEMENT_3D('',#6288,#6289,#6290);
#6292=PLANE('',#6291);
#6293=ORIENTED_EDGE('',*,*,#1844,.F.);
#6294=CARTESIAN_POINT('',(-65.913409533,42.669146558,4.5000254));
#6295=VERTEX_POINT('',#6294);
#6296=CARTESIAN_POINT('',(-65.913409533,42.669146558,3.0000254));
#6297=DIRECTION('',(-0.,-0.,1.));
#6298=VECTOR('',#6297,1.5);
#6299=LINE('',#6296,#6298);
#6300=EDGE_CURVE('',#1831,#6295,#6299,.T.);
#6301=ORIENTED_EDGE('',*,*,#6300,.T.);
#6302=CARTESIAN_POINT('',(-61.246742867,42.669146558,4.5000254));
#6303=VERTEX_POINT('',#6302);
#6304=CARTESIAN_POINT('',(-65.913409533,42.669146558,4.5000254));
#6305=DIRECTION('',(1.,-0.,-0.));
#6306=VECTOR('',#6305,4.666666667);
#6307=LINE('',#6304,#6306);
#6308=EDGE_CURVE('',#6295,#6303,#6307,.T.);
#6309=ORIENTED_EDGE('',*,*,#6308,.T.);
#6310=CARTESIAN_POINT('',(-61.246742867,42.669146558,4.5000254));
#6311=DIRECTION('',(0.,0.,-1.));
#6312=VECTOR('',#6311,1.5);
#6313=LINE('',#6310,#6312);
#6314=EDGE_CURVE('',#6303,#1807,#6313,.T.);
#6315=ORIENTED_EDGE('',*,*,#6314,.T.);
#6316=ORIENTED_EDGE('',*,*,#1812,.F.);
#6317=CARTESIAN_POINT('',(-56.5800762,42.669146558,3.0000254));
#6318=DIRECTION('',(-0.,-0.,1.));
#6319=VECTOR('',#6318,3.);
#6320=LINE('',#6317,#6319);
#6321=EDGE_CURVE('',#1799,#5095,#6320,.T.);
#6322=ORIENTED_EDGE('',*,*,#6321,.T.);
#6323=ORIENTED_EDGE('',*,*,#5100,.T.);
#6324=CARTESIAN_POINT('',(-70.5800762,42.669146558,3.0000254));
#6325=DIRECTION('',(-0.,-0.,1.));
#6326=VECTOR('',#6325,3.);
#6327=LINE('',#6324,#6326);
#6328=EDGE_CURVE('',#1839,#5087,#6327,.T.);
#6329=ORIENTED_EDGE('',*,*,#6328,.F.);
#6330=EDGE_LOOP('',(#6293,#6301,#6309,#6315,#6316,#6322,#6323,#6329));
#6331=FACE_BOUND('',#6330,.T.);
#6332=ADVANCED_FACE('',(#6331),#6292,.T.);
#6333=OVER_RIDING_STYLED_ITEM('',(#5382),#6332,#26);
#6334=CARTESIAN_POINT('',(-56.5800762,61.369184658,1.));
#6335=DIRECTION('',(0.,-1.,0.));
#6336=DIRECTION('',(-1.,0.,0.));
#6337=AXIS2_PLACEMENT_3D('',#6334,#6335,#6336);
#6338=PLANE('',#6337);
#6339=ORIENTED_EDGE('',*,*,#1942,.F.);
#6340=CARTESIAN_POINT('',(-65.913409533,61.369184658,4.5000254));
#6341=VERTEX_POINT('',#6340);
#6342=CARTESIAN_POINT('',(-65.913409533,61.369184658,3.0000254));
#6343=DIRECTION('',(-0.,-0.,1.));
#6344=VECTOR('',#6343,1.5);
#6345=LINE('',#6342,#6344);
#6346=EDGE_CURVE('',#1929,#6341,#6345,.T.);
#6347=ORIENTED_EDGE('',*,*,#6346,.T.);
#6348=CARTESIAN_POINT('',(-61.246742867,61.369184658,4.5000254));
#6349=VERTEX_POINT('',#6348);
#6350=CARTESIAN_POINT('',(-65.913409533,61.369184658,4.5000254));
#6351=DIRECTION('',(1.,-0.,-0.));
#6352=VECTOR('',#6351,4.666666667);
#6353=LINE('',#6350,#6352);
#6354=EDGE_CURVE('',#6341,#6349,#6353,.T.);
#6355=ORIENTED_EDGE('',*,*,#6354,.T.);
#6356=CARTESIAN_POINT('',(-61.246742867,61.369184658,4.5000254));
#6357=DIRECTION('',(0.,0.,-1.));
#6358=VECTOR('',#6357,1.5);
#6359=LINE('',#6356,#6358);
#6360=EDGE_CURVE('',#6349,#1905,#6359,.T.);
#6361=ORIENTED_EDGE('',*,*,#6360,.T.);
#6362=ORIENTED_EDGE('',*,*,#1910,.F.);
#6363=CARTESIAN_POINT('',(-56.5800762,61.369184658,3.0000254));
#6364=DIRECTION('',(-0.,-0.,1.));
#6365=VECTOR('',#6364,3.);
#6366=LINE('',#6363,#6365);
#6367=EDGE_CURVE('',#1897,#5129,#6366,.T.);
#6368=ORIENTED_EDGE('',*,*,#6367,.T.);
#6369=ORIENTED_EDGE('',*,*,#5134,.T.);
#6370=CARTESIAN_POINT('',(-70.5800762,61.369184658,3.0000254));
#6371=DIRECTION('',(-0.,-0.,1.));
#6372=VECTOR('',#6371,3.);
#6373=LINE('',#6370,#6372);
#6374=EDGE_CURVE('',#1937,#5121,#6373,.T.);
#6375=ORIENTED_EDGE('',*,*,#6374,.F.);
#6376=EDGE_LOOP('',(#6339,#6347,#6355,#6361,#6362,#6368,#6369,#6375));
#6377=FACE_BOUND('',#6376,.T.);
#6378=ADVANCED_FACE('',(#6377),#6338,.T.);
#6379=OVER_RIDING_STYLED_ITEM('',(#5382),#6378,#26);
#6380=CARTESIAN_POINT('',(-56.5800762,80.069222758,1.));
#6381=DIRECTION('',(0.,-1.,0.));
#6382=DIRECTION('',(-1.,0.,0.));
#6383=AXIS2_PLACEMENT_3D('',#6380,#6381,#6382);
#6384=PLANE('',#6383);
#6385=CARTESIAN_POINT('',(-61.246742867,80.069222758,4.5000254));
#6386=VERTEX_POINT('',#6385);
#6387=CARTESIAN_POINT('',(-61.246742867,80.069222758,4.5000254));
#6388=DIRECTION('',(0.,0.,-1.));
#6389=VECTOR('',#6388,1.5);
#6390=LINE('',#6387,#6389);
#6391=EDGE_CURVE('',#6386,#2019,#6390,.T.);
#6392=ORIENTED_EDGE('',*,*,#6391,.T.);
#6393=ORIENTED_EDGE('',*,*,#2024,.F.);
#6394=CARTESIAN_POINT('',(-56.5800762,80.069222758,3.0000254));
#6395=DIRECTION('',(-0.,-0.,1.));
#6396=VECTOR('',#6395,3.);
#6397=LINE('',#6394,#6396);
#6398=EDGE_CURVE('',#2011,#3958,#6397,.T.);
#6399=ORIENTED_EDGE('',*,*,#6398,.T.);
#6400=ORIENTED_EDGE('',*,*,#4001,.T.);
#6401=CARTESIAN_POINT('',(-61.246742867,80.069222758,6.0000254));
#6402=CARTESIAN_POINT('',(-61.246742867,80.069222758,4.5000254));
#6403=B_SPLINE_CURVE_WITH_KNOTS('',1,(#6401,#6402),.UNSPECIFIED.,.F.,.F.,(2,2),(-0.005000025,-0.003500025),.UNSPECIFIED.);
#6404=EDGE_CURVE('',#3990,#6386,#6403,.T.);
#6405=ORIENTED_EDGE('',*,*,#6404,.T.);
#6406=EDGE_LOOP('',(#6392,#6393,#6399,#6400,#6405));
#6407=FACE_BOUND('',#6406,.T.);
#6408=ADVANCED_FACE('',(#6407),#6384,.T.);
#6409=OVER_RIDING_STYLED_ITEM('',(#5382),#6408,#26);
#6410=CARTESIAN_POINT('',(-56.5800762,80.069222758,1.));
#6411=DIRECTION('',(0.,-1.,0.));
#6412=DIRECTION('',(-1.,0.,0.));
#6413=AXIS2_PLACEMENT_3D('',#6410,#6411,#6412);
#6414=PLANE('',#6413);
#6415=ORIENTED_EDGE('',*,*,#6404,.F.);
#6416=ORIENTED_EDGE('',*,*,#3995,.T.);
#6417=CARTESIAN_POINT('',(-65.913409533,80.069222758,4.5000254));
#6418=VERTEX_POINT('',#6417);
#6419=CARTESIAN_POINT('',(-65.913409533,80.069222758,6.0000254));
#6420=CARTESIAN_POINT('',(-65.913409533,80.069222758,4.5000254));
#6421=B_SPLINE_CURVE_WITH_KNOTS('',1,(#6419,#6420),.UNSPECIFIED.,.F.,.F.,(2,2),(-0.005000025,-0.003500025),.UNSPECIFIED.);
#6422=EDGE_CURVE('',#3982,#6418,#6421,.T.);
#6423=ORIENTED_EDGE('',*,*,#6422,.T.);
#6424=CARTESIAN_POINT('',(-61.246742867,80.069222758,4.5000254));
#6425=DIRECTION('',(-1.,0.,0.));
#6426=VECTOR('',#6425,4.666666667);
#6427=LINE('',#6424,#6426);
#6428=EDGE_CURVE('',#6386,#6418,#6427,.T.);
#6429=ORIENTED_EDGE('',*,*,#6428,.F.);
#6430=EDGE_LOOP('',(#6415,#6416,#6423,#6429));
#6431=FACE_BOUND('',#6430,.T.);
#6432=ADVANCED_FACE('',(#6431),#6414,.T.);
#6433=OVER_RIDING_STYLED_ITEM('',(#5382),#6432,#26);
#6434=CARTESIAN_POINT('',(-47.277866396,98.702260605,1.));
#6435=DIRECTION('',(0.,-1.,0.));
#6436=DIRECTION('',(-1.,0.,0.));
#6437=AXIS2_PLACEMENT_3D('',#6434,#6435,#6436);
#6438=PLANE('',#6437);
#6439=CARTESIAN_POINT('',(-51.944533062,98.702260605,4.5000254));
#6440=VERTEX_POINT('',#6439);
#6441=CARTESIAN_POINT('',(-51.944533062,98.702260605,4.5000254));
#6442=DIRECTION('',(0.,0.,-1.));
#6443=VECTOR('',#6442,1.5);
#6444=LINE('',#6441,#6443);
#6445=EDGE_CURVE('',#6440,#2313,#6444,.T.);
#6446=ORIENTED_EDGE('',*,*,#6445,.T.);
#6447=ORIENTED_EDGE('',*,*,#2318,.F.);
#6448=CARTESIAN_POINT('',(-47.277866396,98.702260605,3.0000254));
#6449=DIRECTION('',(-0.,-0.,1.));
#6450=VECTOR('',#6449,3.);
#6451=LINE('',#6448,#6450);
#6452=EDGE_CURVE('',#2305,#3632,#6451,.T.);
#6453=ORIENTED_EDGE('',*,*,#6452,.T.);
#6454=ORIENTED_EDGE('',*,*,#3637,.T.);
#6455=CARTESIAN_POINT('',(-51.944533062,98.702260605,6.0000254));
#6456=CARTESIAN_POINT('',(-51.944533062,98.702260605,4.5000254));
#6457=B_SPLINE_CURVE_WITH_KNOTS('',1,(#6455,#6456),.UNSPECIFIED.,.F.,.F.,(2,2),(-0.005000025,-0.003500025),.UNSPECIFIED.);
#6458=EDGE_CURVE('',#3624,#6440,#6457,.T.);
#6459=ORIENTED_EDGE('',*,*,#6458,.T.);
#6460=EDGE_LOOP('',(#6446,#6447,#6453,#6454,#6459));
#6461=FACE_BOUND('',#6460,.T.);
#6462=ADVANCED_FACE('',(#6461),#6438,.T.);
#6463=OVER_RIDING_STYLED_ITEM('',(#5382),#6462,#26);
#6464=CARTESIAN_POINT('',(-47.277866396,98.702260605,1.));
#6465=DIRECTION('',(0.,-1.,0.));
#6466=DIRECTION('',(-1.,0.,0.));
#6467=AXIS2_PLACEMENT_3D('',#6464,#6465,#6466);
#6468=PLANE('',#6467);
#6469=ORIENTED_EDGE('',*,*,#6458,.F.);
#6470=ORIENTED_EDGE('',*,*,#3629,.T.);
#6471=CARTESIAN_POINT('',(-56.611199729,98.702260605,4.5000254));
#6472=VERTEX_POINT('',#6471);
#6473=CARTESIAN_POINT('',(-56.611199729,98.702260605,6.0000254));
#6474=CARTESIAN_POINT('',(-56.611199729,98.702260605,4.5000254));
#6475=B_SPLINE_CURVE_WITH_KNOTS('',1,(#6473,#6474),.UNSPECIFIED.,.F.,.F.,(2,2),(-0.005000025,-0.003500025),.UNSPECIFIED.);
#6476=EDGE_CURVE('',#3616,#6472,#6475,.T.);
#6477=ORIENTED_EDGE('',*,*,#6476,.T.);
#6478=CARTESIAN_POINT('',(-51.944533062,98.702260605,4.5000254));
#6479=DIRECTION('',(-1.,0.,0.));
#6480=VECTOR('',#6479,4.666666667);
#6481=LINE('',#6478,#6480);
#6482=EDGE_CURVE('',#6440,#6472,#6481,.T.);
#6483=ORIENTED_EDGE('',*,*,#6482,.F.);
#6484=EDGE_LOOP('',(#6469,#6470,#6477,#6483));
#6485=FACE_BOUND('',#6484,.T.);
#6486=ADVANCED_FACE('',(#6485),#6468,.T.);
#6487=OVER_RIDING_STYLED_ITEM('',(#5382),#6486,#26);
#6488=CARTESIAN_POINT('',(-43.500913192,20.918146817,1.));
#6489=DIRECTION('',(-0.173648178,-0.984807753,0.));
#6490=DIRECTION('',(-0.984807753,0.173648178,0.));
#6491=AXIS2_PLACEMENT_3D('',#6488,#6489,#6490);
#6492=PLANE('',#6491);
#6493=CARTESIAN_POINT('',(-48.096682706,21.72850498,4.5000254));
#6494=VERTEX_POINT('',#6493);
#6495=CARTESIAN_POINT('',(-48.096682706,21.72850498,4.5000254));
#6496=DIRECTION('',(0.,0.,-1.));
#6497=VECTOR('',#6496,1.5);
#6498=LINE('',#6495,#6497);
#6499=EDGE_CURVE('',#6494,#3242,#6498,.T.);
#6500=ORIENTED_EDGE('',*,*,#6499,.T.);
#6501=ORIENTED_EDGE('',*,*,#3247,.F.);
#6502=CARTESIAN_POINT('',(-43.500913192,20.918146817,3.0000254));
#6503=DIRECTION('',(-0.,-0.,1.));
#6504=VECTOR('',#6503,3.);
#6505=LINE('',#6502,#6504);
#6506=EDGE_CURVE('',#3234,#4456,#6505,.T.);
#6507=ORIENTED_EDGE('',*,*,#6506,.T.);
#6508=ORIENTED_EDGE('',*,*,#4463,.T.);
#6509=CARTESIAN_POINT('',(-48.096682706,21.72850498,6.0000254));
#6510=CARTESIAN_POINT('',(-48.096682706,21.72850498,4.5000254));
#6511=B_SPLINE_CURVE_WITH_KNOTS('',1,(#6509,#6510),.UNSPECIFIED.,.F.,.F.,(2,2),(-0.005000025,-0.003500025),.UNSPECIFIED.);
#6512=EDGE_CURVE('',#4458,#6494,#6511,.T.);
#6513=ORIENTED_EDGE('',*,*,#6512,.T.);
#6514=EDGE_LOOP('',(#6500,#6501,#6507,#6508,#6513));
#6515=FACE_BOUND('',#6514,.T.);
#6516=ADVANCED_FACE('',(#6515),#6492,.T.);
#6517=OVER_RIDING_STYLED_ITEM('',(#5382),#6516,#26);
#6518=CARTESIAN_POINT('',(-43.500913192,20.918146817,1.));
#6519=DIRECTION('',(-0.173648178,-0.984807753,0.));
#6520=DIRECTION('',(-0.984807753,0.173648178,0.));
#6521=AXIS2_PLACEMENT_3D('',#6518,#6519,#6520);
#6522=PLANE('',#6521);
#6523=ORIENTED_EDGE('',*,*,#6512,.F.);
#6524=ORIENTED_EDGE('',*,*,#4501,.T.);
#6525=CARTESIAN_POINT('',(-52.69245222,22.538863142,4.5000254));
#6526=VERTEX_POINT('',#6525);
#6527=CARTESIAN_POINT('',(-52.69245222,22.538863142,6.0000254));
#6528=CARTESIAN_POINT('',(-52.69245222,22.538863142,4.5000254));
#6529=B_SPLINE_CURVE_WITH_KNOTS('',1,(#6527,#6528),.UNSPECIFIED.,.F.,.F.,(2,2),(-0.005000025,-0.003500025),.UNSPECIFIED.);
#6530=EDGE_CURVE('',#4490,#6526,#6529,.T.);
#6531=ORIENTED_EDGE('',*,*,#6530,.T.);
#6532=CARTESIAN_POINT('',(-48.096682706,21.72850498,4.5000254));
#6533=DIRECTION('',(-0.984807753,0.173648178,0.));
#6534=VECTOR('',#6533,4.666666667);
#6535=LINE('',#6532,#6534);
#6536=EDGE_CURVE('',#6494,#6526,#6535,.T.);
#6537=ORIENTED_EDGE('',*,*,#6536,.F.);
#6538=EDGE_LOOP('',(#6523,#6524,#6531,#6537));
#6539=FACE_BOUND('',#6538,.T.);
#6540=ADVANCED_FACE('',(#6539),#6522,.T.);
#6541=OVER_RIDING_STYLED_ITEM('',(#5382),#6540,#26);
#6542=CARTESIAN_POINT('',(-37.8798476,42.669146558,1.));
#6543=DIRECTION('',(0.,-1.,0.));
#6544=DIRECTION('',(-1.,0.,0.));
#6545=AXIS2_PLACEMENT_3D('',#6542,#6543,#6544);
#6546=PLANE('',#6545);
#6547=ORIENTED_EDGE('',*,*,#2236,.F.);
#6548=CARTESIAN_POINT('',(-47.213180933,42.669146558,4.5000254));
#6549=VERTEX_POINT('',#6548);
#6550=CARTESIAN_POINT('',(-47.213180933,42.669146558,3.0000254));
#6551=DIRECTION('',(-0.,-0.,1.));
#6552=VECTOR('',#6551,1.5);
#6553=LINE('',#6550,#6552);
#6554=EDGE_CURVE('',#2223,#6549,#6553,.T.);
#6555=ORIENTED_EDGE('',*,*,#6554,.T.);
#6556=CARTESIAN_POINT('',(-42.546514266,42.669146558,4.5000254));
#6557=VERTEX_POINT('',#6556);
#6558=CARTESIAN_POINT('',(-47.213180933,42.669146558,4.5000254));
#6559=DIRECTION('',(1.,-0.,-0.));
#6560=VECTOR('',#6559,4.666666667);
#6561=LINE('',#6558,#6560);
#6562=EDGE_CURVE('',#6549,#6557,#6561,.T.);
#6563=ORIENTED_EDGE('',*,*,#6562,.T.);
#6564=CARTESIAN_POINT('',(-42.546514266,42.669146558,4.5000254));
#6565=DIRECTION('',(0.,0.,-1.));
#6566=VECTOR('',#6565,1.5);
#6567=LINE('',#6564,#6566);
#6568=EDGE_CURVE('',#6557,#2199,#6567,.T.);
#6569=ORIENTED_EDGE('',*,*,#6568,.T.);
#6570=ORIENTED_EDGE('',*,*,#2204,.F.);
#6571=CARTESIAN_POINT('',(-37.8798476,42.669146558,3.0000254));
#6572=DIRECTION('',(-0.,-0.,1.));
#6573=VECTOR('',#6572,3.);
#6574=LINE('',#6571,#6573);
#6575=EDGE_CURVE('',#2191,#5197,#6574,.T.);
#6576=ORIENTED_EDGE('',*,*,#6575,.T.);
#6577=ORIENTED_EDGE('',*,*,#5202,.T.);
#6578=CARTESIAN_POINT('',(-51.8798476,42.669146558,3.0000254));
#6579=DIRECTION('',(-0.,-0.,1.));
#6580=VECTOR('',#6579,3.);
#6581=LINE('',#6578,#6580);
#6582=EDGE_CURVE('',#2231,#5189,#6581,.T.);
#6583=ORIENTED_EDGE('',*,*,#6582,.F.);
#6584=EDGE_LOOP('',(#6547,#6555,#6563,#6569,#6570,#6576,#6577,#6583));
#6585=FACE_BOUND('',#6584,.T.);
#6586=ADVANCED_FACE('',(#6585),#6546,.T.);
#6587=OVER_RIDING_STYLED_ITEM('',(#5382),#6586,#26);
#6588=CARTESIAN_POINT('',(-37.8798476,61.369184658,1.));
#6589=DIRECTION('',(0.,-1.,0.));
#6590=DIRECTION('',(-1.,0.,0.));
#6591=AXIS2_PLACEMENT_3D('',#6588,#6589,#6590);
#6592=PLANE('',#6591);
#6593=ORIENTED_EDGE('',*,*,#2138,.F.);
#6594=CARTESIAN_POINT('',(-47.213180933,61.369184658,4.5000254));
#6595=VERTEX_POINT('',#6594);
#6596=CARTESIAN_POINT('',(-47.213180933,61.369184658,3.0000254));
#6597=DIRECTION('',(-0.,-0.,1.));
#6598=VECTOR('',#6597,1.5);
#6599=LINE('',#6596,#6598);
#6600=EDGE_CURVE('',#2125,#6595,#6599,.T.);
#6601=ORIENTED_EDGE('',*,*,#6600,.T.);
#6602=CARTESIAN_POINT('',(-42.546514266,61.369184658,4.5000254));
#6603=VERTEX_POINT('',#6602);
#6604=CARTESIAN_POINT('',(-47.213180933,61.369184658,4.5000254));
#6605=DIRECTION('',(1.,-0.,-0.));
#6606=VECTOR('',#6605,4.666666667);
#6607=LINE('',#6604,#6606);
#6608=EDGE_CURVE('',#6595,#6603,#6607,.T.);
#6609=ORIENTED_EDGE('',*,*,#6608,.T.);
#6610=CARTESIAN_POINT('',(-42.546514266,61.369184658,4.5000254));
#6611=DIRECTION('',(0.,0.,-1.));
#6612=VECTOR('',#6611,1.5);
#6613=LINE('',#6610,#6612);
#6614=EDGE_CURVE('',#6603,#2101,#6613,.T.);
#6615=ORIENTED_EDGE('',*,*,#6614,.T.);
#6616=ORIENTED_EDGE('',*,*,#2106,.F.);
#6617=CARTESIAN_POINT('',(-37.8798476,61.369184658,3.0000254));
#6618=DIRECTION('',(-0.,-0.,1.));
#6619=VECTOR('',#6618,3.);
#6620=LINE('',#6617,#6619);
#6621=EDGE_CURVE('',#2093,#5163,#6620,.T.);
#6622=ORIENTED_EDGE('',*,*,#6621,.T.);
#6623=ORIENTED_EDGE('',*,*,#5168,.T.);
#6624=CARTESIAN_POINT('',(-51.8798476,61.369184658,3.0000254));
#6625=DIRECTION('',(-0.,-0.,1.));
#6626=VECTOR('',#6625,3.);
#6627=LINE('',#6624,#6626);
#6628=EDGE_CURVE('',#2133,#5155,#6627,.T.);
#6629=ORIENTED_EDGE('',*,*,#6628,.F.);
#6630=EDGE_LOOP('',(#6593,#6601,#6609,#6615,#6616,#6622,#6623,#6629));
#6631=FACE_BOUND('',#6630,.T.);
#6632=ADVANCED_FACE('',(#6631),#6592,.T.);
#6633=OVER_RIDING_STYLED_ITEM('',(#5382),#6632,#26);
#6634=CARTESIAN_POINT('',(-37.8798476,80.069222758,1.));
#6635=DIRECTION('',(0.,-1.,0.));
#6636=DIRECTION('',(-1.,0.,0.));
#6637=AXIS2_PLACEMENT_3D('',#6634,#6635,#6636);
#6638=PLANE('',#6637);
#6639=CARTESIAN_POINT('',(-42.546514266,80.069222758,4.5000254));
#6640=VERTEX_POINT('',#6639);
#6641=CARTESIAN_POINT('',(-42.546514266,80.069222758,4.5000254));
#6642=DIRECTION('',(0.,0.,-1.));
#6643=VECTOR('',#6642,1.5);
#6644=LINE('',#6641,#6643);
#6645=EDGE_CURVE('',#6640,#451,#6644,.T.);
#6646=ORIENTED_EDGE('',*,*,#6645,.T.);
#6647=ORIENTED_EDGE('',*,*,#456,.F.);
#6648=CARTESIAN_POINT('',(-37.8798476,80.069222758,3.0000254));
#6649=DIRECTION('',(-0.,-0.,1.));
#6650=VECTOR('',#6649,3.);
#6651=LINE('',#6648,#6650);
#6652=EDGE_CURVE('',#443,#4258,#6651,.T.);
#6653=ORIENTED_EDGE('',*,*,#6652,.T.);
#6654=ORIENTED_EDGE('',*,*,#4301,.T.);
#6655=CARTESIAN_POINT('',(-42.546514266,80.069222758,6.0000254));
#6656=CARTESIAN_POINT('',(-42.546514266,80.069222758,4.5000254));
#6657=B_SPLINE_CURVE_WITH_KNOTS('',1,(#6655,#6656),.UNSPECIFIED.,.F.,.F.,(2,2),(-0.005000025,-0.003500025),.UNSPECIFIED.);
#6658=EDGE_CURVE('',#4290,#6640,#6657,.T.);
#6659=ORIENTED_EDGE('',*,*,#6658,.T.);
#6660=EDGE_LOOP('',(#6646,#6647,#6653,#6654,#6659));
#6661=FACE_BOUND('',#6660,.T.);
#6662=ADVANCED_FACE('',(#6661),#6638,.T.);
#6663=OVER_RIDING_STYLED_ITEM('',(#5382),#6662,#26);
#6664=CARTESIAN_POINT('',(-37.8798476,80.069222758,1.));
#6665=DIRECTION('',(0.,-1.,0.));
#6666=DIRECTION('',(-1.,0.,0.));
#6667=AXIS2_PLACEMENT_3D('',#6664,#6665,#6666);
#6668=PLANE('',#6667);
#6669=ORIENTED_EDGE('',*,*,#6658,.F.);
#6670=ORIENTED_EDGE('',*,*,#4295,.T.);
#6671=CARTESIAN_POINT('',(-47.213180933,80.069222758,4.5000254));
#6672=VERTEX_POINT('',#6671);
#6673=CARTESIAN_POINT('',(-47.213180933,80.069222758,6.0000254));
#6674=CARTESIAN_POINT('',(-47.213180933,80.069222758,4.5000254));
#6675=B_SPLINE_CURVE_WITH_KNOTS('',1,(#6673,#6674),.UNSPECIFIED.,.F.,.F.,(2,2),(-0.005000025,-0.003500025),.UNSPECIFIED.);
#6676=EDGE_CURVE('',#4282,#6672,#6675,.T.);
#6677=ORIENTED_EDGE('',*,*,#6676,.T.);
#6678=CARTESIAN_POINT('',(-42.546514266,80.069222758,4.5000254));
#6679=DIRECTION('',(-1.,0.,0.));
#6680=VECTOR('',#6679,4.666666667);
#6681=LINE('',#6678,#6680);
#6682=EDGE_CURVE('',#6640,#6672,#6681,.T.);
#6683=ORIENTED_EDGE('',*,*,#6682,.F.);
#6684=EDGE_LOOP('',(#6669,#6670,#6677,#6683));
#6685=FACE_BOUND('',#6684,.T.);
#6686=ADVANCED_FACE('',(#6685),#6668,.T.);
#6687=OVER_RIDING_STYLED_ITEM('',(#5382),#6686,#26);
#6688=CARTESIAN_POINT('',(-23.35575593,14.287403611,1.));
#6689=DIRECTION('',(-0.342020143,-0.939692621,0.));
#6690=DIRECTION('',(-0.939692621,0.342020143,0.));
#6691=AXIS2_PLACEMENT_3D('',#6688,#6689,#6690);
#6692=PLANE('',#6691);
#6693=CARTESIAN_POINT('',(-27.74098816,15.883497613,4.5000254));
#6694=VERTEX_POINT('',#6693);
#6695=CARTESIAN_POINT('',(-27.74098816,15.883497613,4.5000254));
#6696=DIRECTION('',(0.,0.,-1.));
#6697=VECTOR('',#6696,1.5);
#6698=LINE('',#6695,#6697);
#6699=EDGE_CURVE('',#6694,#2541,#6698,.T.);
#6700=ORIENTED_EDGE('',*,*,#6699,.T.);
#6701=ORIENTED_EDGE('',*,*,#2546,.F.);
#6702=CARTESIAN_POINT('',(-23.35575593,14.287403611,3.0000254));
#6703=DIRECTION('',(-0.,-0.,1.));
#6704=VECTOR('',#6703,3.);
#6705=LINE('',#6702,#6704);
#6706=EDGE_CURVE('',#2533,#3840,#6705,.T.);
#6707=ORIENTED_EDGE('',*,*,#6706,.T.);
#6708=ORIENTED_EDGE('',*,*,#3845,.T.);
#6709=CARTESIAN_POINT('',(-27.74098816,15.883497613,6.0000254));
#6710=CARTESIAN_POINT('',(-27.74098816,15.883497613,4.5000254));
#6711=B_SPLINE_CURVE_WITH_KNOTS('',1,(#6709,#6710),.UNSPECIFIED.,.F.,.F.,(2,2),(-0.005000025,-0.003500025),.UNSPECIFIED.);
#6712=EDGE_CURVE('',#3832,#6694,#6711,.T.);
#6713=ORIENTED_EDGE('',*,*,#6712,.T.);
#6714=EDGE_LOOP('',(#6700,#6701,#6707,#6708,#6713));
#6715=FACE_BOUND('',#6714,.T.);
#6716=ADVANCED_FACE('',(#6715),#6692,.T.);
#6717=OVER_RIDING_STYLED_ITEM('',(#5382),#6716,#26);
#6718=CARTESIAN_POINT('',(-23.35575593,14.287403611,1.));
#6719=DIRECTION('',(-0.342020143,-0.939692621,0.));
#6720=DIRECTION('',(-0.939692621,0.342020143,0.));
#6721=AXIS2_PLACEMENT_3D('',#6718,#6719,#6720);
#6722=PLANE('',#6721);
#6723=ORIENTED_EDGE('',*,*,#6712,.F.);
#6724=ORIENTED_EDGE('',*,*,#3837,.T.);
#6725=CARTESIAN_POINT('',(-32.12622039,17.479591615,4.5000254));
#6726=VERTEX_POINT('',#6725);
#6727=CARTESIAN_POINT('',(-32.12622039,17.479591615,6.0000254));
#6728=CARTESIAN_POINT('',(-32.12622039,17.479591615,4.5000254));
#6729=B_SPLINE_CURVE_WITH_KNOTS('',1,(#6727,#6728),.UNSPECIFIED.,.F.,.F.,(2,2),(-0.005000025,-0.003500025),.UNSPECIFIED.);
#6730=EDGE_CURVE('',#3824,#6726,#6729,.T.);
#6731=ORIENTED_EDGE('',*,*,#6730,.T.);
#6732=CARTESIAN_POINT('',(-27.74098816,15.883497613,4.5000254));
#6733=DIRECTION('',(-0.939692621,0.342020143,0.));
#6734=VECTOR('',#6733,4.666666667);
#6735=LINE('',#6732,#6734);
#6736=EDGE_CURVE('',#6694,#6726,#6735,.T.);
#6737=ORIENTED_EDGE('',*,*,#6736,.F.);
#6738=EDGE_LOOP('',(#6723,#6724,#6731,#6737));
#6739=FACE_BOUND('',#6738,.T.);
#6740=ADVANCED_FACE('',(#6739),#6722,.T.);
#6741=OVER_RIDING_STYLED_ITEM('',(#5382),#6740,#26);
#6742=CARTESIAN_POINT('',(-126.715471266,26.558115316,-3.69384205));
#6743=DIRECTION('',(0.,-1.,0.));
#6744=DIRECTION('',(0.,-0.,-1.));
#6745=AXIS2_PLACEMENT_3D('',#6742,#6743,#6744);
#6746=PLANE('',#6745);
#6747=CARTESIAN_POINT('',(-117.346854627,26.558115316,4.5000254));
#6748=VERTEX_POINT('',#6747);
#6749=CARTESIAN_POINT('',(-117.346854627,26.558115316,4.5000254));
#6750=DIRECTION('',(0.,-0.,-1.));
#6751=VECTOR('',#6750,1.5);
#6752=LINE('',#6749,#6751);
#6753=EDGE_CURVE('',#6748,#549,#6752,.T.);
#6754=ORIENTED_EDGE('',*,*,#6753,.T.);
#6755=ORIENTED_EDGE('',*,*,#554,.F.);
#6756=CARTESIAN_POINT('',(-112.68018796,26.558115316,3.0000254));
#6757=DIRECTION('',(0.,0.,1.));
#6758=VECTOR('',#6757,3.);
#6759=LINE('',#6756,#6758);
#6760=EDGE_CURVE('',#541,#3782,#6759,.T.);
#6761=ORIENTED_EDGE('',*,*,#6760,.T.);
#6762=ORIENTED_EDGE('',*,*,#3787,.F.);
#6763=CARTESIAN_POINT('',(-117.346854627,26.558115316,6.0000254));
#6764=CARTESIAN_POINT('',(-117.346854627,26.558115316,4.5000254));
#6765=B_SPLINE_CURVE_WITH_KNOTS('',1,(#6763,#6764),.UNSPECIFIED.,.F.,.F.,(2,2),(-0.005000025,-0.003500025),.UNSPECIFIED.);
#6766=EDGE_CURVE('',#3774,#6748,#6765,.T.);
#6767=ORIENTED_EDGE('',*,*,#6766,.T.);
#6768=EDGE_LOOP('',(#6754,#6755,#6761,#6762,#6767));
#6769=FACE_BOUND('',#6768,.T.);
#6770=ADVANCED_FACE('',(#6769),#6746,.T.);
#6771=CARTESIAN_POINT('',(-126.715471266,26.558115316,-3.69384205));
#6772=DIRECTION('',(0.,-1.,0.));
#6773=DIRECTION('',(0.,-0.,-1.));
#6774=AXIS2_PLACEMENT_3D('',#6771,#6772,#6773);
#6775=PLANE('',#6774);
#6776=ORIENTED_EDGE('',*,*,#6766,.F.);
#6777=ORIENTED_EDGE('',*,*,#3779,.F.);
#6778=CARTESIAN_POINT('',(-122.013521294,26.558115316,4.5000254));
#6779=VERTEX_POINT('',#6778);
#6780=CARTESIAN_POINT('',(-122.013521294,26.558115316,6.0000254));
#6781=CARTESIAN_POINT('',(-122.013521294,26.558115316,4.5000254));
#6782=B_SPLINE_CURVE_WITH_KNOTS('',1,(#6780,#6781),.UNSPECIFIED.,.F.,.F.,(2,2),(-0.005000025,-0.003500025),.UNSPECIFIED.);
#6783=EDGE_CURVE('',#3766,#6779,#6782,.T.);
#6784=ORIENTED_EDGE('',*,*,#6783,.T.);
#6785=CARTESIAN_POINT('',(-117.346854627,26.558115316,4.5000254));
#6786=DIRECTION('',(-1.,0.,0.));
#6787=VECTOR('',#6786,4.666666667);
#6788=LINE('',#6785,#6787);
#6789=EDGE_CURVE('',#6748,#6779,#6788,.T.);
#6790=ORIENTED_EDGE('',*,*,#6789,.F.);
#6791=EDGE_LOOP('',(#6776,#6777,#6784,#6790));
#6792=FACE_BOUND('',#6791,.T.);
#6793=ADVANCED_FACE('',(#6792),#6775,.T.);
#6794=CARTESIAN_POINT('',(-131.365540598,101.369265939,4.5000254));
#6795=DIRECTION('',(-1.,0.,0.));
#6796=DIRECTION('',(0.,0.,-1.));
#6797=AXIS2_PLACEMENT_3D('',#6794,#6795,#6796);
#6798=PLANE('',#6797);
#6799=CARTESIAN_POINT('',(-131.365540598,101.369265939,4.5000254));
#6800=VERTEX_POINT('',#6799);
#6801=CARTESIAN_POINT('',(-131.365540598,101.369265939,4.5000254));
#6802=DIRECTION('',(0.,0.,-1.));
#6803=VECTOR('',#6802,1.5);
#6804=LINE('',#6801,#6803);
#6805=EDGE_CURVE('',#6800,#385,#6804,.T.);
#6806=ORIENTED_EDGE('',*,*,#6805,.T.);
#6807=ORIENTED_EDGE('',*,*,#390,.F.);
#6808=CARTESIAN_POINT('',(-131.365540598,102.119265939,4.5000254));
#6809=VERTEX_POINT('',#6808);
#6810=CARTESIAN_POINT('',(-131.365540598,102.119265939,4.5000254));
#6811=DIRECTION('',(-0.,-0.,-1.));
#6812=VECTOR('',#6811,1.5);
#6813=LINE('',#6810,#6812);
#6814=EDGE_CURVE('',#6809,#377,#6813,.T.);
#6815=ORIENTED_EDGE('',*,*,#6814,.F.);
#6816=CARTESIAN_POINT('',(-131.365540598,102.119265939,4.5000254));
#6817=DIRECTION('',(0.,-1.,0.));
#6818=VECTOR('',#6817,0.75);
#6819=LINE('',#6816,#6818);
#6820=EDGE_CURVE('',#6809,#6800,#6819,.T.);
#6821=ORIENTED_EDGE('',*,*,#6820,.T.);
#6822=EDGE_LOOP('',(#6806,#6807,#6815,#6821));
#6823=FACE_BOUND('',#6822,.T.);
#6824=ADVANCED_FACE('',(#6823),#6798,.F.);
#6825=CARTESIAN_POINT('',(-126.698873931,101.369265939,4.5000254));
#6826=DIRECTION('',(0.,0.,1.));
#6827=DIRECTION('',(-1.,0.,0.));
#6828=AXIS2_PLACEMENT_3D('',#6825,#6826,#6827);
#6829=PLANE('',#6828);
#6830=CARTESIAN_POINT('',(-126.698873931,101.369265939,4.5000254));
#6831=VERTEX_POINT('',#6830);
#6832=CARTESIAN_POINT('',(-126.698873931,101.369265939,4.5000254));
#6833=DIRECTION('',(-1.,0.,0.));
#6834=VECTOR('',#6833,4.666666667);
#6835=LINE('',#6832,#6834);
#6836=EDGE_CURVE('',#6831,#6800,#6835,.T.);
#6837=ORIENTED_EDGE('',*,*,#6836,.T.);
#6838=ORIENTED_EDGE('',*,*,#6820,.F.);
#6839=CARTESIAN_POINT('',(-126.698873931,102.119265939,4.5000254));
#6840=VERTEX_POINT('',#6839);
#6841=CARTESIAN_POINT('',(-126.698873931,102.119265939,4.5000254));
#6842=DIRECTION('',(-1.,-0.,0.));
#6843=VECTOR('',#6842,4.666666667);
#6844=LINE('',#6841,#6843);
#6845=EDGE_CURVE('',#6840,#6809,#6844,.T.);
#6846=ORIENTED_EDGE('',*,*,#6845,.F.);
#6847=CARTESIAN_POINT('',(-126.698873931,102.119265939,4.5000254));
#6848=DIRECTION('',(-0.,-1.,-0.));
#6849=VECTOR('',#6848,0.75);
#6850=LINE('',#6847,#6849);
#6851=EDGE_CURVE('',#6840,#6831,#6850,.T.);
#6852=ORIENTED_EDGE('',*,*,#6851,.T.);
#6853=EDGE_LOOP('',(#6837,#6838,#6846,#6852));
#6854=FACE_BOUND('',#6853,.T.);
#6855=ADVANCED_FACE('',(#6854),#6829,.F.);
#6856=CARTESIAN_POINT('',(-126.698873931,101.369265939,4.5000254));
#6857=DIRECTION('',(-1.,0.,0.));
#6858=DIRECTION('',(0.,0.,-1.));
#6859=AXIS2_PLACEMENT_3D('',#6856,#6857,#6858);
#6860=PLANE('',#6859);
#6861=CARTESIAN_POINT('',(-126.698873931,101.369265939,4.5000254));
#6862=DIRECTION('',(0.,0.,-1.));
#6863=VECTOR('',#6862,1.5);
#6864=LINE('',#6861,#6863);
#6865=EDGE_CURVE('',#6831,#361,#6864,.T.);
#6866=ORIENTED_EDGE('',*,*,#6865,.F.);
#6867=ORIENTED_EDGE('',*,*,#6851,.F.);
#6868=CARTESIAN_POINT('',(-126.698873931,102.119265939,4.5000254));
#6869=DIRECTION('',(0.,0.,-1.));
#6870=VECTOR('',#6869,1.5);
#6871=LINE('',#6868,#6870);
#6872=EDGE_CURVE('',#6840,#369,#6871,.T.);
#6873=ORIENTED_EDGE('',*,*,#6872,.T.);
#6874=ORIENTED_EDGE('',*,*,#374,.T.);
#6875=EDGE_LOOP('',(#6866,#6867,#6873,#6874));
#6876=FACE_BOUND('',#6875,.T.);
#6877=ADVANCED_FACE('',(#6876),#6860,.T.);
#6878=CARTESIAN_POINT('',(-122.032207264,102.119265939,1.));
#6879=DIRECTION('',(0.,-1.,0.));
#6880=DIRECTION('',(-1.,0.,0.));
#6881=AXIS2_PLACEMENT_3D('',#6878,#6879,#6880);
#6882=PLANE('',#6881);
#6883=ORIENTED_EDGE('',*,*,#6872,.F.);
#6884=ORIENTED_EDGE('',*,*,#6845,.T.);
#6885=ORIENTED_EDGE('',*,*,#6814,.T.);
#6886=ORIENTED_EDGE('',*,*,#382,.F.);
#6887=EDGE_LOOP('',(#6883,#6884,#6885,#6886));
#6888=FACE_BOUND('',#6887,.T.);
#6889=ADVANCED_FACE('',(#6888),#6882,.T.);
#6890=OVER_RIDING_STYLED_ITEM('',(#5382),#6889,#26);
#6891=CARTESIAN_POINT('',(-122.032207264,101.369265939,1.));
#6892=DIRECTION('',(0.,-1.,0.));
#6893=DIRECTION('',(-1.,0.,0.));
#6894=AXIS2_PLACEMENT_3D('',#6891,#6892,#6893);
#6895=PLANE('',#6894);
#6896=ORIENTED_EDGE('',*,*,#3737,.T.);
#6897=CARTESIAN_POINT('',(-126.698873931,101.369265939,6.0000254));
#6898=CARTESIAN_POINT('',(-126.698873931,101.369265939,4.5000254));
#6899=B_SPLINE_CURVE_WITH_KNOTS('',1,(#6897,#6898),.UNSPECIFIED.,.F.,.F.,(2,2),(-0.005000025,-0.003500025),.UNSPECIFIED.);
#6900=EDGE_CURVE('',#3724,#6831,#6899,.T.);
#6901=ORIENTED_EDGE('',*,*,#6900,.T.);
#6902=ORIENTED_EDGE('',*,*,#6865,.T.);
#6903=ORIENTED_EDGE('',*,*,#366,.F.);
#6904=CARTESIAN_POINT('',(-122.032207264,101.369265939,3.0000254));
#6905=DIRECTION('',(-0.,-0.,1.));
#6906=VECTOR('',#6905,3.);
#6907=LINE('',#6904,#6906);
#6908=EDGE_CURVE('',#353,#3732,#6907,.T.);
#6909=ORIENTED_EDGE('',*,*,#6908,.T.);
#6910=EDGE_LOOP('',(#6896,#6901,#6902,#6903,#6909));
#6911=FACE_BOUND('',#6910,.T.);
#6912=ADVANCED_FACE('',(#6911),#6895,.T.);
#6913=OVER_RIDING_STYLED_ITEM('',(#5382),#6912,#26);
#6914=CARTESIAN_POINT('',(-122.032207264,101.369265939,1.));
#6915=DIRECTION('',(0.,-1.,0.));
#6916=DIRECTION('',(-1.,0.,0.));
#6917=AXIS2_PLACEMENT_3D('',#6914,#6915,#6916);
#6918=PLANE('',#6917);
#6919=ORIENTED_EDGE('',*,*,#6836,.F.);
#6920=ORIENTED_EDGE('',*,*,#6900,.F.);
#6921=ORIENTED_EDGE('',*,*,#3729,.T.);
#6922=CARTESIAN_POINT('',(-131.365540598,101.369265939,6.0000254));
#6923=CARTESIAN_POINT('',(-131.365540598,101.369265939,4.5000254));
#6924=B_SPLINE_CURVE_WITH_KNOTS('',1,(#6922,#6923),.UNSPECIFIED.,.F.,.F.,(2,2),(-0.005000025,-0.003500025),.UNSPECIFIED.);
#6925=EDGE_CURVE('',#3716,#6800,#6924,.T.);
#6926=ORIENTED_EDGE('',*,*,#6925,.T.);
#6927=EDGE_LOOP('',(#6919,#6920,#6921,#6926));
#6928=FACE_BOUND('',#6927,.T.);
#6929=ADVANCED_FACE('',(#6928),#6918,.T.);
#6930=OVER_RIDING_STYLED_ITEM('',(#5382),#6929,#26);
#6931=CARTESIAN_POINT('',(-77.50849115,104.219265939,3.2000254));
#6932=DIRECTION('',(0.,0.707106781,-0.707106781));
#6933=DIRECTION('',(1.,0.,0.));
#6934=AXIS2_PLACEMENT_3D('',#6931,#6932,#6933);
#6935=PLANE('',#6934);
#6936=CARTESIAN_POINT('',(-75.892055262,104.219265939,3.2000254));
#6937=VERTEX_POINT('',#6936);
#6938=CARTESIAN_POINT('',(-75.891976696,104.019265939,3.0000254));
#6939=DIRECTION('',(-0.000277772,0.707106754,0.707106754));
#6940=VECTOR('',#6939,0.282842723);
#6941=LINE('',#6938,#6940);
#6942=EDGE_CURVE('',#2840,#6937,#6941,.T.);
#6943=ORIENTED_EDGE('',*,*,#6942,.F.);
#6944=ORIENTED_EDGE('',*,*,#2845,.F.);
#6945=CARTESIAN_POINT('',(-81.310051619,104.219265939,3.2000254));
#6946=VERTEX_POINT('',#6945);
#6947=CARTESIAN_POINT('',(-81.310051619,104.219265939,3.2000254));
#6948=DIRECTION('',(0.,-0.707106781,-0.707106781));
#6949=VECTOR('',#6948,0.282842712);
#6950=LINE('',#6947,#6949);
#6951=EDGE_CURVE('',#6946,#2831,#6950,.T.);
#6952=ORIENTED_EDGE('',*,*,#6951,.F.);
#6953=CARTESIAN_POINT('',(-75.892055262,104.219265939,3.2000254));
#6954=DIRECTION('',(-1.,0.,0.));
#6955=VECTOR('',#6954,5.417996357);
#6956=LINE('',#6953,#6955);
#6957=EDGE_CURVE('',#6937,#6946,#6956,.T.);
#6958=ORIENTED_EDGE('',*,*,#6957,.F.);
#6959=EDGE_LOOP('',(#6943,#6944,#6952,#6958));
#6960=FACE_BOUND('',#6959,.T.);
#6961=ADVANCED_FACE('',(#6960),#6935,.T.);
#6962=CARTESIAN_POINT('',(-77.50849115,7.07805524,0.642373652));
#6963=DIRECTION('',(0.,1.,-0.));
#6964=DIRECTION('',(0.,0.,1.));
#6965=AXIS2_PLACEMENT_3D('',#6962,#6963,#6964);
#6966=PLANE('',#6965);
#6967=CARTESIAN_POINT('',(-68.758503783,7.07805524,5.446469488));
#6968=VERTEX_POINT('',#6967);
#6969=CARTESIAN_POINT('',(-74.564118773,7.07805524,5.447284536));
#6970=VERTEX_POINT('',#6969);
#6971=CARTESIAN_POINT('',(-930.557197151,7.07805524,4.502790987));
#6972=DIRECTION('',(-0.,-1.,0.));
#6973=DIRECTION('',(1.,-0.,-0.));
#6974=AXIS2_PLACEMENT_3D('',#6971,#6972,#6973);
#6975=ELLIPSE('',#6974,2552.171694498,1.002565603);
#6976=EDGE_CURVE('',#6968,#6970,#6975,.T.);
#6977=ORIENTED_EDGE('',*,*,#6976,.F.);
#6978=CARTESIAN_POINT('',(-68.758503783,7.07805524,6.0000254));
#6979=DIRECTION('',(-0.,-0.,-1.));
#6980=VECTOR('',#6979,0.553555912);
#6981=LINE('',#6978,#6980);
#6982=EDGE_CURVE('',#4737,#6968,#6981,.T.);
#6983=ORIENTED_EDGE('',*,*,#6982,.F.);
#6984=ORIENTED_EDGE('',*,*,#4742,.F.);
#6985=CARTESIAN_POINT('',(-74.564118773,7.07805524,5.447284536));
#6986=DIRECTION('',(0.,0.,1.));
#6987=VECTOR('',#6986,0.552740864);
#6988=LINE('',#6985,#6987);
#6989=EDGE_CURVE('',#6970,#4728,#6988,.T.);
#6990=ORIENTED_EDGE('',*,*,#6989,.F.);
#6991=EDGE_LOOP('',(#6977,#6983,#6984,#6990));
#6992=FACE_BOUND('',#6991,.T.);
#6993=ADVANCED_FACE('',(#6992),#6966,.F.);
#6994=CARTESIAN_POINT('',(-77.50849115,104.219265939,0.642373652));
#6995=DIRECTION('',(0.,-1.,0.));
#6996=DIRECTION('',(0.,-0.,-1.));
#6997=AXIS2_PLACEMENT_3D('',#6994,#6995,#6996);
#6998=PLANE('',#6997);
#6999=CARTESIAN_POINT('',(-64.627223821,104.219265939,3.2000254));
#7000=VERTEX_POINT('',#6999);
#7001=CARTESIAN_POINT('',(-64.627223821,104.219265939,3.2000254));
#7002=DIRECTION('',(0.,0.,1.));
#7003=VECTOR('',#7002,2.8);
#7004=LINE('',#7001,#7003);
#7005=EDGE_CURVE('',#7000,#4541,#7004,.T.);
#7006=ORIENTED_EDGE('',*,*,#7005,.F.);
#7007=CARTESIAN_POINT('',(-69.897661167,104.219265939,3.2000254));
#7008=VERTEX_POINT('',#7007);
#7009=CARTESIAN_POINT('',(-64.627223821,104.219265939,3.2000254));
#7010=DIRECTION('',(-1.,0.,0.));
#7011=VECTOR('',#7010,5.270437347);
#7012=LINE('',#7009,#7011);
#7013=EDGE_CURVE('',#7000,#7008,#7012,.T.);
#7014=ORIENTED_EDGE('',*,*,#7013,.T.);
#7015=CARTESIAN_POINT('',(-69.897661167,104.219265939,5.463714076));
#7016=VERTEX_POINT('',#7015);
#7017=CARTESIAN_POINT('',(-69.897661167,104.219265939,5.463714076));
#7018=DIRECTION('',(0.,-0.,-1.));
#7019=VECTOR('',#7018,2.263688676);
#7020=LINE('',#7017,#7019);
#7021=EDGE_CURVE('',#7016,#7008,#7020,.T.);
#7022=ORIENTED_EDGE('',*,*,#7021,.F.);
#7023=CARTESIAN_POINT('',(-75.892055262,104.219265939,5.463010217));
#7024=VERTEX_POINT('',#7023);
#7025=CARTESIAN_POINT('',(658.015811329,104.219265939,4.502790987));
#7026=DIRECTION('',(-0.,1.,-0.));
#7027=DIRECTION('',(-1.,-0.,-0.));
#7028=AXIS2_PLACEMENT_3D('',#7025,#7026,#7027);
#7029=ELLIPSE('',#7028,2552.171694499,1.002565603);
#7030=EDGE_CURVE('',#7024,#7016,#7029,.T.);
#7031=ORIENTED_EDGE('',*,*,#7030,.F.);
#7032=CARTESIAN_POINT('',(-75.892055262,104.219265939,5.463010217));
#7033=DIRECTION('',(0.,-0.,-1.));
#7034=VECTOR('',#7033,2.262984817);
#7035=LINE('',#7032,#7034);
#7036=EDGE_CURVE('',#7024,#6937,#7035,.T.);
#7037=ORIENTED_EDGE('',*,*,#7036,.T.);
#7038=ORIENTED_EDGE('',*,*,#6957,.T.);
#7039=CARTESIAN_POINT('',(-81.310051619,104.219265939,6.0000254));
#7040=DIRECTION('',(-0.,-0.,-1.));
#7041=VECTOR('',#7040,2.8);
#7042=LINE('',#7039,#7041);
#7043=EDGE_CURVE('',#4550,#6946,#7042,.T.);
#7044=ORIENTED_EDGE('',*,*,#7043,.F.);
#7045=ORIENTED_EDGE('',*,*,#4555,.F.);
#7046=EDGE_LOOP('',(#7006,#7014,#7022,#7031,#7037,#7038,#7044,#7045));
#7047=FACE_BOUND('',#7046,.T.);
#7048=ADVANCED_FACE('',(#7047),#6998,.F.);
#7049=CARTESIAN_POINT('',(-68.758503783,-63.07194476,0.642373652));
#7050=DIRECTION('',(0.,0.,1.));
#7051=DIRECTION('',(0.,-1.,0.));
#7052=AXIS2_PLACEMENT_3D('',#7049,#7050,#7051);
#7053=CYLINDRICAL_SURFACE('',#7052,70.15);
#7054=CARTESIAN_POINT('',(-68.629051732,7.077935797,5.446408378));
#7055=VERTEX_POINT('',#7054);
#7056=CARTESIAN_POINT('',(-68.629051732,7.077935797,3.2000254));
#7057=VERTEX_POINT('',#7056);
#7058=CARTESIAN_POINT('',(-68.629051732,7.077935797,5.446408378));
#7059=DIRECTION('',(-0.,-0.,-1.));
#7060=VECTOR('',#7059,2.246382978);
#7061=LINE('',#7058,#7060);
#7062=EDGE_CURVE('',#7055,#7057,#7061,.T.);
#7063=ORIENTED_EDGE('',*,*,#7062,.T.);
#7064=CARTESIAN_POINT('',(-56.577084119,6.012319113,3.2000254));
#7065=VERTEX_POINT('',#7064);
#7066=CARTESIAN_POINT('',(-68.758503783,-63.07194476,3.2000254));
#7067=DIRECTION('',(0.,0.,-1.));
#7068=DIRECTION('',(-1.,0.,0.));
#7069=AXIS2_PLACEMENT_3D('',#7066,#7067,#7068);
#7070=CIRCLE('',#7069,70.15);
#7071=EDGE_CURVE('',#7057,#7065,#7070,.T.);
#7072=ORIENTED_EDGE('',*,*,#7071,.T.);
#7073=CARTESIAN_POINT('',(-56.577084119,6.012319113,3.2000254));
#7074=DIRECTION('',(0.,0.,1.));
#7075=VECTOR('',#7074,2.8);
#7076=LINE('',#7073,#7075);
#7077=EDGE_CURVE('',#7065,#4745,#7076,.T.);
#7078=ORIENTED_EDGE('',*,*,#7077,.T.);
#7079=ORIENTED_EDGE('',*,*,#4751,.F.);
#7080=ORIENTED_EDGE('',*,*,#6982,.T.);
#7081=CARTESIAN_POINT('',(-68.629051732,7.077935797,5.446408378));
#7082=CARTESIAN_POINT('',(-68.672202372,7.078015425,5.446443045));
#7083=CARTESIAN_POINT('',(-68.715353056,7.07805524,5.446463407));
#7084=CARTESIAN_POINT('',(-68.758503783,7.07805524,5.446469488));
#7085=B_SPLINE_CURVE_WITH_KNOTS('',3,(#7081,#7082,#7083,#7084),.UNSPECIFIED.,.F.,.F.,(4,4),(0.,0.000129452),.UNSPECIFIED.);
#7086=EDGE_CURVE('',#7055,#6968,#7085,.T.);
#7087=ORIENTED_EDGE('',*,*,#7086,.F.);
#7088=EDGE_LOOP('',(#7063,#7072,#7078,#7079,#7080,#7087));
#7089=FACE_BOUND('',#7088,.T.);
#7090=ADVANCED_FACE('',(#7089),#7053,.F.);
#7091=CARTESIAN_POINT('',(-74.564118773,-63.07194476,0.642373652));
#7092=DIRECTION('',(0.,0.,1.));
#7093=DIRECTION('',(0.,-1.,0.));
#7094=AXIS2_PLACEMENT_3D('',#7091,#7092,#7093);
#7095=CYLINDRICAL_SURFACE('',#7094,70.15);
#7096=CARTESIAN_POINT('',(-86.745538436,6.012319113,3.2000254));
#7097=VERTEX_POINT('',#7096);
#7098=CARTESIAN_POINT('',(-86.745538436,6.012319113,6.0000254));
#7099=DIRECTION('',(-0.,-0.,-1.));
#7100=VECTOR('',#7099,2.8);
#7101=LINE('',#7098,#7100);
#7102=EDGE_CURVE('',#4720,#7097,#7101,.T.);
#7103=ORIENTED_EDGE('',*,*,#7102,.T.);
#7104=CARTESIAN_POINT('',(-74.623445864,7.078030153,3.2000254));
#7105=VERTEX_POINT('',#7104);
#7106=CARTESIAN_POINT('',(-74.564118773,-63.07194476,3.2000254));
#7107=DIRECTION('',(0.,0.,-1.));
#7108=DIRECTION('',(-1.,0.,0.));
#7109=AXIS2_PLACEMENT_3D('',#7106,#7107,#7108);
#7110=CIRCLE('',#7109,70.15);
#7111=EDGE_CURVE('',#7097,#7105,#7110,.T.);
#7112=ORIENTED_EDGE('',*,*,#7111,.T.);
#7113=CARTESIAN_POINT('',(-74.623445864,7.078030153,5.447283902));
#7114=VERTEX_POINT('',#7113);
#7115=CARTESIAN_POINT('',(-74.623445864,7.078030153,5.447283902));
#7116=DIRECTION('',(-0.,-0.,-1.));
#7117=VECTOR('',#7116,2.247258502);
#7118=LINE('',#7115,#7117);
#7119=EDGE_CURVE('',#7114,#7105,#7118,.T.);
#7120=ORIENTED_EDGE('',*,*,#7119,.F.);
#7121=CARTESIAN_POINT('',(-74.564118773,7.07805524,5.447284536));
#7122=CARTESIAN_POINT('',(-74.583894473,7.07805524,5.447287302));
#7123=CARTESIAN_POINT('',(-74.60367017,7.078046877,5.44728709));
#7124=CARTESIAN_POINT('',(-74.623445864,7.078030153,5.447283902));
#7125=B_SPLINE_CURVE_WITH_KNOTS('',3,(#7121,#7122,#7123,#7124),.UNSPECIFIED.,.F.,.F.,(4,4),(0.,0.000059327),.UNSPECIFIED.);
#7126=EDGE_CURVE('',#6970,#7114,#7125,.T.);
#7127=ORIENTED_EDGE('',*,*,#7126,.F.);
#7128=ORIENTED_EDGE('',*,*,#6989,.T.);
#7129=ORIENTED_EDGE('',*,*,#4734,.F.);
#7130=EDGE_LOOP('',(#7103,#7112,#7120,#7127,#7128,#7129));
#7131=FACE_BOUND('',#7130,.T.);
#7132=ADVANCED_FACE('',(#7131),#7095,.F.);
#7133=CARTESIAN_POINT('',(-10.507504462,96.009620346,3.0000254));
#7134=DIRECTION('',(-1.,0.,0.));
#7135=DIRECTION('',(0.,1.,0.));
#7136=AXIS2_PLACEMENT_3D('',#7133,#7134,#7135);
#7137=PLANE('',#7136);
#7138=CARTESIAN_POINT('',(-10.507504462,101.552260605,3.729927749));
#7139=VERTEX_POINT('',#7138);
#7140=CARTESIAN_POINT('',(-10.507504462,101.552260605,3.2000254));
#7141=VERTEX_POINT('',#7140);
#7142=CARTESIAN_POINT('',(-10.507504462,101.552260605,3.729927749));
#7143=DIRECTION('',(-0.,-0.,-1.));
#7144=VECTOR('',#7143,0.529902349);
#7145=LINE('',#7142,#7144);
#7146=EDGE_CURVE('',#7139,#7141,#7145,.T.);
#7147=ORIENTED_EDGE('',*,*,#7146,.T.);
#7148=CARTESIAN_POINT('',(-10.507504462,101.352260605,3.0000254));
#7149=VERTEX_POINT('',#7148);
#7150=CARTESIAN_POINT('',(-10.507504462,101.552260605,3.2000254));
#7151=DIRECTION('',(0.,-0.707106781,-0.707106781));
#7152=VECTOR('',#7151,0.282842712);
#7153=LINE('',#7150,#7152);
#7154=EDGE_CURVE('',#7141,#7149,#7153,.T.);
#7155=ORIENTED_EDGE('',*,*,#7154,.T.);
#7156=CARTESIAN_POINT('',(-10.507504462,96.009620346,3.0000254));
#7157=VERTEX_POINT('',#7156);
#7158=CARTESIAN_POINT('',(-10.507504462,96.009620346,3.0000254));
#7159=DIRECTION('',(0.,1.,0.));
#7160=VECTOR('',#7159,5.342640259);
#7161=LINE('',#7158,#7160);
#7162=EDGE_CURVE('',#7157,#7149,#7161,.T.);
#7163=ORIENTED_EDGE('',*,*,#7162,.F.);
#7164=CARTESIAN_POINT('',(-10.507504462,96.009620346,3.729927749));
#7165=VERTEX_POINT('',#7164);
#7166=CARTESIAN_POINT('',(-10.507504462,96.009620346,3.729927749));
#7167=DIRECTION('',(0.,0.,-1.));
#7168=VECTOR('',#7167,0.729902349);
#7169=LINE('',#7166,#7168);
#7170=EDGE_CURVE('',#7165,#7157,#7169,.T.);
#7171=ORIENTED_EDGE('',*,*,#7170,.F.);
#7172=CARTESIAN_POINT('',(-10.507504462,96.009620346,3.729927749));
#7173=DIRECTION('',(0.,1.,0.));
#7174=VECTOR('',#7173,5.542640259);
#7175=LINE('',#7172,#7174);
#7176=EDGE_CURVE('',#7165,#7139,#7175,.T.);
#7177=ORIENTED_EDGE('',*,*,#7176,.T.);
#7178=EDGE_LOOP('',(#7147,#7155,#7163,#7171,#7177));
#7179=FACE_BOUND('',#7178,.T.);
#7180=ADVANCED_FACE('',(#7179),#7137,.T.);
#7181=CARTESIAN_POINT('',(-20.466584202,96.009620346,3.0000254));
#7182=DIRECTION('',(-1.,0.,0.));
#7183=DIRECTION('',(0.,1.,0.));
#7184=AXIS2_PLACEMENT_3D('',#7181,#7182,#7183);
#7185=PLANE('',#7184);
#7186=ORIENTED_EDGE('',*,*,#2919,.T.);
#7187=CARTESIAN_POINT('',(-20.466584202,101.552260605,3.2000254));
#7188=VERTEX_POINT('',#7187);
#7189=CARTESIAN_POINT('',(-20.466584202,101.352260605,3.0000254));
#7190=DIRECTION('',(-0.,0.707106781,0.707106781));
#7191=VECTOR('',#7190,0.282842712);
#7192=LINE('',#7189,#7191);
#7193=EDGE_CURVE('',#2906,#7188,#7192,.T.);
#7194=ORIENTED_EDGE('',*,*,#7193,.T.);
#7195=CARTESIAN_POINT('',(-20.466584202,101.552260605,3.729927749));
#7196=VERTEX_POINT('',#7195);
#7197=CARTESIAN_POINT('',(-20.466584202,101.552260605,3.729927749));
#7198=DIRECTION('',(-0.,-0.,-1.));
#7199=VECTOR('',#7198,0.529902349);
#7200=LINE('',#7197,#7199);
#7201=EDGE_CURVE('',#7196,#7188,#7200,.T.);
#7202=ORIENTED_EDGE('',*,*,#7201,.F.);
#7203=CARTESIAN_POINT('',(-20.466584202,96.009620346,3.729927749));
#7204=VERTEX_POINT('',#7203);
#7205=CARTESIAN_POINT('',(-20.466584202,101.552260605,3.729927749));
#7206=DIRECTION('',(-0.,-1.,-0.));
#7207=VECTOR('',#7206,5.542640259);
#7208=LINE('',#7205,#7207);
#7209=EDGE_CURVE('',#7196,#7204,#7208,.T.);
#7210=ORIENTED_EDGE('',*,*,#7209,.T.);
#7211=CARTESIAN_POINT('',(-20.466584202,96.009620346,3.729927749));
#7212=DIRECTION('',(0.,0.,-1.));
#7213=VECTOR('',#7212,0.729902349);
#7214=LINE('',#7211,#7213);
#7215=EDGE_CURVE('',#7204,#2914,#7214,.T.);
#7216=ORIENTED_EDGE('',*,*,#7215,.T.);
#7217=EDGE_LOOP('',(#7186,#7194,#7202,#7210,#7216));
#7218=FACE_BOUND('',#7217,.T.);
#7219=ADVANCED_FACE('',(#7218),#7185,.F.);
#7220=CARTESIAN_POINT('',(-77.50849115,55.761848833,4.690607892));
#7221=DIRECTION('',(0.,0.,-1.));
#7222=DIRECTION('',(-1.,0.,0.));
#7223=AXIS2_PLACEMENT_3D('',#7220,#7221,#7222);
#7224=PLANE('',#7223);
#7225=CARTESIAN_POINT('',(-19.505904059,96.009620346,4.690607892));
#7226=VERTEX_POINT('',#7225);
#7227=CARTESIAN_POINT('',(-11.468184604,96.009620346,4.690607892));
#7228=VERTEX_POINT('',#7227);
#7229=CARTESIAN_POINT('',(-19.505904059,96.009620346,4.690607892));
#7230=DIRECTION('',(1.,0.,-0.));
#7231=VECTOR('',#7230,8.037719456);
#7232=LINE('',#7229,#7231);
#7233=EDGE_CURVE('',#7226,#7228,#7232,.T.);
#7234=ORIENTED_EDGE('',*,*,#7233,.F.);
#7235=CARTESIAN_POINT('',(-19.505904059,101.552260605,4.690607892));
#7236=VERTEX_POINT('',#7235);
#7237=CARTESIAN_POINT('',(-19.505904059,96.009620346,4.690607892));
#7238=DIRECTION('',(-0.,1.,-0.));
#7239=VECTOR('',#7238,5.542640259);
#7240=LINE('',#7237,#7239);
#7241=EDGE_CURVE('',#7226,#7236,#7240,.T.);
#7242=ORIENTED_EDGE('',*,*,#7241,.T.);
#7243=CARTESIAN_POINT('',(-11.468184604,101.552260605,4.690607892));
#7244=VERTEX_POINT('',#7243);
#7245=CARTESIAN_POINT('',(-11.468184604,101.552260605,4.690607892));
#7246=DIRECTION('',(-1.,0.,0.));
#7247=VECTOR('',#7246,8.037719456);
#7248=LINE('',#7245,#7247);
#7249=EDGE_CURVE('',#7244,#7236,#7248,.T.);
#7250=ORIENTED_EDGE('',*,*,#7249,.F.);
#7251=CARTESIAN_POINT('',(-11.468184604,101.552260605,4.690607892));
#7252=DIRECTION('',(-0.,-1.,-0.));
#7253=VECTOR('',#7252,5.542640259);
#7254=LINE('',#7251,#7253);
#7255=EDGE_CURVE('',#7244,#7228,#7254,.T.);
#7256=ORIENTED_EDGE('',*,*,#7255,.T.);
#7257=EDGE_LOOP('',(#7234,#7242,#7250,#7256));
#7258=FACE_BOUND('',#7257,.T.);
#7259=ADVANCED_FACE('',(#7258),#7224,.T.);
#7260=CARTESIAN_POINT('',(-77.50849115,55.761848833,3.0000254));
#7261=DIRECTION('',(0.,0.,-1.));
#7262=DIRECTION('',(-1.,0.,0.));
#7263=AXIS2_PLACEMENT_3D('',#7260,#7261,#7262);
#7264=PLANE('',#7263);
#7265=ORIENTED_EDGE('',*,*,#7162,.T.);
#7266=CARTESIAN_POINT('',(-6.360101777,101.352260605,3.0000254));
#7267=VERTEX_POINT('',#7266);
#7268=CARTESIAN_POINT('',(-10.507504462,101.352260605,3.0000254));
#7269=DIRECTION('',(1.,0.,-0.));
#7270=VECTOR('',#7269,4.147402685);
#7271=LINE('',#7268,#7270);
#7272=EDGE_CURVE('',#7149,#7267,#7271,.T.);
#7273=ORIENTED_EDGE('',*,*,#7272,.T.);
#7274=CARTESIAN_POINT('',(-2.330979561,99.026045809,3.0000254));
#7275=VERTEX_POINT('',#7274);
#7276=CARTESIAN_POINT('',(-6.360101777,96.699831013,3.0000254));
#7277=DIRECTION('',(0.,0.,-1.));
#7278=DIRECTION('',(-1.,0.,0.));
#7279=AXIS2_PLACEMENT_3D('',#7276,#7277,#7278);
#7280=CIRCLE('',#7279,4.652429592);
#7281=EDGE_CURVE('',#7267,#7275,#7280,.T.);
#7282=ORIENTED_EDGE('',*,*,#7281,.T.);
#7283=CARTESIAN_POINT('',(-0.589445508,96.009620346,3.0000254));
#7284=VERTEX_POINT('',#7283);
#7285=CARTESIAN_POINT('',(-2.330979561,99.026045809,3.0000254));
#7286=DIRECTION('',(0.5,-0.866025404,0.));
#7287=VECTOR('',#7286,3.483068106);
#7288=LINE('',#7285,#7287);
#7289=EDGE_CURVE('',#7275,#7284,#7288,.T.);
#7290=ORIENTED_EDGE('',*,*,#7289,.T.);
#7291=CARTESIAN_POINT('',(-10.507504462,96.009620346,3.0000254));
#7292=DIRECTION('',(1.,0.,-0.));
#7293=VECTOR('',#7292,9.918058954);
#7294=LINE('',#7291,#7293);
#7295=EDGE_CURVE('',#7157,#7284,#7294,.T.);
#7296=ORIENTED_EDGE('',*,*,#7295,.F.);
#7297=EDGE_LOOP('',(#7265,#7273,#7282,#7290,#7296));
#7298=FACE_BOUND('',#7297,.T.);
#7299=ADVANCED_FACE('',(#7298),#7264,.T.);
#7300=CARTESIAN_POINT('',(-77.50849115,55.761848833,6.732314847));
#7301=DIRECTION('',(0.,0.,-1.));
#7302=DIRECTION('',(-1.,0.,0.));
#7303=AXIS2_PLACEMENT_3D('',#7300,#7301,#7302);
#7304=PLANE('',#7303);
#7305=CARTESIAN_POINT('',(-32.904669278,44.141327013,6.732314847));
#7306=VERTEX_POINT('',#7305);
#7307=CARTESIAN_POINT('',(0.860048577,44.141327013,6.732314847));
#7308=VERTEX_POINT('',#7307);
#7309=CARTESIAN_POINT('',(-32.904669278,44.141327013,6.732314847));
#7310=DIRECTION('',(1.,0.,-0.));
#7311=VECTOR('',#7310,33.764717856);
#7312=LINE('',#7309,#7311);
#7313=EDGE_CURVE('',#7306,#7308,#7312,.T.);
#7314=ORIENTED_EDGE('',*,*,#7313,.F.);
#7315=CARTESIAN_POINT('',(-32.904669278,48.059396121,6.732314847));
#7316=VERTEX_POINT('',#7315);
#7317=CARTESIAN_POINT('',(-32.904669278,44.141327013,6.732314847));
#7318=DIRECTION('',(0.,1.,0.));
#7319=VECTOR('',#7318,3.918069109);
#7320=LINE('',#7317,#7319);
#7321=EDGE_CURVE('',#7306,#7316,#7320,.T.);
#7322=ORIENTED_EDGE('',*,*,#7321,.T.);
#7323=CARTESIAN_POINT('',(-32.904669278,96.009620346,6.732314847));
#7324=VERTEX_POINT('',#7323);
#7325=CARTESIAN_POINT('',(-32.904669278,48.059396121,6.732314847));
#7326=DIRECTION('',(0.,1.,0.));
#7327=VECTOR('',#7326,47.950224224);
#7328=LINE('',#7325,#7327);
#7329=EDGE_CURVE('',#7316,#7324,#7328,.T.);
#7330=ORIENTED_EDGE('',*,*,#7329,.T.);
#7331=CARTESIAN_POINT('',(-0.3585054,96.009620346,6.732314847));
#7332=VERTEX_POINT('',#7331);
#7333=CARTESIAN_POINT('',(-32.904669278,96.009620346,6.732314847));
#7334=DIRECTION('',(1.,0.,-0.));
#7335=VECTOR('',#7334,32.546163878);
#7336=LINE('',#7333,#7335);
#7337=EDGE_CURVE('',#7324,#7332,#7336,.T.);
#7338=ORIENTED_EDGE('',*,*,#7337,.T.);
#7339=CARTESIAN_POINT('',(0.388335812,94.716053421,6.732314847));
#7340=VERTEX_POINT('',#7339);
#7341=CARTESIAN_POINT('',(0.388335812,94.716053421,6.732314847));
#7342=DIRECTION('',(-0.5,0.866025404,-0.));
#7343=VECTOR('',#7342,1.493682424);
#7344=LINE('',#7341,#7343);
#7345=EDGE_CURVE('',#7340,#7332,#7344,.T.);
#7346=ORIENTED_EDGE('',*,*,#7345,.F.);
#7347=CARTESIAN_POINT('',(0.860048577,93.79310817,6.732314847));
#7348=VERTEX_POINT('',#7347);
#7349=CARTESIAN_POINT('',(-8.396146627,89.644330121,6.732314847));
#7350=DIRECTION('',(-0.,-0.,1.));
#7351=DIRECTION('',(-1.,0.,0.));
#7352=AXIS2_PLACEMENT_3D('',#7349,#7350,#7351);
#7353=CIRCLE('',#7352,10.143446601);
#7354=EDGE_CURVE('',#7348,#7340,#7353,.T.);
#7355=ORIENTED_EDGE('',*,*,#7354,.F.);
#7356=CARTESIAN_POINT('',(0.860048577,44.141327013,6.732314847));
#7357=DIRECTION('',(0.,1.,0.));
#7358=VECTOR('',#7357,49.651781157);
#7359=LINE('',#7356,#7358);
#7360=EDGE_CURVE('',#7308,#7348,#7359,.T.);
#7361=ORIENTED_EDGE('',*,*,#7360,.F.);
#7362=EDGE_LOOP('',(#7314,#7322,#7330,#7338,#7346,#7355,#7361));
#7363=FACE_BOUND('',#7362,.T.);
#7364=CARTESIAN_POINT('',(-30.091031242,57.41825205,6.732314847));
#7365=VERTEX_POINT('',#7364);
#7366=CARTESIAN_POINT('',(-30.091031242,80.240131415,6.732314847));
#7367=VERTEX_POINT('',#7366);
#7368=CARTESIAN_POINT('',(-30.091031242,57.41825205,6.732314847));
#7369=DIRECTION('',(0.,1.,0.));
#7370=VECTOR('',#7369,22.821879364);
#7371=LINE('',#7368,#7370);
#7372=EDGE_CURVE('',#7365,#7367,#7371,.T.);
#7373=ORIENTED_EDGE('',*,*,#7372,.F.);
#7374=CARTESIAN_POINT('',(-26.091031242,53.41825205,6.732314847));
#7375=VERTEX_POINT('',#7374);
#7376=CARTESIAN_POINT('',(-26.091031242,57.41825205,6.732314847));
#7377=DIRECTION('',(-0.,-0.,1.));
#7378=DIRECTION('',(-1.,0.,0.));
#7379=AXIS2_PLACEMENT_3D('',#7376,#7377,#7378);
#7380=CIRCLE('',#7379,4.);
#7381=EDGE_CURVE('',#7365,#7375,#7380,.T.);
#7382=ORIENTED_EDGE('',*,*,#7381,.T.);
#7383=CARTESIAN_POINT('',(-6.891031242,53.41825205,6.732314847));
#7384=VERTEX_POINT('',#7383);
#7385=CARTESIAN_POINT('',(-26.091031242,53.41825205,6.732314847));
#7386=DIRECTION('',(1.,-0.,0.));
#7387=VECTOR('',#7386,19.199999999);
#7388=LINE('',#7385,#7387);
#7389=EDGE_CURVE('',#7375,#7384,#7388,.T.);
#7390=ORIENTED_EDGE('',*,*,#7389,.T.);
#7391=CARTESIAN_POINT('',(-2.891031242,57.41825205,6.732314847));
#7392=VERTEX_POINT('',#7391);
#7393=CARTESIAN_POINT('',(-6.891031242,57.41825205,6.732314847));
#7394=DIRECTION('',(-0.,-0.,1.));
#7395=DIRECTION('',(-1.,0.,0.));
#7396=AXIS2_PLACEMENT_3D('',#7393,#7394,#7395);
#7397=CIRCLE('',#7396,4.);
#7398=EDGE_CURVE('',#7384,#7392,#7397,.T.);
#7399=ORIENTED_EDGE('',*,*,#7398,.T.);
#7400=CARTESIAN_POINT('',(-2.891031242,80.240131415,6.732314847));
#7401=VERTEX_POINT('',#7400);
#7402=CARTESIAN_POINT('',(-2.891031242,57.41825205,6.732314847));
#7403=DIRECTION('',(0.,1.,0.));
#7404=VECTOR('',#7403,22.821879364);
#7405=LINE('',#7402,#7404);
#7406=EDGE_CURVE('',#7392,#7401,#7405,.T.);
#7407=ORIENTED_EDGE('',*,*,#7406,.T.);
#7408=CARTESIAN_POINT('',(-6.891031242,84.240131415,6.732314847));
#7409=VERTEX_POINT('',#7408);
#7410=CARTESIAN_POINT('',(-6.891031242,80.240131415,6.732314847));
#7411=DIRECTION('',(-0.,-0.,1.));
#7412=DIRECTION('',(-1.,0.,0.));
#7413=AXIS2_PLACEMENT_3D('',#7410,#7411,#7412);
#7414=CIRCLE('',#7413,4.);
#7415=EDGE_CURVE('',#7401,#7409,#7414,.T.);
#7416=ORIENTED_EDGE('',*,*,#7415,.T.);
#7417=CARTESIAN_POINT('',(-26.091031242,84.240131415,6.732314847));
#7418=VERTEX_POINT('',#7417);
#7419=CARTESIAN_POINT('',(-26.091031242,84.240131415,6.732314847));
#7420=DIRECTION('',(1.,-0.,0.));
#7421=VECTOR('',#7420,19.199999999);
#7422=LINE('',#7419,#7421);
#7423=EDGE_CURVE('',#7418,#7409,#7422,.T.);
#7424=ORIENTED_EDGE('',*,*,#7423,.F.);
#7425=CARTESIAN_POINT('',(-26.091031242,80.240131415,6.732314847));
#7426=DIRECTION('',(-0.,-0.,1.));
#7427=DIRECTION('',(-1.,0.,0.));
#7428=AXIS2_PLACEMENT_3D('',#7425,#7426,#7427);
#7429=CIRCLE('',#7428,4.);
#7430=EDGE_CURVE('',#7418,#7367,#7429,.T.);
#7431=ORIENTED_EDGE('',*,*,#7430,.T.);
#7432=EDGE_LOOP('',(#7373,#7382,#7390,#7399,#7407,#7416,#7424,#7431));
#7433=FACE_BOUND('',#7432,.T.);
#7434=ADVANCED_FACE('',(#7363,#7433),#7304,.T.);
#7435=CARTESIAN_POINT('',(-4.880009992,103.841096026,0.642373652));
#7436=DIRECTION('',(-0.866025404,-0.5,0.));
#7437=DIRECTION('',(-0.,-0.,-1.));
#7438=AXIS2_PLACEMENT_3D('',#7435,#7436,#7437);
#7439=PLANE('',#7438);
#7440=CARTESIAN_POINT('',(-0.3585054,96.009620346,3.2000254));
#7441=VERTEX_POINT('',#7440);
#7442=CARTESIAN_POINT('',(-0.3585054,96.009620346,6.732314847));
#7443=DIRECTION('',(-0.,-0.,-1.));
#7444=VECTOR('',#7443,3.532289446);
#7445=LINE('',#7442,#7444);
#7446=EDGE_CURVE('',#7332,#7441,#7445,.T.);
#7447=ORIENTED_EDGE('',*,*,#7446,.T.);
#7448=CARTESIAN_POINT('',(-2.101240441,99.02812598,3.2000254));
#7449=VERTEX_POINT('',#7448);
#7450=CARTESIAN_POINT('',(-0.3585054,96.009620346,3.2000254));
#7451=DIRECTION('',(-0.5,0.866025404,-0.));
#7452=VECTOR('',#7451,3.485470082);
#7453=LINE('',#7450,#7452);
#7454=EDGE_CURVE('',#7441,#7449,#7453,.T.);
#7455=ORIENTED_EDGE('',*,*,#7454,.T.);
#7456=CARTESIAN_POINT('',(-2.101240441,99.02812598,10.8000254));
#7457=VERTEX_POINT('',#7456);
#7458=CARTESIAN_POINT('',(-2.101240441,99.02812598,10.8000254));
#7459=DIRECTION('',(-0.,-0.,-1.));
#7460=VECTOR('',#7459,7.6);
#7461=LINE('',#7458,#7460);
#7462=EDGE_CURVE('',#7457,#7449,#7461,.T.);
#7463=ORIENTED_EDGE('',*,*,#7462,.F.);
#7464=CARTESIAN_POINT('',(0.388335812,94.716053421,10.8000254));
#7465=VERTEX_POINT('',#7464);
#7466=CARTESIAN_POINT('',(-2.101240441,99.02812598,10.8000254));
#7467=DIRECTION('',(0.5,-0.866025404,-0.));
#7468=VECTOR('',#7467,4.979152506);
#7469=LINE('',#7466,#7468);
#7470=EDGE_CURVE('',#7457,#7465,#7469,.T.);
#7471=ORIENTED_EDGE('',*,*,#7470,.T.);
#7472=CARTESIAN_POINT('',(0.388335812,94.716053421,6.732314847));
#7473=DIRECTION('',(0.,0.,1.));
#7474=VECTOR('',#7473,4.067710554);
#7475=LINE('',#7472,#7474);
#7476=EDGE_CURVE('',#7340,#7465,#7475,.T.);
#7477=ORIENTED_EDGE('',*,*,#7476,.F.);
#7478=ORIENTED_EDGE('',*,*,#7345,.T.);
#7479=EDGE_LOOP('',(#7447,#7455,#7463,#7471,#7477,#7478));
#7480=FACE_BOUND('',#7479,.T.);
#7481=ADVANCED_FACE('',(#7480),#7439,.F.);
#7482=CARTESIAN_POINT('',(-3.891031242,96.009620346,-3.0999746));
#7483=DIRECTION('',(0.,1.,0.));
#7484=DIRECTION('',(0.,0.,1.));
#7485=AXIS2_PLACEMENT_3D('',#7482,#7483,#7484);
#7486=PLANE('',#7485);
#7487=ORIENTED_EDGE('',*,*,#7295,.T.);
#7488=CARTESIAN_POINT('',(-0.589445508,96.009620346,3.0000254));
#7489=DIRECTION('',(0.755928946,0.,0.654653671));
#7490=VECTOR('',#7489,0.305505046);
#7491=LINE('',#7488,#7490);
#7492=EDGE_CURVE('',#7284,#7441,#7491,.T.);
#7493=ORIENTED_EDGE('',*,*,#7492,.T.);
#7494=ORIENTED_EDGE('',*,*,#7446,.F.);
#7495=ORIENTED_EDGE('',*,*,#7337,.F.);
#7496=CARTESIAN_POINT('',(-32.904669278,96.009620346,6.732314847));
#7497=DIRECTION('',(-0.,-0.,-1.));
#7498=VECTOR('',#7497,3.732289446);
#7499=LINE('',#7496,#7498);
#7500=EDGE_CURVE('',#7324,#2922,#7499,.T.);
#7501=ORIENTED_EDGE('',*,*,#7500,.T.);
#7502=ORIENTED_EDGE('',*,*,#2927,.T.);
#7503=ORIENTED_EDGE('',*,*,#7215,.F.);
#7504=CARTESIAN_POINT('',(-19.505904059,96.009620346,3.729927749));
#7505=DIRECTION('',(0.,1.,0.));
#7506=DIRECTION('',(0.,-0.,1.));
#7507=AXIS2_PLACEMENT_3D('',#7504,#7505,#7506);
#7508=CIRCLE('',#7507,0.960680142);
#7509=EDGE_CURVE('',#7204,#7226,#7508,.T.);
#7510=ORIENTED_EDGE('',*,*,#7509,.T.);
#7511=ORIENTED_EDGE('',*,*,#7233,.T.);
#7512=CARTESIAN_POINT('',(-11.468184604,96.009620346,3.729927749));
#7513=DIRECTION('',(0.,1.,0.));
#7514=DIRECTION('',(0.,-0.,1.));
#7515=AXIS2_PLACEMENT_3D('',#7512,#7513,#7514);
#7516=CIRCLE('',#7515,0.960680142);
#7517=EDGE_CURVE('',#7228,#7165,#7516,.T.);
#7518=ORIENTED_EDGE('',*,*,#7517,.T.);
#7519=ORIENTED_EDGE('',*,*,#7170,.T.);
#7520=EDGE_LOOP('',(#7487,#7493,#7494,#7495,#7501,#7502,#7503,#7510,#7511,#7518,#7519));
#7521=FACE_BOUND('',#7520,.T.);
#7522=ADVANCED_FACE('',(#7521),#7486,.F.);
#7523=CARTESIAN_POINT('',(1.747299975,55.761848833,0.642373652));
#7524=DIRECTION('',(-1.,0.,-0.));
#7525=DIRECTION('',(-0.,-1.,0.));
#7526=AXIS2_PLACEMENT_3D('',#7523,#7524,#7525);
#7527=PLANE('',#7526);
#7528=ORIENTED_EDGE('',*,*,#48,.F.);
#7529=ORIENTED_EDGE('',*,*,#4860,.F.);
#7530=CARTESIAN_POINT('',(1.747299975,37.572349331,3.2000254));
#7531=VERTEX_POINT('',#7530);
#7532=CARTESIAN_POINT('',(1.747299975,37.572349331,3.2000254));
#7533=DIRECTION('',(-0.,-0.,1.));
#7534=VECTOR('',#7533,2.8);
#7535=LINE('',#7532,#7534);
#7536=EDGE_CURVE('',#7531,#4848,#7535,.T.);
#7537=ORIENTED_EDGE('',*,*,#7536,.F.);
#7538=CARTESIAN_POINT('',(1.747299975,43.149622777,3.2000254));
#7539=VERTEX_POINT('',#7538);
#7540=CARTESIAN_POINT('',(1.747299975,37.572349331,3.2000254));
#7541=DIRECTION('',(0.,1.,0.));
#7542=VECTOR('',#7541,5.577273447);
#7543=LINE('',#7540,#7542);
#7544=EDGE_CURVE('',#7531,#7539,#7543,.T.);
#7545=ORIENTED_EDGE('',*,*,#7544,.T.);
#7546=CARTESIAN_POINT('',(1.747299975,43.149622777,5.47073759));
#7547=VERTEX_POINT('',#7546);
#7548=CARTESIAN_POINT('',(1.747299975,43.149622777,5.47073759));
#7549=DIRECTION('',(-0.,-0.,-1.));
#7550=VECTOR('',#7549,2.27071219);
#7551=LINE('',#7548,#7550);
#7552=EDGE_CURVE('',#7547,#7539,#7551,.T.);
#7553=ORIENTED_EDGE('',*,*,#7552,.F.);
#7554=CARTESIAN_POINT('',(1.747299975,49.151675513,5.470063042));
#7555=VERTEX_POINT('',#7554);
#7556=CARTESIAN_POINT('',(1.747299975,-658.553873523,4.502790987));
#7557=DIRECTION('',(1.,-0.,0.));
#7558=DIRECTION('',(0.,1.,-0.));
#7559=AXIS2_PLACEMENT_3D('',#7556,#7557,#7558);
#7560=ELLIPSE('',#7559,2562.011211954,1.006430844);
#7561=EDGE_CURVE('',#7555,#7547,#7560,.T.);
#7562=ORIENTED_EDGE('',*,*,#7561,.F.);
#7563=CARTESIAN_POINT('',(1.747299975,49.151675513,3.2000254));
#7564=VERTEX_POINT('',#7563);
#7565=CARTESIAN_POINT('',(1.747299975,49.151675513,5.470063042));
#7566=DIRECTION('',(-0.,-0.,-1.));
#7567=VECTOR('',#7566,2.270037642);
#7568=LINE('',#7565,#7567);
#7569=EDGE_CURVE('',#7555,#7564,#7568,.T.);
#7570=ORIENTED_EDGE('',*,*,#7569,.T.);
#7571=CARTESIAN_POINT('',(1.747299975,79.069609531,3.2000254));
#7572=VERTEX_POINT('',#7571);
#7573=CARTESIAN_POINT('',(1.747299975,49.151675513,3.2000254));
#7574=DIRECTION('',(0.,1.,0.));
#7575=VECTOR('',#7574,29.917934018);
#7576=LINE('',#7573,#7575);
#7577=EDGE_CURVE('',#7564,#7572,#7576,.T.);
#7578=ORIENTED_EDGE('',*,*,#7577,.T.);
#7579=CARTESIAN_POINT('',(1.747299975,79.069609531,5.474246674));
#7580=VERTEX_POINT('',#7579);
#7581=CARTESIAN_POINT('',(1.747299975,79.069609531,5.474246674));
#7582=DIRECTION('',(0.,-0.,-1.));
#7583=VECTOR('',#7582,2.274221274);
#7584=LINE('',#7581,#7583);
#7585=EDGE_CURVE('',#7580,#7572,#7584,.T.);
#7586=ORIENTED_EDGE('',*,*,#7585,.F.);
#7587=CARTESIAN_POINT('',(1.747299975,85.071995628,5.473605213));
#7588=VERTEX_POINT('',#7587);
#7589=CARTESIAN_POINT('',(1.747299975,-590.472055355,4.502790987));
#7590=DIRECTION('',(-1.,0.,-0.));
#7591=DIRECTION('',(-0.,-1.,0.));
#7592=AXIS2_PLACEMENT_3D('',#7589,#7590,#7591);
#7593=ELLIPSE('',#7592,2562.011215789,1.006430844);
#7594=EDGE_CURVE('',#7580,#7588,#7593,.T.);
#7595=ORIENTED_EDGE('',*,*,#7594,.T.);
#7596=CARTESIAN_POINT('',(1.747299975,85.071995628,3.2000254));
#7597=VERTEX_POINT('',#7596);
#7598=CARTESIAN_POINT('',(1.747299975,85.071995628,5.473605213));
#7599=DIRECTION('',(-0.,-0.,-1.));
#7600=VECTOR('',#7599,2.273579813);
#7601=LINE('',#7598,#7600);
#7602=EDGE_CURVE('',#7588,#7597,#7601,.T.);
#7603=ORIENTED_EDGE('',*,*,#7602,.T.);
#7604=CARTESIAN_POINT('',(1.747299975,89.644330121,3.2000254));
#7605=VERTEX_POINT('',#7604);
#7606=CARTESIAN_POINT('',(1.747299975,85.071995628,3.2000254));
#7607=DIRECTION('',(0.,1.,0.));
#7608=VECTOR('',#7607,4.572334493);
#7609=LINE('',#7606,#7608);
#7610=EDGE_CURVE('',#7597,#7605,#7609,.T.);
#7611=ORIENTED_EDGE('',*,*,#7610,.T.);
#7612=CARTESIAN_POINT('',(1.747299975,89.644330121,10.8000254));
#7613=VERTEX_POINT('',#7612);
#7614=CARTESIAN_POINT('',(1.747299975,89.644330121,10.8000254));
#7615=DIRECTION('',(-0.,-0.,-1.));
#7616=VECTOR('',#7615,7.6);
#7617=LINE('',#7614,#7616);
#7618=EDGE_CURVE('',#7613,#7605,#7617,.T.);
#7619=ORIENTED_EDGE('',*,*,#7618,.F.);
#7620=CARTESIAN_POINT('',(1.747299975,89.644330121,10.8000254));
#7621=DIRECTION('',(-0.,-1.,0.));
#7622=VECTOR('',#7621,44.578894809);
#7623=LINE('',#7620,#7622);
#7624=EDGE_CURVE('',#7613,#43,#7623,.T.);
#7625=ORIENTED_EDGE('',*,*,#7624,.T.);
#7626=EDGE_LOOP('',(#7528,#7529,#7537,#7545,#7553,#7562,#7570,#7578,#7586,#7595,#7603,#7611,#7619,#7625));
#7627=FACE_BOUND('',#7626,.T.);
#7628=ADVANCED_FACE('',(#7627),#7527,.F.);
#7629=CARTESIAN_POINT('',(-147.910720589,66.781699641,1.962159549));
#7630=DIRECTION('',(0.000392828,-0.999999923,-0.));
#7631=DIRECTION('',(-0.,0.,-1.));
#7632=AXIS2_PLACEMENT_3D('',#7629,#7630,#7631);
#7633=PLANE('',#7632);
#7634=CARTESIAN_POINT('',(-148.940013431,66.781295305,4.662865821));
#7635=VERTEX_POINT('',#7634);
#7636=CARTESIAN_POINT('',(-148.940013431,66.781295305,4.25387838));
#7637=VERTEX_POINT('',#7636);
#7638=CARTESIAN_POINT('',(-148.940013431,66.781295305,4.662865821));
#7639=DIRECTION('',(-0.,0.,-1.));
#7640=VECTOR('',#7639,0.40898744);
#7641=LINE('',#7638,#7640);
#7642=EDGE_CURVE('',#7635,#7637,#7641,.T.);
#7643=ORIENTED_EDGE('',*,*,#7642,.F.);
#7644=CARTESIAN_POINT('',(-148.23022606,66.78157413,5.465487485));
#7645=VERTEX_POINT('',#7644);
#7646=CARTESIAN_POINT('',(-147.950309594,66.781684089,4.502790987));
#7647=DIRECTION('',(-0.000392828,0.999999923,0.));
#7648=DIRECTION('',(0.999999923,0.000392828,0.));
#7649=AXIS2_PLACEMENT_3D('',#7646,#7647,#7648);
#7650=CIRCLE('',#7649,1.002565603);
#7651=EDGE_CURVE('',#7635,#7645,#7650,.T.);
#7652=ORIENTED_EDGE('',*,*,#7651,.T.);
#7653=CARTESIAN_POINT('',(-148.23022606,66.78157413,3.2000254));
#7654=VERTEX_POINT('',#7653);
#7655=CARTESIAN_POINT('',(-148.23022606,66.78157413,5.465487485));
#7656=DIRECTION('',(0.,0.,-1.));
#7657=VECTOR('',#7656,2.265462085);
#7658=LINE('',#7655,#7657);
#7659=EDGE_CURVE('',#7645,#7654,#7658,.T.);
#7660=ORIENTED_EDGE('',*,*,#7659,.T.);
#7661=CARTESIAN_POINT('',(-148.048065213,66.781645688,3.017864553));
#7662=VERTEX_POINT('',#7661);
#7663=CARTESIAN_POINT('',(-148.23022606,66.78157413,3.2000254));
#7664=DIRECTION('',(0.707106754,0.000277772,-0.707106754));
#7665=VECTOR('',#7664,0.25761435);
#7666=LINE('',#7663,#7665);
#7667=EDGE_CURVE('',#7654,#7662,#7666,.T.);
#7668=ORIENTED_EDGE('',*,*,#7667,.T.);
#7669=CARTESIAN_POINT('',(-148.30159093,66.781546096,3.082660083));
#7670=VERTEX_POINT('',#7669);
#7671=CARTESIAN_POINT('',(-148.300985966,66.781546333,3.084090241));
#7672=CARTESIAN_POINT('',(-148.220228737,66.781578057,3.049929518));
#7673=CARTESIAN_POINT('',(-148.135200889,66.781611458,3.027665517));
#7674=CARTESIAN_POINT('',(-148.048065213,66.781645688,3.017864553));
#7675=B_SPLINE_CURVE_WITH_KNOTS('',3,(#7671,#7672,#7673,#7674),.UNSPECIFIED.,.F.,.F.,(4,4),(0.,0.000262829),.UNSPECIFIED.);
#7676=EDGE_CURVE('',#7670,#7662,#7675,.T.);
#7677=ORIENTED_EDGE('',*,*,#7676,.F.);
#7678=CARTESIAN_POINT('',(-148.823244152,66.781341175,3.664049142));
#7679=VERTEX_POINT('',#7678);
#7680=CARTESIAN_POINT('',(-147.950309594,66.781684089,3.922570541));
#7681=DIRECTION('',(-0.000392828,0.999999923,0.));
#7682=DIRECTION('',(0.999999923,0.000392828,0.));
#7683=AXIS2_PLACEMENT_3D('',#7680,#7681,#7682);
#7684=CIRCLE('',#7683,0.910410991);
#7685=EDGE_CURVE('',#7670,#7679,#7684,.T.);
#7686=ORIENTED_EDGE('',*,*,#7685,.T.);
#7687=CARTESIAN_POINT('',(-147.391945547,66.78190343,4.25387838));
#7688=DIRECTION('',(-0.000392828,0.999999923,0.));
#7689=DIRECTION('',(0.999999923,0.000392828,0.));
#7690=AXIS2_PLACEMENT_3D('',#7687,#7688,#7689);
#7691=CIRCLE('',#7690,1.548068003);
#7692=EDGE_CURVE('',#7679,#7637,#7691,.T.);
#7693=ORIENTED_EDGE('',*,*,#7692,.T.);
#7694=EDGE_LOOP('',(#7643,#7652,#7660,#7668,#7677,#7686,#7693));
#7695=FACE_BOUND('',#7694,.T.);
#7696=ADVANCED_FACE('',(#7695),#7633,.F.);
#7697=CARTESIAN_POINT('',(-147.908363618,60.781700104,1.962159549));
#7698=DIRECTION('',(0.000392828,-0.999999923,-0.));
#7699=DIRECTION('',(-0.,0.,-1.));
#7700=AXIS2_PLACEMENT_3D('',#7697,#7698,#7699);
#7701=PLANE('',#7700);
#7702=CARTESIAN_POINT('',(-148.937656461,60.781295768,4.662865821));
#7703=VERTEX_POINT('',#7702);
#7704=CARTESIAN_POINT('',(-148.23022606,60.781573667,5.464799034));
#7705=VERTEX_POINT('',#7704);
#7706=CARTESIAN_POINT('',(-147.947952624,60.781684552,4.502790987));
#7707=DIRECTION('',(-0.000392828,0.999999923,0.));
#7708=DIRECTION('',(0.999999923,0.000392828,0.));
#7709=AXIS2_PLACEMENT_3D('',#7706,#7707,#7708);
#7710=CIRCLE('',#7709,1.002565603);
#7711=EDGE_CURVE('',#7703,#7705,#7710,.T.);
#7712=ORIENTED_EDGE('',*,*,#7711,.F.);
#7713=CARTESIAN_POINT('',(-148.937656461,60.781295768,4.25387838));
#7714=VERTEX_POINT('',#7713);
#7715=CARTESIAN_POINT('',(-148.937656461,60.781295768,4.662865821));
#7716=DIRECTION('',(-0.,0.,-1.));
#7717=VECTOR('',#7716,0.40898744);
#7718=LINE('',#7715,#7717);
#7719=EDGE_CURVE('',#7703,#7714,#7718,.T.);
#7720=ORIENTED_EDGE('',*,*,#7719,.T.);
#7721=CARTESIAN_POINT('',(-148.820887182,60.781341638,3.664049142));
#7722=VERTEX_POINT('',#7721);
#7723=CARTESIAN_POINT('',(-147.389588577,60.781903893,4.25387838));
#7724=DIRECTION('',(-0.000392828,0.999999923,0.));
#7725=DIRECTION('',(0.999999923,0.000392828,0.));
#7726=AXIS2_PLACEMENT_3D('',#7723,#7724,#7725);
#7727=CIRCLE('',#7726,1.548068003);
#7728=EDGE_CURVE('',#7722,#7714,#7727,.T.);
#7729=ORIENTED_EDGE('',*,*,#7728,.F.);
#7730=CARTESIAN_POINT('',(-148.29923396,60.781546559,3.082660083));
#7731=VERTEX_POINT('',#7730);
#7732=CARTESIAN_POINT('',(-147.947952624,60.781684552,3.922570541));
#7733=DIRECTION('',(-0.000392828,0.999999923,0.));
#7734=DIRECTION('',(0.999999923,0.000392828,0.));
#7735=AXIS2_PLACEMENT_3D('',#7732,#7733,#7734);
#7736=CIRCLE('',#7735,0.910410991);
#7737=EDGE_CURVE('',#7731,#7722,#7736,.T.);
#7738=ORIENTED_EDGE('',*,*,#7737,.F.);
#7739=CARTESIAN_POINT('',(-148.048368386,60.781645106,3.018167726));
#7740=VERTEX_POINT('',#7739);
#7741=CARTESIAN_POINT('',(-148.298456786,60.781546864,3.084017416));
#7742=CARTESIAN_POINT('',(-148.218593097,60.781578237,3.050253999));
#7743=CARTESIAN_POINT('',(-148.134080094,60.781611436,3.028063861));
#7744=CARTESIAN_POINT('',(-148.048368386,60.781645106,3.018167726));
#7745=B_SPLINE_CURVE_WITH_KNOTS('',3,(#7741,#7742,#7743,#7744),.UNSPECIFIED.,.F.,.F.,(4,4),(0.000567554,0.000825804),.UNSPECIFIED.);
#7746=EDGE_CURVE('',#7731,#7740,#7745,.T.);
#7747=ORIENTED_EDGE('',*,*,#7746,.T.);
#7748=CARTESIAN_POINT('',(-148.23022606,60.781573667,3.2000254));
#7749=VERTEX_POINT('',#7748);
#7750=CARTESIAN_POINT('',(-148.048368386,60.781645106,3.018167726));
#7751=DIRECTION('',(-0.707106754,-0.000277772,0.707106754));
#7752=VECTOR('',#7751,0.257185599);
#7753=LINE('',#7750,#7752);
#7754=EDGE_CURVE('',#7740,#7749,#7753,.T.);
#7755=ORIENTED_EDGE('',*,*,#7754,.T.);
#7756=CARTESIAN_POINT('',(-148.23022606,60.781573667,5.464799034));
#7757=DIRECTION('',(0.,0.,-1.));
#7758=VECTOR('',#7757,2.264773634);
#7759=LINE('',#7756,#7758);
#7760=EDGE_CURVE('',#7705,#7749,#7759,.T.);
#7761=ORIENTED_EDGE('',*,*,#7760,.F.);
#7762=EDGE_LOOP('',(#7712,#7720,#7729,#7738,#7747,#7755,#7761));
#7763=FACE_BOUND('',#7762,.T.);
#7764=ADVANCED_FACE('',(#7763),#7701,.T.);
#7765=CARTESIAN_POINT('',(-147.910720589,25.430164,1.962159549));
#7766=DIRECTION('',(0.000392828,-0.999999923,-0.));
#7767=DIRECTION('',(-0.,0.,-1.));
#7768=AXIS2_PLACEMENT_3D('',#7765,#7766,#7767);
#7769=PLANE('',#7768);
#7770=CARTESIAN_POINT('',(-148.940013431,25.429759664,4.662865821));
#7771=VERTEX_POINT('',#7770);
#7772=CARTESIAN_POINT('',(-148.940013431,25.429759664,4.25387838));
#7773=VERTEX_POINT('',#7772);
#7774=CARTESIAN_POINT('',(-148.940013431,25.429759664,4.662865821));
#7775=DIRECTION('',(-0.,0.,-1.));
#7776=VECTOR('',#7775,0.40898744);
#7777=LINE('',#7774,#7776);
#7778=EDGE_CURVE('',#7771,#7773,#7777,.T.);
#7779=ORIENTED_EDGE('',*,*,#7778,.F.);
#7780=CARTESIAN_POINT('',(-148.23022606,25.430038489,5.465487485));
#7781=VERTEX_POINT('',#7780);
#7782=CARTESIAN_POINT('',(-147.950309594,25.430148448,4.502790987));
#7783=DIRECTION('',(-0.000392828,0.999999923,0.));
#7784=DIRECTION('',(0.999999923,0.000392828,0.));
#7785=AXIS2_PLACEMENT_3D('',#7782,#7783,#7784);
#7786=CIRCLE('',#7785,1.002565603);
#7787=EDGE_CURVE('',#7771,#7781,#7786,.T.);
#7788=ORIENTED_EDGE('',*,*,#7787,.T.);
#7789=CARTESIAN_POINT('',(-148.23022606,25.430038489,3.2000254));
#7790=VERTEX_POINT('',#7789);
#7791=CARTESIAN_POINT('',(-148.23022606,25.430038489,5.465487485));
#7792=DIRECTION('',(0.,0.,-1.));
#7793=VECTOR('',#7792,2.265462085);
#7794=LINE('',#7791,#7793);
#7795=EDGE_CURVE('',#7781,#7790,#7794,.T.);
#7796=ORIENTED_EDGE('',*,*,#7795,.T.);
#7797=CARTESIAN_POINT('',(-148.048065213,25.430110047,3.017864553));
#7798=VERTEX_POINT('',#7797);
#7799=CARTESIAN_POINT('',(-148.23022606,25.430038489,3.2000254));
#7800=DIRECTION('',(0.707106754,0.000277772,-0.707106754));
#7801=VECTOR('',#7800,0.25761435);
#7802=LINE('',#7799,#7801);
#7803=EDGE_CURVE('',#7790,#7798,#7802,.T.);
#7804=ORIENTED_EDGE('',*,*,#7803,.T.);
#7805=CARTESIAN_POINT('',(-148.30159093,25.430010455,3.082660083));
#7806=VERTEX_POINT('',#7805);
#7807=CARTESIAN_POINT('',(-148.300985966,25.430010692,3.084090241));
#7808=CARTESIAN_POINT('',(-148.220228737,25.430042416,3.049929518));
#7809=CARTESIAN_POINT('',(-148.135200889,25.430075817,3.027665517));
#7810=CARTESIAN_POINT('',(-148.048065213,25.430110047,3.017864553));
#7811=B_SPLINE_CURVE_WITH_KNOTS('',3,(#7807,#7808,#7809,#7810),.UNSPECIFIED.,.F.,.F.,(4,4),(0.,0.000262829),.UNSPECIFIED.);
#7812=EDGE_CURVE('',#7806,#7798,#7811,.T.);
#7813=ORIENTED_EDGE('',*,*,#7812,.F.);
#7814=CARTESIAN_POINT('',(-148.823244152,25.429805534,3.664049142));
#7815=VERTEX_POINT('',#7814);
#7816=CARTESIAN_POINT('',(-147.950309594,25.430148448,3.922570541));
#7817=DIRECTION('',(-0.000392828,0.999999923,0.));
#7818=DIRECTION('',(0.999999923,0.000392828,0.));
#7819=AXIS2_PLACEMENT_3D('',#7816,#7817,#7818);
#7820=CIRCLE('',#7819,0.910410991);
#7821=EDGE_CURVE('',#7806,#7815,#7820,.T.);
#7822=ORIENTED_EDGE('',*,*,#7821,.T.);
#7823=CARTESIAN_POINT('',(-147.391945547,25.430367789,4.25387838));
#7824=DIRECTION('',(-0.000392828,0.999999923,0.));
#7825=DIRECTION('',(0.999999923,0.000392828,0.));
#7826=AXIS2_PLACEMENT_3D('',#7823,#7824,#7825);
#7827=CIRCLE('',#7826,1.548068003);
#7828=EDGE_CURVE('',#7815,#7773,#7827,.T.);
#7829=ORIENTED_EDGE('',*,*,#7828,.T.);
#7830=EDGE_LOOP('',(#7779,#7788,#7796,#7804,#7813,#7822,#7829));
#7831=FACE_BOUND('',#7830,.T.);
#7832=ADVANCED_FACE('',(#7831),#7769,.F.);
#7833=CARTESIAN_POINT('',(-147.908363618,19.430164462,1.962159549));
#7834=DIRECTION('',(0.000392828,-0.999999923,-0.));
#7835=DIRECTION('',(-0.,0.,-1.));
#7836=AXIS2_PLACEMENT_3D('',#7833,#7834,#7835);
#7837=PLANE('',#7836);
#7838=CARTESIAN_POINT('',(-148.937656461,19.429760127,4.662865821));
#7839=VERTEX_POINT('',#7838);
#7840=CARTESIAN_POINT('',(-148.23022606,19.430038026,5.464799034));
#7841=VERTEX_POINT('',#7840);
#7842=CARTESIAN_POINT('',(-147.947952624,19.430148911,4.502790987));
#7843=DIRECTION('',(-0.000392828,0.999999923,0.));
#7844=DIRECTION('',(0.999999923,0.000392828,0.));
#7845=AXIS2_PLACEMENT_3D('',#7842,#7843,#7844);
#7846=CIRCLE('',#7845,1.002565603);
#7847=EDGE_CURVE('',#7839,#7841,#7846,.T.);
#7848=ORIENTED_EDGE('',*,*,#7847,.F.);
#7849=CARTESIAN_POINT('',(-148.937656461,19.429760127,4.25387838));
#7850=VERTEX_POINT('',#7849);
#7851=CARTESIAN_POINT('',(-148.937656461,19.429760127,4.662865821));
#7852=DIRECTION('',(-0.,0.,-1.));
#7853=VECTOR('',#7852,0.40898744);
#7854=LINE('',#7851,#7853);
#7855=EDGE_CURVE('',#7839,#7850,#7854,.T.);
#7856=ORIENTED_EDGE('',*,*,#7855,.T.);
#7857=CARTESIAN_POINT('',(-148.820887182,19.429805997,3.664049142));
#7858=VERTEX_POINT('',#7857);
#7859=CARTESIAN_POINT('',(-147.389588577,19.430368252,4.25387838));
#7860=DIRECTION('',(-0.000392828,0.999999923,0.));
#7861=DIRECTION('',(0.999999923,0.000392828,0.));
#7862=AXIS2_PLACEMENT_3D('',#7859,#7860,#7861);
#7863=CIRCLE('',#7862,1.548068003);
#7864=EDGE_CURVE('',#7858,#7850,#7863,.T.);
#7865=ORIENTED_EDGE('',*,*,#7864,.F.);
#7866=CARTESIAN_POINT('',(-148.29923396,19.430010917,3.082660083));
#7867=VERTEX_POINT('',#7866);
#7868=CARTESIAN_POINT('',(-147.947952624,19.430148911,3.922570541));
#7869=DIRECTION('',(-0.000392828,0.999999923,0.));
#7870=DIRECTION('',(0.999999923,0.000392828,0.));
#7871=AXIS2_PLACEMENT_3D('',#7868,#7869,#7870);
#7872=CIRCLE('',#7871,0.910410991);
#7873=EDGE_CURVE('',#7867,#7858,#7872,.T.);
#7874=ORIENTED_EDGE('',*,*,#7873,.F.);
#7875=CARTESIAN_POINT('',(-148.048368386,19.430109465,3.018167726));
#7876=VERTEX_POINT('',#7875);
#7877=CARTESIAN_POINT('',(-148.298456786,19.430011223,3.084017416));
#7878=CARTESIAN_POINT('',(-148.218593097,19.430042595,3.050253999));
#7879=CARTESIAN_POINT('',(-148.134080094,19.430075795,3.028063861));
#7880=CARTESIAN_POINT('',(-148.048368386,19.430109465,3.018167726));
#7881=B_SPLINE_CURVE_WITH_KNOTS('',3,(#7877,#7878,#7879,#7880),.UNSPECIFIED.,.F.,.F.,(4,4),(0.000567554,0.000825804),.UNSPECIFIED.);
#7882=EDGE_CURVE('',#7867,#7876,#7881,.T.);
#7883=ORIENTED_EDGE('',*,*,#7882,.T.);
#7884=CARTESIAN_POINT('',(-148.23022606,19.430038026,3.2000254));
#7885=VERTEX_POINT('',#7884);
#7886=CARTESIAN_POINT('',(-148.048368386,19.430109465,3.018167726));
#7887=DIRECTION('',(-0.707106754,-0.000277772,0.707106754));
#7888=VECTOR('',#7887,0.257185599);
#7889=LINE('',#7886,#7888);
#7890=EDGE_CURVE('',#7876,#7885,#7889,.T.);
#7891=ORIENTED_EDGE('',*,*,#7890,.T.);
#7892=CARTESIAN_POINT('',(-148.23022606,19.430038026,5.464799034));
#7893=DIRECTION('',(0.,0.,-1.));
#7894=VECTOR('',#7893,2.264773634);
#7895=LINE('',#7892,#7894);
#7896=EDGE_CURVE('',#7841,#7885,#7895,.T.);
#7897=ORIENTED_EDGE('',*,*,#7896,.F.);
#7898=EDGE_LOOP('',(#7848,#7856,#7865,#7874,#7883,#7891,#7897));
#7899=FACE_BOUND('',#7898,.T.);
#7900=ADVANCED_FACE('',(#7899),#7837,.T.);
#7901=CARTESIAN_POINT('',(-148.23022606,55.761848833,0.642373652));
#7902=DIRECTION('',(1.,0.,0.));
#7903=DIRECTION('',(0.,0.,-1.));
#7904=AXIS2_PLACEMENT_3D('',#7901,#7902,#7903);
#7905=PLANE('',#7904);
#7906=CARTESIAN_POINT('',(-148.23022606,84.669227838,3.2000254));
#7907=VERTEX_POINT('',#7906);
#7908=CARTESIAN_POINT('',(-148.23022606,84.669227838,3.2000254));
#7909=DIRECTION('',(-0.,0.,1.));
#7910=VECTOR('',#7909,2.8);
#7911=LINE('',#7908,#7910);
#7912=EDGE_CURVE('',#7907,#4660,#7911,.T.);
#7913=ORIENTED_EDGE('',*,*,#7912,.F.);
#7914=CARTESIAN_POINT('',(-148.23022606,84.669227838,3.2000254));
#7915=DIRECTION('',(0.,-1.,0.));
#7916=VECTOR('',#7915,17.887653709);
#7917=LINE('',#7914,#7916);
#7918=EDGE_CURVE('',#7907,#7654,#7917,.T.);
#7919=ORIENTED_EDGE('',*,*,#7918,.T.);
#7920=ORIENTED_EDGE('',*,*,#7659,.F.);
#7921=CARTESIAN_POINT('',(-148.23022606,779.348346967,4.502790987));
#7922=DIRECTION('',(-1.,-0.,-0.));
#7923=DIRECTION('',(0.,-1.,-0.));
#7924=AXIS2_PLACEMENT_3D('',#7921,#7922,#7923);
#7925=ELLIPSE('',#7924,2552.171694487,1.002565603);
#7926=EDGE_CURVE('',#7705,#7645,#7925,.T.);
#7927=ORIENTED_EDGE('',*,*,#7926,.F.);
#7928=ORIENTED_EDGE('',*,*,#7760,.T.);
#7929=CARTESIAN_POINT('',(-148.23022606,60.781573667,3.2000254));
#7930=DIRECTION('',(0.,-1.,0.));
#7931=VECTOR('',#7930,35.351535178);
#7932=LINE('',#7929,#7931);
#7933=EDGE_CURVE('',#7749,#7790,#7932,.T.);
#7934=ORIENTED_EDGE('',*,*,#7933,.T.);
#7935=ORIENTED_EDGE('',*,*,#7795,.F.);
#7936=CARTESIAN_POINT('',(-148.23022606,737.996811326,4.502790987));
#7937=DIRECTION('',(-1.,-0.,-0.));
#7938=DIRECTION('',(0.,-1.,-0.));
#7939=AXIS2_PLACEMENT_3D('',#7936,#7937,#7938);
#7940=ELLIPSE('',#7939,2552.171694487,1.002565603);
#7941=EDGE_CURVE('',#7841,#7781,#7940,.T.);
#7942=ORIENTED_EDGE('',*,*,#7941,.F.);
#7943=ORIENTED_EDGE('',*,*,#7896,.T.);
#7944=CARTESIAN_POINT('',(-148.23022606,10.608168675,3.2000254));
#7945=VERTEX_POINT('',#7944);
#7946=CARTESIAN_POINT('',(-148.23022606,19.430038026,3.2000254));
#7947=DIRECTION('',(0.,-1.,0.));
#7948=VECTOR('',#7947,8.821869351);
#7949=LINE('',#7946,#7948);
#7950=EDGE_CURVE('',#7885,#7945,#7949,.T.);
#7951=ORIENTED_EDGE('',*,*,#7950,.T.);
#7952=CARTESIAN_POINT('',(-148.23022606,10.608168675,6.0000254));
#7953=DIRECTION('',(0.,-0.,-1.));
#7954=VECTOR('',#7953,2.8);
#7955=LINE('',#7952,#7954);
#7956=EDGE_CURVE('',#4669,#7945,#7955,.T.);
#7957=ORIENTED_EDGE('',*,*,#7956,.F.);
#7958=ORIENTED_EDGE('',*,*,#4674,.F.);
#7959=EDGE_LOOP('',(#7913,#7919,#7920,#7927,#7928,#7934,#7935,#7942,#7943,#7951,#7957,#7958));
#7960=FACE_BOUND('',#7959,.T.);
#7961=ADVANCED_FACE('',(#7960),#7905,.F.);
#7962=CARTESIAN_POINT('',(-77.50849115,55.761848833,10.8000254));
#7963=DIRECTION('',(0.,0.,-1.));
#7964=DIRECTION('',(-1.,0.,0.));
#7965=AXIS2_PLACEMENT_3D('',#7962,#7963,#7964);
#7966=PLANE('',#7965);
#7967=CARTESIAN_POINT('',(-31.591031242,54.109312588,10.8000254));
#7968=VERTEX_POINT('',#7967);
#7969=CARTESIAN_POINT('',(-31.591031242,83.549070877,10.8000254));
#7970=VERTEX_POINT('',#7969);
#7971=CARTESIAN_POINT('',(-31.591031242,54.109312588,10.8000254));
#7972=DIRECTION('',(0.,1.,0.));
#7973=VECTOR('',#7972,29.439758288);
#7974=LINE('',#7971,#7973);
#7975=EDGE_CURVE('',#7968,#7970,#7974,.T.);
#7976=ORIENTED_EDGE('',*,*,#7975,.T.);
#7977=CARTESIAN_POINT('',(-29.399970704,85.740131415,10.8000254));
#7978=VERTEX_POINT('',#7977);
#7979=CARTESIAN_POINT('',(-28.167499151,82.316599324,10.8000254));
#7980=DIRECTION('',(0.,0.,-1.));
#7981=DIRECTION('',(-0.707106781,0.707106781,0.));
#7982=AXIS2_PLACEMENT_3D('',#7979,#7980,#7981);
#7983=ELLIPSE('',#7982,3.992490186,2.738825673);
#7984=EDGE_CURVE('',#7970,#7978,#7983,.T.);
#7985=ORIENTED_EDGE('',*,*,#7984,.T.);
#7986=CARTESIAN_POINT('',(-3.58209178,85.740131415,10.8000254));
#7987=VERTEX_POINT('',#7986);
#7988=CARTESIAN_POINT('',(-29.399970704,85.740131415,10.8000254));
#7989=DIRECTION('',(1.,-0.,0.));
#7990=VECTOR('',#7989,25.817878923);
#7991=LINE('',#7988,#7990);
#7992=EDGE_CURVE('',#7978,#7987,#7991,.T.);
#7993=ORIENTED_EDGE('',*,*,#7992,.T.);
#7994=CARTESIAN_POINT('',(-1.391031242,83.549070877,10.8000254));
#7995=VERTEX_POINT('',#7994);
#7996=CARTESIAN_POINT('',(-4.814563333,82.316599324,10.8000254));
#7997=DIRECTION('',(0.,0.,-1.));
#7998=DIRECTION('',(0.707106781,0.707106781,0.));
#7999=AXIS2_PLACEMENT_3D('',#7996,#7997,#7998);
#8000=ELLIPSE('',#7999,3.992490186,2.738825673);
#8001=EDGE_CURVE('',#7987,#7995,#8000,.T.);
#8002=ORIENTED_EDGE('',*,*,#8001,.T.);
#8003=CARTESIAN_POINT('',(-1.391031242,54.109312588,10.8000254));
#8004=VERTEX_POINT('',#8003);
#8005=CARTESIAN_POINT('',(-1.391031242,83.549070877,10.8000254));
#8006=DIRECTION('',(-0.,-1.,0.));
#8007=VECTOR('',#8006,29.439758288);
#8008=LINE('',#8005,#8007);
#8009=EDGE_CURVE('',#7995,#8004,#8008,.T.);
#8010=ORIENTED_EDGE('',*,*,#8009,.T.);
#8011=CARTESIAN_POINT('',(-3.58209178,51.91825205,10.8000254));
#8012=VERTEX_POINT('',#8011);
#8013=CARTESIAN_POINT('',(-4.814563333,55.341784141,10.8000254));
#8014=DIRECTION('',(0.,0.,-1.));
#8015=DIRECTION('',(-0.707106781,0.707106781,0.));
#8016=AXIS2_PLACEMENT_3D('',#8013,#8014,#8015);
#8017=ELLIPSE('',#8016,3.992490186,2.738825673);
#8018=EDGE_CURVE('',#8004,#8012,#8017,.T.);
#8019=ORIENTED_EDGE('',*,*,#8018,.T.);
#8020=CARTESIAN_POINT('',(-29.399970704,51.91825205,10.8000254));
#8021=VERTEX_POINT('',#8020);
#8022=CARTESIAN_POINT('',(-3.58209178,51.91825205,10.8000254));
#8023=DIRECTION('',(-1.,0.,0.));
#8024=VECTOR('',#8023,25.817878923);
#8025=LINE('',#8022,#8024);
#8026=EDGE_CURVE('',#8012,#8021,#8025,.T.);
#8027=ORIENTED_EDGE('',*,*,#8026,.T.);
#8028=CARTESIAN_POINT('',(-28.167499151,55.341784141,10.8000254));
#8029=DIRECTION('',(0.,0.,-1.));
#8030=DIRECTION('',(0.707106781,0.707106781,0.));
#8031=AXIS2_PLACEMENT_3D('',#8028,#8029,#8030);
#8032=ELLIPSE('',#8031,3.992490186,2.738825673);
#8033=EDGE_CURVE('',#8021,#7968,#8032,.T.);
#8034=ORIENTED_EDGE('',*,*,#8033,.T.);
#8035=EDGE_LOOP('',(#7976,#7985,#7993,#8002,#8010,#8019,#8027,#8034));
#8036=FACE_BOUND('',#8035,.T.);
#8037=CARTESIAN_POINT('',(-6.473169855,101.552260605,10.8000254));
#8038=VERTEX_POINT('',#8037);
#8039=CARTESIAN_POINT('',(-44.233296186,101.552260605,10.8000254));
#8040=VERTEX_POINT('',#8039);
#8041=CARTESIAN_POINT('',(-6.473169855,101.552260605,10.8000254));
#8042=DIRECTION('',(-1.,0.,0.));
#8043=VECTOR('',#8042,37.760126331);
#8044=LINE('',#8041,#8043);
#8045=EDGE_CURVE('',#8038,#8040,#8044,.T.);
#8046=ORIENTED_EDGE('',*,*,#8045,.T.);
#8047=CARTESIAN_POINT('',(-44.233296186,84.0705016,10.8000254));
#8048=VERTEX_POINT('',#8047);
#8049=CARTESIAN_POINT('',(-44.233296186,84.0705016,10.8000254));
#8050=DIRECTION('',(0.,1.,0.));
#8051=VECTOR('',#8050,17.481759004);
#8052=LINE('',#8049,#8051);
#8053=EDGE_CURVE('',#8048,#8040,#8052,.T.);
#8054=ORIENTED_EDGE('',*,*,#8053,.F.);
#8055=CARTESIAN_POINT('',(-43.233298878,83.070501657,10.8000254));
#8056=VERTEX_POINT('',#8055);
#8057=CARTESIAN_POINT('',(-43.233296126,84.070501692,10.8000254));
#8058=DIRECTION('',(-0.,-0.,1.));
#8059=DIRECTION('',(0.79291331,0.609334459,0.));
#8060=AXIS2_PLACEMENT_3D('',#8057,#8058,#8059);
#8061=ELLIPSE('',#8060,1.000000096,1.);
#8062=EDGE_CURVE('',#8048,#8056,#8061,.T.);
#8063=ORIENTED_EDGE('',*,*,#8062,.T.);
#8064=CARTESIAN_POINT('',(-35.878183365,83.070501657,10.8000254));
#8065=VERTEX_POINT('',#8064);
#8066=CARTESIAN_POINT('',(-43.233298878,83.070501657,10.8000254));
#8067=DIRECTION('',(1.,-0.,-0.));
#8068=VECTOR('',#8067,7.355115512);
#8069=LINE('',#8066,#8068);
#8070=EDGE_CURVE('',#8056,#8065,#8069,.T.);
#8071=ORIENTED_EDGE('',*,*,#8070,.T.);
#8072=CARTESIAN_POINT('',(-34.878183398,82.070505975,10.8000254));
#8073=VERTEX_POINT('',#8072);
#8074=CARTESIAN_POINT('',(-35.878183458,82.070501621,10.8000254));
#8075=DIRECTION('',(-0.,0.,-1.));
#8076=DIRECTION('',(-0.79291331,-0.609334459,0.));
#8077=AXIS2_PLACEMENT_3D('',#8074,#8075,#8076);
#8078=ELLIPSE('',#8077,1.000000096,1.);
#8079=EDGE_CURVE('',#8065,#8073,#8078,.T.);
#8080=ORIENTED_EDGE('',*,*,#8079,.T.);
#8081=CARTESIAN_POINT('',(-34.878183398,46.680054812,10.8000254));
#8082=VERTEX_POINT('',#8081);
#8083=CARTESIAN_POINT('',(-34.878183398,46.680054812,10.8000254));
#8084=DIRECTION('',(0.,1.,0.));
#8085=VECTOR('',#8084,35.390451163);
#8086=LINE('',#8083,#8085);
#8087=EDGE_CURVE('',#8082,#8073,#8086,.T.);
#8088=ORIENTED_EDGE('',*,*,#8087,.F.);
#8089=CARTESIAN_POINT('',(-33.378183307,46.680262161,10.8000254));
#8090=DIRECTION('',(-0.,-0.,1.));
#8091=DIRECTION('',(0.000869595,0.999999622,0.));
#8092=AXIS2_PLACEMENT_3D('',#8089,#8090,#8091);
#8093=ELLIPSE('',#8092,1.614826934,1.5);
#8094=EDGE_CURVE('',#8082,#51,#8093,.T.);
#8095=ORIENTED_EDGE('',*,*,#8094,.T.);
#8096=ORIENTED_EDGE('',*,*,#56,.F.);
#8097=ORIENTED_EDGE('',*,*,#7624,.F.);
#8098=CARTESIAN_POINT('',(-8.396146627,89.644330121,10.8000254));
#8099=DIRECTION('',(0.,0.,-1.));
#8100=DIRECTION('',(-1.,0.,0.));
#8101=AXIS2_PLACEMENT_3D('',#8098,#8099,#8100);
#8102=CIRCLE('',#8101,10.143446601);
#8103=EDGE_CURVE('',#7465,#7613,#8102,.T.);
#8104=ORIENTED_EDGE('',*,*,#8103,.F.);
#8105=ORIENTED_EDGE('',*,*,#7470,.F.);
#8106=CARTESIAN_POINT('',(-6.473169855,96.503991356,10.8000254));
#8107=DIRECTION('',(0.,0.,-1.));
#8108=DIRECTION('',(-1.,0.,0.));
#8109=AXIS2_PLACEMENT_3D('',#8106,#8107,#8108);
#8110=CIRCLE('',#8109,5.048269248);
#8111=EDGE_CURVE('',#8038,#7457,#8110,.T.);
#8112=ORIENTED_EDGE('',*,*,#8111,.F.);
#8113=EDGE_LOOP('',(#8046,#8054,#8063,#8071,#8080,#8088,#8095,#8096,#8097,#8104,#8105,#8112));
#8114=FACE_BOUND('',#8113,.T.);
#8115=ADVANCED_FACE('',(#8036,#8114),#7966,.F.);
#8116=CARTESIAN_POINT('',(0.860048577,62.32515315,-3.0999746));
#8117=DIRECTION('',(-1.,0.,0.));
#8118=DIRECTION('',(0.,0.,1.));
#8119=AXIS2_PLACEMENT_3D('',#8116,#8117,#8118);
#8120=PLANE('',#8119);
#8121=CARTESIAN_POINT('',(0.860048577,43.308316302,4.643003493));
#8122=VERTEX_POINT('',#8121);
#8123=CARTESIAN_POINT('',(0.860048577,44.141327013,6.732314847));
#8124=DIRECTION('',(-0.,-0.370350315,-0.92889216));
#8125=VECTOR('',#8124,2.249250714);
#8126=LINE('',#8123,#8125);
#8127=EDGE_CURVE('',#7308,#8122,#8126,.T.);
#8128=ORIENTED_EDGE('',*,*,#8127,.F.);
#8129=ORIENTED_EDGE('',*,*,#7360,.T.);
#8130=CARTESIAN_POINT('',(0.860048577,93.79310817,3.2000254));
#8131=VERTEX_POINT('',#8130);
#8132=CARTESIAN_POINT('',(0.860048577,93.79310817,6.732314847));
#8133=DIRECTION('',(-0.,-0.,-1.));
#8134=VECTOR('',#8133,3.532289446);
#8135=LINE('',#8132,#8134);
#8136=EDGE_CURVE('',#7348,#8131,#8135,.T.);
#8137=ORIENTED_EDGE('',*,*,#8136,.T.);
#8138=CARTESIAN_POINT('',(0.860048577,93.79310817,3.2000254));
#8139=CARTESIAN_POINT('',(0.860048577,93.622256812,3.130145369));
#8140=CARTESIAN_POINT('',(0.860048577,93.450204528,3.063365462));
#8141=CARTESIAN_POINT('',(0.860048577,93.276819716,3.0000254));
#8142=B_SPLINE_CURVE_WITH_KNOTS('',3,(#8138,#8139,#8140,#8141),.UNSPECIFIED.,.F.,.F.,(4,4),(0.,0.000553673),.UNSPECIFIED.);
#8143=EDGE_CURVE('',#8131,#247,#8142,.T.);
#8144=ORIENTED_EDGE('',*,*,#8143,.T.);
#8145=ORIENTED_EDGE('',*,*,#252,.F.);
#8146=CARTESIAN_POINT('',(0.860048577,43.308316302,3.0000254));
#8147=DIRECTION('',(-0.,-0.,1.));
#8148=VECTOR('',#8147,1.642978093);
#8149=LINE('',#8146,#8148);
#8150=EDGE_CURVE('',#239,#8122,#8149,.T.);
#8151=ORIENTED_EDGE('',*,*,#8150,.T.);
#8152=EDGE_LOOP('',(#8128,#8129,#8137,#8144,#8145,#8151));
#8153=FACE_BOUND('',#8152,.T.);
#8154=ADVANCED_FACE('',(#8153),#8120,.T.);
#8155=CARTESIAN_POINT('',(-32.904669278,62.32515315,-3.0999746));
#8156=DIRECTION('',(-1.,0.,0.));
#8157=DIRECTION('',(0.,0.,1.));
#8158=AXIS2_PLACEMENT_3D('',#8155,#8156,#8157);
#8159=PLANE('',#8158);
#8160=ORIENTED_EDGE('',*,*,#7321,.F.);
#8161=CARTESIAN_POINT('',(-32.904669278,43.308316302,4.643003493));
#8162=VERTEX_POINT('',#8161);
#8163=CARTESIAN_POINT('',(-32.904669278,44.141327013,6.732314847));
#8164=DIRECTION('',(-0.,-0.370350315,-0.92889216));
#8165=VECTOR('',#8164,2.249250714);
#8166=LINE('',#8163,#8165);
#8167=EDGE_CURVE('',#7306,#8162,#8166,.T.);
#8168=ORIENTED_EDGE('',*,*,#8167,.T.);
#8169=CARTESIAN_POINT('',(-32.904669278,43.308316302,4.643003493));
#8170=DIRECTION('',(0.,0.,-1.));
#8171=VECTOR('',#8170,1.642978093);
#8172=LINE('',#8169,#8171);
#8173=EDGE_CURVE('',#8162,#2930,#8172,.T.);
#8174=ORIENTED_EDGE('',*,*,#8173,.T.);
#8175=ORIENTED_EDGE('',*,*,#2935,.T.);
#8176=ORIENTED_EDGE('',*,*,#7500,.F.);
#8177=ORIENTED_EDGE('',*,*,#7329,.F.);
#8178=EDGE_LOOP('',(#8160,#8168,#8174,#8175,#8176,#8177));
#8179=FACE_BOUND('',#8178,.T.);
#8180=ADVANCED_FACE('',(#8179),#8159,.F.);
#8181=CARTESIAN_POINT('',(-2.891031242,70.66825205,25.126664608));
#8182=DIRECTION('',(-1.,0.,0.));
#8183=DIRECTION('',(-0.,-1.,0.));
#8184=AXIS2_PLACEMENT_3D('',#8181,#8182,#8183);
#8185=PLANE('',#8184);
#8186=ORIENTED_EDGE('',*,*,#7406,.F.);
#8187=CARTESIAN_POINT('',(-2.891031242,57.41825205,8.8000254));
#8188=VERTEX_POINT('',#8187);
#8189=CARTESIAN_POINT('',(-2.891031242,57.41825205,6.732314847));
#8190=DIRECTION('',(-0.,-0.,1.));
#8191=VECTOR('',#8190,2.067710554);
#8192=LINE('',#8189,#8191);
#8193=EDGE_CURVE('',#7392,#8188,#8192,.T.);
#8194=ORIENTED_EDGE('',*,*,#8193,.T.);
#8195=CARTESIAN_POINT('',(-2.891031242,80.240131415,8.8000254));
#8196=VERTEX_POINT('',#8195);
#8197=CARTESIAN_POINT('',(-2.891031242,57.41825205,8.8000254));
#8198=DIRECTION('',(0.,1.,0.));
#8199=VECTOR('',#8198,22.821879364);
#8200=LINE('',#8197,#8199);
#8201=EDGE_CURVE('',#8188,#8196,#8200,.T.);
#8202=ORIENTED_EDGE('',*,*,#8201,.T.);
#8203=CARTESIAN_POINT('',(-2.891031242,80.240131415,8.8000254));
#8204=DIRECTION('',(0.,0.,-1.));
#8205=VECTOR('',#8204,2.067710554);
#8206=LINE('',#8203,#8205);
#8207=EDGE_CURVE('',#8196,#7401,#8206,.T.);
#8208=ORIENTED_EDGE('',*,*,#8207,.T.);
#8209=EDGE_LOOP('',(#8186,#8194,#8202,#8208));
#8210=FACE_BOUND('',#8209,.T.);
#8211=ADVANCED_FACE('',(#8210),#8185,.T.);
#8212=CARTESIAN_POINT('',(-16.491031242,84.240131415,25.126664608));
#8213=DIRECTION('',(0.,1.,0.));
#8214=DIRECTION('',(-1.,0.,0.));
#8215=AXIS2_PLACEMENT_3D('',#8212,#8213,#8214);
#8216=PLANE('',#8215);
#8217=CARTESIAN_POINT('',(-6.891031242,84.240131415,8.8000254));
#8218=VERTEX_POINT('',#8217);
#8219=CARTESIAN_POINT('',(-26.091031242,84.240131415,8.8000254));
#8220=VERTEX_POINT('',#8219);
#8221=CARTESIAN_POINT('',(-6.891031242,84.240131415,8.8000254));
#8222=DIRECTION('',(-1.,0.,0.));
#8223=VECTOR('',#8222,19.199999999);
#8224=LINE('',#8221,#8223);
#8225=EDGE_CURVE('',#8218,#8220,#8224,.T.);
#8226=ORIENTED_EDGE('',*,*,#8225,.T.);
#8227=CARTESIAN_POINT('',(-26.091031242,84.240131415,8.8000254));
#8228=DIRECTION('',(0.,0.,-1.));
#8229=VECTOR('',#8228,2.067710554);
#8230=LINE('',#8227,#8229);
#8231=EDGE_CURVE('',#8220,#7418,#8230,.T.);
#8232=ORIENTED_EDGE('',*,*,#8231,.T.);
#8233=ORIENTED_EDGE('',*,*,#7423,.T.);
#8234=CARTESIAN_POINT('',(-6.891031242,84.240131415,6.732314847));
#8235=DIRECTION('',(-0.,-0.,1.));
#8236=VECTOR('',#8235,2.067710554);
#8237=LINE('',#8234,#8236);
#8238=EDGE_CURVE('',#7409,#8218,#8237,.T.);
#8239=ORIENTED_EDGE('',*,*,#8238,.T.);
#8240=EDGE_LOOP('',(#8226,#8232,#8233,#8239));
#8241=FACE_BOUND('',#8240,.T.);
#8242=ADVANCED_FACE('',(#8241),#8216,.F.);
#8243=CARTESIAN_POINT('',(-30.091031242,70.66825205,25.126664608));
#8244=DIRECTION('',(1.,-0.,0.));
#8245=DIRECTION('',(0.,1.,0.));
#8246=AXIS2_PLACEMENT_3D('',#8243,#8244,#8245);
#8247=PLANE('',#8246);
#8248=ORIENTED_EDGE('',*,*,#7372,.T.);
#8249=CARTESIAN_POINT('',(-30.091031242,80.240131415,8.8000254));
#8250=VERTEX_POINT('',#8249);
#8251=CARTESIAN_POINT('',(-30.091031242,80.240131415,6.732314847));
#8252=DIRECTION('',(-0.,-0.,1.));
#8253=VECTOR('',#8252,2.067710554);
#8254=LINE('',#8251,#8253);
#8255=EDGE_CURVE('',#7367,#8250,#8254,.T.);
#8256=ORIENTED_EDGE('',*,*,#8255,.T.);
#8257=CARTESIAN_POINT('',(-30.091031242,57.41825205,8.8000254));
#8258=VERTEX_POINT('',#8257);
#8259=CARTESIAN_POINT('',(-30.091031242,80.240131415,8.8000254));
#8260=DIRECTION('',(-0.,-1.,0.));
#8261=VECTOR('',#8260,22.821879364);
#8262=LINE('',#8259,#8261);
#8263=EDGE_CURVE('',#8250,#8258,#8262,.T.);
#8264=ORIENTED_EDGE('',*,*,#8263,.T.);
#8265=CARTESIAN_POINT('',(-30.091031242,57.41825205,8.8000254));
#8266=DIRECTION('',(0.,0.,-1.));
#8267=VECTOR('',#8266,2.067710554);
#8268=LINE('',#8265,#8267);
#8269=EDGE_CURVE('',#8258,#7365,#8268,.T.);
#8270=ORIENTED_EDGE('',*,*,#8269,.T.);
#8271=EDGE_LOOP('',(#8248,#8256,#8264,#8270));
#8272=FACE_BOUND('',#8271,.T.);
#8273=ADVANCED_FACE('',(#8272),#8247,.T.);
#8274=CARTESIAN_POINT('',(-42.851067964,83.070107687,9.321367101));
#8275=DIRECTION('',(-0.,-0.999999965,0.000266437));
#8276=DIRECTION('',(0.384615385,0.000245942,0.92307689));
#8277=AXIS2_PLACEMENT_3D('',#8274,#8275,#8276);
#8278=PLANE('',#8277);
#8279=ORIENTED_EDGE('',*,*,#8070,.F.);
#8280=CARTESIAN_POINT('',(-43.233296219,83.070501657,10.800025399));
#8281=DIRECTION('',(-0.000346709,-0.000266437,-0.999999904));
#8282=VECTOR('',#8281,4.800000459);
#8283=LINE('',#8280,#8282);
#8284=EDGE_CURVE('',#8056,#4890,#8283,.T.);
#8285=ORIENTED_EDGE('',*,*,#8284,.T.);
#8286=ORIENTED_EDGE('',*,*,#4895,.T.);
#8287=CARTESIAN_POINT('',(-35.879847567,83.069222758,6.0000254));
#8288=DIRECTION('',(0.000346709,0.000266437,0.999999904));
#8289=VECTOR('',#8288,4.800000459);
#8290=LINE('',#8287,#8289);
#8291=EDGE_CURVE('',#4881,#8065,#8290,.T.);
#8292=ORIENTED_EDGE('',*,*,#8291,.T.);
#8293=EDGE_LOOP('',(#8279,#8285,#8286,#8292));
#8294=FACE_BOUND('',#8293,.T.);
#8295=ADVANCED_FACE('',(#8294),#8278,.T.);
#8296=CARTESIAN_POINT('',(-44.233712889,48.308327794,9.598145487));
#8297=DIRECTION('',(-0.99999994,0.,0.000346709));
#8298=DIRECTION('',(-0.,-1.,-0.));
#8299=AXIS2_PLACEMENT_3D('',#8296,#8297,#8298);
#8300=PLANE('',#8299);
#8301=CARTESIAN_POINT('',(-44.234960388,101.552260605,6.0000254));
#8302=DIRECTION('',(0.000346709,0.,0.99999994));
#8303=VECTOR('',#8302,4.800000288);
#8304=LINE('',#8301,#8303);
#8305=EDGE_CURVE('',#4508,#8040,#8304,.T.);
#8306=ORIENTED_EDGE('',*,*,#8305,.F.);
#8307=ORIENTED_EDGE('',*,*,#4513,.F.);
#8308=CARTESIAN_POINT('',(-44.234960388,84.069222702,6.0000254));
#8309=DIRECTION('',(0.000346709,0.000266437,0.999999904));
#8310=VECTOR('',#8309,4.800000459);
#8311=LINE('',#8308,#8310);
#8312=EDGE_CURVE('',#4506,#8048,#8311,.T.);
#8313=ORIENTED_EDGE('',*,*,#8312,.T.);
#8314=ORIENTED_EDGE('',*,*,#8053,.T.);
#8315=EDGE_LOOP('',(#8306,#8307,#8313,#8314));
#8316=FACE_BOUND('',#8315,.T.);
#8317=ADVANCED_FACE('',(#8316),#8300,.T.);
#8318=CARTESIAN_POINT('',(-131.38022606,45.258150876,1.));
#8319=DIRECTION('',(0.,-1.,0.));
#8320=DIRECTION('',(-1.,0.,0.));
#8321=AXIS2_PLACEMENT_3D('',#8318,#8319,#8320);
#8322=PLANE('',#8321);
#8323=ORIENTED_EDGE('',*,*,#5396,.F.);
#8324=ORIENTED_EDGE('',*,*,#4237,.T.);
#8325=CARTESIAN_POINT('',(-145.38022606,45.258150876,3.0000254));
#8326=DIRECTION('',(-0.,-0.,1.));
#8327=VECTOR('',#8326,3.);
#8328=LINE('',#8325,#8327);
#8329=EDGE_CURVE('',#1561,#4224,#8328,.T.);
#8330=ORIENTED_EDGE('',*,*,#8329,.F.);
#8331=ORIENTED_EDGE('',*,*,#1566,.F.);
#8332=CARTESIAN_POINT('',(-140.713559394,45.258150876,4.5000254));
#8333=DIRECTION('',(0.,0.,-1.));
#8334=VECTOR('',#8333,1.5);
#8335=LINE('',#8332,#8334);
#8336=EDGE_CURVE('',#5392,#1553,#8335,.T.);
#8337=ORIENTED_EDGE('',*,*,#8336,.F.);
#8338=EDGE_LOOP('',(#8323,#8324,#8330,#8331,#8337));
#8339=FACE_BOUND('',#8338,.T.);
#8340=ADVANCED_FACE('',(#8339),#8322,.T.);
#8341=OVER_RIDING_STYLED_ITEM('',(#5382),#8340,#26);
#8342=CARTESIAN_POINT('',(-145.38022606,45.258150876,1.));
#8343=DIRECTION('',(1.,0.,0.));
#8344=DIRECTION('',(0.,-1.,0.));
#8345=AXIS2_PLACEMENT_3D('',#8342,#8343,#8344);
#8346=PLANE('',#8345);
#8347=ORIENTED_EDGE('',*,*,#8329,.T.);
#8348=ORIENTED_EDGE('',*,*,#4229,.T.);
#8349=CARTESIAN_POINT('',(-145.38022606,31.158122936,3.0000254));
#8350=DIRECTION('',(-0.,-0.,1.));
#8351=VECTOR('',#8350,3.);
#8352=LINE('',#8349,#8351);
#8353=EDGE_CURVE('',#1569,#4216,#8352,.T.);
#8354=ORIENTED_EDGE('',*,*,#8353,.F.);
#8355=ORIENTED_EDGE('',*,*,#1574,.F.);
#8356=EDGE_LOOP('',(#8347,#8348,#8354,#8355));
#8357=FACE_BOUND('',#8356,.T.);
#8358=ADVANCED_FACE('',(#8357),#8346,.T.);
#8359=OVER_RIDING_STYLED_ITEM('',(#5382),#8358,#26);
#8360=CARTESIAN_POINT('',(-145.38022606,31.158122936,1.));
#8361=DIRECTION('',(0.,1.,0.));
#8362=DIRECTION('',(1.,0.,0.));
#8363=AXIS2_PLACEMENT_3D('',#8360,#8361,#8362);
#8364=PLANE('',#8363);
#8365=CARTESIAN_POINT('',(-140.713559394,31.158122936,4.5000254));
#8366=VERTEX_POINT('',#8365);
#8367=CARTESIAN_POINT('',(-140.713559394,31.158122936,3.0000254));
#8368=DIRECTION('',(0.,0.,1.));
#8369=VECTOR('',#8368,1.5);
#8370=LINE('',#8367,#8369);
#8371=EDGE_CURVE('',#1577,#8366,#8370,.T.);
#8372=ORIENTED_EDGE('',*,*,#8371,.F.);
#8373=ORIENTED_EDGE('',*,*,#1582,.F.);
#8374=ORIENTED_EDGE('',*,*,#8353,.T.);
#8375=ORIENTED_EDGE('',*,*,#4221,.T.);
#8376=CARTESIAN_POINT('',(-131.38022606,31.158122936,3.0000254));
#8377=DIRECTION('',(-0.,-0.,1.));
#8378=VECTOR('',#8377,3.);
#8379=LINE('',#8376,#8378);
#8380=EDGE_CURVE('',#1513,#4206,#8379,.T.);
#8381=ORIENTED_EDGE('',*,*,#8380,.F.);
#8382=ORIENTED_EDGE('',*,*,#1518,.F.);
#8383=CARTESIAN_POINT('',(-136.046892727,31.158122936,4.5000254));
#8384=VERTEX_POINT('',#8383);
#8385=CARTESIAN_POINT('',(-136.046892727,31.158122936,3.0000254));
#8386=DIRECTION('',(0.,0.,1.));
#8387=VECTOR('',#8386,1.5);
#8388=LINE('',#8385,#8387);
#8389=EDGE_CURVE('',#1505,#8384,#8388,.T.);
#8390=ORIENTED_EDGE('',*,*,#8389,.T.);
#8391=CARTESIAN_POINT('',(-136.046892727,31.158122936,4.5000254));
#8392=DIRECTION('',(-1.,-0.,0.));
#8393=VECTOR('',#8392,4.666666667);
#8394=LINE('',#8391,#8393);
#8395=EDGE_CURVE('',#8384,#8366,#8394,.T.);
#8396=ORIENTED_EDGE('',*,*,#8395,.T.);
#8397=EDGE_LOOP('',(#8372,#8373,#8374,#8375,#8381,#8382,#8390,#8396));
#8398=FACE_BOUND('',#8397,.T.);
#8399=ADVANCED_FACE('',(#8398),#8364,.T.);
#8400=OVER_RIDING_STYLED_ITEM('',(#5382),#8399,#26);
#8401=CARTESIAN_POINT('',(-131.38022606,31.158122936,1.));
#8402=DIRECTION('',(-1.,0.,0.));
#8403=DIRECTION('',(0.,1.,0.));
#8404=AXIS2_PLACEMENT_3D('',#8401,#8402,#8403);
#8405=PLANE('',#8404);
#8406=ORIENTED_EDGE('',*,*,#8380,.T.);
#8407=ORIENTED_EDGE('',*,*,#4213,.T.);
#8408=ORIENTED_EDGE('',*,*,#5365,.F.);
#8409=ORIENTED_EDGE('',*,*,#1526,.F.);
#8410=EDGE_LOOP('',(#8406,#8407,#8408,#8409));
#8411=FACE_BOUND('',#8410,.T.);
#8412=ADVANCED_FACE('',(#8411),#8405,.T.);
#8413=OVER_RIDING_STYLED_ITEM('',(#5382),#8412,#26);
#8414=CARTESIAN_POINT('',(-131.38022606,26.558115316,1.));
#8415=DIRECTION('',(0.,-1.,0.));
#8416=DIRECTION('',(-1.,0.,0.));
#8417=AXIS2_PLACEMENT_3D('',#8414,#8415,#8416);
#8418=PLANE('',#8417);
#8419=ORIENTED_EDGE('',*,*,#5450,.F.);
#8420=ORIENTED_EDGE('',*,*,#3871,.T.);
#8421=CARTESIAN_POINT('',(-145.38022606,26.558115316,3.0000254));
#8422=DIRECTION('',(-0.,-0.,1.));
#8423=VECTOR('',#8422,3.);
#8424=LINE('',#8421,#8423);
#8425=EDGE_CURVE('',#1659,#3856,#8424,.T.);
#8426=ORIENTED_EDGE('',*,*,#8425,.F.);
#8427=ORIENTED_EDGE('',*,*,#1664,.F.);
#8428=CARTESIAN_POINT('',(-140.713559394,26.558115316,4.5000254));
#8429=DIRECTION('',(0.,0.,-1.));
#8430=VECTOR('',#8429,1.5);
#8431=LINE('',#8428,#8430);
#8432=EDGE_CURVE('',#5446,#1651,#8431,.T.);
#8433=ORIENTED_EDGE('',*,*,#8432,.F.);
#8434=EDGE_LOOP('',(#8419,#8420,#8426,#8427,#8433));
#8435=FACE_BOUND('',#8434,.T.);
#8436=ADVANCED_FACE('',(#8435),#8418,.T.);
#8437=OVER_RIDING_STYLED_ITEM('',(#5382),#8436,#26);
#8438=CARTESIAN_POINT('',(-145.38022606,26.558115316,1.));
#8439=DIRECTION('',(1.,0.,0.));
#8440=DIRECTION('',(0.,-1.,0.));
#8441=AXIS2_PLACEMENT_3D('',#8438,#8439,#8440);
#8442=PLANE('',#8441);
#8443=ORIENTED_EDGE('',*,*,#8425,.T.);
#8444=ORIENTED_EDGE('',*,*,#3863,.T.);
#8445=CARTESIAN_POINT('',(-145.38022606,12.458087376,3.0000254));
#8446=DIRECTION('',(-0.,-0.,1.));
#8447=VECTOR('',#8446,3.);
#8448=LINE('',#8445,#8447);
#8449=EDGE_CURVE('',#1667,#3858,#8448,.T.);
#8450=ORIENTED_EDGE('',*,*,#8449,.F.);
#8451=ORIENTED_EDGE('',*,*,#1672,.F.);
#8452=EDGE_LOOP('',(#8443,#8444,#8450,#8451));
#8453=FACE_BOUND('',#8452,.T.);
#8454=ADVANCED_FACE('',(#8453),#8442,.T.);
#8455=OVER_RIDING_STYLED_ITEM('',(#5382),#8454,#26);
#8456=CARTESIAN_POINT('',(-145.38022606,12.458087376,1.));
#8457=DIRECTION('',(0.,1.,0.));
#8458=DIRECTION('',(1.,0.,0.));
#8459=AXIS2_PLACEMENT_3D('',#8456,#8457,#8458);
#8460=PLANE('',#8459);
#8461=CARTESIAN_POINT('',(-140.713559394,12.458087376,4.5000254));
#8462=VERTEX_POINT('',#8461);
#8463=CARTESIAN_POINT('',(-140.713559394,12.458087376,3.0000254));
#8464=DIRECTION('',(0.,0.,1.));
#8465=VECTOR('',#8464,1.5);
#8466=LINE('',#8463,#8465);
#8467=EDGE_CURVE('',#1675,#8462,#8466,.T.);
#8468=ORIENTED_EDGE('',*,*,#8467,.F.);
#8469=ORIENTED_EDGE('',*,*,#1680,.F.);
#8470=ORIENTED_EDGE('',*,*,#8449,.T.);
#8471=ORIENTED_EDGE('',*,*,#3901,.F.);
#8472=CARTESIAN_POINT('',(-131.38022606,12.458087376,3.0000254));
#8473=DIRECTION('',(-0.,-0.,1.));
#8474=VECTOR('',#8473,3.);
#8475=LINE('',#8472,#8474);
#8476=EDGE_CURVE('',#1611,#3890,#8475,.T.);
#8477=ORIENTED_EDGE('',*,*,#8476,.F.);
#8478=ORIENTED_EDGE('',*,*,#1616,.F.);
#8479=CARTESIAN_POINT('',(-136.046892727,12.458087376,4.5000254));
#8480=VERTEX_POINT('',#8479);
#8481=CARTESIAN_POINT('',(-136.046892727,12.458087376,3.0000254));
#8482=DIRECTION('',(0.,0.,1.));
#8483=VECTOR('',#8482,1.5);
#8484=LINE('',#8481,#8483);
#8485=EDGE_CURVE('',#1603,#8480,#8484,.T.);
#8486=ORIENTED_EDGE('',*,*,#8485,.T.);
#8487=CARTESIAN_POINT('',(-136.046892727,12.458087376,4.5000254));
#8488=DIRECTION('',(-1.,-0.,0.));
#8489=VECTOR('',#8488,4.666666667);
#8490=LINE('',#8487,#8489);
#8491=EDGE_CURVE('',#8480,#8462,#8490,.T.);
#8492=ORIENTED_EDGE('',*,*,#8491,.T.);
#8493=EDGE_LOOP('',(#8468,#8469,#8470,#8471,#8477,#8478,#8486,#8492));
#8494=FACE_BOUND('',#8493,.T.);
#8495=ADVANCED_FACE('',(#8494),#8460,.T.);
#8496=OVER_RIDING_STYLED_ITEM('',(#5382),#8495,#26);
#8497=CARTESIAN_POINT('',(-131.38022606,12.458087376,1.));
#8498=DIRECTION('',(-1.,0.,0.));
#8499=DIRECTION('',(0.,1.,0.));
#8500=AXIS2_PLACEMENT_3D('',#8497,#8498,#8499);
#8501=PLANE('',#8500);
#8502=ORIENTED_EDGE('',*,*,#8476,.T.);
#8503=ORIENTED_EDGE('',*,*,#3895,.T.);
#8504=ORIENTED_EDGE('',*,*,#5426,.F.);
#8505=ORIENTED_EDGE('',*,*,#1624,.F.);
#8506=EDGE_LOOP('',(#8502,#8503,#8504,#8505));
#8507=FACE_BOUND('',#8506,.T.);
#8508=ADVANCED_FACE('',(#8507),#8501,.T.);
#8509=OVER_RIDING_STYLED_ITEM('',(#5382),#8508,#26);
#8510=CARTESIAN_POINT('',(-131.38022606,63.958188976,1.));
#8511=DIRECTION('',(0.,-1.,0.));
#8512=DIRECTION('',(-1.,0.,0.));
#8513=AXIS2_PLACEMENT_3D('',#8510,#8511,#8512);
#8514=PLANE('',#8513);
#8515=ORIENTED_EDGE('',*,*,#5504,.F.);
#8516=ORIENTED_EDGE('',*,*,#4187,.T.);
#8517=CARTESIAN_POINT('',(-145.38022606,63.958188976,3.0000254));
#8518=DIRECTION('',(-0.,-0.,1.));
#8519=VECTOR('',#8518,3.);
#8520=LINE('',#8517,#8519);
#8521=EDGE_CURVE('',#1463,#4174,#8520,.T.);
#8522=ORIENTED_EDGE('',*,*,#8521,.F.);
#8523=ORIENTED_EDGE('',*,*,#1468,.F.);
#8524=CARTESIAN_POINT('',(-140.713559394,63.958188976,4.5000254));
#8525=DIRECTION('',(0.,0.,-1.));
#8526=VECTOR('',#8525,1.5);
#8527=LINE('',#8524,#8526);
#8528=EDGE_CURVE('',#5500,#1455,#8527,.T.);
#8529=ORIENTED_EDGE('',*,*,#8528,.F.);
#8530=EDGE_LOOP('',(#8515,#8516,#8522,#8523,#8529));
#8531=FACE_BOUND('',#8530,.T.);
#8532=ADVANCED_FACE('',(#8531),#8514,.T.);
#8533=OVER_RIDING_STYLED_ITEM('',(#5382),#8532,#26);
#8534=CARTESIAN_POINT('',(-145.38022606,63.958188976,1.));
#8535=DIRECTION('',(1.,0.,0.));
#8536=DIRECTION('',(0.,-1.,0.));
#8537=AXIS2_PLACEMENT_3D('',#8534,#8535,#8536);
#8538=PLANE('',#8537);
#8539=ORIENTED_EDGE('',*,*,#8521,.T.);
#8540=ORIENTED_EDGE('',*,*,#4179,.T.);
#8541=CARTESIAN_POINT('',(-145.38022606,49.858161036,3.0000254));
#8542=DIRECTION('',(-0.,-0.,1.));
#8543=VECTOR('',#8542,3.);
#8544=LINE('',#8541,#8543);
#8545=EDGE_CURVE('',#1471,#4166,#8544,.T.);
#8546=ORIENTED_EDGE('',*,*,#8545,.F.);
#8547=ORIENTED_EDGE('',*,*,#1476,.F.);
#8548=EDGE_LOOP('',(#8539,#8540,#8546,#8547));
#8549=FACE_BOUND('',#8548,.T.);
#8550=ADVANCED_FACE('',(#8549),#8538,.T.);
#8551=OVER_RIDING_STYLED_ITEM('',(#5382),#8550,#26);
#8552=CARTESIAN_POINT('',(-145.38022606,49.858161036,1.));
#8553=DIRECTION('',(0.,1.,0.));
#8554=DIRECTION('',(1.,0.,0.));
#8555=AXIS2_PLACEMENT_3D('',#8552,#8553,#8554);
#8556=PLANE('',#8555);
#8557=CARTESIAN_POINT('',(-140.713559394,49.858161036,4.5000254));
#8558=VERTEX_POINT('',#8557);
#8559=CARTESIAN_POINT('',(-140.713559394,49.858161036,3.0000254));
#8560=DIRECTION('',(0.,0.,1.));
#8561=VECTOR('',#8560,1.5);
#8562=LINE('',#8559,#8561);
#8563=EDGE_CURVE('',#1479,#8558,#8562,.T.);
#8564=ORIENTED_EDGE('',*,*,#8563,.F.);
#8565=ORIENTED_EDGE('',*,*,#1484,.F.);
#8566=ORIENTED_EDGE('',*,*,#8545,.T.);
#8567=ORIENTED_EDGE('',*,*,#4171,.T.);
#8568=CARTESIAN_POINT('',(-131.38022606,49.858161036,3.0000254));
#8569=DIRECTION('',(-0.,-0.,1.));
#8570=VECTOR('',#8569,3.);
#8571=LINE('',#8568,#8570);
#8572=EDGE_CURVE('',#1415,#4156,#8571,.T.);
#8573=ORIENTED_EDGE('',*,*,#8572,.F.);
#8574=ORIENTED_EDGE('',*,*,#1420,.F.);
#8575=CARTESIAN_POINT('',(-136.046892727,49.858161036,4.5000254));
#8576=VERTEX_POINT('',#8575);
#8577=CARTESIAN_POINT('',(-136.046892727,49.858161036,3.0000254));
#8578=DIRECTION('',(0.,0.,1.));
#8579=VECTOR('',#8578,1.5);
#8580=LINE('',#8577,#8579);
#8581=EDGE_CURVE('',#1407,#8576,#8580,.T.);
#8582=ORIENTED_EDGE('',*,*,#8581,.T.);
#8583=CARTESIAN_POINT('',(-136.046892727,49.858161036,4.5000254));
#8584=DIRECTION('',(-1.,-0.,0.));
#8585=VECTOR('',#8584,4.666666667);
#8586=LINE('',#8583,#8585);
#8587=EDGE_CURVE('',#8576,#8558,#8586,.T.);
#8588=ORIENTED_EDGE('',*,*,#8587,.T.);
#8589=EDGE_LOOP('',(#8564,#8565,#8566,#8567,#8573,#8574,#8582,#8588));
#8590=FACE_BOUND('',#8589,.T.);
#8591=ADVANCED_FACE('',(#8590),#8556,.T.);
#8592=OVER_RIDING_STYLED_ITEM('',(#5382),#8591,#26);
#8593=CARTESIAN_POINT('',(-131.38022606,49.858161036,1.));
#8594=DIRECTION('',(-1.,0.,0.));
#8595=DIRECTION('',(0.,1.,0.));
#8596=AXIS2_PLACEMENT_3D('',#8593,#8594,#8595);
#8597=PLANE('',#8596);
#8598=ORIENTED_EDGE('',*,*,#8572,.T.);
#8599=ORIENTED_EDGE('',*,*,#4163,.T.);
#8600=ORIENTED_EDGE('',*,*,#5480,.F.);
#8601=ORIENTED_EDGE('',*,*,#1428,.F.);
#8602=EDGE_LOOP('',(#8598,#8599,#8600,#8601));
#8603=FACE_BOUND('',#8602,.T.);
#8604=ADVANCED_FACE('',(#8603),#8597,.T.);
#8605=OVER_RIDING_STYLED_ITEM('',(#5382),#8604,#26);
#8606=CARTESIAN_POINT('',(-131.38022606,82.669227838,1.));
#8607=DIRECTION('',(0.,-1.,0.));
#8608=DIRECTION('',(-1.,0.,0.));
#8609=AXIS2_PLACEMENT_3D('',#8606,#8607,#8608);
#8610=PLANE('',#8609);
#8611=ORIENTED_EDGE('',*,*,#5558,.F.);
#8612=ORIENTED_EDGE('',*,*,#4137,.T.);
#8613=CARTESIAN_POINT('',(-145.38022606,82.669227838,3.0000254));
#8614=DIRECTION('',(-0.,-0.,1.));
#8615=VECTOR('',#8614,3.);
#8616=LINE('',#8613,#8615);
#8617=EDGE_CURVE('',#1365,#4124,#8616,.T.);
#8618=ORIENTED_EDGE('',*,*,#8617,.F.);
#8619=ORIENTED_EDGE('',*,*,#1370,.F.);
#8620=CARTESIAN_POINT('',(-140.713559394,82.669227838,4.5000254));
#8621=DIRECTION('',(0.,0.,-1.));
#8622=VECTOR('',#8621,1.5);
#8623=LINE('',#8620,#8622);
#8624=EDGE_CURVE('',#5554,#1357,#8623,.T.);
#8625=ORIENTED_EDGE('',*,*,#8624,.F.);
#8626=EDGE_LOOP('',(#8611,#8612,#8618,#8619,#8625));
#8627=FACE_BOUND('',#8626,.T.);
#8628=ADVANCED_FACE('',(#8627),#8610,.T.);
#8629=OVER_RIDING_STYLED_ITEM('',(#5382),#8628,#26);
#8630=CARTESIAN_POINT('',(-145.38022606,82.669227838,1.));
#8631=DIRECTION('',(1.,0.,0.));
#8632=DIRECTION('',(0.,-1.,0.));
#8633=AXIS2_PLACEMENT_3D('',#8630,#8631,#8632);
#8634=PLANE('',#8633);
#8635=ORIENTED_EDGE('',*,*,#8617,.T.);
#8636=ORIENTED_EDGE('',*,*,#4129,.T.);
#8637=CARTESIAN_POINT('',(-145.38022606,68.569199898,3.0000254));
#8638=DIRECTION('',(-0.,-0.,1.));
#8639=VECTOR('',#8638,3.);
#8640=LINE('',#8637,#8639);
#8641=EDGE_CURVE('',#1373,#4116,#8640,.T.);
#8642=ORIENTED_EDGE('',*,*,#8641,.F.);
#8643=ORIENTED_EDGE('',*,*,#1378,.F.);
#8644=EDGE_LOOP('',(#8635,#8636,#8642,#8643));
#8645=FACE_BOUND('',#8644,.T.);
#8646=ADVANCED_FACE('',(#8645),#8634,.T.);
#8647=OVER_RIDING_STYLED_ITEM('',(#5382),#8646,#26);
#8648=CARTESIAN_POINT('',(-145.38022606,68.569199898,1.));
#8649=DIRECTION('',(0.,1.,0.));
#8650=DIRECTION('',(1.,0.,0.));
#8651=AXIS2_PLACEMENT_3D('',#8648,#8649,#8650);
#8652=PLANE('',#8651);
#8653=CARTESIAN_POINT('',(-140.713559394,68.569199898,4.5000254));
#8654=VERTEX_POINT('',#8653);
#8655=CARTESIAN_POINT('',(-140.713559394,68.569199898,3.0000254));
#8656=DIRECTION('',(0.,0.,1.));
#8657=VECTOR('',#8656,1.5);
#8658=LINE('',#8655,#8657);
#8659=EDGE_CURVE('',#1381,#8654,#8658,.T.);
#8660=ORIENTED_EDGE('',*,*,#8659,.F.);
#8661=ORIENTED_EDGE('',*,*,#1386,.F.);
#8662=ORIENTED_EDGE('',*,*,#8641,.T.);
#8663=ORIENTED_EDGE('',*,*,#4121,.T.);
#8664=CARTESIAN_POINT('',(-131.38022606,68.569199898,3.0000254));
#8665=DIRECTION('',(-0.,-0.,1.));
#8666=VECTOR('',#8665,3.);
#8667=LINE('',#8664,#8666);
#8668=EDGE_CURVE('',#1317,#4106,#8667,.T.);
#8669=ORIENTED_EDGE('',*,*,#8668,.F.);
#8670=ORIENTED_EDGE('',*,*,#1322,.F.);
#8671=CARTESIAN_POINT('',(-136.046892727,68.569199898,4.5000254));
#8672=VERTEX_POINT('',#8671);
#8673=CARTESIAN_POINT('',(-136.046892727,68.569199898,3.0000254));
#8674=DIRECTION('',(0.,0.,1.));
#8675=VECTOR('',#8674,1.5);
#8676=LINE('',#8673,#8675);
#8677=EDGE_CURVE('',#1309,#8672,#8676,.T.);
#8678=ORIENTED_EDGE('',*,*,#8677,.T.);
#8679=CARTESIAN_POINT('',(-136.046892727,68.569199898,4.5000254));
#8680=DIRECTION('',(-1.,-0.,0.));
#8681=VECTOR('',#8680,4.666666667);
#8682=LINE('',#8679,#8681);
#8683=EDGE_CURVE('',#8672,#8654,#8682,.T.);
#8684=ORIENTED_EDGE('',*,*,#8683,.T.);
#8685=EDGE_LOOP('',(#8660,#8661,#8662,#8663,#8669,#8670,#8678,#8684));
#8686=FACE_BOUND('',#8685,.T.);
#8687=ADVANCED_FACE('',(#8686),#8652,.T.);
#8688=OVER_RIDING_STYLED_ITEM('',(#5382),#8687,#26);
#8689=CARTESIAN_POINT('',(-131.38022606,68.569199898,1.));
#8690=DIRECTION('',(-1.,0.,0.));
#8691=DIRECTION('',(0.,1.,0.));
#8692=AXIS2_PLACEMENT_3D('',#8689,#8690,#8691);
#8693=PLANE('',#8692);
#8694=ORIENTED_EDGE('',*,*,#8668,.T.);
#8695=ORIENTED_EDGE('',*,*,#4113,.T.);
#8696=ORIENTED_EDGE('',*,*,#5534,.F.);
#8697=ORIENTED_EDGE('',*,*,#1330,.F.);
#8698=EDGE_LOOP('',(#8694,#8695,#8696,#8697));
#8699=FACE_BOUND('',#8698,.T.);
#8700=ADVANCED_FACE('',(#8699),#8693,.T.);
#8701=OVER_RIDING_STYLED_ITEM('',(#5382),#8700,#26);
#8702=CARTESIAN_POINT('',(-122.032207264,101.369265939,1.));
#8703=DIRECTION('',(0.,-1.,0.));
#8704=DIRECTION('',(-1.,0.,0.));
#8705=AXIS2_PLACEMENT_3D('',#8702,#8703,#8704);
#8706=PLANE('',#8705);
#8707=ORIENTED_EDGE('',*,*,#6925,.F.);
#8708=ORIENTED_EDGE('',*,*,#3721,.T.);
#8709=CARTESIAN_POINT('',(-136.032207264,101.369265939,3.0000254));
#8710=DIRECTION('',(-0.,-0.,1.));
#8711=VECTOR('',#8710,3.);
#8712=LINE('',#8709,#8711);
#8713=EDGE_CURVE('',#393,#3706,#8712,.T.);
#8714=ORIENTED_EDGE('',*,*,#8713,.F.);
#8715=ORIENTED_EDGE('',*,*,#398,.F.);
#8716=ORIENTED_EDGE('',*,*,#6805,.F.);
#8717=EDGE_LOOP('',(#8707,#8708,#8714,#8715,#8716));
#8718=FACE_BOUND('',#8717,.T.);
#8719=ADVANCED_FACE('',(#8718),#8706,.T.);
#8720=OVER_RIDING_STYLED_ITEM('',(#5382),#8719,#26);
#8721=CARTESIAN_POINT('',(-136.032207264,101.369265939,1.));
#8722=DIRECTION('',(1.,0.,0.));
#8723=DIRECTION('',(0.,-1.,0.));
#8724=AXIS2_PLACEMENT_3D('',#8721,#8722,#8723);
#8725=PLANE('',#8724);
#8726=ORIENTED_EDGE('',*,*,#8713,.T.);
#8727=ORIENTED_EDGE('',*,*,#3713,.T.);
#8728=CARTESIAN_POINT('',(-136.032207264,87.269237998,3.0000254));
#8729=DIRECTION('',(-0.,-0.,1.));
#8730=VECTOR('',#8729,3.);
#8731=LINE('',#8728,#8730);
#8732=EDGE_CURVE('',#401,#3708,#8731,.T.);
#8733=ORIENTED_EDGE('',*,*,#8732,.F.);
#8734=ORIENTED_EDGE('',*,*,#406,.F.);
#8735=EDGE_LOOP('',(#8726,#8727,#8733,#8734));
#8736=FACE_BOUND('',#8735,.T.);
#8737=ADVANCED_FACE('',(#8736),#8725,.T.);
#8738=OVER_RIDING_STYLED_ITEM('',(#5382),#8737,#26);
#8739=CARTESIAN_POINT('',(-136.032207264,87.269237998,1.));
#8740=DIRECTION('',(0.,1.,0.));
#8741=DIRECTION('',(1.,0.,0.));
#8742=AXIS2_PLACEMENT_3D('',#8739,#8740,#8741);
#8743=PLANE('',#8742);
#8744=CARTESIAN_POINT('',(-131.365540598,87.269237998,4.5000254));
#8745=VERTEX_POINT('',#8744);
#8746=CARTESIAN_POINT('',(-131.365540598,87.269237998,3.0000254));
#8747=DIRECTION('',(0.,0.,1.));
#8748=VECTOR('',#8747,1.5);
#8749=LINE('',#8746,#8748);
#8750=EDGE_CURVE('',#321,#8745,#8749,.T.);
#8751=ORIENTED_EDGE('',*,*,#8750,.F.);
#8752=ORIENTED_EDGE('',*,*,#412,.F.);
#8753=ORIENTED_EDGE('',*,*,#8732,.T.);
#8754=ORIENTED_EDGE('',*,*,#3751,.T.);
#8755=CARTESIAN_POINT('',(-122.032207264,87.269237998,3.0000254));
#8756=DIRECTION('',(-0.,-0.,1.));
#8757=VECTOR('',#8756,3.);
#8758=LINE('',#8755,#8757);
#8759=EDGE_CURVE('',#345,#3740,#8758,.T.);
#8760=ORIENTED_EDGE('',*,*,#8759,.F.);
#8761=ORIENTED_EDGE('',*,*,#350,.F.);
#8762=CARTESIAN_POINT('',(-126.698873931,87.269237998,4.5000254));
#8763=VERTEX_POINT('',#8762);
#8764=CARTESIAN_POINT('',(-126.698873931,87.269237998,3.0000254));
#8765=DIRECTION('',(0.,0.,1.));
#8766=VECTOR('',#8765,1.5);
#8767=LINE('',#8764,#8766);
#8768=EDGE_CURVE('',#337,#8763,#8767,.T.);
#8769=ORIENTED_EDGE('',*,*,#8768,.T.);
#8770=CARTESIAN_POINT('',(-126.698873931,87.269237998,4.5000254));
#8771=DIRECTION('',(-1.,-0.,0.));
#8772=VECTOR('',#8771,4.666666667);
#8773=LINE('',#8770,#8772);
#8774=EDGE_CURVE('',#8763,#8745,#8773,.T.);
#8775=ORIENTED_EDGE('',*,*,#8774,.T.);
#8776=EDGE_LOOP('',(#8751,#8752,#8753,#8754,#8760,#8761,#8769,#8775));
#8777=FACE_BOUND('',#8776,.T.);
#8778=ADVANCED_FACE('',(#8777),#8743,.T.);
#8779=OVER_RIDING_STYLED_ITEM('',(#5382),#8778,#26);
#8780=CARTESIAN_POINT('',(-122.032207264,87.269237998,1.));
#8781=DIRECTION('',(-1.,0.,0.));
#8782=DIRECTION('',(0.,1.,0.));
#8783=AXIS2_PLACEMENT_3D('',#8780,#8781,#8782);
#8784=PLANE('',#8783);
#8785=ORIENTED_EDGE('',*,*,#8759,.T.);
#8786=ORIENTED_EDGE('',*,*,#3745,.T.);
#8787=ORIENTED_EDGE('',*,*,#6908,.F.);
#8788=ORIENTED_EDGE('',*,*,#358,.F.);
#8789=EDGE_LOOP('',(#8785,#8786,#8787,#8788));
#8790=FACE_BOUND('',#8789,.T.);
#8791=ADVANCED_FACE('',(#8790),#8784,.T.);
#8792=OVER_RIDING_STYLED_ITEM('',(#5382),#8791,#26);
#8793=CARTESIAN_POINT('',(-126.68018796,45.269151638,1.));
#8794=DIRECTION('',(1.,0.,0.));
#8795=DIRECTION('',(0.,-1.,0.));
#8796=AXIS2_PLACEMENT_3D('',#8793,#8794,#8795);
#8797=PLANE('',#8796);
#8798=ORIENTED_EDGE('',*,*,#4922,.T.);
#8799=CARTESIAN_POINT('',(-126.68018796,31.158122936,3.0000254));
#8800=DIRECTION('',(-0.,-0.,1.));
#8801=VECTOR('',#8800,3.);
#8802=LINE('',#8799,#8801);
#8803=EDGE_CURVE('',#671,#4907,#8802,.T.);
#8804=ORIENTED_EDGE('',*,*,#8803,.F.);
#8805=ORIENTED_EDGE('',*,*,#676,.F.);
#8806=ORIENTED_EDGE('',*,*,#5610,.T.);
#8807=EDGE_LOOP('',(#8798,#8804,#8805,#8806));
#8808=FACE_BOUND('',#8807,.T.);
#8809=ADVANCED_FACE('',(#8808),#8797,.T.);
#8810=OVER_RIDING_STYLED_ITEM('',(#5382),#8809,#26);
#8811=CARTESIAN_POINT('',(-112.68018796,31.169123698,1.));
#8812=DIRECTION('',(-1.,0.,0.));
#8813=DIRECTION('',(0.,1.,0.));
#8814=AXIS2_PLACEMENT_3D('',#8811,#8812,#8813);
#8815=PLANE('',#8814);
#8816=ORIENTED_EDGE('',*,*,#4936,.T.);
#8817=ORIENTED_EDGE('',*,*,#5603,.F.);
#8818=ORIENTED_EDGE('',*,*,#628,.F.);
#8819=CARTESIAN_POINT('',(-112.68018796,31.158122936,3.0000254));
#8820=DIRECTION('',(-0.,-0.,1.));
#8821=VECTOR('',#8820,3.);
#8822=LINE('',#8819,#8821);
#8823=EDGE_CURVE('',#615,#4909,#8822,.T.);
#8824=ORIENTED_EDGE('',*,*,#8823,.T.);
#8825=EDGE_LOOP('',(#8816,#8817,#8818,#8824));
#8826=FACE_BOUND('',#8825,.T.);
#8827=ADVANCED_FACE('',(#8826),#8815,.T.);
#8828=OVER_RIDING_STYLED_ITEM('',(#5382),#8827,#26);
#8829=CARTESIAN_POINT('',(-126.68018796,63.969189738,1.));
#8830=DIRECTION('',(1.,0.,0.));
#8831=DIRECTION('',(0.,-1.,0.));
#8832=AXIS2_PLACEMENT_3D('',#8829,#8830,#8831);
#8833=PLANE('',#8832);
#8834=ORIENTED_EDGE('',*,*,#4956,.T.);
#8835=CARTESIAN_POINT('',(-126.68018796,49.858161036,3.0000254));
#8836=DIRECTION('',(-0.,-0.,1.));
#8837=VECTOR('',#8836,3.);
#8838=LINE('',#8835,#8837);
#8839=EDGE_CURVE('',#769,#4941,#8838,.T.);
#8840=ORIENTED_EDGE('',*,*,#8839,.F.);
#8841=ORIENTED_EDGE('',*,*,#774,.F.);
#8842=ORIENTED_EDGE('',*,*,#5656,.T.);
#8843=EDGE_LOOP('',(#8834,#8840,#8841,#8842));
#8844=FACE_BOUND('',#8843,.T.);
#8845=ADVANCED_FACE('',(#8844),#8833,.T.);
#8846=OVER_RIDING_STYLED_ITEM('',(#5382),#8845,#26);
#8847=CARTESIAN_POINT('',(-112.68018796,49.869161798,1.));
#8848=DIRECTION('',(-1.,0.,0.));
#8849=DIRECTION('',(0.,1.,0.));
#8850=AXIS2_PLACEMENT_3D('',#8847,#8848,#8849);
#8851=PLANE('',#8850);
#8852=ORIENTED_EDGE('',*,*,#4970,.T.);
#8853=ORIENTED_EDGE('',*,*,#5649,.F.);
#8854=ORIENTED_EDGE('',*,*,#726,.F.);
#8855=CARTESIAN_POINT('',(-112.68018796,49.858161036,3.0000254));
#8856=DIRECTION('',(-0.,-0.,1.));
#8857=VECTOR('',#8856,3.);
#8858=LINE('',#8855,#8857);
#8859=EDGE_CURVE('',#713,#4943,#8858,.T.);
#8860=ORIENTED_EDGE('',*,*,#8859,.T.);
#8861=EDGE_LOOP('',(#8852,#8853,#8854,#8860));
#8862=FACE_BOUND('',#8861,.T.);
#8863=ADVANCED_FACE('',(#8862),#8851,.T.);
#8864=OVER_RIDING_STYLED_ITEM('',(#5382),#8863,#26);
#8865=CARTESIAN_POINT('',(-112.68018796,82.669227838,1.));
#8866=DIRECTION('',(0.,-1.,0.));
#8867=DIRECTION('',(-1.,0.,0.));
#8868=AXIS2_PLACEMENT_3D('',#8865,#8866,#8867);
#8869=PLANE('',#8868);
#8870=ORIENTED_EDGE('',*,*,#5704,.F.);
#8871=ORIENTED_EDGE('',*,*,#4087,.T.);
#8872=CARTESIAN_POINT('',(-126.68018796,82.669227838,3.0000254));
#8873=DIRECTION('',(-0.,-0.,1.));
#8874=VECTOR('',#8873,3.);
#8875=LINE('',#8872,#8874);
#8876=EDGE_CURVE('',#875,#4074,#8875,.T.);
#8877=ORIENTED_EDGE('',*,*,#8876,.F.);
#8878=ORIENTED_EDGE('',*,*,#880,.F.);
#8879=CARTESIAN_POINT('',(-122.013521294,82.669227838,4.5000254));
#8880=DIRECTION('',(0.,0.,-1.));
#8881=VECTOR('',#8880,1.5);
#8882=LINE('',#8879,#8881);
#8883=EDGE_CURVE('',#5700,#867,#8882,.T.);
#8884=ORIENTED_EDGE('',*,*,#8883,.F.);
#8885=EDGE_LOOP('',(#8870,#8871,#8877,#8878,#8884));
#8886=FACE_BOUND('',#8885,.T.);
#8887=ADVANCED_FACE('',(#8886),#8869,.T.);
#8888=OVER_RIDING_STYLED_ITEM('',(#5382),#8887,#26);
#8889=CARTESIAN_POINT('',(-126.68018796,82.669227838,1.));
#8890=DIRECTION('',(1.,0.,0.));
#8891=DIRECTION('',(0.,-1.,0.));
#8892=AXIS2_PLACEMENT_3D('',#8889,#8890,#8891);
#8893=PLANE('',#8892);
#8894=ORIENTED_EDGE('',*,*,#8876,.T.);
#8895=ORIENTED_EDGE('',*,*,#4079,.T.);
#8896=CARTESIAN_POINT('',(-126.68018796,68.569199898,3.0000254));
#8897=DIRECTION('',(-0.,-0.,1.));
#8898=VECTOR('',#8897,3.);
#8899=LINE('',#8896,#8898);
#8900=EDGE_CURVE('',#883,#4066,#8899,.T.);
#8901=ORIENTED_EDGE('',*,*,#8900,.F.);
#8902=ORIENTED_EDGE('',*,*,#888,.F.);
#8903=EDGE_LOOP('',(#8894,#8895,#8901,#8902));
#8904=FACE_BOUND('',#8903,.T.);
#8905=ADVANCED_FACE('',(#8904),#8893,.T.);
#8906=OVER_RIDING_STYLED_ITEM('',(#5382),#8905,#26);
#8907=CARTESIAN_POINT('',(-126.68018796,68.569199898,1.));
#8908=DIRECTION('',(0.,1.,0.));
#8909=DIRECTION('',(1.,0.,0.));
#8910=AXIS2_PLACEMENT_3D('',#8907,#8908,#8909);
#8911=PLANE('',#8910);
#8912=CARTESIAN_POINT('',(-122.013521294,68.569199898,4.5000254));
#8913=VERTEX_POINT('',#8912);
#8914=CARTESIAN_POINT('',(-122.013521294,68.569199898,3.0000254));
#8915=DIRECTION('',(0.,0.,1.));
#8916=VECTOR('',#8915,1.5);
#8917=LINE('',#8914,#8916);
#8918=EDGE_CURVE('',#891,#8913,#8917,.T.);
#8919=ORIENTED_EDGE('',*,*,#8918,.F.);
#8920=ORIENTED_EDGE('',*,*,#896,.F.);
#8921=ORIENTED_EDGE('',*,*,#8900,.T.);
#8922=ORIENTED_EDGE('',*,*,#4071,.T.);
#8923=CARTESIAN_POINT('',(-112.68018796,68.569199898,3.0000254));
#8924=DIRECTION('',(-0.,-0.,1.));
#8925=VECTOR('',#8924,3.);
#8926=LINE('',#8923,#8925);
#8927=EDGE_CURVE('',#827,#4056,#8926,.T.);
#8928=ORIENTED_EDGE('',*,*,#8927,.F.);
#8929=ORIENTED_EDGE('',*,*,#832,.F.);
#8930=CARTESIAN_POINT('',(-117.346854627,68.569199898,4.5000254));
#8931=VERTEX_POINT('',#8930);
#8932=CARTESIAN_POINT('',(-117.346854627,68.569199898,3.0000254));
#8933=DIRECTION('',(0.,0.,1.));
#8934=VECTOR('',#8933,1.5);
#8935=LINE('',#8932,#8934);
#8936=EDGE_CURVE('',#819,#8931,#8935,.T.);
#8937=ORIENTED_EDGE('',*,*,#8936,.T.);
#8938=CARTESIAN_POINT('',(-117.346854627,68.569199898,4.5000254));
#8939=DIRECTION('',(-1.,-0.,0.));
#8940=VECTOR('',#8939,4.666666667);
#8941=LINE('',#8938,#8940);
#8942=EDGE_CURVE('',#8931,#8913,#8941,.T.);
#8943=ORIENTED_EDGE('',*,*,#8942,.T.);
#8944=EDGE_LOOP('',(#8919,#8920,#8921,#8922,#8928,#8929,#8937,#8943));
#8945=FACE_BOUND('',#8944,.T.);
#8946=ADVANCED_FACE('',(#8945),#8911,.T.);
#8947=OVER_RIDING_STYLED_ITEM('',(#5382),#8946,#26);
#8948=CARTESIAN_POINT('',(-112.68018796,68.569199898,1.));
#8949=DIRECTION('',(-1.,0.,0.));
#8950=DIRECTION('',(0.,1.,0.));
#8951=AXIS2_PLACEMENT_3D('',#8948,#8949,#8950);
#8952=PLANE('',#8951);
#8953=ORIENTED_EDGE('',*,*,#8927,.T.);
#8954=ORIENTED_EDGE('',*,*,#4063,.T.);
#8955=ORIENTED_EDGE('',*,*,#5680,.F.);
#8956=ORIENTED_EDGE('',*,*,#840,.F.);
#8957=EDGE_LOOP('',(#8953,#8954,#8955,#8956));
#8958=FACE_BOUND('',#8957,.T.);
#8959=ADVANCED_FACE('',(#8958),#8952,.T.);
#8960=OVER_RIDING_STYLED_ITEM('',(#5382),#8959,#26);
#8961=CARTESIAN_POINT('',(-103.33017018,103.936271273,1.));
#8962=DIRECTION('',(0.,-1.,0.));
#8963=DIRECTION('',(-1.,0.,0.));
#8964=AXIS2_PLACEMENT_3D('',#8961,#8962,#8963);
#8965=PLANE('',#8964);
#8966=ORIENTED_EDGE('',*,*,#5758,.F.);
#8967=ORIENTED_EDGE('',*,*,#4371,.T.);
#8968=CARTESIAN_POINT('',(-117.33017018,103.936271273,3.0000254));
#8969=DIRECTION('',(-0.,-0.,1.));
#8970=VECTOR('',#8969,3.);
#8971=LINE('',#8968,#8970);
#8972=EDGE_CURVE('',#1267,#4356,#8971,.T.);
#8973=ORIENTED_EDGE('',*,*,#8972,.F.);
#8974=ORIENTED_EDGE('',*,*,#1272,.F.);
#8975=CARTESIAN_POINT('',(-112.663503514,103.936271273,4.5000254));
#8976=DIRECTION('',(0.,0.,-1.));
#8977=VECTOR('',#8976,1.5);
#8978=LINE('',#8975,#8977);
#8979=EDGE_CURVE('',#5754,#1259,#8978,.T.);
#8980=ORIENTED_EDGE('',*,*,#8979,.F.);
#8981=EDGE_LOOP('',(#8966,#8967,#8973,#8974,#8980));
#8982=FACE_BOUND('',#8981,.T.);
#8983=ADVANCED_FACE('',(#8982),#8965,.T.);
#8984=OVER_RIDING_STYLED_ITEM('',(#5382),#8983,#26);
#8985=CARTESIAN_POINT('',(-117.33017018,103.936271273,1.));
#8986=DIRECTION('',(1.,0.,0.));
#8987=DIRECTION('',(0.,-1.,0.));
#8988=AXIS2_PLACEMENT_3D('',#8985,#8986,#8987);
#8989=PLANE('',#8988);
#8990=ORIENTED_EDGE('',*,*,#8972,.T.);
#8991=ORIENTED_EDGE('',*,*,#4363,.T.);
#8992=CARTESIAN_POINT('',(-117.33017018,89.836243332,3.0000254));
#8993=DIRECTION('',(-0.,-0.,1.));
#8994=VECTOR('',#8993,3.);
#8995=LINE('',#8992,#8994);
#8996=EDGE_CURVE('',#1275,#4358,#8995,.T.);
#8997=ORIENTED_EDGE('',*,*,#8996,.F.);
#8998=ORIENTED_EDGE('',*,*,#1280,.F.);
#8999=EDGE_LOOP('',(#8990,#8991,#8997,#8998));
#9000=FACE_BOUND('',#8999,.T.);
#9001=ADVANCED_FACE('',(#9000),#8989,.T.);
#9002=OVER_RIDING_STYLED_ITEM('',(#5382),#9001,#26);
#9003=CARTESIAN_POINT('',(-117.33017018,89.836243332,1.));
#9004=DIRECTION('',(0.,1.,0.));
#9005=DIRECTION('',(1.,0.,0.));
#9006=AXIS2_PLACEMENT_3D('',#9003,#9004,#9005);
#9007=PLANE('',#9006);
#9008=CARTESIAN_POINT('',(-112.663503514,89.836243332,4.5000254));
#9009=VERTEX_POINT('',#9008);
#9010=CARTESIAN_POINT('',(-112.663503514,89.836243332,3.0000254));
#9011=DIRECTION('',(0.,0.,1.));
#9012=VECTOR('',#9011,1.5);
#9013=LINE('',#9010,#9012);
#9014=EDGE_CURVE('',#1283,#9009,#9013,.T.);
#9015=ORIENTED_EDGE('',*,*,#9014,.F.);
#9016=ORIENTED_EDGE('',*,*,#1288,.F.);
#9017=ORIENTED_EDGE('',*,*,#8996,.T.);
#9018=ORIENTED_EDGE('',*,*,#4401,.T.);
#9019=CARTESIAN_POINT('',(-103.33017018,89.836243332,3.0000254));
#9020=DIRECTION('',(-0.,-0.,1.));
#9021=VECTOR('',#9020,3.);
#9022=LINE('',#9019,#9021);
#9023=EDGE_CURVE('',#1219,#4390,#9022,.T.);
#9024=ORIENTED_EDGE('',*,*,#9023,.F.);
#9025=ORIENTED_EDGE('',*,*,#1224,.F.);
#9026=CARTESIAN_POINT('',(-107.996836847,89.836243332,4.5000254));
#9027=VERTEX_POINT('',#9026);
#9028=CARTESIAN_POINT('',(-107.996836847,89.836243332,3.0000254));
#9029=DIRECTION('',(0.,0.,1.));
#9030=VECTOR('',#9029,1.5);
#9031=LINE('',#9028,#9030);
#9032=EDGE_CURVE('',#1211,#9027,#9031,.T.);
#9033=ORIENTED_EDGE('',*,*,#9032,.T.);
#9034=CARTESIAN_POINT('',(-107.996836847,89.836243332,4.5000254));
#9035=DIRECTION('',(-1.,-0.,0.));
#9036=VECTOR('',#9035,4.666666667);
#9037=LINE('',#9034,#9036);
#9038=EDGE_CURVE('',#9027,#9009,#9037,.T.);
#9039=ORIENTED_EDGE('',*,*,#9038,.T.);
#9040=EDGE_LOOP('',(#9015,#9016,#9017,#9018,#9024,#9025,#9033,#9039));
#9041=FACE_BOUND('',#9040,.T.);
#9042=ADVANCED_FACE('',(#9041),#9007,.T.);
#9043=OVER_RIDING_STYLED_ITEM('',(#5382),#9042,#26);
#9044=CARTESIAN_POINT('',(-103.33017018,89.836243332,1.));
#9045=DIRECTION('',(-1.,0.,0.));
#9046=DIRECTION('',(0.,1.,0.));
#9047=AXIS2_PLACEMENT_3D('',#9044,#9045,#9046);
#9048=PLANE('',#9047);
#9049=ORIENTED_EDGE('',*,*,#9023,.T.);
#9050=ORIENTED_EDGE('',*,*,#4395,.T.);
#9051=ORIENTED_EDGE('',*,*,#5734,.F.);
#9052=ORIENTED_EDGE('',*,*,#1232,.F.);
#9053=EDGE_LOOP('',(#9049,#9050,#9051,#9052));
#9054=FACE_BOUND('',#9053,.T.);
#9055=ADVANCED_FACE('',(#9054),#9048,.T.);
#9056=OVER_RIDING_STYLED_ITEM('',(#5382),#9055,#26);
#9057=CARTESIAN_POINT('',(-107.9801524,66.536195072,1.));
#9058=DIRECTION('',(1.,0.,0.));
#9059=DIRECTION('',(0.,-1.,0.));
#9060=AXIS2_PLACEMENT_3D('',#9057,#9058,#9059);
#9061=PLANE('',#9060);
#9062=ORIENTED_EDGE('',*,*,#4990,.T.);
#9063=CARTESIAN_POINT('',(-107.9801524,52.42516637,3.0000254));
#9064=DIRECTION('',(-0.,-0.,1.));
#9065=VECTOR('',#9064,3.);
#9066=LINE('',#9063,#9065);
#9067=EDGE_CURVE('',#1063,#4975,#9066,.T.);
#9068=ORIENTED_EDGE('',*,*,#9067,.F.);
#9069=ORIENTED_EDGE('',*,*,#1068,.F.);
#9070=ORIENTED_EDGE('',*,*,#5810,.T.);
#9071=EDGE_LOOP('',(#9062,#9068,#9069,#9070));
#9072=FACE_BOUND('',#9071,.T.);
#9073=ADVANCED_FACE('',(#9072),#9061,.T.);
#9074=OVER_RIDING_STYLED_ITEM('',(#5382),#9073,#26);
#9075=CARTESIAN_POINT('',(-93.9801524,52.436167132,1.));
#9076=DIRECTION('',(-1.,0.,0.));
#9077=DIRECTION('',(0.,1.,0.));
#9078=AXIS2_PLACEMENT_3D('',#9075,#9076,#9077);
#9079=PLANE('',#9078);
#9080=ORIENTED_EDGE('',*,*,#5004,.T.);
#9081=ORIENTED_EDGE('',*,*,#5803,.F.);
#9082=ORIENTED_EDGE('',*,*,#1020,.F.);
#9083=CARTESIAN_POINT('',(-93.9801524,52.42516637,3.0000254));
#9084=DIRECTION('',(-0.,-0.,1.));
#9085=VECTOR('',#9084,3.);
#9086=LINE('',#9083,#9085);
#9087=EDGE_CURVE('',#1007,#4977,#9086,.T.);
#9088=ORIENTED_EDGE('',*,*,#9087,.T.);
#9089=EDGE_LOOP('',(#9080,#9081,#9082,#9088));
#9090=FACE_BOUND('',#9089,.T.);
#9091=ADVANCED_FACE('',(#9090),#9079,.T.);
#9092=OVER_RIDING_STYLED_ITEM('',(#5382),#9091,#26);
#9093=CARTESIAN_POINT('',(-93.9801524,85.236233172,1.));
#9094=DIRECTION('',(0.,-1.,0.));
#9095=DIRECTION('',(-1.,0.,0.));
#9096=AXIS2_PLACEMENT_3D('',#9093,#9094,#9095);
#9097=PLANE('',#9096);
#9098=ORIENTED_EDGE('',*,*,#5858,.F.);
#9099=ORIENTED_EDGE('',*,*,#4329,.T.);
#9100=CARTESIAN_POINT('',(-107.9801524,85.236233172,3.0000254));
#9101=DIRECTION('',(-0.,-0.,1.));
#9102=VECTOR('',#9101,3.);
#9103=LINE('',#9100,#9102);
#9104=EDGE_CURVE('',#973,#4316,#9103,.T.);
#9105=ORIENTED_EDGE('',*,*,#9104,.F.);
#9106=ORIENTED_EDGE('',*,*,#978,.F.);
#9107=CARTESIAN_POINT('',(-103.313485734,85.236233172,4.5000254));
#9108=DIRECTION('',(0.,0.,-1.));
#9109=VECTOR('',#9108,1.5);
#9110=LINE('',#9107,#9109);
#9111=EDGE_CURVE('',#5854,#965,#9110,.T.);
#9112=ORIENTED_EDGE('',*,*,#9111,.F.);
#9113=EDGE_LOOP('',(#9098,#9099,#9105,#9106,#9112));
#9114=FACE_BOUND('',#9113,.T.);
#9115=ADVANCED_FACE('',(#9114),#9097,.T.);
#9116=OVER_RIDING_STYLED_ITEM('',(#5382),#9115,#26);
#9117=CARTESIAN_POINT('',(-107.9801524,85.236233172,1.));
#9118=DIRECTION('',(1.,0.,0.));
#9119=DIRECTION('',(0.,-1.,0.));
#9120=AXIS2_PLACEMENT_3D('',#9117,#9118,#9119);
#9121=PLANE('',#9120);
#9122=ORIENTED_EDGE('',*,*,#9104,.T.);
#9123=ORIENTED_EDGE('',*,*,#4321,.T.);
#9124=CARTESIAN_POINT('',(-107.9801524,71.136205232,3.0000254));
#9125=DIRECTION('',(-0.,-0.,1.));
#9126=VECTOR('',#9125,3.);
#9127=LINE('',#9124,#9126);
#9128=EDGE_CURVE('',#981,#4306,#9127,.T.);
#9129=ORIENTED_EDGE('',*,*,#9128,.F.);
#9130=ORIENTED_EDGE('',*,*,#986,.F.);
#9131=EDGE_LOOP('',(#9122,#9123,#9129,#9130));
#9132=FACE_BOUND('',#9131,.T.);
#9133=ADVANCED_FACE('',(#9132),#9121,.T.);
#9134=OVER_RIDING_STYLED_ITEM('',(#5382),#9133,#26);
#9135=CARTESIAN_POINT('',(-107.9801524,71.136205232,1.));
#9136=DIRECTION('',(0.,1.,0.));
#9137=DIRECTION('',(1.,0.,0.));
#9138=AXIS2_PLACEMENT_3D('',#9135,#9136,#9137);
#9139=PLANE('',#9138);
#9140=CARTESIAN_POINT('',(-103.313485734,71.136205232,4.5000254));
#9141=VERTEX_POINT('',#9140);
#9142=CARTESIAN_POINT('',(-103.313485734,71.136205232,3.0000254));
#9143=DIRECTION('',(0.,0.,1.));
#9144=VECTOR('',#9143,1.5);
#9145=LINE('',#9142,#9144);
#9146=EDGE_CURVE('',#989,#9141,#9145,.T.);
#9147=ORIENTED_EDGE('',*,*,#9146,.F.);
#9148=ORIENTED_EDGE('',*,*,#994,.F.);
#9149=ORIENTED_EDGE('',*,*,#9128,.T.);
#9150=ORIENTED_EDGE('',*,*,#4313,.T.);
#9151=CARTESIAN_POINT('',(-93.9801524,71.136205232,3.0000254));
#9152=DIRECTION('',(-0.,-0.,1.));
#9153=VECTOR('',#9152,3.);
#9154=LINE('',#9151,#9153);
#9155=EDGE_CURVE('',#925,#4308,#9154,.T.);
#9156=ORIENTED_EDGE('',*,*,#9155,.F.);
#9157=ORIENTED_EDGE('',*,*,#930,.F.);
#9158=CARTESIAN_POINT('',(-98.646819067,71.136205232,4.5000254));
#9159=VERTEX_POINT('',#9158);
#9160=CARTESIAN_POINT('',(-98.646819067,71.136205232,3.0000254));
#9161=DIRECTION('',(0.,0.,1.));
#9162=VECTOR('',#9161,1.5);
#9163=LINE('',#9160,#9162);
#9164=EDGE_CURVE('',#917,#9159,#9163,.T.);
#9165=ORIENTED_EDGE('',*,*,#9164,.T.);
#9166=CARTESIAN_POINT('',(-98.646819067,71.136205232,4.5000254));
#9167=DIRECTION('',(-1.,-0.,0.));
#9168=VECTOR('',#9167,4.666666667);
#9169=LINE('',#9166,#9168);
#9170=EDGE_CURVE('',#9159,#9141,#9169,.T.);
#9171=ORIENTED_EDGE('',*,*,#9170,.T.);
#9172=EDGE_LOOP('',(#9147,#9148,#9149,#9150,#9156,#9157,#9165,#9171));
#9173=FACE_BOUND('',#9172,.T.);
#9174=ADVANCED_FACE('',(#9173),#9139,.T.);
#9175=OVER_RIDING_STYLED_ITEM('',(#5382),#9174,#26);
#9176=CARTESIAN_POINT('',(-93.9801524,71.136205232,1.));
#9177=DIRECTION('',(-1.,0.,0.));
#9178=DIRECTION('',(0.,1.,0.));
#9179=AXIS2_PLACEMENT_3D('',#9176,#9177,#9178);
#9180=PLANE('',#9179);
#9181=ORIENTED_EDGE('',*,*,#9155,.T.);
#9182=ORIENTED_EDGE('',*,*,#4351,.T.);
#9183=ORIENTED_EDGE('',*,*,#5834,.F.);
#9184=ORIENTED_EDGE('',*,*,#938,.F.);
#9185=EDGE_LOOP('',(#9181,#9182,#9183,#9184));
#9186=FACE_BOUND('',#9185,.T.);
#9187=ADVANCED_FACE('',(#9186),#9180,.T.);
#9188=OVER_RIDING_STYLED_ITEM('',(#5382),#9187,#26);
#9189=CARTESIAN_POINT('',(-107.9801524,47.836156972,1.));
#9190=DIRECTION('',(1.,0.,0.));
#9191=DIRECTION('',(0.,-1.,0.));
#9192=AXIS2_PLACEMENT_3D('',#9189,#9190,#9191);
#9193=PLANE('',#9192);
#9194=ORIENTED_EDGE('',*,*,#5024,.T.);
#9195=CARTESIAN_POINT('',(-107.9801524,33.72512827,3.0000254));
#9196=DIRECTION('',(-0.,-0.,1.));
#9197=VECTOR('',#9196,3.);
#9198=LINE('',#9195,#9197);
#9199=EDGE_CURVE('',#1161,#5009,#9198,.T.);
#9200=ORIENTED_EDGE('',*,*,#9199,.F.);
#9201=ORIENTED_EDGE('',*,*,#1166,.F.);
#9202=ORIENTED_EDGE('',*,*,#5910,.T.);
#9203=EDGE_LOOP('',(#9194,#9200,#9201,#9202));
#9204=FACE_BOUND('',#9203,.T.);
#9205=ADVANCED_FACE('',(#9204),#9193,.T.);
#9206=OVER_RIDING_STYLED_ITEM('',(#5382),#9205,#26);
#9207=CARTESIAN_POINT('',(-93.9801524,33.736129032,1.));
#9208=DIRECTION('',(-1.,0.,0.));
#9209=DIRECTION('',(0.,1.,0.));
#9210=AXIS2_PLACEMENT_3D('',#9207,#9208,#9209);
#9211=PLANE('',#9210);
#9212=ORIENTED_EDGE('',*,*,#5038,.T.);
#9213=ORIENTED_EDGE('',*,*,#5903,.F.);
#9214=ORIENTED_EDGE('',*,*,#1118,.F.);
#9215=CARTESIAN_POINT('',(-93.9801524,33.72512827,3.0000254));
#9216=DIRECTION('',(-0.,-0.,1.));
#9217=VECTOR('',#9216,3.);
#9218=LINE('',#9215,#9217);
#9219=EDGE_CURVE('',#1105,#5011,#9218,.T.);
#9220=ORIENTED_EDGE('',*,*,#9219,.T.);
#9221=EDGE_LOOP('',(#9212,#9213,#9214,#9220));
#9222=FACE_BOUND('',#9221,.T.);
#9223=ADVANCED_FACE('',(#9222),#9211,.T.);
#9224=OVER_RIDING_STYLED_ITEM('',(#5382),#9223,#26);
#9225=CARTESIAN_POINT('',(-85.629056924,23.42069437,1.));
#9226=DIRECTION('',(0.173648178,-0.984807753,0.));
#9227=DIRECTION('',(-0.984807753,-0.173648178,0.));
#9228=AXIS2_PLACEMENT_3D('',#9225,#9226,#9227);
#9229=PLANE('',#9228);
#9230=ORIENTED_EDGE('',*,*,#5958,.F.);
#9231=ORIENTED_EDGE('',*,*,#3945,.T.);
#9232=CARTESIAN_POINT('',(-99.416365466,20.989619883,3.0000254));
#9233=DIRECTION('',(-0.,-0.,1.));
#9234=VECTOR('',#9233,3.);
#9235=LINE('',#9232,#9234);
#9236=EDGE_CURVE('',#3078,#3932,#9235,.T.);
#9237=ORIENTED_EDGE('',*,*,#9236,.F.);
#9238=ORIENTED_EDGE('',*,*,#3083,.F.);
#9239=CARTESIAN_POINT('',(-94.820595952,21.799978045,4.5000254));
#9240=DIRECTION('',(0.,0.,-1.));
#9241=VECTOR('',#9240,1.5);
#9242=LINE('',#9239,#9241);
#9243=EDGE_CURVE('',#5954,#3070,#9242,.T.);
#9244=ORIENTED_EDGE('',*,*,#9243,.F.);
#9245=EDGE_LOOP('',(#9230,#9231,#9237,#9238,#9244));
#9246=FACE_BOUND('',#9245,.T.);
#9247=ADVANCED_FACE('',(#9246),#9229,.T.);
#9248=OVER_RIDING_STYLED_ITEM('',(#5382),#9247,#26);
#9249=CARTESIAN_POINT('',(-99.416365466,20.989619883,1.));
#9250=DIRECTION('',(0.984807753,0.173648178,0.));
#9251=DIRECTION('',(0.173648178,-0.984807753,0.));
#9252=AXIS2_PLACEMENT_3D('',#9249,#9250,#9251);
#9253=PLANE('',#9252);
#9254=ORIENTED_EDGE('',*,*,#9236,.T.);
#9255=ORIENTED_EDGE('',*,*,#3937,.T.);
#9256=CARTESIAN_POINT('',(-96.967921309,7.10380305,3.0000254));
#9257=DIRECTION('',(-0.,-0.,1.));
#9258=VECTOR('',#9257,3.);
#9259=LINE('',#9256,#9258);
#9260=EDGE_CURVE('',#3086,#3924,#9259,.T.);
#9261=ORIENTED_EDGE('',*,*,#9260,.F.);
#9262=ORIENTED_EDGE('',*,*,#3091,.F.);
#9263=EDGE_LOOP('',(#9254,#9255,#9261,#9262));
#9264=FACE_BOUND('',#9263,.T.);
#9265=ADVANCED_FACE('',(#9264),#9253,.T.);
#9266=OVER_RIDING_STYLED_ITEM('',(#5382),#9265,#26);
#9267=CARTESIAN_POINT('',(-96.967921309,7.10380305,1.));
#9268=DIRECTION('',(-0.173648178,0.984807753,0.));
#9269=DIRECTION('',(0.984807753,0.173648178,0.));
#9270=AXIS2_PLACEMENT_3D('',#9267,#9268,#9269);
#9271=PLANE('',#9270);
#9272=CARTESIAN_POINT('',(-92.372151795,7.914161212,4.5000254));
#9273=VERTEX_POINT('',#9272);
#9274=CARTESIAN_POINT('',(-92.372151795,7.914161212,3.0000254));
#9275=DIRECTION('',(0.,0.,1.));
#9276=VECTOR('',#9275,1.5);
#9277=LINE('',#9274,#9276);
#9278=EDGE_CURVE('',#3094,#9273,#9277,.T.);
#9279=ORIENTED_EDGE('',*,*,#9278,.F.);
#9280=ORIENTED_EDGE('',*,*,#3099,.F.);
#9281=ORIENTED_EDGE('',*,*,#9260,.T.);
#9282=ORIENTED_EDGE('',*,*,#3929,.T.);
#9283=CARTESIAN_POINT('',(-83.180612767,9.534877537,3.0000254));
#9284=DIRECTION('',(-0.,-0.,1.));
#9285=VECTOR('',#9284,3.);
#9286=LINE('',#9283,#9285);
#9287=EDGE_CURVE('',#3030,#3916,#9286,.T.);
#9288=ORIENTED_EDGE('',*,*,#9287,.F.);
#9289=ORIENTED_EDGE('',*,*,#3035,.F.);
#9290=CARTESIAN_POINT('',(-87.776382281,8.724519375,4.5000254));
#9291=VERTEX_POINT('',#9290);
#9292=CARTESIAN_POINT('',(-87.776382281,8.724519375,3.0000254));
#9293=DIRECTION('',(0.,0.,1.));
#9294=VECTOR('',#9293,1.5);
#9295=LINE('',#9292,#9294);
#9296=EDGE_CURVE('',#3022,#9291,#9295,.T.);
#9297=ORIENTED_EDGE('',*,*,#9296,.T.);
#9298=CARTESIAN_POINT('',(-87.776382281,8.724519375,4.5000254));
#9299=DIRECTION('',(-0.984807753,-0.173648178,-0.));
#9300=VECTOR('',#9299,4.666666667);
#9301=LINE('',#9298,#9300);
#9302=EDGE_CURVE('',#9291,#9273,#9301,.T.);
#9303=ORIENTED_EDGE('',*,*,#9302,.T.);
#9304=EDGE_LOOP('',(#9279,#9280,#9281,#9282,#9288,#9289,#9297,#9303));
#9305=FACE_BOUND('',#9304,.T.);
#9306=ADVANCED_FACE('',(#9305),#9271,.T.);
#9307=OVER_RIDING_STYLED_ITEM('',(#5382),#9306,#26);
#9308=CARTESIAN_POINT('',(-83.180612767,9.534877537,1.));
#9309=DIRECTION('',(-0.984807753,-0.173648178,0.));
#9310=DIRECTION('',(-0.173648178,0.984807753,0.));
#9311=AXIS2_PLACEMENT_3D('',#9308,#9309,#9310);
#9312=PLANE('',#9311);
#9313=ORIENTED_EDGE('',*,*,#9287,.T.);
#9314=ORIENTED_EDGE('',*,*,#3921,.T.);
#9315=ORIENTED_EDGE('',*,*,#5934,.F.);
#9316=ORIENTED_EDGE('',*,*,#3043,.F.);
#9317=EDGE_LOOP('',(#9313,#9314,#9315,#9316));
#9318=FACE_BOUND('',#9317,.T.);
#9319=ADVANCED_FACE('',(#9318),#9312,.T.);
#9320=OVER_RIDING_STYLED_ITEM('',(#5382),#9319,#26);
#9321=CARTESIAN_POINT('',(-84.63013208,103.936271273,1.));
#9322=DIRECTION('',(0.,-1.,0.));
#9323=DIRECTION('',(-1.,0.,0.));
#9324=AXIS2_PLACEMENT_3D('',#9321,#9322,#9323);
#9325=PLANE('',#9324);
#9326=ORIENTED_EDGE('',*,*,#6012,.F.);
#9327=ORIENTED_EDGE('',*,*,#3671,.T.);
#9328=CARTESIAN_POINT('',(-98.63013208,103.936271273,3.0000254));
#9329=DIRECTION('',(-0.,-0.,1.));
#9330=VECTOR('',#9329,3.);
#9331=LINE('',#9328,#9330);
#9332=EDGE_CURVE('',#3176,#3656,#9331,.T.);
#9333=ORIENTED_EDGE('',*,*,#9332,.F.);
#9334=ORIENTED_EDGE('',*,*,#3181,.F.);
#9335=CARTESIAN_POINT('',(-93.963465414,103.936271273,4.5000254));
#9336=DIRECTION('',(0.,0.,-1.));
#9337=VECTOR('',#9336,1.5);
#9338=LINE('',#9335,#9337);
#9339=EDGE_CURVE('',#6008,#3168,#9338,.T.);
#9340=ORIENTED_EDGE('',*,*,#9339,.F.);
#9341=EDGE_LOOP('',(#9326,#9327,#9333,#9334,#9340));
#9342=FACE_BOUND('',#9341,.T.);
#9343=ADVANCED_FACE('',(#9342),#9325,.T.);
#9344=OVER_RIDING_STYLED_ITEM('',(#5382),#9343,#26);
#9345=CARTESIAN_POINT('',(-98.63013208,103.936271273,1.));
#9346=DIRECTION('',(1.,0.,0.));
#9347=DIRECTION('',(0.,-1.,0.));
#9348=AXIS2_PLACEMENT_3D('',#9345,#9346,#9347);
#9349=PLANE('',#9348);
#9350=ORIENTED_EDGE('',*,*,#9332,.T.);
#9351=ORIENTED_EDGE('',*,*,#3663,.T.);
#9352=CARTESIAN_POINT('',(-98.63013208,89.836243332,3.0000254));
#9353=DIRECTION('',(-0.,-0.,1.));
#9354=VECTOR('',#9353,3.);
#9355=LINE('',#9352,#9354);
#9356=EDGE_CURVE('',#3184,#3658,#9355,.T.);
#9357=ORIENTED_EDGE('',*,*,#9356,.F.);
#9358=ORIENTED_EDGE('',*,*,#3189,.F.);
#9359=EDGE_LOOP('',(#9350,#9351,#9357,#9358));
#9360=FACE_BOUND('',#9359,.T.);
#9361=ADVANCED_FACE('',(#9360),#9349,.T.);
#9362=OVER_RIDING_STYLED_ITEM('',(#5382),#9361,#26);
#9363=CARTESIAN_POINT('',(-98.63013208,89.836243332,1.));
#9364=DIRECTION('',(0.,1.,0.));
#9365=DIRECTION('',(1.,0.,0.));
#9366=AXIS2_PLACEMENT_3D('',#9363,#9364,#9365);
#9367=PLANE('',#9366);
#9368=CARTESIAN_POINT('',(-93.963465414,89.836243332,4.5000254));
#9369=VERTEX_POINT('',#9368);
#9370=CARTESIAN_POINT('',(-93.963465414,89.836243332,3.0000254));
#9371=DIRECTION('',(0.,0.,1.));
#9372=VECTOR('',#9371,1.5);
#9373=LINE('',#9370,#9372);
#9374=EDGE_CURVE('',#3192,#9369,#9373,.T.);
#9375=ORIENTED_EDGE('',*,*,#9374,.F.);
#9376=ORIENTED_EDGE('',*,*,#3197,.F.);
#9377=ORIENTED_EDGE('',*,*,#9356,.T.);
#9378=ORIENTED_EDGE('',*,*,#3701,.T.);
#9379=CARTESIAN_POINT('',(-84.63013208,89.836243332,3.0000254));
#9380=DIRECTION('',(-0.,-0.,1.));
#9381=VECTOR('',#9380,3.);
#9382=LINE('',#9379,#9381);
#9383=EDGE_CURVE('',#3128,#3690,#9382,.T.);
#9384=ORIENTED_EDGE('',*,*,#9383,.F.);
#9385=ORIENTED_EDGE('',*,*,#3133,.F.);
#9386=CARTESIAN_POINT('',(-89.296798747,89.836243332,4.5000254));
#9387=VERTEX_POINT('',#9386);
#9388=CARTESIAN_POINT('',(-89.296798747,89.836243332,3.0000254));
#9389=DIRECTION('',(0.,0.,1.));
#9390=VECTOR('',#9389,1.5);
#9391=LINE('',#9388,#9390);
#9392=EDGE_CURVE('',#3120,#9387,#9391,.T.);
#9393=ORIENTED_EDGE('',*,*,#9392,.T.);
#9394=CARTESIAN_POINT('',(-89.296798747,89.836243332,4.5000254));
#9395=DIRECTION('',(-1.,-0.,0.));
#9396=VECTOR('',#9395,4.666666667);
#9397=LINE('',#9394,#9396);
#9398=EDGE_CURVE('',#9387,#9369,#9397,.T.);
#9399=ORIENTED_EDGE('',*,*,#9398,.T.);
#9400=EDGE_LOOP('',(#9375,#9376,#9377,#9378,#9384,#9385,#9393,#9399));
#9401=FACE_BOUND('',#9400,.T.);
#9402=ADVANCED_FACE('',(#9401),#9367,.T.);
#9403=OVER_RIDING_STYLED_ITEM('',(#5382),#9402,#26);
#9404=CARTESIAN_POINT('',(-84.63013208,89.836243332,1.));
#9405=DIRECTION('',(-1.,0.,0.));
#9406=DIRECTION('',(0.,1.,0.));
#9407=AXIS2_PLACEMENT_3D('',#9404,#9405,#9406);
#9408=PLANE('',#9407);
#9409=ORIENTED_EDGE('',*,*,#9383,.T.);
#9410=ORIENTED_EDGE('',*,*,#3695,.T.);
#9411=ORIENTED_EDGE('',*,*,#5988,.F.);
#9412=ORIENTED_EDGE('',*,*,#3141,.F.);
#9413=EDGE_LOOP('',(#9409,#9410,#9411,#9412));
#9414=FACE_BOUND('',#9413,.T.);
#9415=ADVANCED_FACE('',(#9414),#9408,.T.);
#9416=OVER_RIDING_STYLED_ITEM('',(#5382),#9415,#26);
#9417=CARTESIAN_POINT('',(-89.296113792,45.269151638,1.));
#9418=DIRECTION('',(1.,0.,0.));
#9419=DIRECTION('',(0.,-1.,0.));
#9420=AXIS2_PLACEMENT_3D('',#9417,#9418,#9419);
#9421=PLANE('',#9420);
#9422=ORIENTED_EDGE('',*,*,#6064,.T.);
#9423=ORIENTED_EDGE('',*,*,#5244,.T.);
#9424=CARTESIAN_POINT('',(-89.296113792,31.169123698,3.0000254));
#9425=DIRECTION('',(-0.,-0.,1.));
#9426=VECTOR('',#9425,3.);
#9427=LINE('',#9424,#9426);
#9428=EDGE_CURVE('',#2443,#5231,#9427,.T.);
#9429=ORIENTED_EDGE('',*,*,#9428,.F.);
#9430=ORIENTED_EDGE('',*,*,#2448,.F.);
#9431=EDGE_LOOP('',(#9422,#9423,#9429,#9430));
#9432=FACE_BOUND('',#9431,.T.);
#9433=ADVANCED_FACE('',(#9432),#9421,.T.);
#9434=OVER_RIDING_STYLED_ITEM('',(#5382),#9433,#26);
#9435=CARTESIAN_POINT('',(-89.296113792,31.169123698,1.));
#9436=DIRECTION('',(0.,1.,0.));
#9437=DIRECTION('',(1.,0.,0.));
#9438=AXIS2_PLACEMENT_3D('',#9435,#9436,#9437);
#9439=PLANE('',#9438);
#9440=CARTESIAN_POINT('',(-89.2801143,31.169123698,3.0000254));
#9441=DIRECTION('',(0.,0.,1.));
#9442=VECTOR('',#9441,3.);
#9443=LINE('',#9440,#9442);
#9444=EDGE_CURVE('',#2451,#5223,#9443,.T.);
#9445=ORIENTED_EDGE('',*,*,#9444,.F.);
#9446=ORIENTED_EDGE('',*,*,#2456,.F.);
#9447=ORIENTED_EDGE('',*,*,#9428,.T.);
#9448=ORIENTED_EDGE('',*,*,#5236,.T.);
#9449=EDGE_LOOP('',(#9445,#9446,#9447,#9448));
#9450=FACE_BOUND('',#9449,.T.);
#9451=ADVANCED_FACE('',(#9450),#9439,.T.);
#9452=OVER_RIDING_STYLED_ITEM('',(#5382),#9451,#26);
#9453=CARTESIAN_POINT('',(-89.2801143,63.969189738,1.));
#9454=DIRECTION('',(1.,0.,0.));
#9455=DIRECTION('',(0.,-1.,0.));
#9456=AXIS2_PLACEMENT_3D('',#9453,#9454,#9455);
#9457=PLANE('',#9456);
#9458=ORIENTED_EDGE('',*,*,#5294,.T.);
#9459=CARTESIAN_POINT('',(-89.2801143,49.858161036,3.0000254));
#9460=DIRECTION('',(-0.,-0.,1.));
#9461=VECTOR('',#9460,3.);
#9462=LINE('',#9459,#9461);
#9463=EDGE_CURVE('',#3560,#5279,#9462,.T.);
#9464=ORIENTED_EDGE('',*,*,#9463,.F.);
#9465=ORIENTED_EDGE('',*,*,#3565,.F.);
#9466=ORIENTED_EDGE('',*,*,#6128,.T.);
#9467=EDGE_LOOP('',(#9458,#9464,#9465,#9466));
#9468=FACE_BOUND('',#9467,.T.);
#9469=ADVANCED_FACE('',(#9468),#9457,.T.);
#9470=OVER_RIDING_STYLED_ITEM('',(#5382),#9469,#26);
#9471=CARTESIAN_POINT('',(-75.2801143,49.869161798,1.));
#9472=DIRECTION('',(-1.,0.,0.));
#9473=DIRECTION('',(0.,1.,0.));
#9474=AXIS2_PLACEMENT_3D('',#9471,#9472,#9473);
#9475=PLANE('',#9474);
#9476=ORIENTED_EDGE('',*,*,#5308,.T.);
#9477=ORIENTED_EDGE('',*,*,#6121,.F.);
#9478=ORIENTED_EDGE('',*,*,#3517,.F.);
#9479=CARTESIAN_POINT('',(-75.2801143,49.858161036,3.0000254));
#9480=DIRECTION('',(-0.,-0.,1.));
#9481=VECTOR('',#9480,3.);
#9482=LINE('',#9479,#9481);
#9483=EDGE_CURVE('',#3504,#5281,#9482,.T.);
#9484=ORIENTED_EDGE('',*,*,#9483,.T.);
#9485=EDGE_LOOP('',(#9476,#9477,#9478,#9484));
#9486=FACE_BOUND('',#9485,.T.);
#9487=ADVANCED_FACE('',(#9486),#9475,.T.);
#9488=OVER_RIDING_STYLED_ITEM('',(#5382),#9487,#26);
#9489=CARTESIAN_POINT('',(-75.2801143,82.669227838,1.));
#9490=DIRECTION('',(0.,-1.,0.));
#9491=DIRECTION('',(-1.,0.,0.));
#9492=AXIS2_PLACEMENT_3D('',#9489,#9490,#9491);
#9493=PLANE('',#9492);
#9494=ORIENTED_EDGE('',*,*,#6176,.F.);
#9495=ORIENTED_EDGE('',*,*,#4037,.T.);
#9496=CARTESIAN_POINT('',(-89.2801143,82.669227838,3.0000254));
#9497=DIRECTION('',(-0.,-0.,1.));
#9498=VECTOR('',#9497,3.);
#9499=LINE('',#9496,#9498);
#9500=EDGE_CURVE('',#3470,#4024,#9499,.T.);
#9501=ORIENTED_EDGE('',*,*,#9500,.F.);
#9502=ORIENTED_EDGE('',*,*,#3475,.F.);
#9503=CARTESIAN_POINT('',(-84.613447634,82.669227838,4.5000254));
#9504=DIRECTION('',(0.,0.,-1.));
#9505=VECTOR('',#9504,1.5);
#9506=LINE('',#9503,#9505);
#9507=EDGE_CURVE('',#6172,#3462,#9506,.T.);
#9508=ORIENTED_EDGE('',*,*,#9507,.F.);
#9509=EDGE_LOOP('',(#9494,#9495,#9501,#9502,#9508));
#9510=FACE_BOUND('',#9509,.T.);
#9511=ADVANCED_FACE('',(#9510),#9493,.T.);
#9512=OVER_RIDING_STYLED_ITEM('',(#5382),#9511,#26);
#9513=CARTESIAN_POINT('',(-89.2801143,82.669227838,1.));
#9514=DIRECTION('',(1.,0.,0.));
#9515=DIRECTION('',(0.,-1.,0.));
#9516=AXIS2_PLACEMENT_3D('',#9513,#9514,#9515);
#9517=PLANE('',#9516);
#9518=ORIENTED_EDGE('',*,*,#9500,.T.);
#9519=ORIENTED_EDGE('',*,*,#4029,.T.);
#9520=CARTESIAN_POINT('',(-89.2801143,68.569199898,3.0000254));
#9521=DIRECTION('',(-0.,-0.,1.));
#9522=VECTOR('',#9521,3.);
#9523=LINE('',#9520,#9522);
#9524=EDGE_CURVE('',#3478,#4016,#9523,.T.);
#9525=ORIENTED_EDGE('',*,*,#9524,.F.);
#9526=ORIENTED_EDGE('',*,*,#3483,.F.);
#9527=EDGE_LOOP('',(#9518,#9519,#9525,#9526));
#9528=FACE_BOUND('',#9527,.T.);
#9529=ADVANCED_FACE('',(#9528),#9517,.T.);
#9530=OVER_RIDING_STYLED_ITEM('',(#5382),#9529,#26);
#9531=CARTESIAN_POINT('',(-89.2801143,68.569199898,1.));
#9532=DIRECTION('',(0.,1.,0.));
#9533=DIRECTION('',(1.,0.,0.));
#9534=AXIS2_PLACEMENT_3D('',#9531,#9532,#9533);
#9535=PLANE('',#9534);
#9536=CARTESIAN_POINT('',(-84.613447634,68.569199898,4.5000254));
#9537=VERTEX_POINT('',#9536);
#9538=CARTESIAN_POINT('',(-84.613447634,68.569199898,3.0000254));
#9539=DIRECTION('',(0.,0.,1.));
#9540=VECTOR('',#9539,1.5);
#9541=LINE('',#9538,#9540);
#9542=EDGE_CURVE('',#3486,#9537,#9541,.T.);
#9543=ORIENTED_EDGE('',*,*,#9542,.F.);
#9544=ORIENTED_EDGE('',*,*,#3491,.F.);
#9545=ORIENTED_EDGE('',*,*,#9524,.T.);
#9546=ORIENTED_EDGE('',*,*,#4021,.T.);
#9547=CARTESIAN_POINT('',(-75.2801143,68.569199898,3.0000254));
#9548=DIRECTION('',(-0.,-0.,1.));
#9549=VECTOR('',#9548,3.);
#9550=LINE('',#9547,#9549);
#9551=EDGE_CURVE('',#3422,#4006,#9550,.T.);
#9552=ORIENTED_EDGE('',*,*,#9551,.F.);
#9553=ORIENTED_EDGE('',*,*,#3427,.F.);
#9554=CARTESIAN_POINT('',(-79.946780967,68.569199898,4.5000254));
#9555=VERTEX_POINT('',#9554);
#9556=CARTESIAN_POINT('',(-79.946780967,68.569199898,3.0000254));
#9557=DIRECTION('',(0.,0.,1.));
#9558=VECTOR('',#9557,1.5);
#9559=LINE('',#9556,#9558);
#9560=EDGE_CURVE('',#3414,#9555,#9559,.T.);
#9561=ORIENTED_EDGE('',*,*,#9560,.T.);
#9562=CARTESIAN_POINT('',(-79.946780967,68.569199898,4.5000254));
#9563=DIRECTION('',(-1.,-0.,0.));
#9564=VECTOR('',#9563,4.666666667);
#9565=LINE('',#9562,#9564);
#9566=EDGE_CURVE('',#9555,#9537,#9565,.T.);
#9567=ORIENTED_EDGE('',*,*,#9566,.T.);
#9568=EDGE_LOOP('',(#9543,#9544,#9545,#9546,#9552,#9553,#9561,#9567));
#9569=FACE_BOUND('',#9568,.T.);
#9570=ADVANCED_FACE('',(#9569),#9535,.T.);
#9571=OVER_RIDING_STYLED_ITEM('',(#5382),#9570,#26);
#9572=CARTESIAN_POINT('',(-75.2801143,68.569199898,1.));
#9573=DIRECTION('',(-1.,0.,0.));
#9574=DIRECTION('',(0.,1.,0.));
#9575=AXIS2_PLACEMENT_3D('',#9572,#9573,#9574);
#9576=PLANE('',#9575);
#9577=ORIENTED_EDGE('',*,*,#9551,.T.);
#9578=ORIENTED_EDGE('',*,*,#4013,.T.);
#9579=ORIENTED_EDGE('',*,*,#6152,.F.);
#9580=ORIENTED_EDGE('',*,*,#3435,.F.);
#9581=EDGE_LOOP('',(#9577,#9578,#9579,#9580));
#9582=FACE_BOUND('',#9581,.T.);
#9583=ADVANCED_FACE('',(#9582),#9576,.T.);
#9584=OVER_RIDING_STYLED_ITEM('',(#5382),#9583,#26);
#9585=CARTESIAN_POINT('',(-65.978094996,101.369265939,1.));
#9586=DIRECTION('',(0.,-1.,0.));
#9587=DIRECTION('',(-1.,0.,0.));
#9588=AXIS2_PLACEMENT_3D('',#9585,#9586,#9587);
#9589=PLANE('',#9588);
#9590=ORIENTED_EDGE('',*,*,#6230,.F.);
#9591=ORIENTED_EDGE('',*,*,#4421,.T.);
#9592=CARTESIAN_POINT('',(-79.978094996,101.369265939,3.0000254));
#9593=DIRECTION('',(-0.,-0.,1.));
#9594=VECTOR('',#9593,3.);
#9595=LINE('',#9592,#9594);
#9596=EDGE_CURVE('',#3372,#4406,#9595,.T.);
#9597=ORIENTED_EDGE('',*,*,#9596,.F.);
#9598=ORIENTED_EDGE('',*,*,#3377,.F.);
#9599=CARTESIAN_POINT('',(-75.31142833,101.369265939,4.5000254));
#9600=DIRECTION('',(0.,0.,-1.));
#9601=VECTOR('',#9600,1.5);
#9602=LINE('',#9599,#9601);
#9603=EDGE_CURVE('',#6226,#3364,#9602,.T.);
#9604=ORIENTED_EDGE('',*,*,#9603,.F.);
#9605=EDGE_LOOP('',(#9590,#9591,#9597,#9598,#9604));
#9606=FACE_BOUND('',#9605,.T.);
#9607=ADVANCED_FACE('',(#9606),#9589,.T.);
#9608=OVER_RIDING_STYLED_ITEM('',(#5382),#9607,#26);
#9609=CARTESIAN_POINT('',(-79.978094996,101.369265939,1.));
#9610=DIRECTION('',(1.,0.,0.));
#9611=DIRECTION('',(0.,-1.,0.));
#9612=AXIS2_PLACEMENT_3D('',#9609,#9610,#9611);
#9613=PLANE('',#9612);
#9614=ORIENTED_EDGE('',*,*,#9596,.T.);
#9615=ORIENTED_EDGE('',*,*,#4413,.T.);
#9616=CARTESIAN_POINT('',(-79.978094996,87.269237998,3.0000254));
#9617=DIRECTION('',(-0.,-0.,1.));
#9618=VECTOR('',#9617,3.);
#9619=LINE('',#9616,#9618);
#9620=EDGE_CURVE('',#3380,#4408,#9619,.T.);
#9621=ORIENTED_EDGE('',*,*,#9620,.F.);
#9622=ORIENTED_EDGE('',*,*,#3385,.F.);
#9623=EDGE_LOOP('',(#9614,#9615,#9621,#9622));
#9624=FACE_BOUND('',#9623,.T.);
#9625=ADVANCED_FACE('',(#9624),#9613,.T.);
#9626=OVER_RIDING_STYLED_ITEM('',(#5382),#9625,#26);
#9627=CARTESIAN_POINT('',(-79.978094996,87.269237998,1.));
#9628=DIRECTION('',(0.,1.,0.));
#9629=DIRECTION('',(1.,0.,0.));
#9630=AXIS2_PLACEMENT_3D('',#9627,#9628,#9629);
#9631=PLANE('',#9630);
#9632=CARTESIAN_POINT('',(-75.31142833,87.269237998,4.5000254));
#9633=VERTEX_POINT('',#9632);
#9634=CARTESIAN_POINT('',(-75.31142833,87.269237998,3.0000254));
#9635=DIRECTION('',(0.,0.,1.));
#9636=VECTOR('',#9635,1.5);
#9637=LINE('',#9634,#9636);
#9638=EDGE_CURVE('',#3388,#9633,#9637,.T.);
#9639=ORIENTED_EDGE('',*,*,#9638,.F.);
#9640=ORIENTED_EDGE('',*,*,#3393,.F.);
#9641=ORIENTED_EDGE('',*,*,#9620,.T.);
#9642=ORIENTED_EDGE('',*,*,#4451,.T.);
#9643=CARTESIAN_POINT('',(-65.978094996,87.269237998,3.0000254));
#9644=DIRECTION('',(-0.,-0.,1.));
#9645=VECTOR('',#9644,3.);
#9646=LINE('',#9643,#9645);
#9647=EDGE_CURVE('',#3324,#4440,#9646,.T.);
#9648=ORIENTED_EDGE('',*,*,#9647,.F.);
#9649=ORIENTED_EDGE('',*,*,#3329,.F.);
#9650=CARTESIAN_POINT('',(-70.644761663,87.269237998,4.5000254));
#9651=VERTEX_POINT('',#9650);
#9652=CARTESIAN_POINT('',(-70.644761663,87.269237998,3.0000254));
#9653=DIRECTION('',(0.,0.,1.));
#9654=VECTOR('',#9653,1.5);
#9655=LINE('',#9652,#9654);
#9656=EDGE_CURVE('',#3316,#9651,#9655,.T.);
#9657=ORIENTED_EDGE('',*,*,#9656,.T.);
#9658=CARTESIAN_POINT('',(-70.644761663,87.269237998,4.5000254));
#9659=DIRECTION('',(-1.,-0.,0.));
#9660=VECTOR('',#9659,4.666666667);
#9661=LINE('',#9658,#9660);
#9662=EDGE_CURVE('',#9651,#9633,#9661,.T.);
#9663=ORIENTED_EDGE('',*,*,#9662,.T.);
#9664=EDGE_LOOP('',(#9639,#9640,#9641,#9642,#9648,#9649,#9657,#9663));
#9665=FACE_BOUND('',#9664,.T.);
#9666=ADVANCED_FACE('',(#9665),#9631,.T.);
#9667=OVER_RIDING_STYLED_ITEM('',(#5382),#9666,#26);
#9668=CARTESIAN_POINT('',(-65.978094996,87.269237998,1.));
#9669=DIRECTION('',(-1.,0.,0.));
#9670=DIRECTION('',(0.,1.,0.));
#9671=AXIS2_PLACEMENT_3D('',#9668,#9669,#9670);
#9672=PLANE('',#9671);
#9673=ORIENTED_EDGE('',*,*,#9647,.T.);
#9674=ORIENTED_EDGE('',*,*,#4445,.T.);
#9675=ORIENTED_EDGE('',*,*,#6206,.F.);
#9676=ORIENTED_EDGE('',*,*,#3337,.F.);
#9677=EDGE_LOOP('',(#9673,#9674,#9675,#9676));
#9678=FACE_BOUND('',#9677,.T.);
#9679=ADVANCED_FACE('',(#9678),#9672,.T.);
#9680=OVER_RIDING_STYLED_ITEM('',(#5382),#9679,#26);
#9681=CARTESIAN_POINT('',(-78.422093177,24.02808318,1.));
#9682=DIRECTION('',(1.,0.,0.));
#9683=DIRECTION('',(0.,-1.,0.));
#9684=AXIS2_PLACEMENT_3D('',#9681,#9682,#9683);
#9685=PLANE('',#9684);
#9686=ORIENTED_EDGE('',*,*,#5058,.T.);
#9687=CARTESIAN_POINT('',(-78.422093177,9.917054478,3.0000254));
#9688=DIRECTION('',(-0.,-0.,1.));
#9689=VECTOR('',#9688,3.);
#9690=LINE('',#9687,#9689);
#9691=EDGE_CURVE('',#1749,#5043,#9690,.T.);
#9692=ORIENTED_EDGE('',*,*,#9691,.F.);
#9693=ORIENTED_EDGE('',*,*,#1754,.F.);
#9694=ORIENTED_EDGE('',*,*,#6282,.T.);
#9695=EDGE_LOOP('',(#9686,#9692,#9693,#9694));
#9696=FACE_BOUND('',#9695,.T.);
#9697=ADVANCED_FACE('',(#9696),#9685,.T.);
#9698=OVER_RIDING_STYLED_ITEM('',(#5382),#9697,#26);
#9699=CARTESIAN_POINT('',(-64.422093177,9.92805524,1.));
#9700=DIRECTION('',(-1.,0.,0.));
#9701=DIRECTION('',(0.,1.,0.));
#9702=AXIS2_PLACEMENT_3D('',#9699,#9700,#9701);
#9703=PLANE('',#9702);
#9704=ORIENTED_EDGE('',*,*,#5072,.T.);
#9705=ORIENTED_EDGE('',*,*,#6275,.F.);
#9706=ORIENTED_EDGE('',*,*,#1706,.F.);
#9707=CARTESIAN_POINT('',(-64.422093177,9.917054478,3.0000254));
#9708=DIRECTION('',(-0.,-0.,1.));
#9709=VECTOR('',#9708,3.);
#9710=LINE('',#9707,#9709);
#9711=EDGE_CURVE('',#1693,#5045,#9710,.T.);
#9712=ORIENTED_EDGE('',*,*,#9711,.T.);
#9713=EDGE_LOOP('',(#9704,#9705,#9706,#9712));
#9714=FACE_BOUND('',#9713,.T.);
#9715=ADVANCED_FACE('',(#9714),#9703,.T.);
#9716=OVER_RIDING_STYLED_ITEM('',(#5382),#9715,#26);
#9717=CARTESIAN_POINT('',(-70.5800762,42.669146558,1.));
#9718=DIRECTION('',(1.,0.,0.));
#9719=DIRECTION('',(0.,-1.,0.));
#9720=AXIS2_PLACEMENT_3D('',#9717,#9718,#9719);
#9721=PLANE('',#9720);
#9722=ORIENTED_EDGE('',*,*,#5092,.T.);
#9723=CARTESIAN_POINT('',(-70.5800762,28.558117856,3.0000254));
#9724=DIRECTION('',(-0.,-0.,1.));
#9725=VECTOR('',#9724,3.);
#9726=LINE('',#9723,#9725);
#9727=EDGE_CURVE('',#1847,#5077,#9726,.T.);
#9728=ORIENTED_EDGE('',*,*,#9727,.F.);
#9729=ORIENTED_EDGE('',*,*,#1852,.F.);
#9730=ORIENTED_EDGE('',*,*,#6328,.T.);
#9731=EDGE_LOOP('',(#9722,#9728,#9729,#9730));
#9732=FACE_BOUND('',#9731,.T.);
#9733=ADVANCED_FACE('',(#9732),#9721,.T.);
#9734=OVER_RIDING_STYLED_ITEM('',(#5382),#9733,#26);
#9735=CARTESIAN_POINT('',(-56.5800762,28.569118618,1.));
#9736=DIRECTION('',(-1.,0.,0.));
#9737=DIRECTION('',(0.,1.,0.));
#9738=AXIS2_PLACEMENT_3D('',#9735,#9736,#9737);
#9739=PLANE('',#9738);
#9740=ORIENTED_EDGE('',*,*,#5106,.T.);
#9741=ORIENTED_EDGE('',*,*,#6321,.F.);
#9742=ORIENTED_EDGE('',*,*,#1804,.F.);
#9743=CARTESIAN_POINT('',(-56.5800762,28.558117856,3.0000254));
#9744=DIRECTION('',(-0.,-0.,1.));
#9745=VECTOR('',#9744,3.);
#9746=LINE('',#9743,#9745);
#9747=EDGE_CURVE('',#1791,#5079,#9746,.T.);
#9748=ORIENTED_EDGE('',*,*,#9747,.T.);
#9749=EDGE_LOOP('',(#9740,#9741,#9742,#9748));
#9750=FACE_BOUND('',#9749,.T.);
#9751=ADVANCED_FACE('',(#9750),#9739,.T.);
#9752=OVER_RIDING_STYLED_ITEM('',(#5382),#9751,#26);
#9753=CARTESIAN_POINT('',(-70.5800762,61.369184658,1.));
#9754=DIRECTION('',(1.,0.,0.));
#9755=DIRECTION('',(0.,-1.,0.));
#9756=AXIS2_PLACEMENT_3D('',#9753,#9754,#9755);
#9757=PLANE('',#9756);
#9758=ORIENTED_EDGE('',*,*,#5126,.T.);
#9759=CARTESIAN_POINT('',(-70.5800762,47.258155956,3.0000254));
#9760=DIRECTION('',(-0.,-0.,1.));
#9761=VECTOR('',#9760,3.);
#9762=LINE('',#9759,#9761);
#9763=EDGE_CURVE('',#1945,#5111,#9762,.T.);
#9764=ORIENTED_EDGE('',*,*,#9763,.F.);
#9765=ORIENTED_EDGE('',*,*,#1950,.F.);
#9766=ORIENTED_EDGE('',*,*,#6374,.T.);
#9767=EDGE_LOOP('',(#9758,#9764,#9765,#9766));
#9768=FACE_BOUND('',#9767,.T.);
#9769=ADVANCED_FACE('',(#9768),#9757,.T.);
#9770=OVER_RIDING_STYLED_ITEM('',(#5382),#9769,#26);
#9771=CARTESIAN_POINT('',(-56.5800762,47.269156718,1.));
#9772=DIRECTION('',(-1.,0.,0.));
#9773=DIRECTION('',(0.,1.,0.));
#9774=AXIS2_PLACEMENT_3D('',#9771,#9772,#9773);
#9775=PLANE('',#9774);
#9776=ORIENTED_EDGE('',*,*,#5140,.T.);
#9777=ORIENTED_EDGE('',*,*,#6367,.F.);
#9778=ORIENTED_EDGE('',*,*,#1902,.F.);
#9779=CARTESIAN_POINT('',(-56.5800762,47.258155956,3.0000254));
#9780=DIRECTION('',(-0.,-0.,1.));
#9781=VECTOR('',#9780,3.);
#9782=LINE('',#9779,#9781);
#9783=EDGE_CURVE('',#1889,#5113,#9782,.T.);
#9784=ORIENTED_EDGE('',*,*,#9783,.T.);
#9785=EDGE_LOOP('',(#9776,#9777,#9778,#9784));
#9786=FACE_BOUND('',#9785,.T.);
#9787=ADVANCED_FACE('',(#9786),#9775,.T.);
#9788=OVER_RIDING_STYLED_ITEM('',(#5382),#9787,#26);
#9789=CARTESIAN_POINT('',(-56.5800762,80.069222758,1.));
#9790=DIRECTION('',(0.,-1.,0.));
#9791=DIRECTION('',(-1.,0.,0.));
#9792=AXIS2_PLACEMENT_3D('',#9789,#9790,#9791);
#9793=PLANE('',#9792);
#9794=ORIENTED_EDGE('',*,*,#6422,.F.);
#9795=ORIENTED_EDGE('',*,*,#3987,.T.);
#9796=CARTESIAN_POINT('',(-70.5800762,80.069222758,3.0000254));
#9797=DIRECTION('',(-0.,-0.,1.));
#9798=VECTOR('',#9797,3.);
#9799=LINE('',#9796,#9798);
#9800=EDGE_CURVE('',#2051,#3974,#9799,.T.);
#9801=ORIENTED_EDGE('',*,*,#9800,.F.);
#9802=ORIENTED_EDGE('',*,*,#2056,.F.);
#9803=CARTESIAN_POINT('',(-65.913409533,80.069222758,4.5000254));
#9804=DIRECTION('',(0.,0.,-1.));
#9805=VECTOR('',#9804,1.5);
#9806=LINE('',#9803,#9805);
#9807=EDGE_CURVE('',#6418,#2043,#9806,.T.);
#9808=ORIENTED_EDGE('',*,*,#9807,.F.);
#9809=EDGE_LOOP('',(#9794,#9795,#9801,#9802,#9808));
#9810=FACE_BOUND('',#9809,.T.);
#9811=ADVANCED_FACE('',(#9810),#9793,.T.);
#9812=OVER_RIDING_STYLED_ITEM('',(#5382),#9811,#26);
#9813=CARTESIAN_POINT('',(-70.5800762,80.069222758,1.));
#9814=DIRECTION('',(1.,0.,0.));
#9815=DIRECTION('',(0.,-1.,0.));
#9816=AXIS2_PLACEMENT_3D('',#9813,#9814,#9815);
#9817=PLANE('',#9816);
#9818=ORIENTED_EDGE('',*,*,#9800,.T.);
#9819=ORIENTED_EDGE('',*,*,#3979,.T.);
#9820=CARTESIAN_POINT('',(-70.5800762,65.969194818,3.0000254));
#9821=DIRECTION('',(-0.,-0.,1.));
#9822=VECTOR('',#9821,3.);
#9823=LINE('',#9820,#9822);
#9824=EDGE_CURVE('',#2059,#3966,#9823,.T.);
#9825=ORIENTED_EDGE('',*,*,#9824,.F.);
#9826=ORIENTED_EDGE('',*,*,#2064,.F.);
#9827=EDGE_LOOP('',(#9818,#9819,#9825,#9826));
#9828=FACE_BOUND('',#9827,.T.);
#9829=ADVANCED_FACE('',(#9828),#9817,.T.);
#9830=OVER_RIDING_STYLED_ITEM('',(#5382),#9829,#26);
#9831=CARTESIAN_POINT('',(-70.5800762,65.969194818,1.));
#9832=DIRECTION('',(0.,1.,0.));
#9833=DIRECTION('',(1.,0.,0.));
#9834=AXIS2_PLACEMENT_3D('',#9831,#9832,#9833);
#9835=PLANE('',#9834);
#9836=CARTESIAN_POINT('',(-65.913409533,65.969194818,4.5000254));
#9837=VERTEX_POINT('',#9836);
#9838=CARTESIAN_POINT('',(-65.913409533,65.969194818,3.0000254));
#9839=DIRECTION('',(0.,0.,1.));
#9840=VECTOR('',#9839,1.5);
#9841=LINE('',#9838,#9840);
#9842=EDGE_CURVE('',#2067,#9837,#9841,.T.);
#9843=ORIENTED_EDGE('',*,*,#9842,.F.);
#9844=ORIENTED_EDGE('',*,*,#2072,.F.);
#9845=ORIENTED_EDGE('',*,*,#9824,.T.);
#9846=ORIENTED_EDGE('',*,*,#3971,.T.);
#9847=CARTESIAN_POINT('',(-56.5800762,65.969194818,3.0000254));
#9848=DIRECTION('',(-0.,-0.,1.));
#9849=VECTOR('',#9848,3.);
#9850=LINE('',#9847,#9849);
#9851=EDGE_CURVE('',#2003,#3956,#9850,.T.);
#9852=ORIENTED_EDGE('',*,*,#9851,.F.);
#9853=ORIENTED_EDGE('',*,*,#2008,.F.);
#9854=CARTESIAN_POINT('',(-61.246742867,65.969194818,4.5000254));
#9855=VERTEX_POINT('',#9854);
#9856=CARTESIAN_POINT('',(-61.246742867,65.969194818,3.0000254));
#9857=DIRECTION('',(0.,0.,1.));
#9858=VECTOR('',#9857,1.5);
#9859=LINE('',#9856,#9858);
#9860=EDGE_CURVE('',#1995,#9855,#9859,.T.);
#9861=ORIENTED_EDGE('',*,*,#9860,.T.);
#9862=CARTESIAN_POINT('',(-61.246742867,65.969194818,4.5000254));
#9863=DIRECTION('',(-1.,-0.,0.));
#9864=VECTOR('',#9863,4.666666667);
#9865=LINE('',#9862,#9864);
#9866=EDGE_CURVE('',#9855,#9837,#9865,.T.);
#9867=ORIENTED_EDGE('',*,*,#9866,.T.);
#9868=EDGE_LOOP('',(#9843,#9844,#9845,#9846,#9852,#9853,#9861,#9867));
#9869=FACE_BOUND('',#9868,.T.);
#9870=ADVANCED_FACE('',(#9869),#9835,.T.);
#9871=OVER_RIDING_STYLED_ITEM('',(#5382),#9870,#26);
#9872=CARTESIAN_POINT('',(-56.5800762,65.969194818,1.));
#9873=DIRECTION('',(-1.,0.,0.));
#9874=DIRECTION('',(0.,1.,0.));
#9875=AXIS2_PLACEMENT_3D('',#9872,#9873,#9874);
#9876=PLANE('',#9875);
#9877=ORIENTED_EDGE('',*,*,#9851,.T.);
#9878=ORIENTED_EDGE('',*,*,#3963,.T.);
#9879=ORIENTED_EDGE('',*,*,#6398,.F.);
#9880=ORIENTED_EDGE('',*,*,#2016,.F.);
#9881=EDGE_LOOP('',(#9877,#9878,#9879,#9880));
#9882=FACE_BOUND('',#9881,.T.);
#9883=ADVANCED_FACE('',(#9882),#9876,.T.);
#9884=OVER_RIDING_STYLED_ITEM('',(#5382),#9883,#26);
#9885=CARTESIAN_POINT('',(-47.277866396,98.702260605,1.));
#9886=DIRECTION('',(0.,-1.,0.));
#9887=DIRECTION('',(-1.,0.,0.));
#9888=AXIS2_PLACEMENT_3D('',#9885,#9886,#9887);
#9889=PLANE('',#9888);
#9890=ORIENTED_EDGE('',*,*,#6476,.F.);
#9891=ORIENTED_EDGE('',*,*,#3621,.T.);
#9892=CARTESIAN_POINT('',(-61.277866396,98.702260605,3.0000254));
#9893=DIRECTION('',(-0.,-0.,1.));
#9894=VECTOR('',#9893,3.);
#9895=LINE('',#9892,#9894);
#9896=EDGE_CURVE('',#2345,#3606,#9895,.T.);
#9897=ORIENTED_EDGE('',*,*,#9896,.F.);
#9898=ORIENTED_EDGE('',*,*,#2350,.F.);
#9899=CARTESIAN_POINT('',(-56.611199729,98.702260605,4.5000254));
#9900=DIRECTION('',(0.,0.,-1.));
#9901=VECTOR('',#9900,1.5);
#9902=LINE('',#9899,#9901);
#9903=EDGE_CURVE('',#6472,#2337,#9902,.T.);
#9904=ORIENTED_EDGE('',*,*,#9903,.F.);
#9905=EDGE_LOOP('',(#9890,#9891,#9897,#9898,#9904));
#9906=FACE_BOUND('',#9905,.T.);
#9907=ADVANCED_FACE('',(#9906),#9889,.T.);
#9908=OVER_RIDING_STYLED_ITEM('',(#5382),#9907,#26);
#9909=CARTESIAN_POINT('',(-61.277866396,98.702260605,1.));
#9910=DIRECTION('',(1.,0.,0.));
#9911=DIRECTION('',(0.,-1.,0.));
#9912=AXIS2_PLACEMENT_3D('',#9909,#9910,#9911);
#9913=PLANE('',#9912);
#9914=ORIENTED_EDGE('',*,*,#9896,.T.);
#9915=ORIENTED_EDGE('',*,*,#3613,.T.);
#9916=CARTESIAN_POINT('',(-61.277866396,84.602232664,3.0000254));
#9917=DIRECTION('',(-0.,-0.,1.));
#9918=VECTOR('',#9917,3.);
#9919=LINE('',#9916,#9918);
#9920=EDGE_CURVE('',#2353,#3608,#9919,.T.);
#9921=ORIENTED_EDGE('',*,*,#9920,.F.);
#9922=ORIENTED_EDGE('',*,*,#2358,.F.);
#9923=EDGE_LOOP('',(#9914,#9915,#9921,#9922));
#9924=FACE_BOUND('',#9923,.T.);
#9925=ADVANCED_FACE('',(#9924),#9913,.T.);
#9926=OVER_RIDING_STYLED_ITEM('',(#5382),#9925,#26);
#9927=CARTESIAN_POINT('',(-61.277866396,84.602232664,1.));
#9928=DIRECTION('',(0.,1.,0.));
#9929=DIRECTION('',(1.,0.,0.));
#9930=AXIS2_PLACEMENT_3D('',#9927,#9928,#9929);
#9931=PLANE('',#9930);
#9932=CARTESIAN_POINT('',(-56.611199729,84.602232664,4.5000254));
#9933=VERTEX_POINT('',#9932);
#9934=CARTESIAN_POINT('',(-56.611199729,84.602232664,3.0000254));
#9935=DIRECTION('',(0.,0.,1.));
#9936=VECTOR('',#9935,1.5);
#9937=LINE('',#9934,#9936);
#9938=EDGE_CURVE('',#2361,#9933,#9937,.T.);
#9939=ORIENTED_EDGE('',*,*,#9938,.F.);
#9940=ORIENTED_EDGE('',*,*,#2366,.F.);
#9941=ORIENTED_EDGE('',*,*,#9920,.T.);
#9942=ORIENTED_EDGE('',*,*,#3651,.T.);
#9943=CARTESIAN_POINT('',(-47.277866396,84.602232664,3.0000254));
#9944=DIRECTION('',(-0.,-0.,1.));
#9945=VECTOR('',#9944,3.);
#9946=LINE('',#9943,#9945);
#9947=EDGE_CURVE('',#2297,#3640,#9946,.T.);
#9948=ORIENTED_EDGE('',*,*,#9947,.F.);
#9949=ORIENTED_EDGE('',*,*,#2302,.F.);
#9950=CARTESIAN_POINT('',(-51.944533062,84.602232664,4.5000254));
#9951=VERTEX_POINT('',#9950);
#9952=CARTESIAN_POINT('',(-51.944533062,84.602232664,3.0000254));
#9953=DIRECTION('',(0.,0.,1.));
#9954=VECTOR('',#9953,1.5);
#9955=LINE('',#9952,#9954);
#9956=EDGE_CURVE('',#2289,#9951,#9955,.T.);
#9957=ORIENTED_EDGE('',*,*,#9956,.T.);
#9958=CARTESIAN_POINT('',(-51.944533062,84.602232664,4.5000254));
#9959=DIRECTION('',(-1.,-0.,0.));
#9960=VECTOR('',#9959,4.666666667);
#9961=LINE('',#9958,#9960);
#9962=EDGE_CURVE('',#9951,#9933,#9961,.T.);
#9963=ORIENTED_EDGE('',*,*,#9962,.T.);
#9964=EDGE_LOOP('',(#9939,#9940,#9941,#9942,#9948,#9949,#9957,#9963));
#9965=FACE_BOUND('',#9964,.T.);
#9966=ADVANCED_FACE('',(#9965),#9931,.T.);
#9967=OVER_RIDING_STYLED_ITEM('',(#5382),#9966,#26);
#9968=CARTESIAN_POINT('',(-47.277866396,84.602232664,1.));
#9969=DIRECTION('',(-1.,0.,0.));
#9970=DIRECTION('',(0.,1.,0.));
#9971=AXIS2_PLACEMENT_3D('',#9968,#9969,#9970);
#9972=PLANE('',#9971);
#9973=ORIENTED_EDGE('',*,*,#9947,.T.);
#9974=ORIENTED_EDGE('',*,*,#3645,.T.);
#9975=ORIENTED_EDGE('',*,*,#6452,.F.);
#9976=ORIENTED_EDGE('',*,*,#2310,.F.);
#9977=EDGE_LOOP('',(#9973,#9974,#9975,#9976));
#9978=FACE_BOUND('',#9977,.T.);
#9979=ADVANCED_FACE('',(#9978),#9972,.T.);
#9980=OVER_RIDING_STYLED_ITEM('',(#5382),#9979,#26);
#9981=CARTESIAN_POINT('',(-43.500913192,20.918146817,1.));
#9982=DIRECTION('',(-0.173648178,-0.984807753,0.));
#9983=DIRECTION('',(-0.984807753,0.173648178,0.));
#9984=AXIS2_PLACEMENT_3D('',#9981,#9982,#9983);
#9985=PLANE('',#9984);
#9986=ORIENTED_EDGE('',*,*,#6530,.F.);
#9987=ORIENTED_EDGE('',*,*,#4495,.T.);
#9988=CARTESIAN_POINT('',(-57.288221734,23.349221304,3.0000254));
#9989=DIRECTION('',(-0.,-0.,1.));
#9990=VECTOR('',#9989,3.);
#9991=LINE('',#9988,#9990);
#9992=EDGE_CURVE('',#3274,#4482,#9991,.T.);
#9993=ORIENTED_EDGE('',*,*,#9992,.F.);
#9994=ORIENTED_EDGE('',*,*,#3279,.F.);
#9995=CARTESIAN_POINT('',(-52.69245222,22.538863142,4.5000254));
#9996=DIRECTION('',(0.,0.,-1.));
#9997=VECTOR('',#9996,1.5);
#9998=LINE('',#9995,#9997);
#9999=EDGE_CURVE('',#6526,#3266,#9998,.T.);
#10000=ORIENTED_EDGE('',*,*,#9999,.F.);
#10001=EDGE_LOOP('',(#9986,#9987,#9993,#9994,#10000));
#10002=FACE_BOUND('',#10001,.T.);
#10003=ADVANCED_FACE('',(#10002),#9985,.T.);
#10004=OVER_RIDING_STYLED_ITEM('',(#5382),#10003,#26);
#10005=CARTESIAN_POINT('',(-57.288221734,23.349221304,1.));
#10006=DIRECTION('',(0.984807753,-0.173648178,0.));
#10007=DIRECTION('',(-0.173648178,-0.984807753,0.));
#10008=AXIS2_PLACEMENT_3D('',#10005,#10006,#10007);
#10009=PLANE('',#10008);
#10010=ORIENTED_EDGE('',*,*,#9992,.T.);
#10011=ORIENTED_EDGE('',*,*,#4487,.T.);
#10012=CARTESIAN_POINT('',(-59.736665891,9.463404471,3.0000254));
#10013=DIRECTION('',(-0.,-0.,1.));
#10014=VECTOR('',#10013,3.);
#10015=LINE('',#10012,#10014);
#10016=EDGE_CURVE('',#3282,#4474,#10015,.T.);
#10017=ORIENTED_EDGE('',*,*,#10016,.F.);
#10018=ORIENTED_EDGE('',*,*,#3287,.F.);
#10019=EDGE_LOOP('',(#10010,#10011,#10017,#10018));
#10020=FACE_BOUND('',#10019,.T.);
#10021=ADVANCED_FACE('',(#10020),#10009,.T.);
#10022=OVER_RIDING_STYLED_ITEM('',(#5382),#10021,#26);
#10023=CARTESIAN_POINT('',(-59.736665891,9.463404471,1.));
#10024=DIRECTION('',(0.173648178,0.984807753,0.));
#10025=DIRECTION('',(0.984807753,-0.173648178,0.));
#10026=AXIS2_PLACEMENT_3D('',#10023,#10024,#10025);
#10027=PLANE('',#10026);
#10028=CARTESIAN_POINT('',(-55.140896377,8.653046309,4.5000254));
#10029=VERTEX_POINT('',#10028);
#10030=CARTESIAN_POINT('',(-55.140896377,8.653046309,3.0000254));
#10031=DIRECTION('',(0.,0.,1.));
#10032=VECTOR('',#10031,1.5);
#10033=LINE('',#10030,#10032);
#10034=EDGE_CURVE('',#3290,#10029,#10033,.T.);
#10035=ORIENTED_EDGE('',*,*,#10034,.F.);
#10036=ORIENTED_EDGE('',*,*,#3295,.F.);
#10037=ORIENTED_EDGE('',*,*,#10016,.T.);
#10038=ORIENTED_EDGE('',*,*,#4479,.T.);
#10039=CARTESIAN_POINT('',(-45.949357349,7.032329984,3.0000254));
#10040=DIRECTION('',(-0.,-0.,1.));
#10041=VECTOR('',#10040,3.);
#10042=LINE('',#10039,#10041);
#10043=EDGE_CURVE('',#3226,#4466,#10042,.T.);
#10044=ORIENTED_EDGE('',*,*,#10043,.F.);
#10045=ORIENTED_EDGE('',*,*,#3231,.F.);
#10046=CARTESIAN_POINT('',(-50.545126863,7.842688146,4.5000254));
#10047=VERTEX_POINT('',#10046);
#10048=CARTESIAN_POINT('',(-50.545126863,7.842688146,3.0000254));
#10049=DIRECTION('',(0.,0.,1.));
#10050=VECTOR('',#10049,1.5);
#10051=LINE('',#10048,#10050);
#10052=EDGE_CURVE('',#3218,#10047,#10051,.T.);
#10053=ORIENTED_EDGE('',*,*,#10052,.T.);
#10054=CARTESIAN_POINT('',(-50.545126863,7.842688146,4.5000254));
#10055=DIRECTION('',(-0.984807753,0.173648178,-0.));
#10056=VECTOR('',#10055,4.666666667);
#10057=LINE('',#10054,#10056);
#10058=EDGE_CURVE('',#10047,#10029,#10057,.T.);
#10059=ORIENTED_EDGE('',*,*,#10058,.T.);
#10060=EDGE_LOOP('',(#10035,#10036,#10037,#10038,#10044,#10045,#10053,#10059));
#10061=FACE_BOUND('',#10060,.T.);
#10062=ADVANCED_FACE('',(#10061),#10027,.T.);
#10063=OVER_RIDING_STYLED_ITEM('',(#5382),#10062,#26);
#10064=CARTESIAN_POINT('',(-45.949357349,7.032329984,1.));
#10065=DIRECTION('',(-0.984807753,0.173648178,0.));
#10066=DIRECTION('',(0.173648178,0.984807753,0.));
#10067=AXIS2_PLACEMENT_3D('',#10064,#10065,#10066);
#10068=PLANE('',#10067);
#10069=ORIENTED_EDGE('',*,*,#10043,.T.);
#10070=ORIENTED_EDGE('',*,*,#4471,.T.);
#10071=ORIENTED_EDGE('',*,*,#6506,.F.);
#10072=ORIENTED_EDGE('',*,*,#3239,.F.);
#10073=EDGE_LOOP('',(#10069,#10070,#10071,#10072));
#10074=FACE_BOUND('',#10073,.T.);
#10075=ADVANCED_FACE('',(#10074),#10068,.T.);
#10076=OVER_RIDING_STYLED_ITEM('',(#5382),#10075,#26);
#10077=CARTESIAN_POINT('',(-51.8798476,42.669146558,1.));
#10078=DIRECTION('',(1.,0.,0.));
#10079=DIRECTION('',(0.,-1.,0.));
#10080=AXIS2_PLACEMENT_3D('',#10077,#10078,#10079);
#10081=PLANE('',#10080);
#10082=ORIENTED_EDGE('',*,*,#5194,.T.);
#10083=CARTESIAN_POINT('',(-51.8798476,28.558117856,3.0000254));
#10084=DIRECTION('',(-0.,-0.,1.));
#10085=VECTOR('',#10084,3.);
#10086=LINE('',#10083,#10085);
#10087=EDGE_CURVE('',#2239,#5179,#10086,.T.);
#10088=ORIENTED_EDGE('',*,*,#10087,.F.);
#10089=ORIENTED_EDGE('',*,*,#2244,.F.);
#10090=ORIENTED_EDGE('',*,*,#6582,.T.);
#10091=EDGE_LOOP('',(#10082,#10088,#10089,#10090));
#10092=FACE_BOUND('',#10091,.T.);
#10093=ADVANCED_FACE('',(#10092),#10081,.T.);
#10094=OVER_RIDING_STYLED_ITEM('',(#5382),#10093,#26);
#10095=CARTESIAN_POINT('',(-37.8798476,28.569118618,1.));
#10096=DIRECTION('',(-1.,0.,0.));
#10097=DIRECTION('',(0.,1.,0.));
#10098=AXIS2_PLACEMENT_3D('',#10095,#10096,#10097);
#10099=PLANE('',#10098);
#10100=ORIENTED_EDGE('',*,*,#5208,.T.);
#10101=ORIENTED_EDGE('',*,*,#6575,.F.);
#10102=ORIENTED_EDGE('',*,*,#2196,.F.);
#10103=CARTESIAN_POINT('',(-37.8798476,28.558117856,3.0000254));
#10104=DIRECTION('',(-0.,-0.,1.));
#10105=VECTOR('',#10104,3.);
#10106=LINE('',#10103,#10105);
#10107=EDGE_CURVE('',#2183,#5181,#10106,.T.);
#10108=ORIENTED_EDGE('',*,*,#10107,.T.);
#10109=EDGE_LOOP('',(#10100,#10101,#10102,#10108));
#10110=FACE_BOUND('',#10109,.T.);
#10111=ADVANCED_FACE('',(#10110),#10099,.T.);
#10112=OVER_RIDING_STYLED_ITEM('',(#5382),#10111,#26);
#10113=CARTESIAN_POINT('',(-51.8798476,61.369184658,1.));
#10114=DIRECTION('',(1.,0.,0.));
#10115=DIRECTION('',(0.,-1.,0.));
#10116=AXIS2_PLACEMENT_3D('',#10113,#10114,#10115);
#10117=PLANE('',#10116);
#10118=ORIENTED_EDGE('',*,*,#5160,.T.);
#10119=CARTESIAN_POINT('',(-51.8798476,47.258155956,3.0000254));
#10120=DIRECTION('',(-0.,-0.,1.));
#10121=VECTOR('',#10120,3.);
#10122=LINE('',#10119,#10121);
#10123=EDGE_CURVE('',#2141,#5145,#10122,.T.);
#10124=ORIENTED_EDGE('',*,*,#10123,.F.);
#10125=ORIENTED_EDGE('',*,*,#2146,.F.);
#10126=ORIENTED_EDGE('',*,*,#6628,.T.);
#10127=EDGE_LOOP('',(#10118,#10124,#10125,#10126));
#10128=FACE_BOUND('',#10127,.T.);
#10129=ADVANCED_FACE('',(#10128),#10117,.T.);
#10130=OVER_RIDING_STYLED_ITEM('',(#5382),#10129,#26);
#10131=CARTESIAN_POINT('',(-37.8798476,47.269156718,1.));
#10132=DIRECTION('',(-1.,0.,0.));
#10133=DIRECTION('',(0.,1.,0.));
#10134=AXIS2_PLACEMENT_3D('',#10131,#10132,#10133);
#10135=PLANE('',#10134);
#10136=ORIENTED_EDGE('',*,*,#5174,.T.);
#10137=ORIENTED_EDGE('',*,*,#6621,.F.);
#10138=ORIENTED_EDGE('',*,*,#2098,.F.);
#10139=CARTESIAN_POINT('',(-37.8798476,47.258155956,3.0000254));
#10140=DIRECTION('',(-0.,-0.,1.));
#10141=VECTOR('',#10140,3.);
#10142=LINE('',#10139,#10141);
#10143=EDGE_CURVE('',#2085,#5147,#10142,.T.);
#10144=ORIENTED_EDGE('',*,*,#10143,.T.);
#10145=EDGE_LOOP('',(#10136,#10137,#10138,#10144));
#10146=FACE_BOUND('',#10145,.T.);
#10147=ADVANCED_FACE('',(#10146),#10135,.T.);
#10148=OVER_RIDING_STYLED_ITEM('',(#5382),#10147,#26);
#10149=CARTESIAN_POINT('',(-37.8798476,80.069222758,1.));
#10150=DIRECTION('',(0.,-1.,0.));
#10151=DIRECTION('',(-1.,0.,0.));
#10152=AXIS2_PLACEMENT_3D('',#10149,#10150,#10151);
#10153=PLANE('',#10152);
#10154=ORIENTED_EDGE('',*,*,#6676,.F.);
#10155=ORIENTED_EDGE('',*,*,#4287,.T.);
#10156=CARTESIAN_POINT('',(-51.8798476,80.069222758,3.0000254));
#10157=DIRECTION('',(-0.,-0.,1.));
#10158=VECTOR('',#10157,3.);
#10159=LINE('',#10156,#10158);
#10160=EDGE_CURVE('',#483,#4274,#10159,.T.);
#10161=ORIENTED_EDGE('',*,*,#10160,.F.);
#10162=ORIENTED_EDGE('',*,*,#488,.F.);
#10163=CARTESIAN_POINT('',(-47.213180933,80.069222758,4.5000254));
#10164=DIRECTION('',(0.,0.,-1.));
#10165=VECTOR('',#10164,1.5);
#10166=LINE('',#10163,#10165);
#10167=EDGE_CURVE('',#6672,#475,#10166,.T.);
#10168=ORIENTED_EDGE('',*,*,#10167,.F.);
#10169=EDGE_LOOP('',(#10154,#10155,#10161,#10162,#10168));
#10170=FACE_BOUND('',#10169,.T.);
#10171=ADVANCED_FACE('',(#10170),#10153,.T.);
#10172=OVER_RIDING_STYLED_ITEM('',(#5382),#10171,#26);
#10173=CARTESIAN_POINT('',(-51.8798476,80.069222758,1.));
#10174=DIRECTION('',(1.,0.,0.));
#10175=DIRECTION('',(0.,-1.,0.));
#10176=AXIS2_PLACEMENT_3D('',#10173,#10174,#10175);
#10177=PLANE('',#10176);
#10178=ORIENTED_EDGE('',*,*,#10160,.T.);
#10179=ORIENTED_EDGE('',*,*,#4279,.T.);
#10180=CARTESIAN_POINT('',(-51.8798476,65.969194818,3.0000254));
#10181=DIRECTION('',(-0.,-0.,1.));
#10182=VECTOR('',#10181,3.);
#10183=LINE('',#10180,#10182);
#10184=EDGE_CURVE('',#491,#4266,#10183,.T.);
#10185=ORIENTED_EDGE('',*,*,#10184,.F.);
#10186=ORIENTED_EDGE('',*,*,#496,.F.);
#10187=EDGE_LOOP('',(#10178,#10179,#10185,#10186));
#10188=FACE_BOUND('',#10187,.T.);
#10189=ADVANCED_FACE('',(#10188),#10177,.T.);
#10190=OVER_RIDING_STYLED_ITEM('',(#5382),#10189,#26);
#10191=CARTESIAN_POINT('',(-51.8798476,65.969194818,1.));
#10192=DIRECTION('',(0.,1.,0.));
#10193=DIRECTION('',(1.,0.,0.));
#10194=AXIS2_PLACEMENT_3D('',#10191,#10192,#10193);
#10195=PLANE('',#10194);
#10196=CARTESIAN_POINT('',(-47.213180933,65.969194818,4.5000254));
#10197=VERTEX_POINT('',#10196);
#10198=CARTESIAN_POINT('',(-47.213180933,65.969194818,3.0000254));
#10199=DIRECTION('',(0.,0.,1.));
#10200=VECTOR('',#10199,1.5);
#10201=LINE('',#10198,#10200);
#10202=EDGE_CURVE('',#499,#10197,#10201,.T.);
#10203=ORIENTED_EDGE('',*,*,#10202,.F.);
#10204=ORIENTED_EDGE('',*,*,#504,.F.);
#10205=ORIENTED_EDGE('',*,*,#10184,.T.);
#10206=ORIENTED_EDGE('',*,*,#4271,.T.);
#10207=CARTESIAN_POINT('',(-37.8798476,65.969194818,3.0000254));
#10208=DIRECTION('',(-0.,-0.,1.));
#10209=VECTOR('',#10208,3.);
#10210=LINE('',#10207,#10209);
#10211=EDGE_CURVE('',#435,#4256,#10210,.T.);
#10212=ORIENTED_EDGE('',*,*,#10211,.F.);
#10213=ORIENTED_EDGE('',*,*,#440,.F.);
#10214=CARTESIAN_POINT('',(-42.546514266,65.969194818,4.5000254));
#10215=VERTEX_POINT('',#10214);
#10216=CARTESIAN_POINT('',(-42.546514266,65.969194818,3.0000254));
#10217=DIRECTION('',(0.,0.,1.));
#10218=VECTOR('',#10217,1.5);
#10219=LINE('',#10216,#10218);
#10220=EDGE_CURVE('',#427,#10215,#10219,.T.);
#10221=ORIENTED_EDGE('',*,*,#10220,.T.);
#10222=CARTESIAN_POINT('',(-42.546514266,65.969194818,4.5000254));
#10223=DIRECTION('',(-1.,-0.,0.));
#10224=VECTOR('',#10223,4.666666667);
#10225=LINE('',#10222,#10224);
#10226=EDGE_CURVE('',#10215,#10197,#10225,.T.);
#10227=ORIENTED_EDGE('',*,*,#10226,.T.);
#10228=EDGE_LOOP('',(#10203,#10204,#10205,#10206,#10212,#10213,#10221,#10227));
#10229=FACE_BOUND('',#10228,.T.);
#10230=ADVANCED_FACE('',(#10229),#10195,.T.);
#10231=OVER_RIDING_STYLED_ITEM('',(#5382),#10230,#26);
#10232=CARTESIAN_POINT('',(-37.8798476,65.969194818,1.));
#10233=DIRECTION('',(-1.,0.,0.));
#10234=DIRECTION('',(0.,1.,0.));
#10235=AXIS2_PLACEMENT_3D('',#10232,#10233,#10234);
#10236=PLANE('',#10235);
#10237=ORIENTED_EDGE('',*,*,#10211,.T.);
#10238=ORIENTED_EDGE('',*,*,#4263,.T.);
#10239=ORIENTED_EDGE('',*,*,#6652,.F.);
#10240=ORIENTED_EDGE('',*,*,#448,.F.);
#10241=EDGE_LOOP('',(#10237,#10238,#10239,#10240));
#10242=FACE_BOUND('',#10241,.T.);
#10243=ADVANCED_FACE('',(#10242),#10236,.T.);
#10244=OVER_RIDING_STYLED_ITEM('',(#5382),#10243,#26);
#10245=CARTESIAN_POINT('',(-23.35575593,14.287403611,1.));
#10246=DIRECTION('',(-0.342020143,-0.939692621,0.));
#10247=DIRECTION('',(-0.939692621,0.342020143,0.));
#10248=AXIS2_PLACEMENT_3D('',#10245,#10246,#10247);
#10249=PLANE('',#10248);
#10250=ORIENTED_EDGE('',*,*,#6730,.F.);
#10251=ORIENTED_EDGE('',*,*,#3829,.T.);
#10252=CARTESIAN_POINT('',(-36.511452621,19.075685617,3.0000254));
#10253=DIRECTION('',(-0.,-0.,1.));
#10254=VECTOR('',#10253,3.);
#10255=LINE('',#10252,#10254);
#10256=EDGE_CURVE('',#2573,#3816,#10255,.T.);
#10257=ORIENTED_EDGE('',*,*,#10256,.F.);
#10258=ORIENTED_EDGE('',*,*,#2578,.F.);
#10259=CARTESIAN_POINT('',(-32.12622039,17.479591615,4.5000254));
#10260=DIRECTION('',(0.,0.,-1.));
#10261=VECTOR('',#10260,1.5);
#10262=LINE('',#10259,#10261);
#10263=EDGE_CURVE('',#6726,#2565,#10262,.T.);
#10264=ORIENTED_EDGE('',*,*,#10263,.F.);
#10265=EDGE_LOOP('',(#10250,#10251,#10257,#10258,#10264));
#10266=FACE_BOUND('',#10265,.T.);
#10267=ADVANCED_FACE('',(#10266),#10249,.T.);
#10268=OVER_RIDING_STYLED_ITEM('',(#5382),#10267,#26);
#10269=CARTESIAN_POINT('',(-36.511452621,19.075685617,1.));
#10270=DIRECTION('',(0.939692621,-0.342020143,0.));
#10271=DIRECTION('',(-0.342020143,-0.939692621,0.));
#10272=AXIS2_PLACEMENT_3D('',#10269,#10270,#10271);
#10273=PLANE('',#10272);
#10274=ORIENTED_EDGE('',*,*,#10256,.T.);
#10275=ORIENTED_EDGE('',*,*,#3821,.T.);
#10276=CARTESIAN_POINT('',(-41.333946198,5.825993409,3.0000254));
#10277=DIRECTION('',(-0.,-0.,1.));
#10278=VECTOR('',#10277,3.);
#10279=LINE('',#10276,#10278);
#10280=EDGE_CURVE('',#2581,#3806,#10279,.T.);
#10281=ORIENTED_EDGE('',*,*,#10280,.F.);
#10282=ORIENTED_EDGE('',*,*,#2586,.F.);
#10283=EDGE_LOOP('',(#10274,#10275,#10281,#10282));
#10284=FACE_BOUND('',#10283,.T.);
#10285=ADVANCED_FACE('',(#10284),#10273,.T.);
#10286=OVER_RIDING_STYLED_ITEM('',(#5382),#10285,#26);
#10287=CARTESIAN_POINT('',(-41.333946198,5.825993409,1.));
#10288=DIRECTION('',(0.342020143,0.939692621,0.));
#10289=DIRECTION('',(0.939692621,-0.342020143,0.));
#10290=AXIS2_PLACEMENT_3D('',#10287,#10288,#10289);
#10291=PLANE('',#10290);
#10292=CARTESIAN_POINT('',(-36.948713967,4.229899407,4.5000254));
#10293=VERTEX_POINT('',#10292);
#10294=CARTESIAN_POINT('',(-36.948713967,4.229899407,3.0000254));
#10295=DIRECTION('',(0.,0.,1.));
#10296=VECTOR('',#10295,1.5);
#10297=LINE('',#10294,#10296);
#10298=EDGE_CURVE('',#2589,#10293,#10297,.T.);
#10299=ORIENTED_EDGE('',*,*,#10298,.F.);
#10300=ORIENTED_EDGE('',*,*,#2594,.F.);
#10301=ORIENTED_EDGE('',*,*,#10280,.T.);
#10302=ORIENTED_EDGE('',*,*,#3813,.T.);
#10303=CARTESIAN_POINT('',(-28.178249507,1.037711403,3.0000254));
#10304=DIRECTION('',(-0.,-0.,1.));
#10305=VECTOR('',#10304,3.);
#10306=LINE('',#10303,#10305);
#10307=EDGE_CURVE('',#2525,#3808,#10306,.T.);
#10308=ORIENTED_EDGE('',*,*,#10307,.F.);
#10309=ORIENTED_EDGE('',*,*,#2530,.F.);
#10310=CARTESIAN_POINT('',(-32.563481737,2.633805405,4.5000254));
#10311=VERTEX_POINT('',#10310);
#10312=CARTESIAN_POINT('',(-32.563481737,2.633805405,3.0000254));
#10313=DIRECTION('',(0.,0.,1.));
#10314=VECTOR('',#10313,1.5);
#10315=LINE('',#10312,#10314);
#10316=EDGE_CURVE('',#2517,#10311,#10315,.T.);
#10317=ORIENTED_EDGE('',*,*,#10316,.T.);
#10318=CARTESIAN_POINT('',(-32.563481737,2.633805405,4.5000254));
#10319=DIRECTION('',(-0.939692621,0.342020143,-0.));
#10320=VECTOR('',#10319,4.666666667);
#10321=LINE('',#10318,#10320);
#10322=EDGE_CURVE('',#10311,#10293,#10321,.T.);
#10323=ORIENTED_EDGE('',*,*,#10322,.T.);
#10324=EDGE_LOOP('',(#10299,#10300,#10301,#10302,#10308,#10309,#10317,#10323));
#10325=FACE_BOUND('',#10324,.T.);
#10326=ADVANCED_FACE('',(#10325),#10291,.T.);
#10327=OVER_RIDING_STYLED_ITEM('',(#5382),#10326,#26);
#10328=CARTESIAN_POINT('',(-28.178249507,1.037711403,1.));
#10329=DIRECTION('',(-0.939692621,0.342020143,0.));
#10330=DIRECTION('',(0.342020143,0.939692621,0.));
#10331=AXIS2_PLACEMENT_3D('',#10328,#10329,#10330);
#10332=PLANE('',#10331);
#10333=ORIENTED_EDGE('',*,*,#10307,.T.);
#10334=ORIENTED_EDGE('',*,*,#3851,.T.);
#10335=ORIENTED_EDGE('',*,*,#6706,.F.);
#10336=ORIENTED_EDGE('',*,*,#2538,.F.);
#10337=EDGE_LOOP('',(#10333,#10334,#10335,#10336));
#10338=FACE_BOUND('',#10337,.T.);
#10339=ADVANCED_FACE('',(#10338),#10332,.T.);
#10340=OVER_RIDING_STYLED_ITEM('',(#5382),#10339,#26);
#10341=CARTESIAN_POINT('',(-16.491031242,53.41825205,25.126664608));
#10342=DIRECTION('',(0.,1.,0.));
#10343=DIRECTION('',(-1.,0.,0.));
#10344=AXIS2_PLACEMENT_3D('',#10341,#10342,#10343);
#10345=PLANE('',#10344);
#10346=CARTESIAN_POINT('',(-26.091031242,53.41825205,8.8000254));
#10347=VERTEX_POINT('',#10346);
#10348=CARTESIAN_POINT('',(-6.891031242,53.41825205,8.8000254));
#10349=VERTEX_POINT('',#10348);
#10350=CARTESIAN_POINT('',(-26.091031242,53.41825205,8.8000254));
#10351=DIRECTION('',(1.,-0.,0.));
#10352=VECTOR('',#10351,19.199999999);
#10353=LINE('',#10350,#10352);
#10354=EDGE_CURVE('',#10347,#10349,#10353,.T.);
#10355=ORIENTED_EDGE('',*,*,#10354,.T.);
#10356=CARTESIAN_POINT('',(-6.891031242,53.41825205,8.8000254));
#10357=DIRECTION('',(0.,0.,-1.));
#10358=VECTOR('',#10357,2.067710554);
#10359=LINE('',#10356,#10358);
#10360=EDGE_CURVE('',#10349,#7384,#10359,.T.);
#10361=ORIENTED_EDGE('',*,*,#10360,.T.);
#10362=ORIENTED_EDGE('',*,*,#7389,.F.);
#10363=CARTESIAN_POINT('',(-26.091031242,53.41825205,6.732314847));
#10364=DIRECTION('',(-0.,-0.,1.));
#10365=VECTOR('',#10364,2.067710554);
#10366=LINE('',#10363,#10365);
#10367=EDGE_CURVE('',#7375,#10347,#10366,.T.);
#10368=ORIENTED_EDGE('',*,*,#10367,.T.);
#10369=EDGE_LOOP('',(#10355,#10361,#10362,#10368));
#10370=FACE_BOUND('',#10369,.T.);
#10371=ADVANCED_FACE('',(#10370),#10345,.T.);
#10372=CARTESIAN_POINT('',(-34.8798476,48.308327794,6.0000254));
#10373=DIRECTION('',(-0.99999994,0.,0.000346709));
#10374=DIRECTION('',(-0.,-1.,-0.));
#10375=AXIS2_PLACEMENT_3D('',#10372,#10373,#10374);
#10376=PLANE('',#10375);
#10377=ORIENTED_EDGE('',*,*,#4878,.F.);
#10378=CARTESIAN_POINT('',(-34.8798476,44.766289587,6.0000254));
#10379=DIRECTION('',(0.000322055,0.370350296,0.928892111));
#10380=VECTOR('',#10379,5.167446188);
#10381=LINE('',#10378,#10380);
#10382=EDGE_CURVE('',#4864,#8082,#10381,.T.);
#10383=ORIENTED_EDGE('',*,*,#10382,.T.);
#10384=ORIENTED_EDGE('',*,*,#8087,.T.);
#10385=CARTESIAN_POINT('',(-34.878183398,82.070501714,10.800025401));
#10386=DIRECTION('',(-0.000346709,-0.000266437,-0.999999904));
#10387=VECTOR('',#10386,4.800000459);
#10388=LINE('',#10385,#10387);
#10389=EDGE_CURVE('',#8073,#4873,#10388,.T.);
#10390=ORIENTED_EDGE('',*,*,#10389,.T.);
#10391=EDGE_LOOP('',(#10377,#10383,#10384,#10390));
#10392=FACE_BOUND('',#10391,.T.);
#10393=ADVANCED_FACE('',(#10392),#10376,.T.);
#10394=CARTESIAN_POINT('',(-78.50849115,85.740131415,10.8000254));
#10395=DIRECTION('',(0.,0.8,-0.6));
#10396=DIRECTION('',(1.,-0.,0.));
#10397=AXIS2_PLACEMENT_3D('',#10394,#10395,#10396);
#10398=PLANE('',#10397);
#10399=ORIENTED_EDGE('',*,*,#7992,.F.);
#10400=CARTESIAN_POINT('',(-27.603146161,83.943306872,8.404259344));
#10401=VERTEX_POINT('',#10400);
#10402=CARTESIAN_POINT('',(-29.399970704,85.740131415,10.8000254));
#10403=DIRECTION('',(0.514495755,-0.514495755,-0.685994341));
#10404=VECTOR('',#10403,3.492399157);
#10405=LINE('',#10402,#10404);
#10406=EDGE_CURVE('',#7978,#10401,#10405,.T.);
#10407=ORIENTED_EDGE('',*,*,#10406,.T.);
#10408=CARTESIAN_POINT('',(-26.091031242,80.240131415,3.466692067));
#10409=DIRECTION('',(0.,0.8,-0.6));
#10410=DIRECTION('',(-0.,-0.6,-0.8));
#10411=AXIS2_PLACEMENT_3D('',#10408,#10409,#10410);
#10412=ELLIPSE('',#10411,6.666666667,4.);
#10413=EDGE_CURVE('',#10401,#8220,#10412,.T.);
#10414=ORIENTED_EDGE('',*,*,#10413,.T.);
#10415=ORIENTED_EDGE('',*,*,#8225,.F.);
#10416=CARTESIAN_POINT('',(-5.378916323,83.943306872,8.404259344));
#10417=VERTEX_POINT('',#10416);
#10418=CARTESIAN_POINT('',(-6.891031242,80.240131415,3.466692067));
#10419=DIRECTION('',(0.,0.8,-0.6));
#10420=DIRECTION('',(-0.,-0.6,-0.8));
#10421=AXIS2_PLACEMENT_3D('',#10418,#10419,#10420);
#10422=ELLIPSE('',#10421,6.666666667,4.);
#10423=EDGE_CURVE('',#8218,#10417,#10422,.T.);
#10424=ORIENTED_EDGE('',*,*,#10423,.T.);
#10425=CARTESIAN_POINT('',(-5.378916323,83.943306872,8.404259344));
#10426=DIRECTION('',(0.514495755,0.514495755,0.685994341));
#10427=VECTOR('',#10426,3.492399157);
#10428=LINE('',#10425,#10427);
#10429=EDGE_CURVE('',#10417,#7987,#10428,.T.);
#10430=ORIENTED_EDGE('',*,*,#10429,.T.);
#10431=EDGE_LOOP('',(#10399,#10407,#10414,#10415,#10424,#10430));
#10432=FACE_BOUND('',#10431,.T.);
#10433=ADVANCED_FACE('',(#10432),#10398,.F.);
#10434=CARTESIAN_POINT('',(-2.891031242,70.66825205,8.8000254));
#10435=DIRECTION('',(-0.8,0.,0.6));
#10436=DIRECTION('',(-0.,-1.,-0.));
#10437=AXIS2_PLACEMENT_3D('',#10434,#10435,#10436);
#10438=PLANE('',#10437);
#10439=CARTESIAN_POINT('',(-3.187855785,55.906137131,8.404259344));
#10440=VERTEX_POINT('',#10439);
#10441=CARTESIAN_POINT('',(-6.891031242,57.41825205,3.466692067));
#10442=DIRECTION('',(0.8,-0.,-0.6));
#10443=DIRECTION('',(0.6,-0.,0.8));
#10444=AXIS2_PLACEMENT_3D('',#10441,#10442,#10443);
#10445=ELLIPSE('',#10444,6.666666667,4.);
#10446=EDGE_CURVE('',#8188,#10440,#10445,.T.);
#10447=ORIENTED_EDGE('',*,*,#10446,.T.);
#10448=CARTESIAN_POINT('',(-3.187855785,55.906137131,8.404259344));
#10449=DIRECTION('',(0.514495755,-0.514495755,0.685994341));
#10450=VECTOR('',#10449,3.492399157);
#10451=LINE('',#10448,#10450);
#10452=EDGE_CURVE('',#10440,#8004,#10451,.T.);
#10453=ORIENTED_EDGE('',*,*,#10452,.T.);
#10454=ORIENTED_EDGE('',*,*,#8009,.F.);
#10455=CARTESIAN_POINT('',(-3.187855785,81.752246334,8.404259344));
#10456=VERTEX_POINT('',#10455);
#10457=CARTESIAN_POINT('',(-1.391031242,83.549070877,10.8000254));
#10458=DIRECTION('',(-0.514495755,-0.514495755,-0.685994341));
#10459=VECTOR('',#10458,3.492399157);
#10460=LINE('',#10457,#10459);
#10461=EDGE_CURVE('',#7995,#10456,#10460,.T.);
#10462=ORIENTED_EDGE('',*,*,#10461,.T.);
#10463=CARTESIAN_POINT('',(-6.891031242,80.240131415,3.466692067));
#10464=DIRECTION('',(0.8,-0.,-0.6));
#10465=DIRECTION('',(-0.6,0.,-0.8));
#10466=AXIS2_PLACEMENT_3D('',#10463,#10464,#10465);
#10467=ELLIPSE('',#10466,6.666666667,4.);
#10468=EDGE_CURVE('',#10456,#8196,#10467,.T.);
#10469=ORIENTED_EDGE('',*,*,#10468,.T.);
#10470=ORIENTED_EDGE('',*,*,#8201,.F.);
#10471=EDGE_LOOP('',(#10447,#10453,#10454,#10462,#10469,#10470));
#10472=FACE_BOUND('',#10471,.T.);
#10473=ADVANCED_FACE('',(#10472),#10438,.T.);
#10474=CARTESIAN_POINT('',(-30.091031242,70.66825205,8.8000254));
#10475=DIRECTION('',(0.8,-0.,0.6));
#10476=DIRECTION('',(0.,1.,0.));
#10477=AXIS2_PLACEMENT_3D('',#10474,#10475,#10476);
#10478=PLANE('',#10477);
#10479=CARTESIAN_POINT('',(-29.794206699,81.752246334,8.404259344));
#10480=VERTEX_POINT('',#10479);
#10481=CARTESIAN_POINT('',(-26.091031242,80.240131415,3.466692067));
#10482=DIRECTION('',(-0.8,0.,-0.6));
#10483=DIRECTION('',(0.6,-0.,-0.8));
#10484=AXIS2_PLACEMENT_3D('',#10481,#10482,#10483);
#10485=ELLIPSE('',#10484,6.666666667,4.);
#10486=EDGE_CURVE('',#8250,#10480,#10485,.T.);
#10487=ORIENTED_EDGE('',*,*,#10486,.T.);
#10488=CARTESIAN_POINT('',(-29.794206699,81.752246334,8.404259344));
#10489=DIRECTION('',(-0.514495755,0.514495755,0.685994341));
#10490=VECTOR('',#10489,3.492399157);
#10491=LINE('',#10488,#10490);
#10492=EDGE_CURVE('',#10480,#7970,#10491,.T.);
#10493=ORIENTED_EDGE('',*,*,#10492,.T.);
#10494=ORIENTED_EDGE('',*,*,#7975,.F.);
#10495=CARTESIAN_POINT('',(-29.794206699,55.906137131,8.404259344));
#10496=VERTEX_POINT('',#10495);
#10497=CARTESIAN_POINT('',(-31.591031242,54.109312588,10.8000254));
#10498=DIRECTION('',(0.514495755,0.514495755,-0.685994341));
#10499=VECTOR('',#10498,3.492399157);
#10500=LINE('',#10497,#10499);
#10501=EDGE_CURVE('',#7968,#10496,#10500,.T.);
#10502=ORIENTED_EDGE('',*,*,#10501,.T.);
#10503=CARTESIAN_POINT('',(-26.091031242,57.41825205,3.466692067));
#10504=DIRECTION('',(-0.8,0.,-0.6));
#10505=DIRECTION('',(-0.6,0.,0.8));
#10506=AXIS2_PLACEMENT_3D('',#10503,#10504,#10505);
#10507=ELLIPSE('',#10506,6.666666667,4.);
#10508=EDGE_CURVE('',#10496,#8258,#10507,.T.);
#10509=ORIENTED_EDGE('',*,*,#10508,.T.);
#10510=ORIENTED_EDGE('',*,*,#8263,.F.);
#10511=EDGE_LOOP('',(#10487,#10493,#10494,#10502,#10509,#10510));
#10512=FACE_BOUND('',#10511,.T.);
#10513=ADVANCED_FACE('',(#10512),#10478,.T.);
#10514=CARTESIAN_POINT('',(-16.491031242,53.41825205,8.8000254));
#10515=DIRECTION('',(0.,0.8,0.6));
#10516=DIRECTION('',(-1.,0.,0.));
#10517=AXIS2_PLACEMENT_3D('',#10514,#10515,#10516);
#10518=PLANE('',#10517);
#10519=ORIENTED_EDGE('',*,*,#8026,.F.);
#10520=CARTESIAN_POINT('',(-5.378916323,53.715076593,8.404259344));
#10521=VERTEX_POINT('',#10520);
#10522=CARTESIAN_POINT('',(-3.58209178,51.91825205,10.8000254));
#10523=DIRECTION('',(-0.514495755,0.514495755,-0.685994341));
#10524=VECTOR('',#10523,3.492399157);
#10525=LINE('',#10522,#10524);
#10526=EDGE_CURVE('',#8012,#10521,#10525,.T.);
#10527=ORIENTED_EDGE('',*,*,#10526,.T.);
#10528=CARTESIAN_POINT('',(-6.891031242,57.41825205,3.466692067));
#10529=DIRECTION('',(-0.,-0.8,-0.6));
#10530=DIRECTION('',(-0.,-0.6,0.8));
#10531=AXIS2_PLACEMENT_3D('',#10528,#10529,#10530);
#10532=ELLIPSE('',#10531,6.666666667,4.);
#10533=EDGE_CURVE('',#10521,#10349,#10532,.T.);
#10534=ORIENTED_EDGE('',*,*,#10533,.T.);
#10535=ORIENTED_EDGE('',*,*,#10354,.F.);
#10536=CARTESIAN_POINT('',(-27.603146161,53.715076593,8.404259344));
#10537=VERTEX_POINT('',#10536);
#10538=CARTESIAN_POINT('',(-26.091031242,57.41825205,3.466692067));
#10539=DIRECTION('',(-0.,-0.8,-0.6));
#10540=DIRECTION('',(-0.,-0.6,0.8));
#10541=AXIS2_PLACEMENT_3D('',#10538,#10539,#10540);
#10542=ELLIPSE('',#10541,6.666666667,4.);
#10543=EDGE_CURVE('',#10347,#10537,#10542,.T.);
#10544=ORIENTED_EDGE('',*,*,#10543,.T.);
#10545=CARTESIAN_POINT('',(-27.603146161,53.715076593,8.404259344));
#10546=DIRECTION('',(-0.514495755,-0.514495755,0.685994341));
#10547=VECTOR('',#10546,3.492399157);
#10548=LINE('',#10545,#10547);
#10549=EDGE_CURVE('',#10537,#8021,#10548,.T.);
#10550=ORIENTED_EDGE('',*,*,#10549,.T.);
#10551=EDGE_LOOP('',(#10519,#10527,#10534,#10535,#10544,#10550));
#10552=FACE_BOUND('',#10551,.T.);
#10553=ADVANCED_FACE('',(#10552),#10518,.T.);
#10554=CARTESIAN_POINT('',(-43.236102419,84.068345125,2.705933644));
#10555=DIRECTION('',(0.000346709,0.000266437,0.999999904));
#10556=DIRECTION('',(0.997203078,0.074738794,-0.000365652));
#10557=AXIS2_PLACEMENT_3D('',#10554,#10555,#10556);
#10558=CYLINDRICAL_SURFACE('',#10557,1.);
#10559=ORIENTED_EDGE('',*,*,#4902,.F.);
#10560=ORIENTED_EDGE('',*,*,#8284,.F.);
#10561=ORIENTED_EDGE('',*,*,#8062,.F.);
#10562=ORIENTED_EDGE('',*,*,#8312,.F.);
#10563=EDGE_LOOP('',(#10559,#10560,#10561,#10562));
#10564=FACE_BOUND('',#10563,.T.);
#10565=ADVANCED_FACE('',(#10564),#10558,.T.);
#10566=CARTESIAN_POINT('',(-35.879627963,82.069391555,6.6336896));
#10567=DIRECTION('',(-0.000346709,-0.000266437,-0.999999904));
#10568=DIRECTION('',(-0.999999935,-0.000102383,0.000346736));
#10569=AXIS2_PLACEMENT_3D('',#10566,#10567,#10568);
#10570=CYLINDRICAL_SURFACE('',#10569,1.);
#10571=ORIENTED_EDGE('',*,*,#4887,.F.);
#10572=ORIENTED_EDGE('',*,*,#10389,.F.);
#10573=ORIENTED_EDGE('',*,*,#8079,.F.);
#10574=ORIENTED_EDGE('',*,*,#8291,.F.);
#10575=EDGE_LOOP('',(#10571,#10572,#10573,#10574));
#10576=FACE_BOUND('',#10575,.T.);
#10577=ADVANCED_FACE('',(#10576),#10570,.F.);
#10578=CARTESIAN_POINT('',(-126.68018796,12.458087376,-3.69384205));
#10579=DIRECTION('',(1.,0.,0.));
#10580=DIRECTION('',(0.,0.,-1.));
#10581=AXIS2_PLACEMENT_3D('',#10578,#10579,#10580);
#10582=PLANE('',#10581);
#10583=CARTESIAN_POINT('',(-126.68018796,26.558115316,3.0000254));
#10584=DIRECTION('',(0.,0.,1.));
#10585=VECTOR('',#10584,3.);
#10586=LINE('',#10583,#10585);
#10587=EDGE_CURVE('',#581,#3758,#10586,.T.);
#10588=ORIENTED_EDGE('',*,*,#10587,.T.);
#10589=ORIENTED_EDGE('',*,*,#3763,.F.);
#10590=CARTESIAN_POINT('',(-126.68018796,12.458087376,3.0000254));
#10591=DIRECTION('',(0.,0.,1.));
#10592=VECTOR('',#10591,3.);
#10593=LINE('',#10590,#10592);
#10594=EDGE_CURVE('',#589,#3756,#10593,.T.);
#10595=ORIENTED_EDGE('',*,*,#10594,.F.);
#10596=ORIENTED_EDGE('',*,*,#594,.F.);
#10597=EDGE_LOOP('',(#10588,#10589,#10595,#10596));
#10598=FACE_BOUND('',#10597,.T.);
#10599=ADVANCED_FACE('',(#10598),#10582,.T.);
#10600=CARTESIAN_POINT('',(-112.715471266,12.458087376,-3.69384205));
#10601=DIRECTION('',(0.,1.,-0.));
#10602=DIRECTION('',(0.,0.,1.));
#10603=AXIS2_PLACEMENT_3D('',#10600,#10601,#10602);
#10604=PLANE('',#10603);
#10605=CARTESIAN_POINT('',(-122.013521294,12.458087376,4.5000254));
#10606=VERTEX_POINT('',#10605);
#10607=CARTESIAN_POINT('',(-122.013521294,12.458087376,3.0000254));
#10608=DIRECTION('',(0.,0.,1.));
#10609=VECTOR('',#10608,1.5);
#10610=LINE('',#10607,#10609);
#10611=EDGE_CURVE('',#597,#10606,#10610,.T.);
#10612=ORIENTED_EDGE('',*,*,#10611,.F.);
#10613=ORIENTED_EDGE('',*,*,#602,.F.);
#10614=ORIENTED_EDGE('',*,*,#10594,.T.);
#10615=ORIENTED_EDGE('',*,*,#3801,.F.);
#10616=CARTESIAN_POINT('',(-112.68018796,12.458087376,3.0000254));
#10617=DIRECTION('',(0.,0.,1.));
#10618=VECTOR('',#10617,3.);
#10619=LINE('',#10616,#10618);
#10620=EDGE_CURVE('',#533,#3790,#10619,.T.);
#10621=ORIENTED_EDGE('',*,*,#10620,.F.);
#10622=ORIENTED_EDGE('',*,*,#538,.F.);
#10623=CARTESIAN_POINT('',(-117.346854627,12.458087376,4.5000254));
#10624=VERTEX_POINT('',#10623);
#10625=CARTESIAN_POINT('',(-117.346854627,12.458087376,3.0000254));
#10626=DIRECTION('',(0.,0.,1.));
#10627=VECTOR('',#10626,1.5);
#10628=LINE('',#10625,#10627);
#10629=EDGE_CURVE('',#525,#10624,#10628,.T.);
#10630=ORIENTED_EDGE('',*,*,#10629,.T.);
#10631=CARTESIAN_POINT('',(-117.346854627,12.458087376,4.5000254));
#10632=DIRECTION('',(-1.,-0.,0.));
#10633=VECTOR('',#10632,4.666666667);
#10634=LINE('',#10631,#10633);
#10635=EDGE_CURVE('',#10624,#10606,#10634,.T.);
#10636=ORIENTED_EDGE('',*,*,#10635,.T.);
#10637=EDGE_LOOP('',(#10612,#10613,#10614,#10615,#10621,#10622,#10630,#10636));
#10638=FACE_BOUND('',#10637,.T.);
#10639=ADVANCED_FACE('',(#10638),#10604,.T.);
#10640=CARTESIAN_POINT('',(-112.68018796,26.558115316,-3.69384205));
#10641=DIRECTION('',(-1.,0.,0.));
#10642=DIRECTION('',(0.,0.,1.));
#10643=AXIS2_PLACEMENT_3D('',#10640,#10641,#10642);
#10644=PLANE('',#10643);
#10645=ORIENTED_EDGE('',*,*,#10620,.T.);
#10646=ORIENTED_EDGE('',*,*,#3795,.F.);
#10647=ORIENTED_EDGE('',*,*,#6760,.F.);
#10648=ORIENTED_EDGE('',*,*,#546,.F.);
#10649=EDGE_LOOP('',(#10645,#10646,#10647,#10648));
#10650=FACE_BOUND('',#10649,.T.);
#10651=ADVANCED_FACE('',(#10650),#10644,.T.);
#10652=CARTESIAN_POINT('',(-126.715471266,26.558115316,-3.69384205));
#10653=DIRECTION('',(0.,-1.,0.));
#10654=DIRECTION('',(0.,-0.,-1.));
#10655=AXIS2_PLACEMENT_3D('',#10652,#10653,#10654);
#10656=PLANE('',#10655);
#10657=ORIENTED_EDGE('',*,*,#6783,.F.);
#10658=ORIENTED_EDGE('',*,*,#3771,.F.);
#10659=ORIENTED_EDGE('',*,*,#10587,.F.);
#10660=ORIENTED_EDGE('',*,*,#586,.F.);
#10661=CARTESIAN_POINT('',(-122.013521294,26.558115316,4.5000254));
#10662=DIRECTION('',(0.,0.,-1.));
#10663=VECTOR('',#10662,1.5);
#10664=LINE('',#10661,#10663);
#10665=EDGE_CURVE('',#6779,#573,#10664,.T.);
#10666=ORIENTED_EDGE('',*,*,#10665,.F.);
#10667=EDGE_LOOP('',(#10657,#10658,#10659,#10660,#10666));
#10668=FACE_BOUND('',#10667,.T.);
#10669=ADVANCED_FACE('',(#10668),#10656,.T.);
#10670=CARTESIAN_POINT('',(-33.37942522,45.252113216,7.21802127));
#10671=DIRECTION('',(0.000322055,0.370350296,0.928892111));
#10672=DIRECTION('',(-0.,-0.92889216,0.370350315));
#10673=AXIS2_PLACEMENT_3D('',#10670,#10671,#10672);
#10674=CYLINDRICAL_SURFACE('',#10673,1.5);
#10675=ORIENTED_EDGE('',*,*,#4870,.F.);
#10676=ORIENTED_EDGE('',*,*,#62,.F.);
#10677=ORIENTED_EDGE('',*,*,#8094,.F.);
#10678=ORIENTED_EDGE('',*,*,#10382,.F.);
#10679=EDGE_LOOP('',(#10675,#10676,#10677,#10678));
#10680=FACE_BOUND('',#10679,.T.);
#10681=ADVANCED_FACE('',(#10680),#10674,.T.);
#10682=CARTESIAN_POINT('',(-9.48999065,40.176567748,1.));
#10683=DIRECTION('',(-1.,0.,0.));
#10684=DIRECTION('',(0.,0.,1.));
#10685=AXIS2_PLACEMENT_3D('',#10682,#10683,#10684);
#10686=PLANE('',#10685);
#10687=ORIENTED_EDGE('',*,*,#5342,.T.);
#10688=CARTESIAN_POINT('',(-9.48999065,40.49112643,3.0000254));
#10689=DIRECTION('',(-0.,-0.,1.));
#10690=VECTOR('',#10689,3.);
#10691=LINE('',#10688,#10690);
#10692=EDGE_CURVE('',#224,#5331,#10691,.T.);
#10693=ORIENTED_EDGE('',*,*,#10692,.F.);
#10694=ORIENTED_EDGE('',*,*,#229,.F.);
#10695=CARTESIAN_POINT('',(-9.48999065,26.39109849,3.0000254));
#10696=DIRECTION('',(-0.,-0.,1.));
#10697=VECTOR('',#10696,3.);
#10698=LINE('',#10695,#10697);
#10699=EDGE_CURVE('',#222,#5315,#10698,.T.);
#10700=ORIENTED_EDGE('',*,*,#10699,.T.);
#10701=EDGE_LOOP('',(#10687,#10693,#10694,#10700));
#10702=FACE_BOUND('',#10701,.T.);
#10703=ADVANCED_FACE('',(#10702),#10686,.T.);
#10704=CARTESIAN_POINT('',(-23.48999065,40.176567748,1.));
#10705=DIRECTION('',(-1.,0.,0.));
#10706=DIRECTION('',(0.,0.,1.));
#10707=AXIS2_PLACEMENT_3D('',#10704,#10705,#10706);
#10708=PLANE('',#10707);
#10709=ORIENTED_EDGE('',*,*,#2958,.T.);
#10710=CARTESIAN_POINT('',(-23.48999065,40.49112643,3.0000254));
#10711=DIRECTION('',(-0.,-0.,1.));
#10712=VECTOR('',#10711,3.);
#10713=LINE('',#10710,#10712);
#10714=EDGE_CURVE('',#2945,#5323,#10713,.T.);
#10715=ORIENTED_EDGE('',*,*,#10714,.T.);
#10716=ORIENTED_EDGE('',*,*,#5328,.F.);
#10717=CARTESIAN_POINT('',(-23.48999065,26.39109849,3.0000254));
#10718=DIRECTION('',(-0.,-0.,1.));
#10719=VECTOR('',#10718,3.);
#10720=LINE('',#10717,#10719);
#10721=EDGE_CURVE('',#2953,#5313,#10720,.T.);
#10722=ORIENTED_EDGE('',*,*,#10721,.F.);
#10723=EDGE_LOOP('',(#10709,#10715,#10716,#10722));
#10724=FACE_BOUND('',#10723,.T.);
#10725=ADVANCED_FACE('',(#10724),#10708,.F.);
#10726=CARTESIAN_POINT('',(-35.776109313,21.096024752,13.288315321));
#10727=DIRECTION('',(0.342020143,0.939692621,-0.));
#10728=DIRECTION('',(-0.939692621,0.342020143,0.));
#10729=AXIS2_PLACEMENT_3D('',#10726,#10727,#10728);
#10730=PLANE('',#10729);
#10731=CARTESIAN_POINT('',(-18.864799937,14.940811517,3.2000254));
#10732=VERTEX_POINT('',#10731);
#10733=CARTESIAN_POINT('',(-18.864799937,14.940811517,3.2000254));
#10734=DIRECTION('',(0.,0.,1.));
#10735=VECTOR('',#10734,2.8);
#10736=LINE('',#10733,#10735);
#10737=EDGE_CURVE('',#10732,#4814,#10736,.T.);
#10738=ORIENTED_EDGE('',*,*,#10737,.F.);
#10739=CARTESIAN_POINT('',(-10.57590849,11.923901755,3.2000254));
#10740=VERTEX_POINT('',#10739);
#10741=CARTESIAN_POINT('',(-18.864799937,14.940811517,3.2000254));
#10742=DIRECTION('',(0.939692621,-0.342020143,0.));
#10743=VECTOR('',#10742,8.820854036);
#10744=LINE('',#10741,#10743);
#10745=EDGE_CURVE('',#10732,#10740,#10744,.T.);
#10746=ORIENTED_EDGE('',*,*,#10745,.T.);
#10747=CARTESIAN_POINT('',(-7.441313835,10.783002604,3.2000254));
#10748=VERTEX_POINT('',#10747);
#10749=CARTESIAN_POINT('',(-10.57590849,11.923901755,3.2000254));
#10750=DIRECTION('',(0.939692621,-0.342020143,0.));
#10751=VECTOR('',#10750,3.335765958);
#10752=LINE('',#10749,#10751);
#10753=EDGE_CURVE('',#10740,#10748,#10752,.T.);
#10754=ORIENTED_EDGE('',*,*,#10753,.T.);
#10755=CARTESIAN_POINT('',(-7.441313835,10.783002604,6.0000254));
#10756=DIRECTION('',(-0.,-0.,-1.));
#10757=VECTOR('',#10756,2.8);
#10758=LINE('',#10755,#10757);
#10759=EDGE_CURVE('',#4823,#10748,#10758,.T.);
#10760=ORIENTED_EDGE('',*,*,#10759,.F.);
#10761=ORIENTED_EDGE('',*,*,#4828,.T.);
#10762=EDGE_LOOP('',(#10738,#10746,#10754,#10760,#10761));
#10763=FACE_BOUND('',#10762,.T.);
#10764=ADVANCED_FACE('',(#10763),#10730,.F.);
#10765=CARTESIAN_POINT('',(-1.12471559,25.652479911,12.0000254));
#10766=DIRECTION('',(-0.939692621,0.342020143,0.));
#10767=DIRECTION('',(0.,0.,1.));
#10768=AXIS2_PLACEMENT_3D('',#10765,#10766,#10767);
#10769=PLANE('',#10768);
#10770=CARTESIAN_POINT('',(-6.351857985,11.29102421,3.2000254));
#10771=VERTEX_POINT('',#10770);
#10772=CARTESIAN_POINT('',(-6.351857985,11.29102421,3.2000254));
#10773=DIRECTION('',(0.,0.,1.));
#10774=VECTOR('',#10773,2.8);
#10775=LINE('',#10772,#10774);
#10776=EDGE_CURVE('',#10771,#4831,#10775,.T.);
#10777=ORIENTED_EDGE('',*,*,#10776,.F.);
#10778=CARTESIAN_POINT('',(0.36927636,29.757189056,3.2000254));
#10779=VERTEX_POINT('',#10778);
#10780=CARTESIAN_POINT('',(-6.351857985,11.29102421,3.2000254));
#10781=DIRECTION('',(0.342020143,0.939692621,-0.));
#10782=VECTOR('',#10781,19.651282172);
#10783=LINE('',#10780,#10782);
#10784=EDGE_CURVE('',#10771,#10779,#10783,.T.);
#10785=ORIENTED_EDGE('',*,*,#10784,.T.);
#10786=CARTESIAN_POINT('',(0.36927636,29.757189056,6.0000254));
#10787=DIRECTION('',(0.,0.,-1.));
#10788=VECTOR('',#10787,2.8);
#10789=LINE('',#10786,#10788);
#10790=EDGE_CURVE('',#4840,#10779,#10789,.T.);
#10791=ORIENTED_EDGE('',*,*,#10790,.F.);
#10792=ORIENTED_EDGE('',*,*,#4845,.T.);
#10793=EDGE_LOOP('',(#10777,#10785,#10791,#10792));
#10794=FACE_BOUND('',#10793,.T.);
#10795=ADVANCED_FACE('',(#10794),#10769,.F.);
#10796=CARTESIAN_POINT('',(-90.300705227,20.615529513,0.642373652));
#10797=DIRECTION('',(0.342020143,0.939692621,-0.));
#10798=DIRECTION('',(-0.939692621,0.342020143,-0.));
#10799=AXIS2_PLACEMENT_3D('',#10796,#10797,#10798);
#10800=PLANE('',#10799);
#10801=CARTESIAN_POINT('',(-38.399010122,1.724857386,3.2000254));
#10802=VERTEX_POINT('',#10801);
#10803=CARTESIAN_POINT('',(-38.399010122,1.724857386,3.2000254));
#10804=DIRECTION('',(-0.,0.,1.));
#10805=VECTOR('',#10804,2.8);
#10806=LINE('',#10803,#10805);
#10807=EDGE_CURVE('',#10802,#4762,#10806,.T.);
#10808=ORIENTED_EDGE('',*,*,#10807,.F.);
#10809=CARTESIAN_POINT('',(-32.948251628,-0.259056459,3.2000254));
#10810=VERTEX_POINT('',#10809);
#10811=CARTESIAN_POINT('',(-38.399010122,1.724857386,3.2000254));
#10812=DIRECTION('',(0.939692621,-0.342020143,0.));
#10813=VECTOR('',#10812,5.800576032);
#10814=LINE('',#10811,#10813);
#10815=EDGE_CURVE('',#10802,#10810,#10814,.T.);
#10816=ORIENTED_EDGE('',*,*,#10815,.T.);
#10817=CARTESIAN_POINT('',(-27.276779472,-2.323303509,3.2000254));
#10818=VERTEX_POINT('',#10817);
#10819=CARTESIAN_POINT('',(-32.948251628,-0.259056459,3.2000254));
#10820=DIRECTION('',(0.939692621,-0.342020143,0.));
#10821=VECTOR('',#10820,6.035454606);
#10822=LINE('',#10819,#10821);
#10823=EDGE_CURVE('',#10810,#10818,#10822,.T.);
#10824=ORIENTED_EDGE('',*,*,#10823,.T.);
#10825=CARTESIAN_POINT('',(-27.276779472,-2.323303509,6.0000254));
#10826=DIRECTION('',(-0.,-0.,-1.));
#10827=VECTOR('',#10826,2.8);
#10828=LINE('',#10825,#10827);
#10829=EDGE_CURVE('',#4771,#10818,#10828,.T.);
#10830=ORIENTED_EDGE('',*,*,#10829,.F.);
#10831=ORIENTED_EDGE('',*,*,#4776,.F.);
#10832=EDGE_LOOP('',(#10808,#10816,#10824,#10830,#10831));
#10833=FACE_BOUND('',#10832,.T.);
#10834=ADVANCED_FACE('',(#10833),#10800,.F.);
#10835=CARTESIAN_POINT('',(-85.385002642,11.091932407,0.642373652));
#10836=DIRECTION('',(0.173648178,0.984807753,-0.));
#10837=DIRECTION('',(-0.984807753,0.173648178,-0.));
#10838=AXIS2_PLACEMENT_3D('',#10835,#10836,#10837);
#10839=PLANE('',#10838);
#10840=ORIENTED_EDGE('',*,*,#7077,.F.);
#10841=CARTESIAN_POINT('',(-50.210303512,4.889683912,3.2000254));
#10842=VERTEX_POINT('',#10841);
#10843=CARTESIAN_POINT('',(-56.577084119,6.012319113,3.2000254));
#10844=DIRECTION('',(0.984807753,-0.173648178,0.));
#10845=VECTOR('',#10844,6.46499846);
#10846=LINE('',#10843,#10845);
#10847=EDGE_CURVE('',#7065,#10842,#10846,.T.);
#10848=ORIENTED_EDGE('',*,*,#10847,.T.);
#10849=CARTESIAN_POINT('',(-50.210303512,4.889683912,6.0000254));
#10850=DIRECTION('',(0.,-0.,-1.));
#10851=VECTOR('',#10850,2.8);
#10852=LINE('',#10849,#10851);
#10853=EDGE_CURVE('',#4754,#10842,#10852,.T.);
#10854=ORIENTED_EDGE('',*,*,#10853,.F.);
#10855=ORIENTED_EDGE('',*,*,#4759,.F.);
#10856=EDGE_LOOP('',(#10840,#10848,#10854,#10855));
#10857=FACE_BOUND('',#10856,.T.);
#10858=ADVANCED_FACE('',(#10857),#10839,.F.);
#10859=CARTESIAN_POINT('',(-63.777723533,55.761704708,0.642373652));
#10860=DIRECTION('',(-1.,0.000010496,-0.));
#10861=DIRECTION('',(-0.000010496,-1.,0.));
#10862=AXIS2_PLACEMENT_3D('',#10859,#10860,#10861);
#10863=PLANE('',#10862);
#10864=CARTESIAN_POINT('',(-63.777230822,102.702272675,3.2000254));
#10865=VERTEX_POINT('',#10864);
#10866=CARTESIAN_POINT('',(-63.777230822,102.702272675,3.2000254));
#10867=DIRECTION('',(0.,0.,1.));
#10868=VECTOR('',#10867,2.8);
#10869=LINE('',#10866,#10868);
#10870=EDGE_CURVE('',#10865,#4524,#10869,.T.);
#10871=ORIENTED_EDGE('',*,*,#10870,.F.);
#10872=CARTESIAN_POINT('',(-63.777223821,103.369257017,3.2000254));
#10873=VERTEX_POINT('',#10872);
#10874=CARTESIAN_POINT('',(-63.777230822,102.702272675,3.2000254));
#10875=DIRECTION('',(0.000010496,1.,0.));
#10876=VECTOR('',#10875,0.666984341);
#10877=LINE('',#10874,#10876);
#10878=EDGE_CURVE('',#10865,#10873,#10877,.T.);
#10879=ORIENTED_EDGE('',*,*,#10878,.T.);
#10880=CARTESIAN_POINT('',(-63.777223821,103.369257017,6.0000254));
#10881=DIRECTION('',(-0.,-0.,-1.));
#10882=VECTOR('',#10881,2.8);
#10883=LINE('',#10880,#10882);
#10884=EDGE_CURVE('',#4533,#10873,#10883,.T.);
#10885=ORIENTED_EDGE('',*,*,#10884,.F.);
#10886=ORIENTED_EDGE('',*,*,#4538,.F.);
#10887=EDGE_LOOP('',(#10871,#10879,#10885,#10886));
#10888=FACE_BOUND('',#10887,.T.);
#10889=ADVANCED_FACE('',(#10888),#10863,.F.);
#10890=CARTESIAN_POINT('',(-82.430471405,55.758914077,0.642373652));
#10891=DIRECTION('',(-0.999999822,-0.000596255,0.));
#10892=DIRECTION('',(0.000596255,-0.999999822,0.));
#10893=AXIS2_PLACEMENT_3D('',#10890,#10891,#10892);
#10894=PLANE('',#10893);
#10895=CARTESIAN_POINT('',(-82.460051414,105.368580245,3.2000254));
#10896=VERTEX_POINT('',#10895);
#10897=CARTESIAN_POINT('',(-82.460051414,105.368580245,3.2000254));
#10898=DIRECTION('',(0.,0.,1.));
#10899=VECTOR('',#10898,2.8);
#10900=LINE('',#10897,#10899);
#10901=EDGE_CURVE('',#10896,#4558,#10900,.T.);
#10902=ORIENTED_EDGE('',*,*,#10901,.F.);
#10903=CARTESIAN_POINT('',(-82.460390205,105.936778089,3.2000254));
#10904=VERTEX_POINT('',#10903);
#10905=CARTESIAN_POINT('',(-82.460051414,105.368580245,3.2000254));
#10906=DIRECTION('',(-0.000596255,0.999999822,0.));
#10907=VECTOR('',#10906,0.568197945);
#10908=LINE('',#10905,#10907);
#10909=EDGE_CURVE('',#10896,#10904,#10908,.T.);
#10910=ORIENTED_EDGE('',*,*,#10909,.T.);
#10911=CARTESIAN_POINT('',(-82.460390205,105.936778089,6.0000254));
#10912=DIRECTION('',(0.,-0.,-1.));
#10913=VECTOR('',#10912,2.8);
#10914=LINE('',#10911,#10913);
#10915=EDGE_CURVE('',#4567,#10904,#10914,.T.);
#10916=ORIENTED_EDGE('',*,*,#10915,.F.);
#10917=ORIENTED_EDGE('',*,*,#4572,.F.);
#10918=EDGE_LOOP('',(#10902,#10910,#10916,#10917));
#10919=FACE_BOUND('',#10918,.T.);
#10920=ADVANCED_FACE('',(#10919),#10894,.F.);
#10921=CARTESIAN_POINT('',(-77.50849115,106.786271273,0.642373652));
#10922=DIRECTION('',(0.,-1.,0.));
#10923=DIRECTION('',(0.,-0.,-1.));
#10924=AXIS2_PLACEMENT_3D('',#10921,#10922,#10923);
#10925=PLANE('',#10924);
#10926=CARTESIAN_POINT('',(-83.310390054,106.786271273,3.2000254));
#10927=VERTEX_POINT('',#10926);
#10928=CARTESIAN_POINT('',(-83.310390054,106.786271273,3.2000254));
#10929=DIRECTION('',(-0.,0.,1.));
#10930=VECTOR('',#10929,2.8);
#10931=LINE('',#10928,#10930);
#10932=EDGE_CURVE('',#10927,#4575,#10931,.T.);
#10933=ORIENTED_EDGE('',*,*,#10932,.F.);
#10934=CARTESIAN_POINT('',(-118.701069342,106.786271273,3.2000254));
#10935=VERTEX_POINT('',#10934);
#10936=CARTESIAN_POINT('',(-83.310390054,106.786271273,3.2000254));
#10937=DIRECTION('',(-1.,0.,0.));
#10938=VECTOR('',#10937,35.390679288);
#10939=LINE('',#10936,#10938);
#10940=EDGE_CURVE('',#10927,#10935,#10939,.T.);
#10941=ORIENTED_EDGE('',*,*,#10940,.T.);
#10942=CARTESIAN_POINT('',(-118.701069342,106.786271273,6.0000254));
#10943=DIRECTION('',(0.,-0.,-1.));
#10944=VECTOR('',#10943,2.8);
#10945=LINE('',#10942,#10944);
#10946=EDGE_CURVE('',#4584,#10935,#10945,.T.);
#10947=ORIENTED_EDGE('',*,*,#10946,.F.);
#10948=ORIENTED_EDGE('',*,*,#4589,.F.);
#10949=EDGE_LOOP('',(#10933,#10941,#10947,#10948));
#10950=FACE_BOUND('',#10949,.T.);
#10951=ADVANCED_FACE('',(#10950),#10925,.F.);
#10952=CARTESIAN_POINT('',(-119.551069342,55.761848833,0.642373652));
#10953=DIRECTION('',(1.,-0.,0.));
#10954=DIRECTION('',(0.,1.,0.));
#10955=AXIS2_PLACEMENT_3D('',#10952,#10953,#10954);
#10956=PLANE('',#10955);
#10957=CARTESIAN_POINT('',(-119.551069342,105.936271273,3.2000254));
#10958=VERTEX_POINT('',#10957);
#10959=CARTESIAN_POINT('',(-119.551069342,105.936271273,3.2000254));
#10960=DIRECTION('',(-0.,0.,1.));
#10961=VECTOR('',#10960,2.8);
#10962=LINE('',#10959,#10961);
#10963=EDGE_CURVE('',#10958,#4592,#10962,.T.);
#10964=ORIENTED_EDGE('',*,*,#10963,.F.);
#10965=CARTESIAN_POINT('',(-119.551069342,105.369265939,3.2000254));
#10966=VERTEX_POINT('',#10965);
#10967=CARTESIAN_POINT('',(-119.551069342,105.936271273,3.2000254));
#10968=DIRECTION('',(-0.,-1.,0.));
#10969=VECTOR('',#10968,0.567005334);
#10970=LINE('',#10967,#10969);
#10971=EDGE_CURVE('',#10958,#10966,#10970,.T.);
#10972=ORIENTED_EDGE('',*,*,#10971,.T.);
#10973=CARTESIAN_POINT('',(-119.551069342,105.369265939,6.0000254));
#10974=DIRECTION('',(-0.,-0.,-1.));
#10975=VECTOR('',#10974,2.8);
#10976=LINE('',#10973,#10975);
#10977=EDGE_CURVE('',#4601,#10966,#10976,.T.);
#10978=ORIENTED_EDGE('',*,*,#10977,.F.);
#10979=ORIENTED_EDGE('',*,*,#4606,.F.);
#10980=EDGE_LOOP('',(#10964,#10972,#10978,#10979));
#10981=FACE_BOUND('',#10980,.T.);
#10982=ADVANCED_FACE('',(#10981),#10956,.F.);
#10983=CARTESIAN_POINT('',(-77.50849115,104.219265939,0.642373652));
#10984=DIRECTION('',(0.,-1.,0.));
#10985=DIRECTION('',(0.,-0.,-1.));
#10986=AXIS2_PLACEMENT_3D('',#10983,#10984,#10985);
#10987=PLANE('',#10986);
#10988=CARTESIAN_POINT('',(-120.701069342,104.219265939,3.2000254));
#10989=VERTEX_POINT('',#10988);
#10990=CARTESIAN_POINT('',(-120.701069342,104.219265939,3.2000254));
#10991=DIRECTION('',(0.,0.,1.));
#10992=VECTOR('',#10991,2.8);
#10993=LINE('',#10990,#10992);
#10994=EDGE_CURVE('',#10989,#4609,#10993,.T.);
#10995=ORIENTED_EDGE('',*,*,#10994,.F.);
#10996=CARTESIAN_POINT('',(-138.032207264,104.219265939,3.2000254));
#10997=VERTEX_POINT('',#10996);
#10998=CARTESIAN_POINT('',(-120.701069342,104.219265939,3.2000254));
#10999=DIRECTION('',(-1.,0.,0.));
#11000=VECTOR('',#10999,17.331137922);
#11001=LINE('',#10998,#11000);
#11002=EDGE_CURVE('',#10989,#10997,#11001,.T.);
#11003=ORIENTED_EDGE('',*,*,#11002,.T.);
#11004=CARTESIAN_POINT('',(-138.032207264,104.219265939,6.0000254));
#11005=DIRECTION('',(0.,-0.,-1.));
#11006=VECTOR('',#11005,2.8);
#11007=LINE('',#11004,#11006);
#11008=EDGE_CURVE('',#4618,#10997,#11007,.T.);
#11009=ORIENTED_EDGE('',*,*,#11008,.F.);
#11010=ORIENTED_EDGE('',*,*,#4623,.F.);
#11011=EDGE_LOOP('',(#10995,#11003,#11009,#11010));
#11012=FACE_BOUND('',#11011,.T.);
#11013=ADVANCED_FACE('',(#11012),#10987,.F.);
#11014=CARTESIAN_POINT('',(-138.882207264,55.761848833,0.642373652));
#11015=DIRECTION('',(1.,0.,0.));
#11016=DIRECTION('',(0.,0.,-1.));
#11017=AXIS2_PLACEMENT_3D('',#11014,#11015,#11016);
#11018=PLANE('',#11017);
#11019=CARTESIAN_POINT('',(-138.882207264,103.369265939,3.2000254));
#11020=VERTEX_POINT('',#11019);
#11021=CARTESIAN_POINT('',(-138.882207264,103.369265939,3.2000254));
#11022=DIRECTION('',(-0.,0.,1.));
#11023=VECTOR('',#11022,2.8);
#11024=LINE('',#11021,#11023);
#11025=EDGE_CURVE('',#11020,#4626,#11024,.T.);
#11026=ORIENTED_EDGE('',*,*,#11025,.F.);
#11027=CARTESIAN_POINT('',(-138.882207264,86.669227838,3.2000254));
#11028=VERTEX_POINT('',#11027);
#11029=CARTESIAN_POINT('',(-138.882207264,103.369265939,3.2000254));
#11030=DIRECTION('',(0.,-1.,0.));
#11031=VECTOR('',#11030,16.7000381);
#11032=LINE('',#11029,#11031);
#11033=EDGE_CURVE('',#11020,#11028,#11032,.T.);
#11034=ORIENTED_EDGE('',*,*,#11033,.T.);
#11035=CARTESIAN_POINT('',(-138.882207264,86.669227838,6.0000254));
#11036=DIRECTION('',(-0.,-0.,-1.));
#11037=VECTOR('',#11036,2.8);
#11038=LINE('',#11035,#11037);
#11039=EDGE_CURVE('',#4635,#11028,#11038,.T.);
#11040=ORIENTED_EDGE('',*,*,#11039,.F.);
#11041=ORIENTED_EDGE('',*,*,#4640,.F.);
#11042=EDGE_LOOP('',(#11026,#11034,#11040,#11041));
#11043=FACE_BOUND('',#11042,.T.);
#11044=ADVANCED_FACE('',(#11043),#11018,.F.);
#11045=CARTESIAN_POINT('',(-77.50849115,85.519227838,0.642373652));
#11046=DIRECTION('',(0.,-1.,0.));
#11047=DIRECTION('',(0.,-0.,-1.));
#11048=AXIS2_PLACEMENT_3D('',#11045,#11046,#11047);
#11049=PLANE('',#11048);
#11050=CARTESIAN_POINT('',(-140.032207264,85.519227838,3.2000254));
#11051=VERTEX_POINT('',#11050);
#11052=CARTESIAN_POINT('',(-140.032207264,85.519227838,3.2000254));
#11053=DIRECTION('',(0.,0.,1.));
#11054=VECTOR('',#11053,2.8);
#11055=LINE('',#11052,#11054);
#11056=EDGE_CURVE('',#11051,#4643,#11055,.T.);
#11057=ORIENTED_EDGE('',*,*,#11056,.F.);
#11058=CARTESIAN_POINT('',(-147.38022606,85.519227838,3.2000254));
#11059=VERTEX_POINT('',#11058);
#11060=CARTESIAN_POINT('',(-140.032207264,85.519227838,3.2000254));
#11061=DIRECTION('',(-1.,0.,0.));
#11062=VECTOR('',#11061,7.348018796);
#11063=LINE('',#11060,#11062);
#11064=EDGE_CURVE('',#11051,#11059,#11063,.T.);
#11065=ORIENTED_EDGE('',*,*,#11064,.T.);
#11066=CARTESIAN_POINT('',(-147.38022606,85.519227838,6.0000254));
#11067=DIRECTION('',(0.,-0.,-1.));
#11068=VECTOR('',#11067,2.8);
#11069=LINE('',#11066,#11068);
#11070=EDGE_CURVE('',#4652,#11059,#11069,.T.);
#11071=ORIENTED_EDGE('',*,*,#11070,.F.);
#11072=ORIENTED_EDGE('',*,*,#4657,.F.);
#11073=EDGE_LOOP('',(#11057,#11065,#11071,#11072));
#11074=FACE_BOUND('',#11073,.T.);
#11075=ADVANCED_FACE('',(#11074),#11049,.F.);
#11076=CARTESIAN_POINT('',(-77.50849115,9.608087376,0.642373652));
#11077=DIRECTION('',(0.,1.,-0.));
#11078=DIRECTION('',(0.,0.,1.));
#11079=AXIS2_PLACEMENT_3D('',#11076,#11077,#11078);
#11080=PLANE('',#11079);
#11081=CARTESIAN_POINT('',(-147.230144761,9.608087376,3.2000254));
#11082=VERTEX_POINT('',#11081);
#11083=CARTESIAN_POINT('',(-147.230144761,9.608087376,3.2000254));
#11084=DIRECTION('',(-0.,0.,1.));
#11085=VECTOR('',#11084,2.8);
#11086=LINE('',#11083,#11085);
#11087=EDGE_CURVE('',#11082,#4677,#11086,.T.);
#11088=ORIENTED_EDGE('',*,*,#11087,.F.);
#11089=CARTESIAN_POINT('',(-101.268424623,9.608087376,3.2000254));
#11090=VERTEX_POINT('',#11089);
#11091=CARTESIAN_POINT('',(-147.230144761,9.608087376,3.2000254));
#11092=DIRECTION('',(1.,-0.,0.));
#11093=VECTOR('',#11092,45.961720138);
#11094=LINE('',#11091,#11093);
#11095=EDGE_CURVE('',#11082,#11090,#11094,.T.);
#11096=ORIENTED_EDGE('',*,*,#11095,.T.);
#11097=CARTESIAN_POINT('',(-101.268424623,9.608087376,6.0000254));
#11098=DIRECTION('',(-0.,-0.,-1.));
#11099=VECTOR('',#11098,2.8);
#11100=LINE('',#11097,#11099);
#11101=EDGE_CURVE('',#4686,#11090,#11100,.T.);
#11102=ORIENTED_EDGE('',*,*,#11101,.F.);
#11103=ORIENTED_EDGE('',*,*,#4691,.F.);
#11104=EDGE_LOOP('',(#11088,#11096,#11102,#11103));
#11105=FACE_BOUND('',#11104,.T.);
#11106=ADVANCED_FACE('',(#11105),#11080,.F.);
#11107=CARTESIAN_POINT('',(-107.508865685,50.471973371,0.642373652));
#11108=DIRECTION('',(0.984807753,0.173648178,-0.));
#11109=DIRECTION('',(-0.173648178,0.984807753,0.));
#11110=AXIS2_PLACEMENT_3D('',#11107,#11108,#11109);
#11111=PLANE('',#11110);
#11112=CARTESIAN_POINT('',(-100.135895707,8.65778278,3.2000254));
#11113=VERTEX_POINT('',#11112);
#11114=CARTESIAN_POINT('',(-100.135895707,8.65778278,3.2000254));
#11115=DIRECTION('',(0.,0.,1.));
#11116=VECTOR('',#11115,2.8);
#11117=LINE('',#11114,#11116);
#11118=EDGE_CURVE('',#11113,#4694,#11117,.T.);
#11119=ORIENTED_EDGE('',*,*,#11118,.F.);
#11120=CARTESIAN_POINT('',(-99.42732705,4.639290237,3.2000254));
#11121=VERTEX_POINT('',#11120);
#11122=CARTESIAN_POINT('',(-100.135895707,8.65778278,3.2000254));
#11123=DIRECTION('',(0.173648178,-0.984807753,0.));
#11124=VECTOR('',#11123,4.080484268);
#11125=LINE('',#11122,#11124);
#11126=EDGE_CURVE('',#11113,#11121,#11125,.T.);
#11127=ORIENTED_EDGE('',*,*,#11126,.T.);
#11128=CARTESIAN_POINT('',(-99.42732705,4.639290237,6.0000254));
#11129=DIRECTION('',(0.,-0.,-1.));
#11130=VECTOR('',#11129,2.8);
#11131=LINE('',#11128,#11130);
#11132=EDGE_CURVE('',#4703,#11121,#11131,.T.);
#11133=ORIENTED_EDGE('',*,*,#11132,.F.);
#11134=ORIENTED_EDGE('',*,*,#4708,.F.);
#11135=EDGE_LOOP('',(#11119,#11127,#11133,#11134));
#11136=FACE_BOUND('',#11135,.T.);
#11137=ADVANCED_FACE('',(#11136),#11111,.F.);
#11138=CARTESIAN_POINT('',(-69.279351565,9.092079109,0.642373652));
#11139=DIRECTION('',(-0.173648178,0.984807753,-0.));
#11140=DIRECTION('',(-0.984807753,-0.173648178,0.));
#11141=AXIS2_PLACEMENT_3D('',#11138,#11139,#11140);
#11142=PLANE('',#11141);
#11143=CARTESIAN_POINT('',(-98.442639509,3.949804598,3.2000254));
#11144=VERTEX_POINT('',#11143);
#11145=CARTESIAN_POINT('',(-98.442639509,3.949804598,3.2000254));
#11146=DIRECTION('',(-0.,0.,1.));
#11147=VECTOR('',#11146,2.8);
#11148=LINE('',#11145,#11147);
#11149=EDGE_CURVE('',#11144,#4711,#11148,.T.);
#11150=ORIENTED_EDGE('',*,*,#11149,.F.);
#11151=CARTESIAN_POINT('',(-98.442639509,3.949804598,3.2000254));
#11152=DIRECTION('',(0.984807753,0.173648178,0.));
#11153=VECTOR('',#11152,11.877547711);
#11154=LINE('',#11151,#11153);
#11155=EDGE_CURVE('',#11144,#7097,#11154,.T.);
#11156=ORIENTED_EDGE('',*,*,#11155,.T.);
#11157=ORIENTED_EDGE('',*,*,#7102,.F.);
#11158=ORIENTED_EDGE('',*,*,#4725,.F.);
#11159=EDGE_LOOP('',(#11150,#11156,#11157,#11158));
#11160=FACE_BOUND('',#11159,.T.);
#11161=ADVANCED_FACE('',(#11160),#11142,.F.);
#11162=CARTESIAN_POINT('',(-62.391723176,-64.194579962,0.642373652));
#11163=DIRECTION('',(-0.,0.,1.));
#11164=DIRECTION('',(0.,-1.,0.));
#11165=AXIS2_PLACEMENT_3D('',#11162,#11163,#11164);
#11166=CYLINDRICAL_SURFACE('',#11165,70.15);
#11167=ORIENTED_EDGE('',*,*,#10853,.T.);
#11168=CARTESIAN_POINT('',(-62.391723176,-64.194579962,3.2000254));
#11169=DIRECTION('',(0.,0.,-1.));
#11170=DIRECTION('',(-1.,0.,0.));
#11171=AXIS2_PLACEMENT_3D('',#11168,#11169,#11170);
#11172=CIRCLE('',#11171,70.15);
#11173=EDGE_CURVE('',#10842,#10802,#11172,.T.);
#11174=ORIENTED_EDGE('',*,*,#11173,.T.);
#11175=ORIENTED_EDGE('',*,*,#10807,.T.);
#11176=ORIENTED_EDGE('',*,*,#4768,.F.);
#11177=EDGE_LOOP('',(#11167,#11174,#11175,#11176));
#11178=FACE_BOUND('',#11177,.T.);
#11179=ADVANCED_FACE('',(#11178),#11166,.F.);
#11180=CARTESIAN_POINT('',(-98.59024046,4.786891188,0.642373652));
#11181=DIRECTION('',(0.,-0.,-1.));
#11182=DIRECTION('',(0.,1.,-0.));
#11183=AXIS2_PLACEMENT_3D('',#11180,#11181,#11182);
#11184=CYLINDRICAL_SURFACE('',#11183,0.85);
#11185=ORIENTED_EDGE('',*,*,#11132,.T.);
#11186=CARTESIAN_POINT('',(-98.59024046,4.786891188,3.2000254));
#11187=DIRECTION('',(-0.,-0.,1.));
#11188=DIRECTION('',(-1.,0.,0.));
#11189=AXIS2_PLACEMENT_3D('',#11186,#11187,#11188);
#11190=CIRCLE('',#11189,0.85);
#11191=EDGE_CURVE('',#11121,#11144,#11190,.T.);
#11192=ORIENTED_EDGE('',*,*,#11191,.T.);
#11193=ORIENTED_EDGE('',*,*,#11149,.T.);
#11194=ORIENTED_EDGE('',*,*,#4717,.T.);
#11195=EDGE_LOOP('',(#11185,#11192,#11193,#11194));
#11196=FACE_BOUND('',#11195,.T.);
#11197=ADVANCED_FACE('',(#11196),#11184,.T.);
#11198=CARTESIAN_POINT('',(-147.230144761,10.608168675,0.642373652));
#11199=DIRECTION('',(0.,0.,1.));
#11200=DIRECTION('',(0.,-1.,0.));
#11201=AXIS2_PLACEMENT_3D('',#11198,#11199,#11200);
#11202=CYLINDRICAL_SURFACE('',#11201,1.000081299);
#11203=ORIENTED_EDGE('',*,*,#7956,.T.);
#11204=CARTESIAN_POINT('',(-148.218900651,10.458087376,3.18869999));
#11205=VERTEX_POINT('',#11204);
#11206=CARTESIAN_POINT('',(-147.230144761,10.608168675,2.199944101));
#11207=DIRECTION('',(-0.707106781,0.,-0.707106781));
#11208=DIRECTION('',(-0.707106781,0.,0.707106781));
#11209=AXIS2_PLACEMENT_3D('',#11206,#11207,#11208);
#11210=ELLIPSE('',#11209,1.414328537,1.000081299);
#11211=EDGE_CURVE('',#11205,#7945,#11210,.T.);
#11212=ORIENTED_EDGE('',*,*,#11211,.F.);
#11213=CARTESIAN_POINT('',(-147.38022606,9.619412786,3.18869999));
#11214=VERTEX_POINT('',#11213);
#11215=CARTESIAN_POINT('',(-148.218900651,10.458087376,3.18869999));
#11216=CARTESIAN_POINT('',(-148.203012666,10.353415177,3.172812013));
#11217=CARTESIAN_POINT('',(-148.171148507,10.253250998,3.160149937));
#11218=CARTESIAN_POINT('',(-148.123352158,10.158342985,3.151326278));
#11219=CARTESIAN_POINT('',(-148.075555809,10.063434972,3.142502619));
#11220=CARTESIAN_POINT('',(-148.01297802,9.97663719,3.137853026));
#11221=CARTESIAN_POINT('',(-147.937138137,9.900833555,3.137859698));
#11222=CARTESIAN_POINT('',(-147.785458371,9.749226287,3.137873043));
#11223=CARTESIAN_POINT('',(-147.589299525,9.651147631,3.156965202));
#11224=CARTESIAN_POINT('',(-147.38022606,9.619412786,3.18869999));
#11225=B_SPLINE_CURVE_WITH_KNOTS('',3,(#11215,#11216,#11217,#11218,#11219,#11220,#11221,#11222,#11223,#11224),.UNSPECIFIED.,.F.,.F.,(4,3,3,4),(0.000692636,0.001009529,0.001326422,0.001960208),.UNSPECIFIED.);
#11226=EDGE_CURVE('',#11205,#11214,#11225,.T.);
#11227=ORIENTED_EDGE('',*,*,#11226,.T.);
#11228=CARTESIAN_POINT('',(-147.230144761,10.608168675,2.199944101));
#11229=DIRECTION('',(0.,0.707106781,0.707106781));
#11230=DIRECTION('',(-0.,-0.707106781,0.707106781));
#11231=AXIS2_PLACEMENT_3D('',#11228,#11229,#11230);
#11232=ELLIPSE('',#11231,1.414328537,1.000081299);
#11233=EDGE_CURVE('',#11214,#11082,#11232,.T.);
#11234=ORIENTED_EDGE('',*,*,#11233,.T.);
#11235=ORIENTED_EDGE('',*,*,#11087,.T.);
#11236=ORIENTED_EDGE('',*,*,#4683,.T.);
#11237=EDGE_LOOP('',(#11203,#11212,#11227,#11234,#11235,#11236));
#11238=FACE_BOUND('',#11237,.T.);
#11239=ADVANCED_FACE('',(#11238),#11202,.T.);
#11240=CARTESIAN_POINT('',(-62.627230822,102.702260605,0.642373652));
#11241=DIRECTION('',(0.,0.,1.));
#11242=DIRECTION('',(0.,-1.,0.));
#11243=AXIS2_PLACEMENT_3D('',#11240,#11241,#11242);
#11244=CYLINDRICAL_SURFACE('',#11243,1.15);
#11245=CARTESIAN_POINT('',(-62.627230822,101.552260605,3.2000254));
#11246=VERTEX_POINT('',#11245);
#11247=CARTESIAN_POINT('',(-62.627230822,101.552260605,6.0000254));
#11248=DIRECTION('',(-0.,-0.,-1.));
#11249=VECTOR('',#11248,2.8);
#11250=LINE('',#11247,#11249);
#11251=EDGE_CURVE('',#4516,#11246,#11250,.T.);
#11252=ORIENTED_EDGE('',*,*,#11251,.T.);
#11253=CARTESIAN_POINT('',(-62.627230822,102.702260605,3.2000254));
#11254=DIRECTION('',(0.,0.,-1.));
#11255=DIRECTION('',(-1.,0.,0.));
#11256=AXIS2_PLACEMENT_3D('',#11253,#11254,#11255);
#11257=CIRCLE('',#11256,1.15);
#11258=EDGE_CURVE('',#11246,#10865,#11257,.T.);
#11259=ORIENTED_EDGE('',*,*,#11258,.T.);
#11260=ORIENTED_EDGE('',*,*,#10870,.T.);
#11261=ORIENTED_EDGE('',*,*,#4530,.F.);
#11262=EDGE_LOOP('',(#11252,#11259,#11260,#11261));
#11263=FACE_BOUND('',#11262,.T.);
#11264=ADVANCED_FACE('',(#11263),#11244,.F.);
#11265=CARTESIAN_POINT('',(-83.310390054,105.936271273,0.642373652));
#11266=DIRECTION('',(0.,-0.,-1.));
#11267=DIRECTION('',(0.,1.,-0.));
#11268=AXIS2_PLACEMENT_3D('',#11265,#11266,#11267);
#11269=CYLINDRICAL_SURFACE('',#11268,0.85);
#11270=ORIENTED_EDGE('',*,*,#10915,.T.);
#11271=CARTESIAN_POINT('',(-83.310390054,105.936271273,3.2000254));
#11272=DIRECTION('',(-0.,-0.,1.));
#11273=DIRECTION('',(-1.,0.,0.));
#11274=AXIS2_PLACEMENT_3D('',#11271,#11272,#11273);
#11275=CIRCLE('',#11274,0.85);
#11276=EDGE_CURVE('',#10904,#10927,#11275,.T.);
#11277=ORIENTED_EDGE('',*,*,#11276,.T.);
#11278=ORIENTED_EDGE('',*,*,#10932,.T.);
#11279=ORIENTED_EDGE('',*,*,#4581,.T.);
#11280=EDGE_LOOP('',(#11270,#11277,#11278,#11279));
#11281=FACE_BOUND('',#11280,.T.);
#11282=ADVANCED_FACE('',(#11281),#11269,.T.);
#11283=CARTESIAN_POINT('',(-118.701069342,105.936271273,0.642373652));
#11284=DIRECTION('',(0.,-0.,-1.));
#11285=DIRECTION('',(0.,1.,-0.));
#11286=AXIS2_PLACEMENT_3D('',#11283,#11284,#11285);
#11287=CYLINDRICAL_SURFACE('',#11286,0.85);
#11288=ORIENTED_EDGE('',*,*,#10946,.T.);
#11289=CARTESIAN_POINT('',(-118.701069342,105.936271273,3.2000254));
#11290=DIRECTION('',(-0.,-0.,1.));
#11291=DIRECTION('',(-1.,0.,0.));
#11292=AXIS2_PLACEMENT_3D('',#11289,#11290,#11291);
#11293=CIRCLE('',#11292,0.85);
#11294=EDGE_CURVE('',#10935,#10958,#11293,.T.);
#11295=ORIENTED_EDGE('',*,*,#11294,.T.);
#11296=ORIENTED_EDGE('',*,*,#10963,.T.);
#11297=ORIENTED_EDGE('',*,*,#4598,.T.);
#11298=EDGE_LOOP('',(#11288,#11295,#11296,#11297));
#11299=FACE_BOUND('',#11298,.T.);
#11300=ADVANCED_FACE('',(#11299),#11287,.T.);
#11301=CARTESIAN_POINT('',(-120.701069342,105.369265939,0.642373652));
#11302=DIRECTION('',(0.,0.,1.));
#11303=DIRECTION('',(0.,-1.,0.));
#11304=AXIS2_PLACEMENT_3D('',#11301,#11302,#11303);
#11305=CYLINDRICAL_SURFACE('',#11304,1.15);
#11306=ORIENTED_EDGE('',*,*,#10977,.T.);
#11307=CARTESIAN_POINT('',(-120.701069342,105.369265939,3.2000254));
#11308=DIRECTION('',(0.,0.,-1.));
#11309=DIRECTION('',(-1.,0.,0.));
#11310=AXIS2_PLACEMENT_3D('',#11307,#11308,#11309);
#11311=CIRCLE('',#11310,1.15);
#11312=EDGE_CURVE('',#10966,#10989,#11311,.T.);
#11313=ORIENTED_EDGE('',*,*,#11312,.T.);
#11314=ORIENTED_EDGE('',*,*,#10994,.T.);
#11315=ORIENTED_EDGE('',*,*,#4615,.F.);
#11316=EDGE_LOOP('',(#11306,#11313,#11314,#11315));
#11317=FACE_BOUND('',#11316,.T.);
#11318=ADVANCED_FACE('',(#11317),#11305,.F.);
#11319=CARTESIAN_POINT('',(-138.032207264,103.369265939,0.642373652));
#11320=DIRECTION('',(0.,-0.,-1.));
#11321=DIRECTION('',(0.,1.,-0.));
#11322=AXIS2_PLACEMENT_3D('',#11319,#11320,#11321);
#11323=CYLINDRICAL_SURFACE('',#11322,0.85);
#11324=ORIENTED_EDGE('',*,*,#11008,.T.);
#11325=CARTESIAN_POINT('',(-138.032207264,103.369265939,3.2000254));
#11326=DIRECTION('',(-0.,-0.,1.));
#11327=DIRECTION('',(-1.,0.,0.));
#11328=AXIS2_PLACEMENT_3D('',#11325,#11326,#11327);
#11329=CIRCLE('',#11328,0.85);
#11330=EDGE_CURVE('',#10997,#11020,#11329,.T.);
#11331=ORIENTED_EDGE('',*,*,#11330,.T.);
#11332=ORIENTED_EDGE('',*,*,#11025,.T.);
#11333=ORIENTED_EDGE('',*,*,#4632,.T.);
#11334=EDGE_LOOP('',(#11324,#11331,#11332,#11333));
#11335=FACE_BOUND('',#11334,.T.);
#11336=ADVANCED_FACE('',(#11335),#11323,.T.);
#11337=CARTESIAN_POINT('',(-64.627223821,103.369265939,0.642373652));
#11338=DIRECTION('',(-0.,-0.,-1.));
#11339=DIRECTION('',(0.,1.,-0.));
#11340=AXIS2_PLACEMENT_3D('',#11337,#11338,#11339);
#11341=CYLINDRICAL_SURFACE('',#11340,0.85);
#11342=ORIENTED_EDGE('',*,*,#10884,.T.);
#11343=CARTESIAN_POINT('',(-64.627223821,103.369265939,3.2000254));
#11344=DIRECTION('',(-0.,-0.,1.));
#11345=DIRECTION('',(-1.,0.,0.));
#11346=AXIS2_PLACEMENT_3D('',#11343,#11344,#11345);
#11347=CIRCLE('',#11346,0.85);
#11348=EDGE_CURVE('',#10873,#7000,#11347,.T.);
#11349=ORIENTED_EDGE('',*,*,#11348,.T.);
#11350=ORIENTED_EDGE('',*,*,#7005,.T.);
#11351=ORIENTED_EDGE('',*,*,#4547,.T.);
#11352=EDGE_LOOP('',(#11342,#11349,#11350,#11351));
#11353=FACE_BOUND('',#11352,.T.);
#11354=ADVANCED_FACE('',(#11353),#11341,.T.);
#11355=CARTESIAN_POINT('',(-147.38022606,84.669227838,0.642373652));
#11356=DIRECTION('',(0.,-0.,-1.));
#11357=DIRECTION('',(0.,1.,-0.));
#11358=AXIS2_PLACEMENT_3D('',#11355,#11356,#11357);
#11359=CYLINDRICAL_SURFACE('',#11358,0.85);
#11360=ORIENTED_EDGE('',*,*,#11070,.T.);
#11361=CARTESIAN_POINT('',(-147.38022606,84.669227838,3.2000254));
#11362=DIRECTION('',(-0.,-0.,1.));
#11363=DIRECTION('',(-1.,0.,0.));
#11364=AXIS2_PLACEMENT_3D('',#11361,#11362,#11363);
#11365=CIRCLE('',#11364,0.85);
#11366=EDGE_CURVE('',#11059,#7907,#11365,.T.);
#11367=ORIENTED_EDGE('',*,*,#11366,.T.);
#11368=ORIENTED_EDGE('',*,*,#7912,.T.);
#11369=ORIENTED_EDGE('',*,*,#4666,.T.);
#11370=EDGE_LOOP('',(#11360,#11367,#11368,#11369));
#11371=FACE_BOUND('',#11370,.T.);
#11372=ADVANCED_FACE('',(#11371),#11359,.T.);
#11373=CARTESIAN_POINT('',(-81.310051619,105.369265939,0.642373652));
#11374=DIRECTION('',(0.,0.,1.));
#11375=DIRECTION('',(0.,-1.,0.));
#11376=AXIS2_PLACEMENT_3D('',#11373,#11374,#11375);
#11377=CYLINDRICAL_SURFACE('',#11376,1.15);
#11378=ORIENTED_EDGE('',*,*,#7043,.T.);
#11379=CARTESIAN_POINT('',(-81.310051619,105.369265939,3.2000254));
#11380=DIRECTION('',(0.,0.,-1.));
#11381=DIRECTION('',(-1.,0.,0.));
#11382=AXIS2_PLACEMENT_3D('',#11379,#11380,#11381);
#11383=CIRCLE('',#11382,1.15);
#11384=EDGE_CURVE('',#6946,#10896,#11383,.T.);
#11385=ORIENTED_EDGE('',*,*,#11384,.T.);
#11386=ORIENTED_EDGE('',*,*,#10901,.T.);
#11387=ORIENTED_EDGE('',*,*,#4564,.F.);
#11388=EDGE_LOOP('',(#11378,#11385,#11386,#11387));
#11389=FACE_BOUND('',#11388,.T.);
#11390=ADVANCED_FACE('',(#11389),#11377,.F.);
#11391=CARTESIAN_POINT('',(-101.268424623,8.458087376,0.642373652));
#11392=DIRECTION('',(0.,0.,1.));
#11393=DIRECTION('',(0.,-1.,0.));
#11394=AXIS2_PLACEMENT_3D('',#11391,#11392,#11393);
#11395=CYLINDRICAL_SURFACE('',#11394,1.15);
#11396=ORIENTED_EDGE('',*,*,#11101,.T.);
#11397=CARTESIAN_POINT('',(-101.268424623,8.458087376,3.2000254));
#11398=DIRECTION('',(0.,-0.,-1.));
#11399=DIRECTION('',(0.,1.,-0.));
#11400=AXIS2_PLACEMENT_3D('',#11397,#11398,#11399);
#11401=CIRCLE('',#11400,1.15);
#11402=EDGE_CURVE('',#11090,#11113,#11401,.T.);
#11403=ORIENTED_EDGE('',*,*,#11402,.T.);
#11404=ORIENTED_EDGE('',*,*,#11118,.T.);
#11405=ORIENTED_EDGE('',*,*,#4700,.F.);
#11406=EDGE_LOOP('',(#11396,#11403,#11404,#11405));
#11407=FACE_BOUND('',#11406,.T.);
#11408=ADVANCED_FACE('',(#11407),#11395,.F.);
#11409=CARTESIAN_POINT('',(-140.032207264,86.669227838,0.642373652));
#11410=DIRECTION('',(0.,0.,1.));
#11411=DIRECTION('',(0.,-1.,0.));
#11412=AXIS2_PLACEMENT_3D('',#11409,#11410,#11411);
#11413=CYLINDRICAL_SURFACE('',#11412,1.15);
#11414=ORIENTED_EDGE('',*,*,#11039,.T.);
#11415=CARTESIAN_POINT('',(-140.032207264,86.669227838,3.2000254));
#11416=DIRECTION('',(0.,0.,-1.));
#11417=DIRECTION('',(-1.,0.,0.));
#11418=AXIS2_PLACEMENT_3D('',#11415,#11416,#11417);
#11419=CIRCLE('',#11418,1.15);
#11420=EDGE_CURVE('',#11028,#11051,#11419,.T.);
#11421=ORIENTED_EDGE('',*,*,#11420,.T.);
#11422=ORIENTED_EDGE('',*,*,#11056,.T.);
#11423=ORIENTED_EDGE('',*,*,#4649,.F.);
#11424=EDGE_LOOP('',(#11414,#11421,#11422,#11423));
#11425=FACE_BOUND('',#11424,.T.);
#11426=ADVANCED_FACE('',(#11425),#11413,.F.);
#11427=CARTESIAN_POINT('',(-25.503283336,0.064103339,1.));
#11428=DIRECTION('',(-0.939692621,0.342020143,0.));
#11429=DIRECTION('',(0.342020143,0.939692621,0.));
#11430=AXIS2_PLACEMENT_3D('',#11427,#11428,#11429);
#11431=PLANE('',#11430);
#11432=CARTESIAN_POINT('',(-26.187323622,-1.815281903,3.2000254));
#11433=VERTEX_POINT('',#11432);
#11434=CARTESIAN_POINT('',(-26.187323622,-1.815281903,3.2000254));
#11435=DIRECTION('',(0.,0.,1.));
#11436=VECTOR('',#11435,2.8);
#11437=LINE('',#11434,#11436);
#11438=EDGE_CURVE('',#11433,#4788,#11437,.T.);
#11439=ORIENTED_EDGE('',*,*,#11438,.F.);
#11440=CARTESIAN_POINT('',(-20.338769615,14.253488168,3.2000254));
#11441=VERTEX_POINT('',#11440);
#11442=CARTESIAN_POINT('',(-26.187323622,-1.815281903,3.2000254));
#11443=DIRECTION('',(0.342020143,0.939692621,-0.));
#11444=VECTOR('',#11443,17.10002794);
#11445=LINE('',#11442,#11444);
#11446=EDGE_CURVE('',#11433,#11441,#11445,.T.);
#11447=ORIENTED_EDGE('',*,*,#11446,.T.);
#11448=CARTESIAN_POINT('',(-20.338769615,14.253488168,6.0000254));
#11449=DIRECTION('',(-0.,-0.,-1.));
#11450=VECTOR('',#11449,2.8);
#11451=LINE('',#11448,#11450);
#11452=EDGE_CURVE('',#4797,#11441,#11451,.T.);
#11453=ORIENTED_EDGE('',*,*,#11452,.F.);
#11454=ORIENTED_EDGE('',*,*,#4802,.T.);
#11455=EDGE_LOOP('',(#11439,#11447,#11453,#11454));
#11456=FACE_BOUND('',#11455,.T.);
#11457=ADVANCED_FACE('',(#11456),#11431,.F.);
#11458=CARTESIAN_POINT('',(-26.98606235,-1.524564781,0.642373652));
#11459=DIRECTION('',(0.,0.,1.));
#11460=DIRECTION('',(0.,-1.,0.));
#11461=AXIS2_PLACEMENT_3D('',#11458,#11459,#11460);
#11462=CYLINDRICAL_SURFACE('',#11461,0.85);
#11463=CARTESIAN_POINT('',(-26.98606235,-2.374564781,3.2000254));
#11464=VERTEX_POINT('',#11463);
#11465=CARTESIAN_POINT('',(-26.98606235,-2.374564781,6.0000254));
#11466=DIRECTION('',(-0.,-0.,-1.));
#11467=VECTOR('',#11466,2.8);
#11468=LINE('',#11465,#11467);
#11469=EDGE_CURVE('',#4779,#11464,#11468,.T.);
#11470=ORIENTED_EDGE('',*,*,#11469,.T.);
#11471=CARTESIAN_POINT('',(-26.98606235,-1.524564781,3.2000254));
#11472=DIRECTION('',(-0.,0.,1.));
#11473=DIRECTION('',(0.,1.,-0.));
#11474=AXIS2_PLACEMENT_3D('',#11471,#11472,#11473);
#11475=CIRCLE('',#11474,0.85);
#11476=EDGE_CURVE('',#11464,#11433,#11475,.T.);
#11477=ORIENTED_EDGE('',*,*,#11476,.T.);
#11478=ORIENTED_EDGE('',*,*,#11438,.T.);
#11479=ORIENTED_EDGE('',*,*,#4794,.T.);
#11480=EDGE_LOOP('',(#11470,#11477,#11478,#11479));
#11481=FACE_BOUND('',#11480,.T.);
#11482=ADVANCED_FACE('',(#11481),#11462,.T.);
#11483=CARTESIAN_POINT('',(-19.258123101,13.860165003,1.));
#11484=DIRECTION('',(-0.,-0.,-1.));
#11485=DIRECTION('',(0.,1.,-0.));
#11486=AXIS2_PLACEMENT_3D('',#11483,#11484,#11485);
#11487=CYLINDRICAL_SURFACE('',#11486,1.15);
#11488=CARTESIAN_POINT('',(-19.258123101,15.010165003,3.2000254));
#11489=VERTEX_POINT('',#11488);
#11490=CARTESIAN_POINT('',(-19.258123101,15.010165003,3.2000254));
#11491=DIRECTION('',(0.,0.,1.));
#11492=VECTOR('',#11491,2.8);
#11493=LINE('',#11490,#11492);
#11494=EDGE_CURVE('',#11489,#4805,#11493,.T.);
#11495=ORIENTED_EDGE('',*,*,#11494,.F.);
#11496=CARTESIAN_POINT('',(-19.258123101,13.860165003,3.2000254));
#11497=DIRECTION('',(0.,0.,-1.));
#11498=DIRECTION('',(-1.,0.,0.));
#11499=AXIS2_PLACEMENT_3D('',#11496,#11497,#11498);
#11500=CIRCLE('',#11499,1.15);
#11501=EDGE_CURVE('',#11489,#10732,#11500,.T.);
#11502=ORIENTED_EDGE('',*,*,#11501,.T.);
#11503=ORIENTED_EDGE('',*,*,#10737,.T.);
#11504=ORIENTED_EDGE('',*,*,#4820,.F.);
#11505=EDGE_LOOP('',(#11495,#11502,#11503,#11504));
#11506=FACE_BOUND('',#11505,.T.);
#11507=ADVANCED_FACE('',(#11506),#11487,.F.);
#11508=CARTESIAN_POINT('',(-21.102700025,37.572349331,0.642373652));
#11509=DIRECTION('',(0.,0.,-1.));
#11510=DIRECTION('',(0.,1.,0.));
#11511=AXIS2_PLACEMENT_3D('',#11508,#11509,#11510);
#11512=CYLINDRICAL_SURFACE('',#11511,22.85);
#11513=ORIENTED_EDGE('',*,*,#10790,.T.);
#11514=CARTESIAN_POINT('',(-21.102700025,37.572349331,3.2000254));
#11515=DIRECTION('',(-0.,-0.,1.));
#11516=DIRECTION('',(-1.,0.,0.));
#11517=AXIS2_PLACEMENT_3D('',#11514,#11515,#11516);
#11518=CIRCLE('',#11517,22.85);
#11519=EDGE_CURVE('',#10779,#7531,#11518,.T.);
#11520=ORIENTED_EDGE('',*,*,#11519,.T.);
#11521=ORIENTED_EDGE('',*,*,#7536,.T.);
#11522=ORIENTED_EDGE('',*,*,#4854,.T.);
#11523=EDGE_LOOP('',(#11513,#11520,#11521,#11522));
#11524=FACE_BOUND('',#11523,.T.);
#11525=ADVANCED_FACE('',(#11524),#11512,.T.);
#11526=CARTESIAN_POINT('',(-7.150596713,11.581741332,12.0000254));
#11527=DIRECTION('',(-0.,-0.,-1.));
#11528=DIRECTION('',(0.,1.,-0.));
#11529=AXIS2_PLACEMENT_3D('',#11526,#11527,#11528);
#11530=CYLINDRICAL_SURFACE('',#11529,0.85);
#11531=ORIENTED_EDGE('',*,*,#10759,.T.);
#11532=CARTESIAN_POINT('',(-7.150596713,11.581741332,3.2000254));
#11533=DIRECTION('',(-0.,-0.,1.));
#11534=DIRECTION('',(-1.,0.,0.));
#11535=AXIS2_PLACEMENT_3D('',#11532,#11533,#11534);
#11536=CIRCLE('',#11535,0.85);
#11537=EDGE_CURVE('',#10748,#10771,#11536,.T.);
#11538=ORIENTED_EDGE('',*,*,#11537,.T.);
#11539=ORIENTED_EDGE('',*,*,#10776,.T.);
#11540=ORIENTED_EDGE('',*,*,#4837,.T.);
#11541=EDGE_LOOP('',(#11531,#11538,#11539,#11540));
#11542=FACE_BOUND('',#11541,.T.);
#11543=ADVANCED_FACE('',(#11542),#11530,.T.);
#11544=CARTESIAN_POINT('',(-77.50849115,101.552260605,0.642373652));
#11545=DIRECTION('',(0.,-1.,0.));
#11546=DIRECTION('',(0.,-0.,-1.));
#11547=AXIS2_PLACEMENT_3D('',#11544,#11545,#11546);
#11548=PLANE('',#11547);
#11549=CARTESIAN_POINT('',(-6.473169855,101.552260605,3.2000254));
#11550=VERTEX_POINT('',#11549);
#11551=CARTESIAN_POINT('',(-6.473169855,101.552260605,3.2000254));
#11552=DIRECTION('',(0.,0.,1.));
#11553=VECTOR('',#11552,7.6);
#11554=LINE('',#11551,#11553);
#11555=EDGE_CURVE('',#11550,#8038,#11554,.T.);
#11556=ORIENTED_EDGE('',*,*,#11555,.F.);
#11557=CARTESIAN_POINT('',(-6.473169855,101.552260605,3.2000254));
#11558=DIRECTION('',(-1.,0.,0.));
#11559=VECTOR('',#11558,4.034334607);
#11560=LINE('',#11557,#11559);
#11561=EDGE_CURVE('',#11550,#7141,#11560,.T.);
#11562=ORIENTED_EDGE('',*,*,#11561,.T.);
#11563=ORIENTED_EDGE('',*,*,#7146,.F.);
#11564=CARTESIAN_POINT('',(-11.468184604,101.552260605,3.729927749));
#11565=DIRECTION('',(0.,-1.,0.));
#11566=DIRECTION('',(0.,-0.,-1.));
#11567=AXIS2_PLACEMENT_3D('',#11564,#11565,#11566);
#11568=CIRCLE('',#11567,0.960680142);
#11569=EDGE_CURVE('',#7139,#7244,#11568,.T.);
#11570=ORIENTED_EDGE('',*,*,#11569,.T.);
#11571=ORIENTED_EDGE('',*,*,#7249,.T.);
#11572=CARTESIAN_POINT('',(-19.505904059,101.552260605,3.729927749));
#11573=DIRECTION('',(0.,-1.,0.));
#11574=DIRECTION('',(0.,-0.,-1.));
#11575=AXIS2_PLACEMENT_3D('',#11572,#11573,#11574);
#11576=CIRCLE('',#11575,0.960680142);
#11577=EDGE_CURVE('',#7236,#7196,#11576,.T.);
#11578=ORIENTED_EDGE('',*,*,#11577,.T.);
#11579=ORIENTED_EDGE('',*,*,#7201,.T.);
#11580=CARTESIAN_POINT('',(-20.466584202,101.552260605,3.2000254));
#11581=DIRECTION('',(-1.,0.,0.));
#11582=VECTOR('',#11581,42.16064662);
#11583=LINE('',#11580,#11582);
#11584=EDGE_CURVE('',#7188,#11246,#11583,.T.);
#11585=ORIENTED_EDGE('',*,*,#11584,.T.);
#11586=ORIENTED_EDGE('',*,*,#11251,.F.);
#11587=ORIENTED_EDGE('',*,*,#4521,.F.);
#11588=ORIENTED_EDGE('',*,*,#8305,.T.);
#11589=ORIENTED_EDGE('',*,*,#8045,.F.);
#11590=EDGE_LOOP('',(#11556,#11562,#11563,#11570,#11571,#11578,#11579,#11585,#11586,#11587,#11588,#11589));
#11591=FACE_BOUND('',#11590,.T.);
#11592=ADVANCED_FACE('',(#11591),#11548,.F.);
#11593=CARTESIAN_POINT('',(-6.473169855,96.503991356,0.642373652));
#11594=DIRECTION('',(0.,0.,1.));
#11595=DIRECTION('',(0.,-1.,0.));
#11596=AXIS2_PLACEMENT_3D('',#11593,#11594,#11595);
#11597=CYLINDRICAL_SURFACE('',#11596,5.048269248);
#11598=ORIENTED_EDGE('',*,*,#7462,.T.);
#11599=CARTESIAN_POINT('',(-2.158871192,99.125412622,3.198759026));
#11600=VERTEX_POINT('',#11599);
#11601=CARTESIAN_POINT('',(-6.473169855,96.503991356,-1.848243848));
#11602=DIRECTION('',(0.612372436,0.353553391,-0.707106781));
#11603=DIRECTION('',(0.612372436,0.353553391,0.707106781));
#11604=AXIS2_PLACEMENT_3D('',#11601,#11602,#11603);
#11605=ELLIPSE('',#11604,7.139330837,5.048269248);
#11606=EDGE_CURVE('',#11600,#7449,#11605,.T.);
#11607=ORIENTED_EDGE('',*,*,#11606,.F.);
#11608=CARTESIAN_POINT('',(-6.360101777,101.550994231,3.198759026));
#11609=VERTEX_POINT('',#11608);
#11610=CARTESIAN_POINT('',(-2.158871192,99.125412622,3.198759026));
#11611=CARTESIAN_POINT('',(-2.267744332,99.304594522,3.194063116));
#11612=CARTESIAN_POINT('',(-2.387729619,99.477010494,3.189892477));
#11613=CARTESIAN_POINT('',(-2.519087024,99.642502367,3.186263914));
#11614=CARTESIAN_POINT('',(-2.650444429,99.807994241,3.18263535));
#11615=CARTESIAN_POINT('',(-2.793534234,99.966599027,3.179555625));
#11616=CARTESIAN_POINT('',(-2.944118375,100.113813797,3.177111421));
#11617=CARTESIAN_POINT('',(-3.245286655,100.408243336,3.172223012));
#11618=CARTESIAN_POINT('',(-3.579567966,100.662491907,3.169733547));
#11619=CARTESIAN_POINT('',(-3.947987462,100.875315673,3.169728907));
#11620=CARTESIAN_POINT('',(-4.316406958,101.08813944,3.169724266));
#11621=CARTESIAN_POINT('',(-4.70479697,101.251348767,3.172204535));
#11622=CARTESIAN_POINT('',(-5.112825169,101.365522467,3.177127429));
#11623=CARTESIAN_POINT('',(-5.316839269,101.422609317,3.179588877));
#11624=CARTESIAN_POINT('',(-5.525220497,101.466917836,3.182668953));
#11625=CARTESIAN_POINT('',(-5.733246336,101.497741009,3.186282414));
#11626=CARTESIAN_POINT('',(-5.941272176,101.528564181,3.189895875));
#11627=CARTESIAN_POINT('',(-6.15022558,101.546292371,3.194057178));
#11628=CARTESIAN_POINT('',(-6.360101777,101.550994231,3.198759026));
#11629=B_SPLINE_CURVE_WITH_KNOTS('',3,(#11610,#11611,#11612,#11613,#11614,#11615,#11616,#11617,#11618,#11619,#11620,#11621,#11622,#11623,#11624,#11625,#11626,#11627,#11628),.UNSPECIFIED.,.F.,.F.,(4,3,3,3,3,3,4),(0.002298889,0.002930444,0.003561999,0.00482511,0.00608822,0.006719775,0.007351331),.UNSPECIFIED.);
#11630=EDGE_CURVE('',#11600,#11609,#11629,.T.);
#11631=ORIENTED_EDGE('',*,*,#11630,.T.);
#11632=CARTESIAN_POINT('',(-6.473169855,96.503991356,-1.848243848));
#11633=DIRECTION('',(0.,-0.707106781,0.707106781));
#11634=DIRECTION('',(0.,0.707106781,0.707106781));
#11635=AXIS2_PLACEMENT_3D('',#11632,#11633,#11634);
#11636=ELLIPSE('',#11635,7.139330837,5.048269248);
#11637=EDGE_CURVE('',#11609,#11550,#11636,.T.);
#11638=ORIENTED_EDGE('',*,*,#11637,.T.);
#11639=ORIENTED_EDGE('',*,*,#11555,.T.);
#11640=ORIENTED_EDGE('',*,*,#8111,.T.);
#11641=EDGE_LOOP('',(#11598,#11607,#11631,#11638,#11639,#11640));
#11642=FACE_BOUND('',#11641,.T.);
#11643=ADVANCED_FACE('',(#11642),#11597,.T.);
#11644=CARTESIAN_POINT('',(-8.396146627,89.644330121,0.642373652));
#11645=DIRECTION('',(0.,0.,1.));
#11646=DIRECTION('',(0.,-1.,0.));
#11647=AXIS2_PLACEMENT_3D('',#11644,#11645,#11646);
#11648=CYLINDRICAL_SURFACE('',#11647,10.143446601);
#11649=ORIENTED_EDGE('',*,*,#7618,.T.);
#11650=CARTESIAN_POINT('',(-8.396146627,89.644330121,3.2000254));
#11651=DIRECTION('',(-0.,-0.,1.));
#11652=DIRECTION('',(-1.,0.,0.));
#11653=AXIS2_PLACEMENT_3D('',#11650,#11651,#11652);
#11654=CIRCLE('',#11653,10.143446601);
#11655=EDGE_CURVE('',#7605,#8131,#11654,.T.);
#11656=ORIENTED_EDGE('',*,*,#11655,.T.);
#11657=ORIENTED_EDGE('',*,*,#8136,.F.);
#11658=ORIENTED_EDGE('',*,*,#7354,.T.);
#11659=ORIENTED_EDGE('',*,*,#7476,.T.);
#11660=ORIENTED_EDGE('',*,*,#8103,.T.);
#11661=EDGE_LOOP('',(#11649,#11656,#11657,#11658,#11659,#11660));
#11662=FACE_BOUND('',#11661,.T.);
#11663=ADVANCED_FACE('',(#11662),#11648,.T.);
#11664=CARTESIAN_POINT('',(-147.950309594,25.430148448,4.502790987));
#11665=DIRECTION('',(0.000392828,-0.999999923,-0.));
#11666=DIRECTION('',(0.999999923,0.000392828,0.));
#11667=AXIS2_PLACEMENT_3D('',#11664,#11665,#11666);
#11668=CYLINDRICAL_SURFACE('',#11667,1.002565603);
#11669=ORIENTED_EDGE('',*,*,#7787,.F.);
#11670=CARTESIAN_POINT('',(-148.940013431,25.429759664,4.662865821));
#11671=DIRECTION('',(0.000392828,-0.999999923,-0.));
#11672=VECTOR('',#11671,6.);
#11673=LINE('',#11670,#11672);
#11674=EDGE_CURVE('',#7771,#7839,#11673,.T.);
#11675=ORIENTED_EDGE('',*,*,#11674,.T.);
#11676=ORIENTED_EDGE('',*,*,#7847,.T.);
#11677=ORIENTED_EDGE('',*,*,#7941,.T.);
#11678=EDGE_LOOP('',(#11669,#11675,#11676,#11677));
#11679=FACE_BOUND('',#11678,.T.);
#11680=ADVANCED_FACE('',(#11679),#11668,.T.);
#11681=CARTESIAN_POINT('',(-147.946304466,25.430150021,3.922570541));
#11682=DIRECTION('',(0.000392828,-0.999999923,-0.));
#11683=DIRECTION('',(0.999999923,0.000392828,0.));
#11684=AXIS2_PLACEMENT_3D('',#11681,#11682,#11683);
#11685=ELLIPSE('',#11684,0.960411083,0.960410991);
#11686=DIRECTION('',(0.000392828,-0.999999923,-0.));
#11687=VECTOR('',#11686,1.);
#11688=SURFACE_OF_LINEAR_EXTRUSION('',#11685,#11687);
#11689=OFFSET_SURFACE('',#11688,-0.05,.F.);
#11690=ORIENTED_EDGE('',*,*,#7812,.T.);
#11691=CARTESIAN_POINT('',(-148.048065213,25.430110047,3.017864553));
#11692=CARTESIAN_POINT('',(-148.048164783,23.430109852,3.017964123));
#11693=CARTESIAN_POINT('',(-148.048265835,21.430109658,3.018065175));
#11694=CARTESIAN_POINT('',(-148.048368386,19.430109465,3.018167726));
#11695=B_SPLINE_CURVE_WITH_KNOTS('',3,(#11691,#11692,#11693,#11694),.UNSPECIFIED.,.F.,.F.,(4,4),(0.,0.006000001),.UNSPECIFIED.);
#11696=EDGE_CURVE('',#7798,#7876,#11695,.T.);
#11697=ORIENTED_EDGE('',*,*,#11696,.T.);
#11698=ORIENTED_EDGE('',*,*,#7882,.F.);
#11699=CARTESIAN_POINT('',(-148.30159093,25.430010455,3.082660083));
#11700=DIRECTION('',(0.000392828,-0.999999923,-0.));
#11701=VECTOR('',#11700,6.);
#11702=LINE('',#11699,#11701);
#11703=EDGE_CURVE('',#7806,#7867,#11702,.T.);
#11704=ORIENTED_EDGE('',*,*,#11703,.F.);
#11705=EDGE_LOOP('',(#11690,#11697,#11698,#11704));
#11706=FACE_BOUND('',#11705,.T.);
#11707=ADVANCED_FACE('',(#11706),#11689,.T.);
#11708=CARTESIAN_POINT('',(-147.391945547,25.430367789,4.25387838));
#11709=DIRECTION('',(0.000392828,-0.999999923,-0.));
#11710=DIRECTION('',(0.999999923,0.000392828,0.));
#11711=AXIS2_PLACEMENT_3D('',#11708,#11709,#11710);
#11712=CYLINDRICAL_SURFACE('',#11711,1.548068003);
#11713=ORIENTED_EDGE('',*,*,#7864,.T.);
#11714=CARTESIAN_POINT('',(-148.940013431,25.429759664,4.25387838));
#11715=DIRECTION('',(0.000392828,-0.999999923,-0.));
#11716=VECTOR('',#11715,6.);
#11717=LINE('',#11714,#11716);
#11718=EDGE_CURVE('',#7773,#7850,#11717,.T.);
#11719=ORIENTED_EDGE('',*,*,#11718,.F.);
#11720=ORIENTED_EDGE('',*,*,#7828,.F.);
#11721=CARTESIAN_POINT('',(-148.823244152,25.429805534,3.664049142));
#11722=DIRECTION('',(0.000392828,-0.999999923,-0.));
#11723=VECTOR('',#11722,6.);
#11724=LINE('',#11721,#11723);
#11725=EDGE_CURVE('',#7815,#7858,#11724,.T.);
#11726=ORIENTED_EDGE('',*,*,#11725,.T.);
#11727=EDGE_LOOP('',(#11713,#11719,#11720,#11726));
#11728=FACE_BOUND('',#11727,.T.);
#11729=ADVANCED_FACE('',(#11728),#11712,.T.);
#11730=CARTESIAN_POINT('',(-147.950309594,25.430148448,3.922570541));
#11731=DIRECTION('',(0.000392828,-0.999999923,-0.));
#11732=DIRECTION('',(0.999999923,0.000392828,0.));
#11733=AXIS2_PLACEMENT_3D('',#11730,#11731,#11732);
#11734=CYLINDRICAL_SURFACE('',#11733,0.910410991);
#11735=ORIENTED_EDGE('',*,*,#7873,.T.);
#11736=ORIENTED_EDGE('',*,*,#11725,.F.);
#11737=ORIENTED_EDGE('',*,*,#7821,.F.);
#11738=ORIENTED_EDGE('',*,*,#11703,.T.);
#11739=EDGE_LOOP('',(#11735,#11736,#11737,#11738));
#11740=FACE_BOUND('',#11739,.T.);
#11741=ADVANCED_FACE('',(#11740),#11734,.T.);
#11742=CARTESIAN_POINT('',(-147.950309594,66.781684089,4.502790987));
#11743=DIRECTION('',(0.000392828,-0.999999923,-0.));
#11744=DIRECTION('',(0.999999923,0.000392828,0.));
#11745=AXIS2_PLACEMENT_3D('',#11742,#11743,#11744);
#11746=CYLINDRICAL_SURFACE('',#11745,1.002565603);
#11747=ORIENTED_EDGE('',*,*,#7651,.F.);
#11748=CARTESIAN_POINT('',(-148.940013431,66.781295305,4.662865821));
#11749=DIRECTION('',(0.000392828,-0.999999923,-0.));
#11750=VECTOR('',#11749,6.);
#11751=LINE('',#11748,#11750);
#11752=EDGE_CURVE('',#7635,#7703,#11751,.T.);
#11753=ORIENTED_EDGE('',*,*,#11752,.T.);
#11754=ORIENTED_EDGE('',*,*,#7711,.T.);
#11755=ORIENTED_EDGE('',*,*,#7926,.T.);
#11756=EDGE_LOOP('',(#11747,#11753,#11754,#11755));
#11757=FACE_BOUND('',#11756,.T.);
#11758=ADVANCED_FACE('',(#11757),#11746,.T.);
#11759=CARTESIAN_POINT('',(-147.946304466,66.781685662,3.922570541));
#11760=DIRECTION('',(0.000392828,-0.999999923,-0.));
#11761=DIRECTION('',(0.999999923,0.000392828,0.));
#11762=AXIS2_PLACEMENT_3D('',#11759,#11760,#11761);
#11763=ELLIPSE('',#11762,0.960411083,0.960410991);
#11764=DIRECTION('',(0.000392828,-0.999999923,-0.));
#11765=VECTOR('',#11764,1.);
#11766=SURFACE_OF_LINEAR_EXTRUSION('',#11763,#11765);
#11767=OFFSET_SURFACE('',#11766,-0.05,.F.);
#11768=ORIENTED_EDGE('',*,*,#7676,.T.);
#11769=CARTESIAN_POINT('',(-148.048065213,66.781645688,3.017864553));
#11770=CARTESIAN_POINT('',(-148.048164783,64.781645494,3.017964123));
#11771=CARTESIAN_POINT('',(-148.048265835,62.7816453,3.018065175));
#11772=CARTESIAN_POINT('',(-148.048368386,60.781645106,3.018167726));
#11773=B_SPLINE_CURVE_WITH_KNOTS('',3,(#11769,#11770,#11771,#11772),.UNSPECIFIED.,.F.,.F.,(4,4),(0.,0.006000001),.UNSPECIFIED.);
#11774=EDGE_CURVE('',#7662,#7740,#11773,.T.);
#11775=ORIENTED_EDGE('',*,*,#11774,.T.);
#11776=ORIENTED_EDGE('',*,*,#7746,.F.);
#11777=CARTESIAN_POINT('',(-148.30159093,66.781546096,3.082660083));
#11778=DIRECTION('',(0.000392828,-0.999999923,-0.));
#11779=VECTOR('',#11778,6.);
#11780=LINE('',#11777,#11779);
#11781=EDGE_CURVE('',#7670,#7731,#11780,.T.);
#11782=ORIENTED_EDGE('',*,*,#11781,.F.);
#11783=EDGE_LOOP('',(#11768,#11775,#11776,#11782));
#11784=FACE_BOUND('',#11783,.T.);
#11785=ADVANCED_FACE('',(#11784),#11767,.T.);
#11786=CARTESIAN_POINT('',(-147.391945547,66.78190343,4.25387838));
#11787=DIRECTION('',(0.000392828,-0.999999923,-0.));
#11788=DIRECTION('',(0.999999923,0.000392828,0.));
#11789=AXIS2_PLACEMENT_3D('',#11786,#11787,#11788);
#11790=CYLINDRICAL_SURFACE('',#11789,1.548068003);
#11791=ORIENTED_EDGE('',*,*,#7728,.T.);
#11792=CARTESIAN_POINT('',(-148.940013431,66.781295305,4.25387838));
#11793=DIRECTION('',(0.000392828,-0.999999923,-0.));
#11794=VECTOR('',#11793,6.);
#11795=LINE('',#11792,#11794);
#11796=EDGE_CURVE('',#7637,#7714,#11795,.T.);
#11797=ORIENTED_EDGE('',*,*,#11796,.F.);
#11798=ORIENTED_EDGE('',*,*,#7692,.F.);
#11799=CARTESIAN_POINT('',(-148.823244152,66.781341175,3.664049142));
#11800=DIRECTION('',(0.000392828,-0.999999923,-0.));
#11801=VECTOR('',#11800,6.);
#11802=LINE('',#11799,#11801);
#11803=EDGE_CURVE('',#7679,#7722,#11802,.T.);
#11804=ORIENTED_EDGE('',*,*,#11803,.T.);
#11805=EDGE_LOOP('',(#11791,#11797,#11798,#11804));
#11806=FACE_BOUND('',#11805,.T.);
#11807=ADVANCED_FACE('',(#11806),#11790,.T.);
#11808=CARTESIAN_POINT('',(-147.950309594,66.781684089,3.922570541));
#11809=DIRECTION('',(0.000392828,-0.999999923,-0.));
#11810=DIRECTION('',(0.999999923,0.000392828,0.));
#11811=AXIS2_PLACEMENT_3D('',#11808,#11809,#11810);
#11812=CYLINDRICAL_SURFACE('',#11811,0.910410991);
#11813=ORIENTED_EDGE('',*,*,#7737,.T.);
#11814=ORIENTED_EDGE('',*,*,#11803,.F.);
#11815=ORIENTED_EDGE('',*,*,#7685,.F.);
#11816=ORIENTED_EDGE('',*,*,#11781,.T.);
#11817=EDGE_LOOP('',(#11813,#11814,#11815,#11816));
#11818=FACE_BOUND('',#11817,.T.);
#11819=ADVANCED_FACE('',(#11818),#11812,.T.);
#11820=CARTESIAN_POINT('',(-148.940013431,25.429759664,5.071290777));
#11821=DIRECTION('',(0.999999923,0.000392828,0.));
#11822=DIRECTION('',(-0.000392828,0.999999923,0.));
#11823=AXIS2_PLACEMENT_3D('',#11820,#11821,#11822);
#11824=PLANE('',#11823);
#11825=ORIENTED_EDGE('',*,*,#7778,.T.);
#11826=ORIENTED_EDGE('',*,*,#11718,.T.);
#11827=ORIENTED_EDGE('',*,*,#7855,.F.);
#11828=ORIENTED_EDGE('',*,*,#11674,.F.);
#11829=EDGE_LOOP('',(#11825,#11826,#11827,#11828));
#11830=FACE_BOUND('',#11829,.T.);
#11831=ADVANCED_FACE('',(#11830),#11824,.F.);
#11832=CARTESIAN_POINT('',(-148.940013431,66.781295305,5.152156461));
#11833=DIRECTION('',(0.999999923,0.000392828,0.));
#11834=DIRECTION('',(-0.000392828,0.999999923,0.));
#11835=AXIS2_PLACEMENT_3D('',#11832,#11833,#11834);
#11836=PLANE('',#11835);
#11837=ORIENTED_EDGE('',*,*,#7642,.T.);
#11838=ORIENTED_EDGE('',*,*,#11796,.T.);
#11839=ORIENTED_EDGE('',*,*,#7719,.F.);
#11840=ORIENTED_EDGE('',*,*,#11752,.F.);
#11841=EDGE_LOOP('',(#11837,#11838,#11839,#11840));
#11842=FACE_BOUND('',#11841,.T.);
#11843=ADVANCED_FACE('',(#11842),#11836,.F.);
#11844=CARTESIAN_POINT('',(1.481927086,85.071891382,4.502790987));
#11845=DIRECTION('',(0.000392828,-0.999999923,0.));
#11846=DIRECTION('',(0.999999923,0.000392828,-0.));
#11847=AXIS2_PLACEMENT_3D('',#11844,#11845,#11846);
#11848=CYLINDRICAL_SURFACE('',#11847,1.006430844);
#11849=ORIENTED_EDGE('',*,*,#7594,.F.);
#11850=CARTESIAN_POINT('',(2.477854071,79.069896513,4.663176084));
#11851=VERTEX_POINT('',#11850);
#11852=CARTESIAN_POINT('',(1.484284994,79.069506211,4.502790987));
#11853=DIRECTION('',(0.000392828,-0.999999923,0.));
#11854=DIRECTION('',(-0.999999923,-0.000392828,0.));
#11855=AXIS2_PLACEMENT_3D('',#11852,#11853,#11854);
#11856=CIRCLE('',#11855,1.006430844);
#11857=EDGE_CURVE('',#11851,#7580,#11856,.T.);
#11858=ORIENTED_EDGE('',*,*,#11857,.F.);
#11859=CARTESIAN_POINT('',(2.475496163,85.072281684,4.663176084));
#11860=VERTEX_POINT('',#11859);
#11861=CARTESIAN_POINT('',(2.475496163,85.072281684,4.663176084));
#11862=DIRECTION('',(0.000392828,-0.999999923,0.));
#11863=VECTOR('',#11862,6.002385634);
#11864=LINE('',#11861,#11863);
#11865=EDGE_CURVE('',#11860,#11851,#11864,.T.);
#11866=ORIENTED_EDGE('',*,*,#11865,.F.);
#11867=CARTESIAN_POINT('',(1.481927086,85.071891382,4.502790987));
#11868=DIRECTION('',(0.000392828,-0.999999923,0.));
#11869=DIRECTION('',(-0.999999923,-0.000392828,0.));
#11870=AXIS2_PLACEMENT_3D('',#11867,#11868,#11869);
#11871=CIRCLE('',#11870,1.006430844);
#11872=EDGE_CURVE('',#11860,#7588,#11871,.T.);
#11873=ORIENTED_EDGE('',*,*,#11872,.T.);
#11874=EDGE_LOOP('',(#11849,#11858,#11866,#11873));
#11875=FACE_BOUND('',#11874,.T.);
#11876=ADVANCED_FACE('',(#11875),#11848,.T.);
#11877=CARTESIAN_POINT('',(1.477921958,85.071889809,3.922570541));
#11878=DIRECTION('',(-0.000392828,0.999999923,-0.));
#11879=DIRECTION('',(-0.999999923,-0.000392828,0.));
#11880=AXIS2_PLACEMENT_3D('',#11877,#11878,#11879);
#11881=ELLIPSE('',#11880,0.960411083,0.960410991);
#11882=DIRECTION('',(0.000392828,-0.999999923,0.));
#11883=VECTOR('',#11882,1.);
#11884=SURFACE_OF_LINEAR_EXTRUSION('',#11881,#11883);
#11885=OFFSET_SURFACE('',#11884,0.046134759,.F.);
#11886=CARTESIAN_POINT('',(1.836289867,79.069644489,3.080455398));
#11887=VERTEX_POINT('',#11886);
#11888=CARTESIAN_POINT('',(1.558960737,79.069535546,3.011686163));
#11889=VERTEX_POINT('',#11888);
#11890=CARTESIAN_POINT('',(1.836289867,79.069644489,3.080455398));
#11891=CARTESIAN_POINT('',(1.792124466,79.069627139,3.06178417));
#11892=CARTESIAN_POINT('',(1.746483639,79.06960921,3.046604483));
#11893=CARTESIAN_POINT('',(1.700135917,79.069591004,3.035122318));
#11894=CARTESIAN_POINT('',(1.676962057,79.0695819,3.029381236));
#11895=CARTESIAN_POINT('',(1.653610454,79.069572727,3.02455806));
#11896=CARTESIAN_POINT('',(1.63008163,79.069563484,3.020650111));
#11897=CARTESIAN_POINT('',(1.606552806,79.069554241,3.016742162));
#11898=CARTESIAN_POINT('',(1.583979751,79.069545374,3.013847269));
#11899=CARTESIAN_POINT('',(1.558960737,79.069535546,3.011686163));
#11900=B_SPLINE_CURVE_WITH_KNOTS('',3,(#11890,#11891,#11892,#11893,#11894,#11895,#11896,#11897,#11898,#11899),.UNSPECIFIED.,.F.,.F.,(4,3,3,4),(0.,0.000143657,0.000215485,0.000287314),.UNSPECIFIED.);
#11901=EDGE_CURVE('',#11887,#11889,#11900,.T.);
#11902=ORIENTED_EDGE('',*,*,#11901,.T.);
#11903=CARTESIAN_POINT('',(1.559187712,85.071921732,3.011913137));
#11904=VERTEX_POINT('',#11903);
#11905=CARTESIAN_POINT('',(1.558960737,79.069535546,3.011686163));
#11906=CARTESIAN_POINT('',(1.559035047,81.070330941,3.011760473));
#11907=CARTESIAN_POINT('',(1.559110701,83.071126337,3.011836126));
#11908=CARTESIAN_POINT('',(1.559187712,85.071921732,3.011913137));
#11909=B_SPLINE_CURVE_WITH_KNOTS('',3,(#11905,#11906,#11907,#11908),.UNSPECIFIED.,.F.,.F.,(4,4),(0.,0.006002386),.UNSPECIFIED.);
#11910=EDGE_CURVE('',#11889,#11904,#11909,.T.);
#11911=ORIENTED_EDGE('',*,*,#11910,.T.);
#11912=CARTESIAN_POINT('',(1.83393196,85.072029659,3.080455398));
#11913=VERTEX_POINT('',#11912);
#11914=CARTESIAN_POINT('',(1.83393196,85.072029659,3.080455398));
#11915=CARTESIAN_POINT('',(1.746531875,85.071995326,3.043506409));
#11916=CARTESIAN_POINT('',(1.653460616,85.071958765,3.020325915));
#11917=CARTESIAN_POINT('',(1.559187712,85.071921732,3.011913137));
#11918=B_SPLINE_CURVE_WITH_KNOTS('',3,(#11914,#11915,#11916,#11917),.UNSPECIFIED.,.F.,.F.,(4,4),(0.000867446,0.001150407),.UNSPECIFIED.);
#11919=EDGE_CURVE('',#11913,#11904,#11918,.T.);
#11920=ORIENTED_EDGE('',*,*,#11919,.F.);
#11921=CARTESIAN_POINT('',(1.834699822,85.072029961,3.079094159));
#11922=DIRECTION('',(0.000392828,-0.999999923,0.));
#11923=VECTOR('',#11922,6.002385634);
#11924=LINE('',#11921,#11923);
#11925=EDGE_CURVE('',#11913,#11887,#11924,.T.);
#11926=ORIENTED_EDGE('',*,*,#11925,.T.);
#11927=EDGE_LOOP('',(#11902,#11911,#11920,#11926));
#11928=FACE_BOUND('',#11927,.T.);
#11929=ADVANCED_FACE('',(#11928),#11885,.F.);
#11930=CARTESIAN_POINT('',(1.442338081,85.07187583,2.962159549));
#11931=DIRECTION('',(-0.000392828,0.999999923,-0.));
#11932=DIRECTION('',(0.,-0.,-1.));
#11933=AXIS2_PLACEMENT_3D('',#11930,#11931,#11932);
#11934=PLANE('',#11933);
#11935=ORIENTED_EDGE('',*,*,#7602,.F.);
#11936=ORIENTED_EDGE('',*,*,#11872,.F.);
#11937=CARTESIAN_POINT('',(2.475496163,85.072281684,4.25387838));
#11938=VERTEX_POINT('',#11937);
#11939=CARTESIAN_POINT('',(2.475496163,85.072281684,4.663176084));
#11940=DIRECTION('',(0.,-0.,-1.));
#11941=VECTOR('',#11940,0.409297704);
#11942=LINE('',#11939,#11941);
#11943=EDGE_CURVE('',#11860,#11938,#11942,.T.);
#11944=ORIENTED_EDGE('',*,*,#11943,.T.);
#11945=CARTESIAN_POINT('',(2.358511173,85.072235729,3.662760517));
#11946=VERTEX_POINT('',#11945);
#11947=CARTESIAN_POINT('',(0.923563039,85.071672041,4.25387838));
#11948=DIRECTION('',(0.000392828,-0.999999923,0.));
#11949=DIRECTION('',(-0.999999923,-0.000392828,0.));
#11950=AXIS2_PLACEMENT_3D('',#11947,#11948,#11949);
#11951=CIRCLE('',#11950,1.551933244);
#11952=EDGE_CURVE('',#11946,#11938,#11951,.T.);
#11953=ORIENTED_EDGE('',*,*,#11952,.F.);
#11954=CARTESIAN_POINT('',(1.481927086,85.071891382,3.922570541));
#11955=DIRECTION('',(0.000392828,-0.999999923,0.));
#11956=DIRECTION('',(-0.999999923,-0.000392828,0.));
#11957=AXIS2_PLACEMENT_3D('',#11954,#11955,#11956);
#11958=CIRCLE('',#11957,0.914276232);
#11959=EDGE_CURVE('',#11913,#11946,#11958,.T.);
#11960=ORIENTED_EDGE('',*,*,#11959,.F.);
#11961=ORIENTED_EDGE('',*,*,#11919,.T.);
#11962=CARTESIAN_POINT('',(1.559187712,85.071921732,3.011913137));
#11963=DIRECTION('',(0.707106754,0.000277772,0.707106754));
#11964=VECTOR('',#11963,0.266030924);
#11965=LINE('',#11962,#11964);
#11966=EDGE_CURVE('',#11904,#7597,#11965,.T.);
#11967=ORIENTED_EDGE('',*,*,#11966,.T.);
#11968=EDGE_LOOP('',(#11935,#11936,#11944,#11953,#11960,#11961,#11967));
#11969=FACE_BOUND('',#11968,.T.);
#11970=ADVANCED_FACE('',(#11969),#11934,.T.);
#11971=CARTESIAN_POINT('',(2.475496163,85.072281684,5.255181713));
#11972=DIRECTION('',(-0.999999923,-0.000392828,0.));
#11973=DIRECTION('',(0.000392828,-0.999999923,0.));
#11974=AXIS2_PLACEMENT_3D('',#11971,#11972,#11973);
#11975=PLANE('',#11974);
#11976=CARTESIAN_POINT('',(2.477854071,79.069896513,4.25387838));
#11977=VERTEX_POINT('',#11976);
#11978=CARTESIAN_POINT('',(2.477854071,79.069896513,4.663176084));
#11979=DIRECTION('',(0.,-0.,-1.));
#11980=VECTOR('',#11979,0.409297704);
#11981=LINE('',#11978,#11980);
#11982=EDGE_CURVE('',#11851,#11977,#11981,.T.);
#11983=ORIENTED_EDGE('',*,*,#11982,.T.);
#11984=CARTESIAN_POINT('',(2.475496163,85.072281684,4.25387838));
#11985=DIRECTION('',(0.000392828,-0.999999923,0.));
#11986=VECTOR('',#11985,6.002385634);
#11987=LINE('',#11984,#11986);
#11988=EDGE_CURVE('',#11938,#11977,#11987,.T.);
#11989=ORIENTED_EDGE('',*,*,#11988,.F.);
#11990=ORIENTED_EDGE('',*,*,#11943,.F.);
#11991=ORIENTED_EDGE('',*,*,#11865,.T.);
#11992=EDGE_LOOP('',(#11983,#11989,#11990,#11991));
#11993=FACE_BOUND('',#11992,.T.);
#11994=ADVANCED_FACE('',(#11993),#11975,.F.);
#11995=CARTESIAN_POINT('',(1.481927086,85.071891382,3.922570541));
#11996=DIRECTION('',(0.000392828,-0.999999923,0.));
#11997=DIRECTION('',(0.999999923,0.000392828,-0.));
#11998=AXIS2_PLACEMENT_3D('',#11995,#11996,#11997);
#11999=CYLINDRICAL_SURFACE('',#11998,0.914276232);
#12000=CARTESIAN_POINT('',(2.360869081,79.069850558,3.662760517));
#12001=VERTEX_POINT('',#12000);
#12002=CARTESIAN_POINT('',(1.484284994,79.069506211,3.922570541));
#12003=DIRECTION('',(0.000392828,-0.999999923,0.));
#12004=DIRECTION('',(-0.999999923,-0.000392828,0.));
#12005=AXIS2_PLACEMENT_3D('',#12002,#12003,#12004);
#12006=CIRCLE('',#12005,0.914276232);
#12007=EDGE_CURVE('',#11887,#12001,#12006,.T.);
#12008=ORIENTED_EDGE('',*,*,#12007,.F.);
#12009=ORIENTED_EDGE('',*,*,#11925,.F.);
#12010=ORIENTED_EDGE('',*,*,#11959,.T.);
#12011=CARTESIAN_POINT('',(2.358511173,85.072235729,3.662760517));
#12012=DIRECTION('',(0.000392828,-0.999999923,0.));
#12013=VECTOR('',#12012,6.002385634);
#12014=LINE('',#12011,#12013);
#12015=EDGE_CURVE('',#11946,#12001,#12014,.T.);
#12016=ORIENTED_EDGE('',*,*,#12015,.T.);
#12017=EDGE_LOOP('',(#12008,#12009,#12010,#12016));
#12018=FACE_BOUND('',#12017,.T.);
#12019=ADVANCED_FACE('',(#12018),#11999,.T.);
#12020=CARTESIAN_POINT('',(0.923563039,85.071672041,4.25387838));
#12021=DIRECTION('',(0.000392828,-0.999999923,0.));
#12022=DIRECTION('',(0.999999923,0.000392828,-0.));
#12023=AXIS2_PLACEMENT_3D('',#12020,#12021,#12022);
#12024=CYLINDRICAL_SURFACE('',#12023,1.551933244);
#12025=CARTESIAN_POINT('',(0.925920947,79.06928687,4.25387838));
#12026=DIRECTION('',(0.000392828,-0.999999923,0.));
#12027=DIRECTION('',(-0.999999923,-0.000392828,0.));
#12028=AXIS2_PLACEMENT_3D('',#12025,#12026,#12027);
#12029=CIRCLE('',#12028,1.551933244);
#12030=EDGE_CURVE('',#12001,#11977,#12029,.T.);
#12031=ORIENTED_EDGE('',*,*,#12030,.F.);
#12032=ORIENTED_EDGE('',*,*,#12015,.F.);
#12033=ORIENTED_EDGE('',*,*,#11952,.T.);
#12034=ORIENTED_EDGE('',*,*,#11988,.T.);
#12035=EDGE_LOOP('',(#12031,#12032,#12033,#12034));
#12036=FACE_BOUND('',#12035,.T.);
#12037=ADVANCED_FACE('',(#12036),#12024,.T.);
#12038=CARTESIAN_POINT('',(1.444695988,79.069490659,2.962159549));
#12039=DIRECTION('',(-0.000392828,0.999999923,-0.));
#12040=DIRECTION('',(0.,-0.,-1.));
#12041=AXIS2_PLACEMENT_3D('',#12038,#12039,#12040);
#12042=PLANE('',#12041);
#12043=ORIENTED_EDGE('',*,*,#11982,.F.);
#12044=ORIENTED_EDGE('',*,*,#11857,.T.);
#12045=ORIENTED_EDGE('',*,*,#7585,.T.);
#12046=CARTESIAN_POINT('',(1.747299975,79.069609531,3.2000254));
#12047=DIRECTION('',(-0.707106754,-0.000277772,-0.707106754));
#12048=VECTOR('',#12047,0.266351914);
#12049=LINE('',#12046,#12048);
#12050=EDGE_CURVE('',#7572,#11889,#12049,.T.);
#12051=ORIENTED_EDGE('',*,*,#12050,.T.);
#12052=ORIENTED_EDGE('',*,*,#11901,.F.);
#12053=ORIENTED_EDGE('',*,*,#12007,.T.);
#12054=ORIENTED_EDGE('',*,*,#12030,.T.);
#12055=EDGE_LOOP('',(#12043,#12044,#12045,#12051,#12052,#12053,#12054));
#12056=FACE_BOUND('',#12055,.T.);
#12057=ADVANCED_FACE('',(#12056),#12042,.F.);
#12058=CARTESIAN_POINT('',(1.471650913,43.149514494,4.502790987));
#12059=DIRECTION('',(-0.000392828,0.999999923,-0.));
#12060=DIRECTION('',(-0.999999923,-0.000392828,0.));
#12061=AXIS2_PLACEMENT_3D('',#12058,#12059,#12060);
#12062=CYLINDRICAL_SURFACE('',#12061,1.006430844);
#12063=CARTESIAN_POINT('',(2.462862213,49.151956606,4.663176084));
#12064=VERTEX_POINT('',#12063);
#12065=CARTESIAN_POINT('',(1.469293136,49.151566304,4.502790987));
#12066=DIRECTION('',(0.000392828,-0.999999923,0.));
#12067=DIRECTION('',(-0.999999923,-0.000392828,0.));
#12068=AXIS2_PLACEMENT_3D('',#12065,#12066,#12067);
#12069=CIRCLE('',#12068,1.006430844);
#12070=EDGE_CURVE('',#12064,#7555,#12069,.T.);
#12071=ORIENTED_EDGE('',*,*,#12070,.T.);
#12072=ORIENTED_EDGE('',*,*,#7561,.T.);
#12073=CARTESIAN_POINT('',(2.46521999,43.149904797,4.663176084));
#12074=VERTEX_POINT('',#12073);
#12075=CARTESIAN_POINT('',(1.471650913,43.149514494,4.502790987));
#12076=DIRECTION('',(0.000392828,-0.999999923,0.));
#12077=DIRECTION('',(-0.999999923,-0.000392828,0.));
#12078=AXIS2_PLACEMENT_3D('',#12075,#12076,#12077);
#12079=CIRCLE('',#12078,1.006430844);
#12080=EDGE_CURVE('',#12074,#7547,#12079,.T.);
#12081=ORIENTED_EDGE('',*,*,#12080,.F.);
#12082=CARTESIAN_POINT('',(2.46521999,43.149904797,4.663176084));
#12083=DIRECTION('',(-0.000392828,0.999999923,-0.));
#12084=VECTOR('',#12083,6.002052273);
#12085=LINE('',#12082,#12084);
#12086=EDGE_CURVE('',#12074,#12064,#12085,.T.);
#12087=ORIENTED_EDGE('',*,*,#12086,.T.);
#12088=EDGE_LOOP('',(#12071,#12072,#12081,#12087));
#12089=FACE_BOUND('',#12088,.T.);
#12090=ADVANCED_FACE('',(#12089),#12062,.T.);
#12091=CARTESIAN_POINT('',(1.467645784,43.149512921,3.922570541));
#12092=DIRECTION('',(-0.000392828,0.999999923,-0.));
#12093=DIRECTION('',(-0.999999923,-0.000392828,0.));
#12094=AXIS2_PLACEMENT_3D('',#12091,#12092,#12093);
#12095=ELLIPSE('',#12094,0.960411083,0.960410991);
#12096=DIRECTION('',(-0.000392828,0.999999923,-0.));
#12097=VECTOR('',#12096,1.);
#12098=SURFACE_OF_LINEAR_EXTRUSION('',#12095,#12097);
#12099=OFFSET_SURFACE('',#12098,-0.046134759,.F.);
#12100=CARTESIAN_POINT('',(1.824423648,43.149653074,3.079094159));
#12101=VERTEX_POINT('',#12100);
#12102=CARTESIAN_POINT('',(1.560273125,43.149549308,3.012998551));
#12103=VERTEX_POINT('',#12102);
#12104=CARTESIAN_POINT('',(1.823818721,43.149652836,3.080524298));
#12105=CARTESIAN_POINT('',(1.781799506,43.14963633,3.062750801));
#12106=CARTESIAN_POINT('',(1.73844853,43.1496193,3.04813735));
#12107=CARTESIAN_POINT('',(1.694410204,43.149602001,3.036862389));
#12108=CARTESIAN_POINT('',(1.672391041,43.149593351,3.031224909));
#12109=CARTESIAN_POINT('',(1.650203275,43.149584635,3.026417982));
#12110=CARTESIAN_POINT('',(1.6278474,43.149575853,3.022439177));
#12111=CARTESIAN_POINT('',(1.605491524,43.149567071,3.018460372));
#12112=CARTESIAN_POINT('',(1.583904259,43.149558591,3.015405055));
#12113=CARTESIAN_POINT('',(1.560273125,43.149549308,3.012998551));
#12114=B_SPLINE_CURVE_WITH_KNOTS('',3,(#12104,#12105,#12106,#12107,#12108,#12109,#12110,#12111,#12112,#12113),.UNSPECIFIED.,.F.,.F.,(4,3,3,4),(0.,0.000136696,0.000205044,0.000273392),.UNSPECIFIED.);
#12115=EDGE_CURVE('',#12101,#12103,#12114,.T.);
#12116=ORIENTED_EDGE('',*,*,#12115,.T.);
#12117=CARTESIAN_POINT('',(1.560544733,49.15160215,3.013270158));
#12118=VERTEX_POINT('',#12117);
#12119=CARTESIAN_POINT('',(1.560273125,43.149549308,3.012998551));
#12120=CARTESIAN_POINT('',(1.560362235,45.150233589,3.013087661));
#12121=CARTESIAN_POINT('',(1.560452766,47.150917869,3.013178192));
#12122=CARTESIAN_POINT('',(1.560544733,49.15160215,3.013270158));
#12123=B_SPLINE_CURVE_WITH_KNOTS('',3,(#12119,#12120,#12121,#12122),.UNSPECIFIED.,.F.,.F.,(4,4),(0.,0.006002053),.UNSPECIFIED.);
#12124=EDGE_CURVE('',#12103,#12118,#12123,.T.);
#12125=ORIENTED_EDGE('',*,*,#12124,.T.);
#12126=CARTESIAN_POINT('',(1.822065872,49.151704883,3.079094159));
#12127=VERTEX_POINT('',#12126);
#12128=CARTESIAN_POINT('',(1.821303886,49.151704584,3.080457883));
#12129=CARTESIAN_POINT('',(1.738231553,49.15167195,3.045337797));
#12130=CARTESIAN_POINT('',(1.649912405,49.151637256,3.02263216));
#12131=CARTESIAN_POINT('',(1.560544733,49.15160215,3.013270158));
#12132=B_SPLINE_CURVE_WITH_KNOTS('',3,(#12128,#12129,#12130,#12131),.UNSPECIFIED.,.F.,.F.,(4,4),(0.00086744,0.001136391),.UNSPECIFIED.);
#12133=EDGE_CURVE('',#12127,#12118,#12132,.T.);
#12134=ORIENTED_EDGE('',*,*,#12133,.F.);
#12135=CARTESIAN_POINT('',(1.824423648,43.149653074,3.079094159));
#12136=DIRECTION('',(-0.000392828,0.999999923,-0.));
#12137=VECTOR('',#12136,6.002052273);
#12138=LINE('',#12135,#12137);
#12139=EDGE_CURVE('',#12101,#12127,#12138,.T.);
#12140=ORIENTED_EDGE('',*,*,#12139,.F.);
#12141=EDGE_LOOP('',(#12116,#12125,#12134,#12140));
#12142=FACE_BOUND('',#12141,.T.);
#12143=ADVANCED_FACE('',(#12142),#12099,.T.);
#12144=CARTESIAN_POINT('',(1.432061907,43.149498943,2.962159549));
#12145=DIRECTION('',(-0.000392828,0.999999923,-0.));
#12146=DIRECTION('',(0.,-0.,-1.));
#12147=AXIS2_PLACEMENT_3D('',#12144,#12145,#12146);
#12148=PLANE('',#12147);
#12149=ORIENTED_EDGE('',*,*,#12080,.T.);
#12150=ORIENTED_EDGE('',*,*,#7552,.T.);
#12151=CARTESIAN_POINT('',(1.747299975,43.149622777,3.2000254));
#12152=DIRECTION('',(-0.707106754,-0.000277772,-0.707106754));
#12153=VECTOR('',#12152,0.264495917);
#12154=LINE('',#12151,#12153);
#12155=EDGE_CURVE('',#7539,#12103,#12154,.T.);
#12156=ORIENTED_EDGE('',*,*,#12155,.T.);
#12157=ORIENTED_EDGE('',*,*,#12115,.F.);
#12158=CARTESIAN_POINT('',(2.348235,43.149858842,3.662760517));
#12159=VERTEX_POINT('',#12158);
#12160=CARTESIAN_POINT('',(1.471650913,43.149514494,3.922570541));
#12161=DIRECTION('',(0.000392828,-0.999999923,0.));
#12162=DIRECTION('',(-0.999999923,-0.000392828,0.));
#12163=AXIS2_PLACEMENT_3D('',#12160,#12161,#12162);
#12164=CIRCLE('',#12163,0.914276232);
#12165=EDGE_CURVE('',#12101,#12159,#12164,.T.);
#12166=ORIENTED_EDGE('',*,*,#12165,.T.);
#12167=CARTESIAN_POINT('',(2.46521999,43.149904797,4.25387838));
#12168=VERTEX_POINT('',#12167);
#12169=CARTESIAN_POINT('',(0.913286866,43.149295153,4.25387838));
#12170=DIRECTION('',(0.000392828,-0.999999923,0.));
#12171=DIRECTION('',(-0.999999923,-0.000392828,0.));
#12172=AXIS2_PLACEMENT_3D('',#12169,#12170,#12171);
#12173=CIRCLE('',#12172,1.551933244);
#12174=EDGE_CURVE('',#12159,#12168,#12173,.T.);
#12175=ORIENTED_EDGE('',*,*,#12174,.T.);
#12176=CARTESIAN_POINT('',(2.46521999,43.149904797,4.663176084));
#12177=DIRECTION('',(0.,-0.,-1.));
#12178=VECTOR('',#12177,0.409297704);
#12179=LINE('',#12176,#12178);
#12180=EDGE_CURVE('',#12074,#12168,#12179,.T.);
#12181=ORIENTED_EDGE('',*,*,#12180,.F.);
#12182=EDGE_LOOP('',(#12149,#12150,#12156,#12157,#12166,#12175,#12181));
#12183=FACE_BOUND('',#12182,.T.);
#12184=ADVANCED_FACE('',(#12183),#12148,.F.);
#12185=CARTESIAN_POINT('',(1.42970413,49.151550752,2.962159549));
#12186=DIRECTION('',(-0.000392828,0.999999923,-0.));
#12187=DIRECTION('',(0.,-0.,-1.));
#12188=AXIS2_PLACEMENT_3D('',#12185,#12186,#12187);
#12189=PLANE('',#12188);
#12190=ORIENTED_EDGE('',*,*,#7569,.F.);
#12191=ORIENTED_EDGE('',*,*,#12070,.F.);
#12192=CARTESIAN_POINT('',(2.462862213,49.151956606,4.25387838));
#12193=VERTEX_POINT('',#12192);
#12194=CARTESIAN_POINT('',(2.462862213,49.151956606,4.663176084));
#12195=DIRECTION('',(0.,-0.,-1.));
#12196=VECTOR('',#12195,0.409297704);
#12197=LINE('',#12194,#12196);
#12198=EDGE_CURVE('',#12064,#12193,#12197,.T.);
#12199=ORIENTED_EDGE('',*,*,#12198,.T.);
#12200=CARTESIAN_POINT('',(2.345877223,49.151910651,3.662760517));
#12201=VERTEX_POINT('',#12200);
#12202=CARTESIAN_POINT('',(0.910929089,49.151346963,4.25387838));
#12203=DIRECTION('',(0.000392828,-0.999999923,0.));
#12204=DIRECTION('',(-0.999999923,-0.000392828,0.));
#12205=AXIS2_PLACEMENT_3D('',#12202,#12203,#12204);
#12206=CIRCLE('',#12205,1.551933244);
#12207=EDGE_CURVE('',#12201,#12193,#12206,.T.);
#12208=ORIENTED_EDGE('',*,*,#12207,.F.);
#12209=CARTESIAN_POINT('',(1.469293136,49.151566304,3.922570541));
#12210=DIRECTION('',(0.000392828,-0.999999923,0.));
#12211=DIRECTION('',(-0.999999923,-0.000392828,0.));
#12212=AXIS2_PLACEMENT_3D('',#12209,#12210,#12211);
#12213=CIRCLE('',#12212,0.914276232);
#12214=EDGE_CURVE('',#12127,#12201,#12213,.T.);
#12215=ORIENTED_EDGE('',*,*,#12214,.F.);
#12216=ORIENTED_EDGE('',*,*,#12133,.T.);
#12217=CARTESIAN_POINT('',(1.560544733,49.15160215,3.013270158));
#12218=DIRECTION('',(0.707106754,0.000277772,0.707106754));
#12219=VECTOR('',#12218,0.264111806);
#12220=LINE('',#12217,#12219);
#12221=EDGE_CURVE('',#12118,#7564,#12220,.T.);
#12222=ORIENTED_EDGE('',*,*,#12221,.T.);
#12223=EDGE_LOOP('',(#12190,#12191,#12199,#12208,#12215,#12216,#12222));
#12224=FACE_BOUND('',#12223,.T.);
#12225=ADVANCED_FACE('',(#12224),#12189,.T.);
#12226=CARTESIAN_POINT('',(2.46521999,43.149904797,5.291036443));
#12227=DIRECTION('',(0.999999923,0.000392828,0.));
#12228=DIRECTION('',(-0.000392828,0.999999923,0.));
#12229=AXIS2_PLACEMENT_3D('',#12226,#12227,#12228);
#12230=PLANE('',#12229);
#12231=ORIENTED_EDGE('',*,*,#12198,.F.);
#12232=ORIENTED_EDGE('',*,*,#12086,.F.);
#12233=ORIENTED_EDGE('',*,*,#12180,.T.);
#12234=CARTESIAN_POINT('',(2.46521999,43.149904797,4.25387838));
#12235=DIRECTION('',(-0.000392828,0.999999923,0.));
#12236=VECTOR('',#12235,6.002052273);
#12237=LINE('',#12234,#12236);
#12238=EDGE_CURVE('',#12168,#12193,#12237,.T.);
#12239=ORIENTED_EDGE('',*,*,#12238,.T.);
#12240=EDGE_LOOP('',(#12231,#12232,#12233,#12239));
#12241=FACE_BOUND('',#12240,.T.);
#12242=ADVANCED_FACE('',(#12241),#12230,.T.);
#12243=CARTESIAN_POINT('',(0.913286866,43.149295153,4.25387838));
#12244=DIRECTION('',(-0.000392828,0.999999923,-0.));
#12245=DIRECTION('',(-0.999999923,-0.000392828,0.));
#12246=AXIS2_PLACEMENT_3D('',#12243,#12244,#12245);
#12247=CYLINDRICAL_SURFACE('',#12246,1.551933244);
#12248=ORIENTED_EDGE('',*,*,#12207,.T.);
#12249=ORIENTED_EDGE('',*,*,#12238,.F.);
#12250=ORIENTED_EDGE('',*,*,#12174,.F.);
#12251=CARTESIAN_POINT('',(2.348235,43.149858842,3.662760517));
#12252=DIRECTION('',(-0.000392828,0.999999923,-0.));
#12253=VECTOR('',#12252,6.002052273);
#12254=LINE('',#12251,#12253);
#12255=EDGE_CURVE('',#12159,#12201,#12254,.T.);
#12256=ORIENTED_EDGE('',*,*,#12255,.T.);
#12257=EDGE_LOOP('',(#12248,#12249,#12250,#12256));
#12258=FACE_BOUND('',#12257,.T.);
#12259=ADVANCED_FACE('',(#12258),#12247,.T.);
#12260=CARTESIAN_POINT('',(1.471650913,43.149514494,3.922570541));
#12261=DIRECTION('',(-0.000392828,0.999999923,-0.));
#12262=DIRECTION('',(-0.999999923,-0.000392828,0.));
#12263=AXIS2_PLACEMENT_3D('',#12260,#12261,#12262);
#12264=CYLINDRICAL_SURFACE('',#12263,0.914276232);
#12265=ORIENTED_EDGE('',*,*,#12214,.T.);
#12266=ORIENTED_EDGE('',*,*,#12255,.F.);
#12267=ORIENTED_EDGE('',*,*,#12165,.F.);
#12268=ORIENTED_EDGE('',*,*,#12139,.T.);
#12269=EDGE_LOOP('',(#12265,#12266,#12267,#12268));
#12270=FACE_BOUND('',#12269,.T.);
#12271=ADVANCED_FACE('',(#12270),#12264,.T.);
#12272=CARTESIAN_POINT('',(-3.891031242,43.308316302,-10.05186047));
#12273=DIRECTION('',(0.,-1.,0.));
#12274=DIRECTION('',(0.,0.,-1.));
#12275=AXIS2_PLACEMENT_3D('',#12272,#12273,#12274);
#12276=PLANE('',#12275);
#12277=ORIENTED_EDGE('',*,*,#8173,.F.);
#12278=CARTESIAN_POINT('',(-32.904669278,43.308316302,4.643003493));
#12279=DIRECTION('',(1.,-0.,-0.));
#12280=VECTOR('',#12279,33.764717856);
#12281=LINE('',#12278,#12280);
#12282=EDGE_CURVE('',#8162,#8122,#12281,.T.);
#12283=ORIENTED_EDGE('',*,*,#12282,.T.);
#12284=ORIENTED_EDGE('',*,*,#8150,.F.);
#12285=ORIENTED_EDGE('',*,*,#244,.F.);
#12286=ORIENTED_EDGE('',*,*,#132,.F.);
#12287=ORIENTED_EDGE('',*,*,#2941,.F.);
#12288=EDGE_LOOP('',(#12277,#12283,#12284,#12285,#12286,#12287));
#12289=FACE_BOUND('',#12288,.T.);
#12290=ADVANCED_FACE('',(#12289),#12276,.F.);
#12291=CARTESIAN_POINT('',(-19.505904059,55.761848833,3.729927749));
#12292=DIRECTION('',(0.,1.,0.));
#12293=DIRECTION('',(0.,-0.,1.));
#12294=AXIS2_PLACEMENT_3D('',#12291,#12292,#12293);
#12295=CYLINDRICAL_SURFACE('',#12294,0.960680142);
#12296=ORIENTED_EDGE('',*,*,#7509,.F.);
#12297=ORIENTED_EDGE('',*,*,#7209,.F.);
#12298=ORIENTED_EDGE('',*,*,#11577,.F.);
#12299=ORIENTED_EDGE('',*,*,#7241,.F.);
#12300=EDGE_LOOP('',(#12296,#12297,#12298,#12299));
#12301=FACE_BOUND('',#12300,.T.);
#12302=ADVANCED_FACE('',(#12301),#12295,.F.);
#12303=CARTESIAN_POINT('',(-11.468184604,96.009620346,3.729927749));
#12304=DIRECTION('',(0.,-1.,0.));
#12305=DIRECTION('',(0.,0.,-1.));
#12306=AXIS2_PLACEMENT_3D('',#12303,#12304,#12305);
#12307=CYLINDRICAL_SURFACE('',#12306,0.960680142);
#12308=ORIENTED_EDGE('',*,*,#7517,.F.);
#12309=ORIENTED_EDGE('',*,*,#7255,.F.);
#12310=ORIENTED_EDGE('',*,*,#11569,.F.);
#12311=ORIENTED_EDGE('',*,*,#7176,.F.);
#12312=EDGE_LOOP('',(#12308,#12309,#12310,#12311));
#12313=FACE_BOUND('',#12312,.T.);
#12314=ADVANCED_FACE('',(#12313),#12307,.F.);
#12315=CARTESIAN_POINT('',(-24.887401014,79.036501187,6.426561218));
#12316=DIRECTION('',(-0.514495755,0.514495755,0.685994341));
#12317=DIRECTION('',(0.,-0.8,0.6));
#12318=AXIS2_PLACEMENT_3D('',#12315,#12316,#12317);
#12319=CYLINDRICAL_SURFACE('',#12318,2.738825673);
#12320=ORIENTED_EDGE('',*,*,#10492,.F.);
#12321=CARTESIAN_POINT('',(-27.603146161,83.943306872,8.404259344));
#12322=CARTESIAN_POINT('',(-27.83210247,83.849817311,8.279606595));
#12323=CARTESIAN_POINT('',(-28.061319858,83.7315632,8.190195931));
#12324=CARTESIAN_POINT('',(-28.285853359,83.584194194,8.129343992));
#12325=CARTESIAN_POINT('',(-28.39812011,83.510509691,8.098918023));
#12326=CARTESIAN_POINT('',(-28.508553066,83.429808955,8.076154772));
#12327=CARTESIAN_POINT('',(-28.613970613,83.344125121,8.061131159));
#12328=CARTESIAN_POINT('',(-28.71938816,83.258441287,8.046107546));
#12329=CARTESIAN_POINT('',(-28.8206813,83.167215145,8.038572508));
#12330=CARTESIAN_POINT('',(-28.917716768,83.070299066,8.038482648));
#12331=CARTESIAN_POINT('',(-29.014752236,82.973382987,8.038392788));
#12332=CARTESIAN_POINT('',(-29.10792459,82.870130746,8.045937121));
#12333=CARTESIAN_POINT('',(-29.193859936,82.764503434,8.060927413));
#12334=CARTESIAN_POINT('',(-29.279795282,82.658876123,8.075917705));
#12335=CARTESIAN_POINT('',(-29.359266901,82.55020221,8.098272702));
#12336=CARTESIAN_POINT('',(-29.432583322,82.438774109,8.128311303));
#12337=CARTESIAN_POINT('',(-29.505899743,82.327346008,8.158349905));
#12338=CARTESIAN_POINT('',(-29.573446628,82.212365115,8.196399886));
#12339=CARTESIAN_POINT('',(-29.633840295,82.097146226,8.242353519));
#12340=CARTESIAN_POINT('',(-29.694233963,81.981927337,8.288307153));
#12341=CARTESIAN_POINT('',(-29.747469709,81.866705409,8.341943357));
#12342=CARTESIAN_POINT('',(-29.794206699,81.752246334,8.404259344));
#12343=B_SPLINE_CURVE_WITH_KNOTS('',3,(#12321,#12322,#12323,#12324,#12325,#12326,#12327,#12328,#12329,#12330,#12331,#12332,#12333,#12334,#12335,#12336,#12337,#12338,#12339,#12340,#12341,#12342),.UNSPECIFIED.,.F.,.F.,(4,3,3,3,3,3,3,4),(0.,0.000818792,0.001228187,0.001637583,0.002046979,0.002456375,0.00286577,0.003275166),.UNSPECIFIED.);
#12344=EDGE_CURVE('',#10401,#10480,#12343,.T.);
#12345=ORIENTED_EDGE('',*,*,#12344,.F.);
#12346=ORIENTED_EDGE('',*,*,#10406,.F.);
#12347=ORIENTED_EDGE('',*,*,#7984,.F.);
#12348=EDGE_LOOP('',(#12320,#12345,#12346,#12347));
#12349=FACE_BOUND('',#12348,.T.);
#12350=ADVANCED_FACE('',(#12349),#12319,.F.);
#12351=CARTESIAN_POINT('',(-26.091031242,80.240131415,25.126664608));
#12352=DIRECTION('',(0.,0.,-1.));
#12353=DIRECTION('',(-1.,0.,0.));
#12354=AXIS2_PLACEMENT_3D('',#12351,#12352,#12353);
#12355=CYLINDRICAL_SURFACE('',#12354,4.);
#12356=ORIENTED_EDGE('',*,*,#10486,.F.);
#12357=ORIENTED_EDGE('',*,*,#8255,.F.);
#12358=ORIENTED_EDGE('',*,*,#7430,.F.);
#12359=ORIENTED_EDGE('',*,*,#8231,.F.);
#12360=ORIENTED_EDGE('',*,*,#10413,.F.);
#12361=ORIENTED_EDGE('',*,*,#12344,.T.);
#12362=EDGE_LOOP('',(#12356,#12357,#12358,#12359,#12360,#12361));
#12363=FACE_BOUND('',#12362,.T.);
#12364=ADVANCED_FACE('',(#12363),#12355,.F.);
#12365=CARTESIAN_POINT('',(-9.068281638,59.595502446,5.128400994));
#12366=DIRECTION('',(-0.514495755,0.514495755,-0.685994341));
#12367=DIRECTION('',(-0.8,-0.,0.6));
#12368=AXIS2_PLACEMENT_3D('',#12365,#12366,#12367);
#12369=CYLINDRICAL_SURFACE('',#12368,2.738825673);
#12370=ORIENTED_EDGE('',*,*,#10452,.F.);
#12371=CARTESIAN_POINT('',(-5.378916323,53.715076593,8.404259344));
#12372=CARTESIAN_POINT('',(-5.149960014,53.808566154,8.279606595));
#12373=CARTESIAN_POINT('',(-4.920742626,53.926820265,8.190195931));
#12374=CARTESIAN_POINT('',(-4.696209125,54.074189271,8.129343992));
#12375=CARTESIAN_POINT('',(-4.583942374,54.147873774,8.098918023));
#12376=CARTESIAN_POINT('',(-4.473509418,54.22857451,8.076154772));
#12377=CARTESIAN_POINT('',(-4.368091871,54.314258344,8.061131159));
#12378=CARTESIAN_POINT('',(-4.262674324,54.399942178,8.046107546));
#12379=CARTESIAN_POINT('',(-4.161381184,54.49116832,8.038572508));
#12380=CARTESIAN_POINT('',(-4.064345716,54.588084399,8.038482648));
#12381=CARTESIAN_POINT('',(-3.967310248,54.685000478,8.038392788));
#12382=CARTESIAN_POINT('',(-3.874137894,54.788252719,8.045937121));
#12383=CARTESIAN_POINT('',(-3.788202548,54.893880031,8.060927413));
#12384=CARTESIAN_POINT('',(-3.702267202,54.999507342,8.075917705));
#12385=CARTESIAN_POINT('',(-3.622795583,55.108181255,8.098272702));
#12386=CARTESIAN_POINT('',(-3.549479162,55.219609356,8.128311303));
#12387=CARTESIAN_POINT('',(-3.476162741,55.331037457,8.158349905));
#12388=CARTESIAN_POINT('',(-3.408615856,55.44601835,8.196399886));
#12389=CARTESIAN_POINT('',(-3.348222189,55.561237239,8.242353519));
#12390=CARTESIAN_POINT('',(-3.287828522,55.676456128,8.288307153));
#12391=CARTESIAN_POINT('',(-3.234592775,55.791678056,8.341943357));
#12392=CARTESIAN_POINT('',(-3.187855785,55.906137131,8.404259344));
#12393=B_SPLINE_CURVE_WITH_KNOTS('',3,(#12371,#12372,#12373,#12374,#12375,#12376,#12377,#12378,#12379,#12380,#12381,#12382,#12383,#12384,#12385,#12386,#12387,#12388,#12389,#12390,#12391,#12392),.UNSPECIFIED.,.F.,.F.,(4,3,3,3,3,3,3,4),(0.,0.000818792,0.001228187,0.001637583,0.002046979,0.002456375,0.00286577,0.003275166),.UNSPECIFIED.);
#12394=EDGE_CURVE('',#10521,#10440,#12393,.T.);
#12395=ORIENTED_EDGE('',*,*,#12394,.F.);
#12396=ORIENTED_EDGE('',*,*,#10526,.F.);
#12397=ORIENTED_EDGE('',*,*,#8018,.F.);
#12398=EDGE_LOOP('',(#12370,#12395,#12396,#12397));
#12399=FACE_BOUND('',#12398,.T.);
#12400=ADVANCED_FACE('',(#12399),#12369,.F.);
#12401=CARTESIAN_POINT('',(-6.891031242,57.41825205,25.126664608));
#12402=DIRECTION('',(0.,0.,1.));
#12403=DIRECTION('',(1.,0.,-0.));
#12404=AXIS2_PLACEMENT_3D('',#12401,#12402,#12403);
#12405=CYLINDRICAL_SURFACE('',#12404,4.);
#12406=ORIENTED_EDGE('',*,*,#10446,.F.);
#12407=ORIENTED_EDGE('',*,*,#8193,.F.);
#12408=ORIENTED_EDGE('',*,*,#7398,.F.);
#12409=ORIENTED_EDGE('',*,*,#10360,.F.);
#12410=ORIENTED_EDGE('',*,*,#10533,.F.);
#12411=ORIENTED_EDGE('',*,*,#12394,.T.);
#12412=EDGE_LOOP('',(#12406,#12407,#12408,#12409,#12410,#12411));
#12413=FACE_BOUND('',#12412,.T.);
#12414=ADVANCED_FACE('',(#12413),#12405,.F.);
#12415=CARTESIAN_POINT('',(-26.091031242,57.41825205,25.126664608));
#12416=DIRECTION('',(0.,0.,1.));
#12417=DIRECTION('',(1.,0.,-0.));
#12418=AXIS2_PLACEMENT_3D('',#12415,#12416,#12417);
#12419=CYLINDRICAL_SURFACE('',#12418,4.);
#12420=ORIENTED_EDGE('',*,*,#8269,.F.);
#12421=ORIENTED_EDGE('',*,*,#10508,.F.);
#12422=CARTESIAN_POINT('',(-27.603146161,53.715076593,8.404259344));
#12423=CARTESIAN_POINT('',(-27.83210247,53.808566154,8.279606595));
#12424=CARTESIAN_POINT('',(-28.061319858,53.926820265,8.190195931));
#12425=CARTESIAN_POINT('',(-28.285853359,54.074189271,8.129343992));
#12426=CARTESIAN_POINT('',(-28.39812011,54.147873774,8.098918023));
#12427=CARTESIAN_POINT('',(-28.508553066,54.22857451,8.076154772));
#12428=CARTESIAN_POINT('',(-28.613970613,54.314258344,8.061131159));
#12429=CARTESIAN_POINT('',(-28.71938816,54.399942178,8.046107546));
#12430=CARTESIAN_POINT('',(-28.8206813,54.49116832,8.038572508));
#12431=CARTESIAN_POINT('',(-28.917716768,54.588084399,8.038482648));
#12432=CARTESIAN_POINT('',(-29.014752236,54.685000478,8.038392788));
#12433=CARTESIAN_POINT('',(-29.10792459,54.788252719,8.045937121));
#12434=CARTESIAN_POINT('',(-29.193859936,54.893880031,8.060927413));
#12435=CARTESIAN_POINT('',(-29.279795282,54.999507342,8.075917705));
#12436=CARTESIAN_POINT('',(-29.359266901,55.108181255,8.098272702));
#12437=CARTESIAN_POINT('',(-29.432583322,55.219609356,8.128311303));
#12438=CARTESIAN_POINT('',(-29.505899743,55.331037457,8.158349905));
#12439=CARTESIAN_POINT('',(-29.573446628,55.44601835,8.196399886));
#12440=CARTESIAN_POINT('',(-29.633840295,55.561237239,8.242353519));
#12441=CARTESIAN_POINT('',(-29.694233963,55.676456128,8.288307153));
#12442=CARTESIAN_POINT('',(-29.747469709,55.791678056,8.341943357));
#12443=CARTESIAN_POINT('',(-29.794206699,55.906137131,8.404259344));
#12444=B_SPLINE_CURVE_WITH_KNOTS('',3,(#12422,#12423,#12424,#12425,#12426,#12427,#12428,#12429,#12430,#12431,#12432,#12433,#12434,#12435,#12436,#12437,#12438,#12439,#12440,#12441,#12442,#12443),.UNSPECIFIED.,.F.,.F.,(4,3,3,3,3,3,3,4),(0.,0.000818792,0.001228187,0.001637583,0.002046979,0.002456375,0.00286577,0.003275166),.UNSPECIFIED.);
#12445=EDGE_CURVE('',#10537,#10496,#12444,.T.);
#12446=ORIENTED_EDGE('',*,*,#12445,.F.);
#12447=ORIENTED_EDGE('',*,*,#10543,.F.);
#12448=ORIENTED_EDGE('',*,*,#10367,.F.);
#12449=ORIENTED_EDGE('',*,*,#7381,.F.);
#12450=EDGE_LOOP('',(#12420,#12421,#12446,#12447,#12448,#12449));
#12451=FACE_BOUND('',#12450,.T.);
#12452=ADVANCED_FACE('',(#12451),#12419,.F.);
#12453=CARTESIAN_POINT('',(-24.879957317,58.629325975,6.416636288));
#12454=DIRECTION('',(0.514495755,0.514495755,-0.685994341));
#12455=DIRECTION('',(-0.8,0.,-0.6));
#12456=AXIS2_PLACEMENT_3D('',#12453,#12454,#12455);
#12457=CYLINDRICAL_SURFACE('',#12456,2.738825673);
#12458=ORIENTED_EDGE('',*,*,#8033,.F.);
#12459=ORIENTED_EDGE('',*,*,#10549,.F.);
#12460=ORIENTED_EDGE('',*,*,#12445,.T.);
#12461=ORIENTED_EDGE('',*,*,#10501,.F.);
#12462=EDGE_LOOP('',(#12458,#12459,#12460,#12461));
#12463=FACE_BOUND('',#12462,.T.);
#12464=ADVANCED_FACE('',(#12463),#12457,.F.);
#12465=CARTESIAN_POINT('',(-6.891031242,80.240131415,25.126664608));
#12466=DIRECTION('',(0.,0.,-1.));
#12467=DIRECTION('',(-1.,0.,0.));
#12468=AXIS2_PLACEMENT_3D('',#12465,#12466,#12467);
#12469=CYLINDRICAL_SURFACE('',#12468,4.);
#12470=ORIENTED_EDGE('',*,*,#8207,.F.);
#12471=ORIENTED_EDGE('',*,*,#10468,.F.);
#12472=CARTESIAN_POINT('',(-5.378916323,83.943306872,8.404259344));
#12473=CARTESIAN_POINT('',(-5.149960014,83.849817311,8.279606595));
#12474=CARTESIAN_POINT('',(-4.920742626,83.7315632,8.190195931));
#12475=CARTESIAN_POINT('',(-4.696209125,83.584194194,8.129343992));
#12476=CARTESIAN_POINT('',(-4.583942374,83.510509691,8.098918023));
#12477=CARTESIAN_POINT('',(-4.473509418,83.429808955,8.076154772));
#12478=CARTESIAN_POINT('',(-4.368091871,83.344125121,8.061131159));
#12479=CARTESIAN_POINT('',(-4.262674324,83.258441287,8.046107546));
#12480=CARTESIAN_POINT('',(-4.161381184,83.167215145,8.038572508));
#12481=CARTESIAN_POINT('',(-4.064345716,83.070299066,8.038482648));
#12482=CARTESIAN_POINT('',(-3.967310248,82.973382987,8.038392788));
#12483=CARTESIAN_POINT('',(-3.874137894,82.870130746,8.045937121));
#12484=CARTESIAN_POINT('',(-3.788202548,82.764503434,8.060927413));
#12485=CARTESIAN_POINT('',(-3.702267202,82.658876123,8.075917705));
#12486=CARTESIAN_POINT('',(-3.622795583,82.55020221,8.098272702));
#12487=CARTESIAN_POINT('',(-3.549479162,82.438774109,8.128311303));
#12488=CARTESIAN_POINT('',(-3.476162741,82.327346008,8.158349905));
#12489=CARTESIAN_POINT('',(-3.408615856,82.212365115,8.196399886));
#12490=CARTESIAN_POINT('',(-3.348222189,82.097146226,8.242353519));
#12491=CARTESIAN_POINT('',(-3.287828522,81.981927337,8.288307153));
#12492=CARTESIAN_POINT('',(-3.234592775,81.866705409,8.341943357));
#12493=CARTESIAN_POINT('',(-3.187855785,81.752246334,8.404259344));
#12494=B_SPLINE_CURVE_WITH_KNOTS('',3,(#12472,#12473,#12474,#12475,#12476,#12477,#12478,#12479,#12480,#12481,#12482,#12483,#12484,#12485,#12486,#12487,#12488,#12489,#12490,#12491,#12492,#12493),.UNSPECIFIED.,.F.,.F.,(4,3,3,3,3,3,3,4),(0.,0.000818792,0.001228187,0.001637583,0.002046979,0.002456375,0.00286577,0.003275166),.UNSPECIFIED.);
#12495=EDGE_CURVE('',#10417,#10456,#12494,.T.);
#12496=ORIENTED_EDGE('',*,*,#12495,.F.);
#12497=ORIENTED_EDGE('',*,*,#10423,.F.);
#12498=ORIENTED_EDGE('',*,*,#8238,.F.);
#12499=ORIENTED_EDGE('',*,*,#7415,.F.);
#12500=EDGE_LOOP('',(#12470,#12471,#12496,#12497,#12498,#12499));
#12501=FACE_BOUND('',#12500,.T.);
#12502=ADVANCED_FACE('',(#12501),#12469,.F.);
#12503=CARTESIAN_POINT('',(-23.362609261,63.768553396,-13.930702503));
#12504=DIRECTION('',(0.514495755,0.514495755,0.685994341));
#12505=DIRECTION('',(0.8,-0.,-0.6));
#12506=AXIS2_PLACEMENT_3D('',#12503,#12504,#12505);
#12507=CYLINDRICAL_SURFACE('',#12506,2.738825673);
#12508=ORIENTED_EDGE('',*,*,#8001,.F.);
#12509=ORIENTED_EDGE('',*,*,#10429,.F.);
#12510=ORIENTED_EDGE('',*,*,#12495,.T.);
#12511=ORIENTED_EDGE('',*,*,#10461,.F.);
#12512=EDGE_LOOP('',(#12508,#12509,#12510,#12511));
#12513=FACE_BOUND('',#12512,.T.);
#12514=ADVANCED_FACE('',(#12513),#12507,.F.);
#12515=CARTESIAN_POINT('',(-68.629200338,7.4562341,1.962159549));
#12516=DIRECTION('',(0.999999923,0.000392828,-0.));
#12517=DIRECTION('',(-0.,-0.,-1.));
#12518=AXIS2_PLACEMENT_3D('',#12515,#12516,#12517);
#12519=PLANE('',#12518);
#12520=ORIENTED_EDGE('',*,*,#7062,.F.);
#12521=CARTESIAN_POINT('',(-68.628796003,6.426941258,4.662865821));
#12522=VERTEX_POINT('',#12521);
#12523=CARTESIAN_POINT('',(-68.629184787,7.416645095,4.502790987));
#12524=DIRECTION('',(-0.999999923,-0.000392828,0.));
#12525=DIRECTION('',(-0.000392828,0.999999923,0.));
#12526=AXIS2_PLACEMENT_3D('',#12523,#12524,#12525);
#12527=CIRCLE('',#12526,1.002565603);
#12528=EDGE_CURVE('',#12522,#7055,#12527,.T.);
#12529=ORIENTED_EDGE('',*,*,#12528,.F.);
#12530=CARTESIAN_POINT('',(-68.628796003,6.426941258,4.25387838));
#12531=VERTEX_POINT('',#12530);
#12532=CARTESIAN_POINT('',(-68.628796003,6.426941258,4.662865821));
#12533=DIRECTION('',(-0.,-0.,-1.));
#12534=VECTOR('',#12533,0.40898744);
#12535=LINE('',#12532,#12534);
#12536=EDGE_CURVE('',#12522,#12531,#12535,.T.);
#12537=ORIENTED_EDGE('',*,*,#12536,.T.);
#12538=CARTESIAN_POINT('',(-68.628841873,6.543710537,3.664049142));
#12539=VERTEX_POINT('',#12538);
#12540=CARTESIAN_POINT('',(-68.629404128,7.975009142,4.25387838));
#12541=DIRECTION('',(-0.999999923,-0.000392828,0.));
#12542=DIRECTION('',(-0.000392828,0.999999923,0.));
#12543=AXIS2_PLACEMENT_3D('',#12540,#12541,#12542);
#12544=CIRCLE('',#12543,1.548068003);
#12545=EDGE_CURVE('',#12539,#12531,#12544,.T.);
#12546=ORIENTED_EDGE('',*,*,#12545,.F.);
#12547=CARTESIAN_POINT('',(-68.629049261,7.071645707,3.082630009));
#12548=VERTEX_POINT('',#12547);
#12549=CARTESIAN_POINT('',(-68.629184787,7.416645095,3.922570541));
#12550=DIRECTION('',(-0.999999923,-0.000392828,0.));
#12551=DIRECTION('',(-0.000392828,0.999999923,0.));
#12552=AXIS2_PLACEMENT_3D('',#12549,#12550,#12551);
#12553=CIRCLE('',#12552,0.910410991);
#12554=EDGE_CURVE('',#12548,#12539,#12553,.T.);
#12555=ORIENTED_EDGE('',*,*,#12554,.F.);
#12556=CARTESIAN_POINT('',(-68.629123978,7.26184738,3.016114262));
#12557=VERTEX_POINT('',#12556);
#12558=CARTESIAN_POINT('',(-68.629049133,7.071320312,3.081846765));
#12559=CARTESIAN_POINT('',(-68.629061322,7.102349118,3.068956134));
#12560=CARTESIAN_POINT('',(-68.629073861,7.134269122,3.05837493));
#12561=CARTESIAN_POINT('',(-68.629086391,7.16616368,3.047809765));
#12562=CARTESIAN_POINT('',(-68.62909892,7.198058239,3.0372446));
#12563=CARTESIAN_POINT('',(-68.629111449,7.229952797,3.026679435));
#12564=CARTESIAN_POINT('',(-68.629123978,7.261847355,3.01611427));
#12565=B_SPLINE_CURVE_WITH_KNOTS('',3,(#12558,#12559,#12560,#12561,#12562,#12563,#12564),.UNSPECIFIED.,.F.,.F.,(4,3,4),(0.,0.000100795,0.000201589),.UNSPECIFIED.);
#12566=EDGE_CURVE('',#12548,#12557,#12565,.T.);
#12567=ORIENTED_EDGE('',*,*,#12566,.T.);
#12568=CARTESIAN_POINT('',(-68.629123978,7.26184738,3.016114262));
#12569=CARTESIAN_POINT('',(-68.629099896,7.200543519,3.077417975));
#12570=CARTESIAN_POINT('',(-68.629075814,7.139239658,3.138721688));
#12571=CARTESIAN_POINT('',(-68.629051732,7.077935797,3.2000254));
#12572=B_SPLINE_CURVE_WITH_KNOTS('',3,(#12568,#12569,#12570,#12571),.UNSPECIFIED.,.F.,.F.,(4,4),(0.,0.00026009),.UNSPECIFIED.);
#12573=EDGE_CURVE('',#12557,#7057,#12572,.T.);
#12574=ORIENTED_EDGE('',*,*,#12573,.T.);
#12575=EDGE_LOOP('',(#12520,#12529,#12537,#12546,#12555,#12567,#12574));
#12576=FACE_BOUND('',#12575,.T.);
#12577=ADVANCED_FACE('',(#12576),#12519,.T.);
#12578=CARTESIAN_POINT('',(-74.623577956,7.414290326,4.502790987));
#12579=DIRECTION('',(0.999999923,0.000392828,-0.));
#12580=DIRECTION('',(-0.000392828,0.999999923,0.));
#12581=AXIS2_PLACEMENT_3D('',#12578,#12579,#12580);
#12582=CYLINDRICAL_SURFACE('',#12581,1.002565603);
#12583=ORIENTED_EDGE('',*,*,#12528,.T.);
#12584=ORIENTED_EDGE('',*,*,#7086,.T.);
#12585=ORIENTED_EDGE('',*,*,#6976,.T.);
#12586=ORIENTED_EDGE('',*,*,#7126,.T.);
#12587=CARTESIAN_POINT('',(-74.623189172,6.42458649,4.662865821));
#12588=VERTEX_POINT('',#12587);
#12589=CARTESIAN_POINT('',(-74.623577956,7.414290326,4.502790987));
#12590=DIRECTION('',(-0.999999923,-0.000392828,0.));
#12591=DIRECTION('',(-0.000392828,0.999999923,0.));
#12592=AXIS2_PLACEMENT_3D('',#12589,#12590,#12591);
#12593=CIRCLE('',#12592,1.002565603);
#12594=EDGE_CURVE('',#12588,#7114,#12593,.T.);
#12595=ORIENTED_EDGE('',*,*,#12594,.F.);
#12596=CARTESIAN_POINT('',(-74.623189172,6.42458649,4.662865821));
#12597=DIRECTION('',(0.999999923,0.000392828,-0.));
#12598=VECTOR('',#12597,5.994393632);
#12599=LINE('',#12596,#12598);
#12600=EDGE_CURVE('',#12588,#12522,#12599,.T.);
#12601=ORIENTED_EDGE('',*,*,#12600,.T.);
#12602=EDGE_LOOP('',(#12583,#12584,#12585,#12586,#12595,#12601));
#12603=FACE_BOUND('',#12602,.T.);
#12604=ADVANCED_FACE('',(#12603),#12582,.T.);
#12605=CARTESIAN_POINT('',(-74.623440201,7.063613955,3.084090241));
#12606=CARTESIAN_POINT('',(-68.629047031,7.065968723,3.084090241));
#12607=CARTESIAN_POINT('',(-74.623448984,7.08597223,3.074632575));
#12608=CARTESIAN_POINT('',(-68.629055814,7.088326999,3.074632575));
#12609=CARTESIAN_POINT('',(-74.623457998,7.108920096,3.065991844));
#12610=CARTESIAN_POINT('',(-68.629064829,7.111274864,3.065991844));
#12611=CARTESIAN_POINT('',(-74.623467071,7.13201689,3.058340964));
#12612=CARTESIAN_POINT('',(-68.629073902,7.134371658,3.058340964));
#12613=CARTESIAN_POINT('',(-74.623484243,7.17572933,3.043861092));
#12614=CARTESIAN_POINT('',(-68.629091073,7.178084098,3.043861092));
#12615=CARTESIAN_POINT('',(-74.623501414,7.21944177,3.029381219));
#12616=CARTESIAN_POINT('',(-68.629108245,7.221796538,3.029381219));
#12617=CARTESIAN_POINT('',(-74.623518586,7.26315421,3.014901347));
#12618=CARTESIAN_POINT('',(-68.629125416,7.265508979,3.014901347));
#12619=CARTESIAN_POINT('',(-74.623518586,7.263155082,3.014901058));
#12620=CARTESIAN_POINT('',(-68.629125417,7.26550985,3.014901058));
#12621=CARTESIAN_POINT('',(-74.623518586,7.263155953,3.01490077));
#12622=CARTESIAN_POINT('',(-68.629125417,7.265510722,3.01490077));
#12623=CARTESIAN_POINT('',(-74.623518587,7.263156825,3.014900481));
#12624=CARTESIAN_POINT('',(-68.629125417,7.265511593,3.014900481));
#12625=B_SPLINE_SURFACE_WITH_KNOTS('',3,1,((#12605,#12606),(#12607,#12608),(#12609,#12610),(#12611,#12612),(#12613,#12614),(#12615,#12616),(#12617,#12618),(#12619,#12620),(#12621,#12622),(#12623,#12624)),.UNSPECIFIED.,.F.,.F.,.U.,(4,3,3,4),(2,2),(0.,1.,2.892576097,2.892613829),(0.,1.),.UNSPECIFIED.);
#12626=CARTESIAN_POINT('',(-74.564118773,7.263180159,3.014900481));
#12627=VERTEX_POINT('',#12626);
#12628=CARTESIAN_POINT('',(-68.758503783,7.262050496,3.016030144));
#12629=VERTEX_POINT('',#12628);
#12630=CARTESIAN_POINT('',(-74.564118773,7.263180159,3.014900481));
#12631=CARTESIAN_POINT('',(-72.628913776,7.262803604,3.015277035));
#12632=CARTESIAN_POINT('',(-70.693708779,7.26242705,3.015653589));
#12633=CARTESIAN_POINT('',(-68.758503783,7.262050496,3.016030144));
#12634=B_SPLINE_CURVE_WITH_KNOTS('',3,(#12630,#12631,#12632,#12633),.UNSPECIFIED.,.F.,.F.,(4,4),(0.0000594,0.005865015),.UNSPECIFIED.);
#12635=EDGE_CURVE('',#12627,#12629,#12634,.T.);
#12636=ORIENTED_EDGE('',*,*,#12635,.T.);
#12637=CARTESIAN_POINT('',(-68.758503783,7.262050496,3.016030144));
#12638=CARTESIAN_POINT('',(-68.715377075,7.262042104,3.016038535));
#12639=CARTESIAN_POINT('',(-68.672250474,7.261974399,3.016066575));
#12640=CARTESIAN_POINT('',(-68.629123978,7.26184738,3.016114262));
#12641=B_SPLINE_CURVE_WITH_KNOTS('',3,(#12637,#12638,#12639,#12640),.UNSPECIFIED.,.F.,.F.,(4,4),(0.,0.00012938),.UNSPECIFIED.);
#12642=EDGE_CURVE('',#12629,#12557,#12641,.T.);
#12643=ORIENTED_EDGE('',*,*,#12642,.T.);
#12644=ORIENTED_EDGE('',*,*,#12566,.F.);
#12645=CARTESIAN_POINT('',(-74.62344054,7.064476974,3.08221811));
#12646=VERTEX_POINT('',#12645);
#12647=CARTESIAN_POINT('',(-74.623439963,7.063008991,3.082660083));
#12648=DIRECTION('',(0.999999923,0.000392828,-0.));
#12649=VECTOR('',#12648,5.994393632);
#12650=LINE('',#12647,#12649);
#12651=EDGE_CURVE('',#12646,#12548,#12650,.T.);
#12652=ORIENTED_EDGE('',*,*,#12651,.F.);
#12653=CARTESIAN_POINT('',(-74.623518586,7.26315421,3.014901347));
#12654=VERTEX_POINT('',#12653);
#12655=CARTESIAN_POINT('',(-74.623445864,7.078030554,3.078138031));
#12656=CARTESIAN_POINT('',(-74.623455131,7.101622241,3.068634142));
#12657=CARTESIAN_POINT('',(-74.623463903,7.123950491,3.061055261));
#12658=CARTESIAN_POINT('',(-74.623465934,7.129120728,3.059300326));
#12659=CARTESIAN_POINT('',(-74.623482128,7.170347223,3.04564393));
#12660=CARTESIAN_POINT('',(-74.623500357,7.216750717,3.030272639));
#12661=CARTESIAN_POINT('',(-74.623518586,7.26315421,3.014901347));
#12662=B_SPLINE_CURVE_WITH_KNOTS('',2,(#12655,#12656,#12657,#12658,#12659,#12660,#12661),.UNSPECIFIED.,.F.,.F.,(3,2,2,3),(0.,0.25,0.5,1.),.UNSPECIFIED.);
#12663=EDGE_CURVE('',#12646,#12654,#12662,.T.);
#12664=ORIENTED_EDGE('',*,*,#12663,.T.);
#12665=CARTESIAN_POINT('',(-74.623518586,7.26315421,3.014901347));
#12666=CARTESIAN_POINT('',(-74.603718654,7.263175362,3.014896917));
#12667=CARTESIAN_POINT('',(-74.583918747,7.263184011,3.014896628));
#12668=CARTESIAN_POINT('',(-74.564118773,7.263180159,3.014900481));
#12669=B_SPLINE_CURVE_WITH_KNOTS('',3,(#12665,#12666,#12667,#12668),.UNSPECIFIED.,.F.,.F.,(4,4),(0.,0.0000594),.UNSPECIFIED.);
#12670=EDGE_CURVE('',#12654,#12627,#12669,.T.);
#12671=ORIENTED_EDGE('',*,*,#12670,.T.);
#12672=EDGE_LOOP('',(#12636,#12643,#12644,#12652,#12664,#12671));
#12673=FACE_BOUND('',#12672,.T.);
#12674=ADVANCED_FACE('',(#12673),#12625,.T.);
#12675=CARTESIAN_POINT('',(-74.623593508,7.453879332,1.962159549));
#12676=DIRECTION('',(0.999999923,0.000392828,-0.));
#12677=DIRECTION('',(-0.,-0.,-1.));
#12678=AXIS2_PLACEMENT_3D('',#12675,#12676,#12677);
#12679=PLANE('',#12678);
#12680=ORIENTED_EDGE('',*,*,#12594,.T.);
#12681=ORIENTED_EDGE('',*,*,#7119,.T.);
#12682=CARTESIAN_POINT('',(-74.623445864,7.078030153,3.2000254));
#12683=CARTESIAN_POINT('',(-74.623470104,7.139738172,3.138317382));
#12684=CARTESIAN_POINT('',(-74.623494345,7.201446191,3.076609365));
#12685=CARTESIAN_POINT('',(-74.623518586,7.26315421,3.014901347));
#12686=B_SPLINE_CURVE_WITH_KNOTS('',3,(#12682,#12683,#12684,#12685),.UNSPECIFIED.,.F.,.F.,(4,4),(0.,0.000261805),.UNSPECIFIED.);
#12687=EDGE_CURVE('',#7105,#12654,#12686,.T.);
#12688=ORIENTED_EDGE('',*,*,#12687,.T.);
#12689=ORIENTED_EDGE('',*,*,#12663,.F.);
#12690=CARTESIAN_POINT('',(-74.623235043,6.541355768,3.664049142));
#12691=VERTEX_POINT('',#12690);
#12692=CARTESIAN_POINT('',(-74.623577956,7.414290326,3.922570541));
#12693=DIRECTION('',(-0.999999923,-0.000392828,0.));
#12694=DIRECTION('',(-0.000392828,0.999999923,0.));
#12695=AXIS2_PLACEMENT_3D('',#12692,#12693,#12694);
#12696=CIRCLE('',#12695,0.910410991);
#12697=EDGE_CURVE('',#12646,#12691,#12696,.T.);
#12698=ORIENTED_EDGE('',*,*,#12697,.T.);
#12699=CARTESIAN_POINT('',(-74.623189172,6.42458649,4.25387838));
#12700=VERTEX_POINT('',#12699);
#12701=CARTESIAN_POINT('',(-74.623797298,7.972654373,4.25387838));
#12702=DIRECTION('',(-0.999999923,-0.000392828,0.));
#12703=DIRECTION('',(-0.000392828,0.999999923,0.));
#12704=AXIS2_PLACEMENT_3D('',#12701,#12702,#12703);
#12705=CIRCLE('',#12704,1.548068003);
#12706=EDGE_CURVE('',#12691,#12700,#12705,.T.);
#12707=ORIENTED_EDGE('',*,*,#12706,.T.);
#12708=CARTESIAN_POINT('',(-74.623189172,6.42458649,4.662865821));
#12709=DIRECTION('',(-0.,-0.,-1.));
#12710=VECTOR('',#12709,0.40898744);
#12711=LINE('',#12708,#12710);
#12712=EDGE_CURVE('',#12588,#12700,#12711,.T.);
#12713=ORIENTED_EDGE('',*,*,#12712,.F.);
#12714=EDGE_LOOP('',(#12680,#12681,#12688,#12689,#12698,#12707,#12713));
#12715=FACE_BOUND('',#12714,.T.);
#12716=ADVANCED_FACE('',(#12715),#12679,.F.);
#12717=CARTESIAN_POINT('',(-74.623189172,6.42458649,5.152156461));
#12718=DIRECTION('',(0.000392828,-0.999999923,0.));
#12719=DIRECTION('',(0.999999923,0.000392828,-0.));
#12720=AXIS2_PLACEMENT_3D('',#12717,#12718,#12719);
#12721=PLANE('',#12720);
#12722=ORIENTED_EDGE('',*,*,#12536,.F.);
#12723=ORIENTED_EDGE('',*,*,#12600,.F.);
#12724=ORIENTED_EDGE('',*,*,#12712,.T.);
#12725=CARTESIAN_POINT('',(-74.623189172,6.42458649,4.25387838));
#12726=DIRECTION('',(0.999999923,0.000392828,-0.));
#12727=VECTOR('',#12726,5.994393632);
#12728=LINE('',#12725,#12727);
#12729=EDGE_CURVE('',#12700,#12531,#12728,.T.);
#12730=ORIENTED_EDGE('',*,*,#12729,.T.);
#12731=EDGE_LOOP('',(#12722,#12723,#12724,#12730));
#12732=FACE_BOUND('',#12731,.T.);
#12733=ADVANCED_FACE('',(#12732),#12721,.T.);
#12734=CARTESIAN_POINT('',(-74.623797298,7.972654373,4.25387838));
#12735=DIRECTION('',(0.999999923,0.000392828,-0.));
#12736=DIRECTION('',(-0.000392828,0.999999923,0.));
#12737=AXIS2_PLACEMENT_3D('',#12734,#12735,#12736);
#12738=CYLINDRICAL_SURFACE('',#12737,1.548068003);
#12739=ORIENTED_EDGE('',*,*,#12545,.T.);
#12740=ORIENTED_EDGE('',*,*,#12729,.F.);
#12741=ORIENTED_EDGE('',*,*,#12706,.F.);
#12742=CARTESIAN_POINT('',(-74.623235043,6.541355768,3.664049142));
#12743=DIRECTION('',(0.999999923,0.000392828,-0.));
#12744=VECTOR('',#12743,5.994393632);
#12745=LINE('',#12742,#12744);
#12746=EDGE_CURVE('',#12691,#12539,#12745,.T.);
#12747=ORIENTED_EDGE('',*,*,#12746,.T.);
#12748=EDGE_LOOP('',(#12739,#12740,#12741,#12747));
#12749=FACE_BOUND('',#12748,.T.);
#12750=ADVANCED_FACE('',(#12749),#12738,.T.);
#12751=CARTESIAN_POINT('',(-74.623577956,7.414290326,3.922570541));
#12752=DIRECTION('',(0.999999923,0.000392828,-0.));
#12753=DIRECTION('',(-0.000392828,0.999999923,0.));
#12754=AXIS2_PLACEMENT_3D('',#12751,#12752,#12753);
#12755=CYLINDRICAL_SURFACE('',#12754,0.910410991);
#12756=ORIENTED_EDGE('',*,*,#12554,.T.);
#12757=ORIENTED_EDGE('',*,*,#12746,.F.);
#12758=ORIENTED_EDGE('',*,*,#12697,.F.);
#12759=ORIENTED_EDGE('',*,*,#12651,.T.);
#12760=EDGE_LOOP('',(#12756,#12757,#12758,#12759));
#12761=FACE_BOUND('',#12760,.T.);
#12762=ADVANCED_FACE('',(#12761),#12755,.T.);
#12763=CARTESIAN_POINT('',(-69.89754884,103.933320853,4.502790987));
#12764=DIRECTION('',(-0.999999923,-0.000392828,-0.));
#12765=DIRECTION('',(0.000392828,-0.999999923,0.));
#12766=AXIS2_PLACEMENT_3D('',#12763,#12764,#12765);
#12767=CYLINDRICAL_SURFACE('',#12766,1.002565603);
#12768=CARTESIAN_POINT('',(-75.892330793,104.920669922,4.662865821));
#12769=VERTEX_POINT('',#12768);
#12770=CARTESIAN_POINT('',(-75.89194201,103.930966085,4.502790987));
#12771=DIRECTION('',(0.999999923,0.000392828,0.));
#12772=DIRECTION('',(0.000392828,-0.999999923,0.));
#12773=AXIS2_PLACEMENT_3D('',#12770,#12771,#12772);
#12774=CIRCLE('',#12773,1.002565603);
#12775=EDGE_CURVE('',#12769,#7024,#12774,.T.);
#12776=ORIENTED_EDGE('',*,*,#12775,.T.);
#12777=ORIENTED_EDGE('',*,*,#7030,.T.);
#12778=CARTESIAN_POINT('',(-69.897937624,104.92302469,4.662865821));
#12779=VERTEX_POINT('',#12778);
#12780=CARTESIAN_POINT('',(-69.89754884,103.933320853,4.502790987));
#12781=DIRECTION('',(0.999999923,0.000392828,0.));
#12782=DIRECTION('',(0.000392828,-0.999999923,0.));
#12783=AXIS2_PLACEMENT_3D('',#12780,#12781,#12782);
#12784=CIRCLE('',#12783,1.002565603);
#12785=EDGE_CURVE('',#12779,#7016,#12784,.T.);
#12786=ORIENTED_EDGE('',*,*,#12785,.F.);
#12787=CARTESIAN_POINT('',(-69.897937624,104.92302469,4.662865821));
#12788=DIRECTION('',(-0.999999923,-0.000392828,-0.));
#12789=VECTOR('',#12788,5.994393632);
#12790=LINE('',#12787,#12789);
#12791=EDGE_CURVE('',#12779,#12769,#12790,.T.);
#12792=ORIENTED_EDGE('',*,*,#12791,.T.);
#12793=EDGE_LOOP('',(#12776,#12777,#12786,#12792));
#12794=FACE_BOUND('',#12793,.T.);
#12795=ADVANCED_FACE('',(#12794),#12767,.T.);
#12796=CARTESIAN_POINT('',(-69.897686596,104.283997225,3.084090241));
#12797=CARTESIAN_POINT('',(-75.892079765,104.281642456,3.084090241));
#12798=CARTESIAN_POINT('',(-69.897677813,104.261638949,3.074632575));
#12799=CARTESIAN_POINT('',(-75.892070982,104.259284181,3.074632575));
#12800=CARTESIAN_POINT('',(-69.897668798,104.238691084,3.065991844));
#12801=CARTESIAN_POINT('',(-75.892061968,104.236336315,3.065991844));
#12802=CARTESIAN_POINT('',(-69.897659725,104.21559429,3.058340964));
#12803=CARTESIAN_POINT('',(-75.892052895,104.213239521,3.058340964));
#12804=CARTESIAN_POINT('',(-69.897636673,104.156912474,3.038902443));
#12805=CARTESIAN_POINT('',(-75.892029843,104.154557706,3.038902443));
#12806=CARTESIAN_POINT('',(-69.897613621,104.098230658,3.019463921));
#12807=CARTESIAN_POINT('',(-75.892006791,104.09587589,3.019463921));
#12808=CARTESIAN_POINT('',(-69.897590569,104.039548843,3.0000254));
#12809=CARTESIAN_POINT('',(-75.891983739,104.037194075,3.0000254));
#12810=B_SPLINE_SURFACE_WITH_KNOTS('',3,1,((#12796,#12797),(#12798,#12799),(#12800,#12801),(#12802,#12803),(#12804,#12805),(#12806,#12807),(#12808,#12809)),.UNSPECIFIED.,.F.,.F.,.U.,(4,3,4),(2,2),(0.,1.,3.540690959),(0.,1.),.UNSPECIFIED.);
#12811=CARTESIAN_POINT('',(-69.897686833,104.284602189,3.082660083));
#12812=VERTEX_POINT('',#12811);
#12813=CARTESIAN_POINT('',(-69.897686596,104.283997225,3.084090241));
#12814=CARTESIAN_POINT('',(-69.897674064,104.252095504,3.070595649));
#12815=CARTESIAN_POINT('',(-69.897661167,104.219265942,3.059565865));
#12816=CARTESIAN_POINT('',(-69.897659267,104.214427151,3.057940171));
#12817=CARTESIAN_POINT('',(-69.897623965,104.124562585,3.028187974));
#12818=CARTESIAN_POINT('',(-69.897590569,104.039548614,3.000026092));
#12819=B_SPLINE_CURVE_WITH_KNOTS('',2,(#12813,#12814,#12815,#12816,#12817,#12818),.UNSPECIFIED.,.F.,.F.,(3,2,1,3),(0.,0.947081096,1.086672573,3.535726662),.UNSPECIFIED.);
#12820=EDGE_CURVE('',#12812,#2856,#12819,.T.);
#12821=ORIENTED_EDGE('',*,*,#12820,.T.);
#12822=ORIENTED_EDGE('',*,*,#2861,.F.);
#12823=CARTESIAN_POINT('',(-75.892080003,104.282247421,3.082660083));
#12824=VERTEX_POINT('',#12823);
#12825=CARTESIAN_POINT('',(-75.892079765,104.281642456,3.084090241));
#12826=CARTESIAN_POINT('',(-75.892067683,104.250885423,3.071079857));
#12827=CARTESIAN_POINT('',(-75.892055262,104.219265939,3.060360573));
#12828=CARTESIAN_POINT('',(-75.892054097,104.216300546,3.059355278));
#12829=CARTESIAN_POINT('',(-75.892018333,104.125258173,3.029206921));
#12830=CARTESIAN_POINT('',(-75.891983739,104.037193287,3.000027778));
#12831=B_SPLINE_CURVE_WITH_KNOTS('',2,(#12825,#12826,#12827,#12828,#12829,#12830),.UNSPECIFIED.,.F.,.F.,(3,2,1,3),(-2.535971684,-1.622873448,-1.537239716,1.),.UNSPECIFIED.);
#12832=EDGE_CURVE('',#12824,#2848,#12831,.T.);
#12833=ORIENTED_EDGE('',*,*,#12832,.F.);
#12834=CARTESIAN_POINT('',(-69.897686833,104.284602189,3.082660083));
#12835=DIRECTION('',(-0.999999923,-0.000392828,-0.));
#12836=VECTOR('',#12835,5.994393632);
#12837=LINE('',#12834,#12836);
#12838=EDGE_CURVE('',#12812,#12824,#12837,.T.);
#12839=ORIENTED_EDGE('',*,*,#12838,.F.);
#12840=EDGE_LOOP('',(#12821,#12822,#12833,#12839));
#12841=FACE_BOUND('',#12840,.T.);
#12842=ADVANCED_FACE('',(#12841),#12810,.T.);
#12843=CARTESIAN_POINT('',(-69.897533288,103.893731848,1.962159549));
#12844=DIRECTION('',(-0.999999923,-0.000392828,-0.));
#12845=DIRECTION('',(0.,0.,-1.));
#12846=AXIS2_PLACEMENT_3D('',#12843,#12844,#12845);
#12847=PLANE('',#12846);
#12848=ORIENTED_EDGE('',*,*,#12785,.T.);
#12849=ORIENTED_EDGE('',*,*,#7021,.T.);
#12850=CARTESIAN_POINT('',(-69.897661167,104.219265939,3.2000254));
#12851=DIRECTION('',(0.000277772,-0.707106754,-0.707106754));
#12852=VECTOR('',#12851,0.282842723);
#12853=LINE('',#12850,#12852);
#12854=EDGE_CURVE('',#7008,#2864,#12853,.T.);
#12855=ORIENTED_EDGE('',*,*,#12854,.T.);
#12856=ORIENTED_EDGE('',*,*,#2869,.T.);
#12857=ORIENTED_EDGE('',*,*,#12820,.F.);
#12858=CARTESIAN_POINT('',(-69.897891754,104.806255411,3.664049142));
#12859=VERTEX_POINT('',#12858);
#12860=CARTESIAN_POINT('',(-69.89754884,103.933320853,3.922570541));
#12861=DIRECTION('',(0.999999923,0.000392828,0.));
#12862=DIRECTION('',(0.000392828,-0.999999923,0.));
#12863=AXIS2_PLACEMENT_3D('',#12860,#12861,#12862);
#12864=CIRCLE('',#12863,0.910410991);
#12865=EDGE_CURVE('',#12812,#12859,#12864,.T.);
#12866=ORIENTED_EDGE('',*,*,#12865,.T.);
#12867=CARTESIAN_POINT('',(-69.897937624,104.92302469,4.25387838));
#12868=VERTEX_POINT('',#12867);
#12869=CARTESIAN_POINT('',(-69.897329499,103.374956806,4.25387838));
#12870=DIRECTION('',(0.999999923,0.000392828,0.));
#12871=DIRECTION('',(0.000392828,-0.999999923,0.));
#12872=AXIS2_PLACEMENT_3D('',#12869,#12870,#12871);
#12873=CIRCLE('',#12872,1.548068003);
#12874=EDGE_CURVE('',#12859,#12868,#12873,.T.);
#12875=ORIENTED_EDGE('',*,*,#12874,.T.);
#12876=CARTESIAN_POINT('',(-69.897937624,104.92302469,4.662865821));
#12877=DIRECTION('',(0.,0.,-1.));
#12878=VECTOR('',#12877,0.40898744);
#12879=LINE('',#12876,#12878);
#12880=EDGE_CURVE('',#12779,#12868,#12879,.T.);
#12881=ORIENTED_EDGE('',*,*,#12880,.F.);
#12882=EDGE_LOOP('',(#12848,#12849,#12855,#12856,#12857,#12866,#12875,#12881));
#12883=FACE_BOUND('',#12882,.T.);
#12884=ADVANCED_FACE('',(#12883),#12847,.F.);
#12885=CARTESIAN_POINT('',(-75.891926458,103.891377079,1.962159549));
#12886=DIRECTION('',(-0.999999923,-0.000392828,-0.));
#12887=DIRECTION('',(0.,0.,-1.));
#12888=AXIS2_PLACEMENT_3D('',#12885,#12886,#12887);
#12889=PLANE('',#12888);
#12890=ORIENTED_EDGE('',*,*,#7036,.F.);
#12891=ORIENTED_EDGE('',*,*,#12775,.F.);
#12892=CARTESIAN_POINT('',(-75.892330793,104.920669922,4.25387838));
#12893=VERTEX_POINT('',#12892);
#12894=CARTESIAN_POINT('',(-75.892330793,104.920669922,4.662865821));
#12895=DIRECTION('',(0.,0.,-1.));
#12896=VECTOR('',#12895,0.40898744);
#12897=LINE('',#12894,#12896);
#12898=EDGE_CURVE('',#12769,#12893,#12897,.T.);
#12899=ORIENTED_EDGE('',*,*,#12898,.T.);
#12900=CARTESIAN_POINT('',(-75.892284923,104.803900643,3.664049142));
#12901=VERTEX_POINT('',#12900);
#12902=CARTESIAN_POINT('',(-75.891722668,103.372602038,4.25387838));
#12903=DIRECTION('',(0.999999923,0.000392828,0.));
#12904=DIRECTION('',(0.000392828,-0.999999923,0.));
#12905=AXIS2_PLACEMENT_3D('',#12902,#12903,#12904);
#12906=CIRCLE('',#12905,1.548068003);
#12907=EDGE_CURVE('',#12901,#12893,#12906,.T.);
#12908=ORIENTED_EDGE('',*,*,#12907,.F.);
#12909=CARTESIAN_POINT('',(-75.89194201,103.930966085,3.922570541));
#12910=DIRECTION('',(0.999999923,0.000392828,0.));
#12911=DIRECTION('',(0.000392828,-0.999999923,0.));
#12912=AXIS2_PLACEMENT_3D('',#12909,#12910,#12911);
#12913=CIRCLE('',#12912,0.910410991);
#12914=EDGE_CURVE('',#12824,#12901,#12913,.T.);
#12915=ORIENTED_EDGE('',*,*,#12914,.F.);
#12916=ORIENTED_EDGE('',*,*,#12832,.T.);
#12917=ORIENTED_EDGE('',*,*,#2853,.F.);
#12918=ORIENTED_EDGE('',*,*,#6942,.T.);
#12919=EDGE_LOOP('',(#12890,#12891,#12899,#12908,#12915,#12916,#12917,#12918));
#12920=FACE_BOUND('',#12919,.T.);
#12921=ADVANCED_FACE('',(#12920),#12889,.T.);
#12922=CARTESIAN_POINT('',(-69.897937624,104.92302469,5.152156461));
#12923=DIRECTION('',(-0.000392828,0.999999923,0.));
#12924=DIRECTION('',(-0.999999923,-0.000392828,0.));
#12925=AXIS2_PLACEMENT_3D('',#12922,#12923,#12924);
#12926=PLANE('',#12925);
#12927=ORIENTED_EDGE('',*,*,#12898,.F.);
#12928=ORIENTED_EDGE('',*,*,#12791,.F.);
#12929=ORIENTED_EDGE('',*,*,#12880,.T.);
#12930=CARTESIAN_POINT('',(-69.897937624,104.92302469,4.25387838));
#12931=DIRECTION('',(-0.999999923,-0.000392828,-0.));
#12932=VECTOR('',#12931,5.994393632);
#12933=LINE('',#12930,#12932);
#12934=EDGE_CURVE('',#12868,#12893,#12933,.T.);
#12935=ORIENTED_EDGE('',*,*,#12934,.T.);
#12936=EDGE_LOOP('',(#12927,#12928,#12929,#12935));
#12937=FACE_BOUND('',#12936,.T.);
#12938=ADVANCED_FACE('',(#12937),#12926,.T.);
#12939=CARTESIAN_POINT('',(-69.897329499,103.374956806,4.25387838));
#12940=DIRECTION('',(-0.999999923,-0.000392828,-0.));
#12941=DIRECTION('',(0.000392828,-0.999999923,0.));
#12942=AXIS2_PLACEMENT_3D('',#12939,#12940,#12941);
#12943=CYLINDRICAL_SURFACE('',#12942,1.548068003);
#12944=ORIENTED_EDGE('',*,*,#12907,.T.);
#12945=ORIENTED_EDGE('',*,*,#12934,.F.);
#12946=ORIENTED_EDGE('',*,*,#12874,.F.);
#12947=CARTESIAN_POINT('',(-69.897891754,104.806255411,3.664049142));
#12948=DIRECTION('',(-0.999999923,-0.000392828,-0.));
#12949=VECTOR('',#12948,5.994393632);
#12950=LINE('',#12947,#12949);
#12951=EDGE_CURVE('',#12859,#12901,#12950,.T.);
#12952=ORIENTED_EDGE('',*,*,#12951,.T.);
#12953=EDGE_LOOP('',(#12944,#12945,#12946,#12952));
#12954=FACE_BOUND('',#12953,.T.);
#12955=ADVANCED_FACE('',(#12954),#12943,.T.);
#12956=CARTESIAN_POINT('',(-69.89754884,103.933320853,3.922570541));
#12957=DIRECTION('',(-0.999999923,-0.000392828,-0.));
#12958=DIRECTION('',(0.000392828,-0.999999923,0.));
#12959=AXIS2_PLACEMENT_3D('',#12956,#12957,#12958);
#12960=CYLINDRICAL_SURFACE('',#12959,0.910410991);
#12961=ORIENTED_EDGE('',*,*,#12914,.T.);
#12962=ORIENTED_EDGE('',*,*,#12951,.F.);
#12963=ORIENTED_EDGE('',*,*,#12865,.F.);
#12964=ORIENTED_EDGE('',*,*,#12838,.T.);
#12965=EDGE_LOOP('',(#12961,#12962,#12963,#12964));
#12966=FACE_BOUND('',#12965,.T.);
#12967=ADVANCED_FACE('',(#12966),#12960,.T.);
#12968=CARTESIAN_POINT('',(-8.396146627,89.644330121,3.0000254));
#12969=DIRECTION('',(0.,0.,1.));
#12970=DIRECTION('',(1.,0.,-0.));
#12971=AXIS2_PLACEMENT_3D('',#12968,#12969,#12970);
#12972=CONICAL_SURFACE('',#12971,9.943446601,45.);
#12973=ORIENTED_EDGE('',*,*,#8143,.F.);
#12974=ORIENTED_EDGE('',*,*,#11655,.F.);
#12975=CARTESIAN_POINT('',(1.547299975,89.644330121,3.0000254));
#12976=DIRECTION('',(0.707106781,0.,0.707106781));
#12977=VECTOR('',#12976,0.282842712);
#12978=LINE('',#12975,#12977);
#12979=EDGE_CURVE('',#255,#7605,#12978,.T.);
#12980=ORIENTED_EDGE('',*,*,#12979,.F.);
#12981=ORIENTED_EDGE('',*,*,#261,.F.);
#12982=EDGE_LOOP('',(#12973,#12974,#12980,#12981));
#12983=FACE_BOUND('',#12982,.T.);
#12984=ADVANCED_FACE('',(#12983),#12972,.T.);
#12985=CARTESIAN_POINT('',(1.747299975,55.761848833,3.2000254));
#12986=DIRECTION('',(0.707106781,-0.,-0.707106781));
#12987=DIRECTION('',(-0.,-1.,0.));
#12988=AXIS2_PLACEMENT_3D('',#12985,#12986,#12987);
#12989=PLANE('',#12988);
#12990=ORIENTED_EDGE('',*,*,#12155,.F.);
#12991=ORIENTED_EDGE('',*,*,#7544,.F.);
#12992=CARTESIAN_POINT('',(1.547299975,37.572349331,3.0000254));
#12993=DIRECTION('',(0.707106781,0.,0.707106781));
#12994=VECTOR('',#12993,0.282842712);
#12995=LINE('',#12992,#12994);
#12996=EDGE_CURVE('',#264,#7531,#12995,.T.);
#12997=ORIENTED_EDGE('',*,*,#12996,.F.);
#12998=ORIENTED_EDGE('',*,*,#269,.F.);
#12999=ORIENTED_EDGE('',*,*,#12979,.T.);
#13000=ORIENTED_EDGE('',*,*,#7610,.F.);
#13001=ORIENTED_EDGE('',*,*,#11966,.F.);
#13002=ORIENTED_EDGE('',*,*,#11910,.F.);
#13003=ORIENTED_EDGE('',*,*,#12050,.F.);
#13004=ORIENTED_EDGE('',*,*,#7577,.F.);
#13005=ORIENTED_EDGE('',*,*,#12221,.F.);
#13006=ORIENTED_EDGE('',*,*,#12124,.F.);
#13007=EDGE_LOOP('',(#12990,#12991,#12997,#12998,#12999,#13000,#13001,#13002,#13003,#13004,#13005,#13006));
#13008=FACE_BOUND('',#13007,.T.);
#13009=ADVANCED_FACE('',(#13008),#12989,.T.);
#13010=CARTESIAN_POINT('',(-21.102700025,37.572349331,3.0000254));
#13011=DIRECTION('',(0.,0.,1.));
#13012=DIRECTION('',(1.,0.,-0.));
#13013=AXIS2_PLACEMENT_3D('',#13010,#13011,#13012);
#13014=CONICAL_SURFACE('',#13013,22.65,45.);
#13015=ORIENTED_EDGE('',*,*,#12996,.T.);
#13016=ORIENTED_EDGE('',*,*,#11519,.F.);
#13017=CARTESIAN_POINT('',(0.181337835,29.825593084,3.0000254));
#13018=DIRECTION('',(0.664463024,-0.241844763,0.707106781));
#13019=VECTOR('',#13018,0.282842712);
#13020=LINE('',#13017,#13019);
#13021=EDGE_CURVE('',#272,#10779,#13020,.T.);
#13022=ORIENTED_EDGE('',*,*,#13021,.F.);
#13023=ORIENTED_EDGE('',*,*,#278,.F.);
#13024=EDGE_LOOP('',(#13015,#13016,#13022,#13023));
#13025=FACE_BOUND('',#13024,.T.);
#13026=ADVANCED_FACE('',(#13025),#13014,.T.);
#13027=CARTESIAN_POINT('',(-0.570893848,27.758853519,3.0000254));
#13028=DIRECTION('',(0.664463024,-0.241844763,-0.707106781));
#13029=DIRECTION('',(0.342020143,0.939692621,-0.));
#13030=AXIS2_PLACEMENT_3D('',#13027,#13028,#13029);
#13031=PLANE('',#13030);
#13032=ORIENTED_EDGE('',*,*,#13021,.T.);
#13033=ORIENTED_EDGE('',*,*,#10784,.F.);
#13034=CARTESIAN_POINT('',(-6.539796509,11.359428239,3.0000254));
#13035=DIRECTION('',(0.664463024,-0.241844763,0.707106781));
#13036=VECTOR('',#13035,0.282842712);
#13037=LINE('',#13034,#13036);
#13038=EDGE_CURVE('',#281,#10771,#13037,.T.);
#13039=ORIENTED_EDGE('',*,*,#13038,.F.);
#13040=ORIENTED_EDGE('',*,*,#286,.F.);
#13041=EDGE_LOOP('',(#13032,#13033,#13039,#13040));
#13042=FACE_BOUND('',#13041,.T.);
#13043=ADVANCED_FACE('',(#13042),#13031,.T.);
#13044=CARTESIAN_POINT('',(-7.150596713,11.581741332,3.0000254));
#13045=DIRECTION('',(0.,0.,1.));
#13046=DIRECTION('',(1.,0.,-0.));
#13047=AXIS2_PLACEMENT_3D('',#13044,#13045,#13046);
#13048=CONICAL_SURFACE('',#13047,0.65,45.);
#13049=ORIENTED_EDGE('',*,*,#13038,.T.);
#13050=ORIENTED_EDGE('',*,*,#11537,.F.);
#13051=CARTESIAN_POINT('',(-7.372909806,10.970941128,3.0000254));
#13052=DIRECTION('',(-0.241844763,-0.664463024,0.707106781));
#13053=VECTOR('',#13052,0.282842712);
#13054=LINE('',#13051,#13053);
#13055=EDGE_CURVE('',#289,#10748,#13054,.T.);
#13056=ORIENTED_EDGE('',*,*,#13055,.F.);
#13057=ORIENTED_EDGE('',*,*,#295,.F.);
#13058=EDGE_LOOP('',(#13049,#13050,#13056,#13057));
#13059=FACE_BOUND('',#13058,.T.);
#13060=ADVANCED_FACE('',(#13059),#13048,.T.);
#13061=CARTESIAN_POINT('',(-83.699706904,38.751623349,3.0000254));
#13062=DIRECTION('',(-0.241844763,-0.664463024,-0.707106781));
#13063=DIRECTION('',(0.939692621,-0.342020143,0.));
#13064=AXIS2_PLACEMENT_3D('',#13061,#13062,#13063);
#13065=PLANE('',#13064);
#13066=ORIENTED_EDGE('',*,*,#13055,.T.);
#13067=ORIENTED_EDGE('',*,*,#10753,.F.);
#13068=CARTESIAN_POINT('',(-10.507504462,12.111840279,3.0000254));
#13069=DIRECTION('',(-0.241844763,-0.664463024,0.707106781));
#13070=VECTOR('',#13069,0.282842712);
#13071=LINE('',#13068,#13070);
#13072=EDGE_CURVE('',#161,#10740,#13071,.T.);
#13073=ORIENTED_EDGE('',*,*,#13072,.F.);
#13074=ORIENTED_EDGE('',*,*,#301,.F.);
#13075=EDGE_LOOP('',(#13066,#13067,#13073,#13074));
#13076=FACE_BOUND('',#13075,.T.);
#13077=ADVANCED_FACE('',(#13076),#13065,.T.);
#13078=CARTESIAN_POINT('',(-83.699706904,38.751623349,3.0000254));
#13079=DIRECTION('',(-0.241844763,-0.664463024,-0.707106781));
#13080=DIRECTION('',(0.939692621,-0.342020143,0.));
#13081=AXIS2_PLACEMENT_3D('',#13078,#13079,#13080);
#13082=PLANE('',#13081);
#13083=ORIENTED_EDGE('',*,*,#13072,.T.);
#13084=ORIENTED_EDGE('',*,*,#10745,.F.);
#13085=CARTESIAN_POINT('',(-18.796395908,15.128750041,3.0000254));
#13086=DIRECTION('',(-0.241844763,-0.664463024,0.707106781));
#13087=VECTOR('',#13086,0.282842712);
#13088=LINE('',#13085,#13087);
#13089=EDGE_CURVE('',#168,#10732,#13088,.T.);
#13090=ORIENTED_EDGE('',*,*,#13089,.F.);
#13091=ORIENTED_EDGE('',*,*,#173,.F.);
#13092=EDGE_LOOP('',(#13083,#13084,#13090,#13091));
#13093=FACE_BOUND('',#13092,.T.);
#13094=ADVANCED_FACE('',(#13093),#13082,.T.);
#13095=CARTESIAN_POINT('',(-19.258123101,13.860165003,3.2000254));
#13096=DIRECTION('',(0.,0.,-1.));
#13097=DIRECTION('',(-1.,0.,0.));
#13098=AXIS2_PLACEMENT_3D('',#13095,#13096,#13097);
#13099=CONICAL_SURFACE('',#13098,1.15,45.);
#13100=ORIENTED_EDGE('',*,*,#13089,.T.);
#13101=ORIENTED_EDGE('',*,*,#11501,.F.);
#13102=CARTESIAN_POINT('',(-20.287552928,14.372780095,3.2000254));
#13103=VERTEX_POINT('',#13102);
#13104=CARTESIAN_POINT('',(-19.258123101,13.860165003,3.2000254));
#13105=DIRECTION('',(0.,0.,-1.));
#13106=DIRECTION('',(-1.,0.,0.));
#13107=AXIS2_PLACEMENT_3D('',#13104,#13105,#13106);
#13108=CIRCLE('',#13107,1.15);
#13109=EDGE_CURVE('',#13103,#11489,#13108,.T.);
#13110=ORIENTED_EDGE('',*,*,#13109,.F.);
#13111=CARTESIAN_POINT('',(-20.466584202,14.461930546,3.0000254));
#13112=DIRECTION('',(0.63297114,-0.315194442,0.707106781));
#13113=VECTOR('',#13112,0.282842712);
#13114=LINE('',#13111,#13113);
#13115=EDGE_CURVE('',#176,#13103,#13114,.T.);
#13116=ORIENTED_EDGE('',*,*,#13115,.F.);
#13117=ORIENTED_EDGE('',*,*,#182,.F.);
#13118=EDGE_LOOP('',(#13100,#13101,#13110,#13116,#13117));
#13119=FACE_BOUND('',#13118,.T.);
#13120=ADVANCED_FACE('',(#13119),#13099,.F.);
#13121=CARTESIAN_POINT('',(-19.258123101,13.860165003,3.0000254));
#13122=DIRECTION('',(0.,0.,-1.));
#13123=DIRECTION('',(-1.,0.,0.));
#13124=AXIS2_PLACEMENT_3D('',#13121,#13122,#13123);
#13125=CONICAL_SURFACE('',#13124,1.35,45.);
#13126=ORIENTED_EDGE('',*,*,#13115,.T.);
#13127=CARTESIAN_POINT('',(-19.258123101,13.860165003,3.2000254));
#13128=DIRECTION('',(0.,0.,-1.));
#13129=DIRECTION('',(-1.,0.,0.));
#13130=AXIS2_PLACEMENT_3D('',#13127,#13128,#13129);
#13131=CIRCLE('',#13130,1.15);
#13132=EDGE_CURVE('',#11441,#13103,#13131,.T.);
#13133=ORIENTED_EDGE('',*,*,#13132,.F.);
#13134=CARTESIAN_POINT('',(-20.526708139,14.321892196,3.0000254));
#13135=DIRECTION('',(0.664463024,-0.241844763,0.707106781));
#13136=VECTOR('',#13135,0.282842712);
#13137=LINE('',#13134,#13136);
#13138=EDGE_CURVE('',#2968,#11441,#13137,.T.);
#13139=ORIENTED_EDGE('',*,*,#13138,.F.);
#13140=ORIENTED_EDGE('',*,*,#2974,.F.);
#13141=EDGE_LOOP('',(#13126,#13133,#13139,#13140));
#13142=FACE_BOUND('',#13141,.T.);
#13143=ADVANCED_FACE('',(#13142),#13125,.F.);
#13144=CARTESIAN_POINT('',(-13.873765192,32.600702718,3.0000254));
#13145=DIRECTION('',(0.664463024,-0.241844763,-0.707106781));
#13146=DIRECTION('',(0.342020143,0.939692621,0.));
#13147=AXIS2_PLACEMENT_3D('',#13144,#13145,#13146);
#13148=PLANE('',#13147);
#13149=ORIENTED_EDGE('',*,*,#13138,.T.);
#13150=ORIENTED_EDGE('',*,*,#11446,.F.);
#13151=CARTESIAN_POINT('',(-26.375262146,-1.746877874,3.0000254));
#13152=DIRECTION('',(0.664463024,-0.241844763,0.707106781));
#13153=VECTOR('',#13152,0.282842712);
#13154=LINE('',#13151,#13153);
#13155=EDGE_CURVE('',#2977,#11433,#13154,.T.);
#13156=ORIENTED_EDGE('',*,*,#13155,.F.);
#13157=ORIENTED_EDGE('',*,*,#2982,.F.);
#13158=EDGE_LOOP('',(#13149,#13150,#13156,#13157));
#13159=FACE_BOUND('',#13158,.T.);
#13160=ADVANCED_FACE('',(#13159),#13148,.T.);
#13161=CARTESIAN_POINT('',(-26.98606235,-1.524564781,3.0000254));
#13162=DIRECTION('',(0.,0.,1.));
#13163=DIRECTION('',(0.,-1.,0.));
#13164=AXIS2_PLACEMENT_3D('',#13161,#13162,#13163);
#13165=CONICAL_SURFACE('',#13164,0.65,45.);
#13166=CARTESIAN_POINT('',(-26.98606235,-2.374564781,3.2000254));
#13167=DIRECTION('',(-0.,0.707106781,-0.707106781));
#13168=VECTOR('',#13167,0.282842712);
#13169=LINE('',#13166,#13168);
#13170=EDGE_CURVE('',#11464,#2985,#13169,.T.);
#13171=ORIENTED_EDGE('',*,*,#13170,.T.);
#13172=ORIENTED_EDGE('',*,*,#2991,.F.);
#13173=ORIENTED_EDGE('',*,*,#13155,.T.);
#13174=ORIENTED_EDGE('',*,*,#11476,.F.);
#13175=EDGE_LOOP('',(#13171,#13172,#13173,#13174));
#13176=FACE_BOUND('',#13175,.T.);
#13177=ADVANCED_FACE('',(#13176),#13165,.T.);
#13178=CARTESIAN_POINT('',(-90.300705227,20.615529513,3.2000254));
#13179=DIRECTION('',(-0.241844763,-0.664463024,-0.707106781));
#13180=DIRECTION('',(-0.939692621,0.342020143,0.));
#13181=AXIS2_PLACEMENT_3D('',#13178,#13179,#13180);
#13182=PLANE('',#13181);
#13183=CARTESIAN_POINT('',(-27.208375443,-2.135364985,3.0000254));
#13184=DIRECTION('',(-0.241844763,-0.664463024,0.707106781));
#13185=VECTOR('',#13184,0.282842712);
#13186=LINE('',#13183,#13185);
#13187=EDGE_CURVE('',#2994,#10818,#13186,.T.);
#13188=ORIENTED_EDGE('',*,*,#13187,.T.);
#13189=ORIENTED_EDGE('',*,*,#10823,.F.);
#13190=CARTESIAN_POINT('',(-32.8798476,-0.071117935,3.0000254));
#13191=DIRECTION('',(-0.241844763,-0.664463024,0.707106781));
#13192=VECTOR('',#13191,0.282842712);
#13193=LINE('',#13190,#13192);
#13194=EDGE_CURVE('',#2611,#10810,#13193,.T.);
#13195=ORIENTED_EDGE('',*,*,#13194,.F.);
#13196=ORIENTED_EDGE('',*,*,#3006,.F.);
#13197=EDGE_LOOP('',(#13188,#13189,#13195,#13196));
#13198=FACE_BOUND('',#13197,.T.);
#13199=ADVANCED_FACE('',(#13198),#13182,.T.);
#13200=CARTESIAN_POINT('',(-90.300705227,20.615529513,3.2000254));
#13201=DIRECTION('',(-0.241844763,-0.664463024,-0.707106781));
#13202=DIRECTION('',(-0.939692621,0.342020143,0.));
#13203=AXIS2_PLACEMENT_3D('',#13200,#13201,#13202);
#13204=PLANE('',#13203);
#13205=ORIENTED_EDGE('',*,*,#13194,.T.);
#13206=ORIENTED_EDGE('',*,*,#10815,.F.);
#13207=CARTESIAN_POINT('',(-38.330606093,1.912795911,3.0000254));
#13208=DIRECTION('',(-0.241844763,-0.664463024,0.707106781));
#13209=VECTOR('',#13208,0.282842712);
#13210=LINE('',#13207,#13209);
#13211=EDGE_CURVE('',#2619,#10802,#13210,.T.);
#13212=ORIENTED_EDGE('',*,*,#13211,.F.);
#13213=ORIENTED_EDGE('',*,*,#2624,.F.);
#13214=EDGE_LOOP('',(#13205,#13206,#13212,#13213));
#13215=FACE_BOUND('',#13214,.T.);
#13216=ADVANCED_FACE('',(#13215),#13204,.T.);
#13217=CARTESIAN_POINT('',(-62.391723176,-64.194579962,3.2000254));
#13218=DIRECTION('',(0.,0.,-1.));
#13219=DIRECTION('',(-1.,0.,0.));
#13220=AXIS2_PLACEMENT_3D('',#13217,#13218,#13219);
#13221=CONICAL_SURFACE('',#13220,70.15,45.);
#13222=ORIENTED_EDGE('',*,*,#13211,.T.);
#13223=ORIENTED_EDGE('',*,*,#11173,.F.);
#13224=CARTESIAN_POINT('',(-50.175573877,5.086645463,3.0000254));
#13225=DIRECTION('',(-0.122787804,-0.69636424,0.707106781));
#13226=VECTOR('',#13225,0.282842712);
#13227=LINE('',#13224,#13226);
#13228=EDGE_CURVE('',#2627,#10842,#13227,.T.);
#13229=ORIENTED_EDGE('',*,*,#13228,.F.);
#13230=ORIENTED_EDGE('',*,*,#2633,.F.);
#13231=EDGE_LOOP('',(#13222,#13223,#13229,#13230));
#13232=FACE_BOUND('',#13231,.T.);
#13233=ADVANCED_FACE('',(#13232),#13221,.F.);
#13234=CARTESIAN_POINT('',(-85.385002642,11.091932407,3.2000254));
#13235=DIRECTION('',(-0.122787804,-0.69636424,-0.707106781));
#13236=DIRECTION('',(-0.984807753,0.173648178,0.));
#13237=AXIS2_PLACEMENT_3D('',#13234,#13235,#13236);
#13238=PLANE('',#13237);
#13239=ORIENTED_EDGE('',*,*,#13228,.T.);
#13240=ORIENTED_EDGE('',*,*,#10847,.F.);
#13241=CARTESIAN_POINT('',(-56.542354484,6.209280664,3.0000254));
#13242=DIRECTION('',(-0.122787804,-0.69636424,0.707106781));
#13243=VECTOR('',#13242,0.282842712);
#13244=LINE('',#13241,#13243);
#13245=EDGE_CURVE('',#2636,#7065,#13244,.T.);
#13246=ORIENTED_EDGE('',*,*,#13245,.F.);
#13247=ORIENTED_EDGE('',*,*,#2641,.F.);
#13248=EDGE_LOOP('',(#13239,#13240,#13246,#13247));
#13249=FACE_BOUND('',#13248,.T.);
#13250=ADVANCED_FACE('',(#13249),#13238,.T.);
#13251=CARTESIAN_POINT('',(-68.758503783,-63.07194476,3.2000254));
#13252=DIRECTION('',(0.,0.,-1.));
#13253=DIRECTION('',(-1.,0.,0.));
#13254=AXIS2_PLACEMENT_3D('',#13251,#13252,#13253);
#13255=CONICAL_SURFACE('',#13254,70.15,45.);
#13256=ORIENTED_EDGE('',*,*,#12573,.F.);
#13257=ORIENTED_EDGE('',*,*,#12642,.F.);
#13258=CARTESIAN_POINT('',(-68.758503783,7.27805524,3.0000254));
#13259=DIRECTION('',(0.,-0.707106781,0.707106781));
#13260=VECTOR('',#13259,0.022634126);
#13261=LINE('',#13258,#13260);
#13262=EDGE_CURVE('',#2644,#12629,#13261,.T.);
#13263=ORIENTED_EDGE('',*,*,#13262,.F.);
#13264=ORIENTED_EDGE('',*,*,#2650,.F.);
#13265=ORIENTED_EDGE('',*,*,#13245,.T.);
#13266=ORIENTED_EDGE('',*,*,#7071,.F.);
#13267=EDGE_LOOP('',(#13256,#13257,#13263,#13264,#13265,#13266));
#13268=FACE_BOUND('',#13267,.T.);
#13269=ADVANCED_FACE('',(#13268),#13255,.F.);
#13270=CARTESIAN_POINT('',(-77.50849115,7.07805524,3.2000254));
#13271=DIRECTION('',(0.,-0.707106781,-0.707106781));
#13272=DIRECTION('',(-1.,0.,0.));
#13273=AXIS2_PLACEMENT_3D('',#13270,#13271,#13272);
#13274=PLANE('',#13273);
#13275=ORIENTED_EDGE('',*,*,#13262,.T.);
#13276=ORIENTED_EDGE('',*,*,#12635,.F.);
#13277=CARTESIAN_POINT('',(-74.564118773,7.27805524,3.0000254));
#13278=DIRECTION('',(0.,-0.707106781,0.707106781));
#13279=VECTOR('',#13278,0.021036541);
#13280=LINE('',#13277,#13279);
#13281=EDGE_CURVE('',#2653,#12627,#13280,.T.);
#13282=ORIENTED_EDGE('',*,*,#13281,.F.);
#13283=ORIENTED_EDGE('',*,*,#2658,.F.);
#13284=EDGE_LOOP('',(#13275,#13276,#13282,#13283));
#13285=FACE_BOUND('',#13284,.T.);
#13286=ADVANCED_FACE('',(#13285),#13274,.T.);
#13287=CARTESIAN_POINT('',(-74.564118773,-63.07194476,3.2000254));
#13288=DIRECTION('',(0.,0.,-1.));
#13289=DIRECTION('',(-1.,0.,0.));
#13290=AXIS2_PLACEMENT_3D('',#13287,#13288,#13289);
#13291=CONICAL_SURFACE('',#13290,70.15,45.);
#13292=ORIENTED_EDGE('',*,*,#12687,.F.);
#13293=ORIENTED_EDGE('',*,*,#7111,.F.);
#13294=CARTESIAN_POINT('',(-86.780268072,6.209280664,3.0000254));
#13295=DIRECTION('',(0.122787804,-0.69636424,0.707106781));
#13296=VECTOR('',#13295,0.282842712);
#13297=LINE('',#13294,#13296);
#13298=EDGE_CURVE('',#2661,#7097,#13297,.T.);
#13299=ORIENTED_EDGE('',*,*,#13298,.F.);
#13300=ORIENTED_EDGE('',*,*,#2667,.F.);
#13301=ORIENTED_EDGE('',*,*,#13281,.T.);
#13302=ORIENTED_EDGE('',*,*,#12670,.F.);
#13303=EDGE_LOOP('',(#13292,#13293,#13299,#13300,#13301,#13302));
#13304=FACE_BOUND('',#13303,.T.);
#13305=ADVANCED_FACE('',(#13304),#13291,.F.);
#13306=CARTESIAN_POINT('',(-69.279351565,9.092079109,3.2000254));
#13307=DIRECTION('',(0.122787804,-0.69636424,-0.707106781));
#13308=DIRECTION('',(-0.984807753,-0.173648178,0.));
#13309=AXIS2_PLACEMENT_3D('',#13306,#13307,#13308);
#13310=PLANE('',#13309);
#13311=ORIENTED_EDGE('',*,*,#13298,.T.);
#13312=ORIENTED_EDGE('',*,*,#11155,.F.);
#13313=CARTESIAN_POINT('',(-98.477369144,4.146766149,3.0000254));
#13314=DIRECTION('',(0.122787804,-0.69636424,0.707106781));
#13315=VECTOR('',#13314,0.282842712);
#13316=LINE('',#13313,#13315);
#13317=EDGE_CURVE('',#2670,#11144,#13316,.T.);
#13318=ORIENTED_EDGE('',*,*,#13317,.F.);
#13319=ORIENTED_EDGE('',*,*,#2675,.F.);
#13320=EDGE_LOOP('',(#13311,#13312,#13318,#13319));
#13321=FACE_BOUND('',#13320,.T.);
#13322=ADVANCED_FACE('',(#13321),#13310,.T.);
#13323=CARTESIAN_POINT('',(-98.59024046,4.786891188,3.0000254));
#13324=DIRECTION('',(0.,0.,1.));
#13325=DIRECTION('',(1.,0.,-0.));
#13326=AXIS2_PLACEMENT_3D('',#13323,#13324,#13325);
#13327=CONICAL_SURFACE('',#13326,0.65,45.);
#13328=ORIENTED_EDGE('',*,*,#13317,.T.);
#13329=ORIENTED_EDGE('',*,*,#11191,.F.);
#13330=CARTESIAN_POINT('',(-99.230365499,4.674019873,3.0000254));
#13331=DIRECTION('',(-0.69636424,-0.122787804,0.707106781));
#13332=VECTOR('',#13331,0.282842712);
#13333=LINE('',#13330,#13332);
#13334=EDGE_CURVE('',#2678,#11121,#13333,.T.);
#13335=ORIENTED_EDGE('',*,*,#13334,.F.);
#13336=ORIENTED_EDGE('',*,*,#2684,.F.);
#13337=EDGE_LOOP('',(#13328,#13329,#13335,#13336));
#13338=FACE_BOUND('',#13337,.T.);
#13339=ADVANCED_FACE('',(#13338),#13327,.T.);
#13340=CARTESIAN_POINT('',(-107.508865685,50.471973371,3.2000254));
#13341=DIRECTION('',(-0.69636424,-0.122787804,-0.707106781));
#13342=DIRECTION('',(-0.173648178,0.984807753,0.));
#13343=AXIS2_PLACEMENT_3D('',#13340,#13341,#13342);
#13344=PLANE('',#13343);
#13345=ORIENTED_EDGE('',*,*,#13334,.T.);
#13346=ORIENTED_EDGE('',*,*,#11126,.F.);
#13347=CARTESIAN_POINT('',(-99.938934156,8.692512416,3.0000254));
#13348=DIRECTION('',(-0.69636424,-0.122787804,0.707106781));
#13349=VECTOR('',#13348,0.282842712);
#13350=LINE('',#13347,#13349);
#13351=EDGE_CURVE('',#2687,#11113,#13350,.T.);
#13352=ORIENTED_EDGE('',*,*,#13351,.F.);
#13353=ORIENTED_EDGE('',*,*,#2692,.F.);
#13354=EDGE_LOOP('',(#13345,#13346,#13352,#13353));
#13355=FACE_BOUND('',#13354,.T.);
#13356=ADVANCED_FACE('',(#13355),#13344,.T.);
#13357=CARTESIAN_POINT('',(-101.268424623,8.458087376,3.2000254));
#13358=DIRECTION('',(0.,-0.,-1.));
#13359=DIRECTION('',(0.,1.,-0.));
#13360=AXIS2_PLACEMENT_3D('',#13357,#13358,#13359);
#13361=CONICAL_SURFACE('',#13360,1.15,45.);
#13362=ORIENTED_EDGE('',*,*,#13351,.T.);
#13363=ORIENTED_EDGE('',*,*,#11402,.F.);
#13364=CARTESIAN_POINT('',(-101.268424623,9.808087376,3.0000254));
#13365=DIRECTION('',(0.,-0.707106781,0.707106781));
#13366=VECTOR('',#13365,0.282842712);
#13367=LINE('',#13364,#13366);
#13368=EDGE_CURVE('',#2695,#11090,#13367,.T.);
#13369=ORIENTED_EDGE('',*,*,#13368,.F.);
#13370=ORIENTED_EDGE('',*,*,#2701,.F.);
#13371=EDGE_LOOP('',(#13362,#13363,#13369,#13370));
#13372=FACE_BOUND('',#13371,.T.);
#13373=ADVANCED_FACE('',(#13372),#13361,.F.);
#13374=CARTESIAN_POINT('',(-77.50849115,9.608087376,3.2000254));
#13375=DIRECTION('',(-0.,-0.707106781,-0.707106781));
#13376=DIRECTION('',(-1.,0.,-0.));
#13377=AXIS2_PLACEMENT_3D('',#13374,#13375,#13376);
#13378=PLANE('',#13377);
#13379=ORIENTED_EDGE('',*,*,#13368,.T.);
#13380=ORIENTED_EDGE('',*,*,#11095,.F.);
#13381=ORIENTED_EDGE('',*,*,#11233,.F.);
#13382=CARTESIAN_POINT('',(-147.38022606,9.808087376,3.0000254));
#13383=DIRECTION('',(0.,-0.707106781,0.707106781));
#13384=VECTOR('',#13383,0.266826164);
#13385=LINE('',#13382,#13384);
#13386=EDGE_CURVE('',#2704,#11214,#13385,.T.);
#13387=ORIENTED_EDGE('',*,*,#13386,.F.);
#13388=ORIENTED_EDGE('',*,*,#2709,.F.);
#13389=EDGE_LOOP('',(#13379,#13380,#13381,#13387,#13388));
#13390=FACE_BOUND('',#13389,.T.);
#13391=ADVANCED_FACE('',(#13390),#13378,.T.);
#13392=CARTESIAN_POINT('',(-147.38022606,10.458087376,3.0000254));
#13393=DIRECTION('',(0.,0.,1.));
#13394=DIRECTION('',(0.,-1.,0.));
#13395=AXIS2_PLACEMENT_3D('',#13392,#13393,#13394);
#13396=CONICAL_SURFACE('',#13395,0.65,45.);
#13397=ORIENTED_EDGE('',*,*,#13386,.T.);
#13398=ORIENTED_EDGE('',*,*,#11226,.F.);
#13399=CARTESIAN_POINT('',(-148.03022606,10.458087376,3.0000254));
#13400=DIRECTION('',(-0.707106781,0.,0.707106781));
#13401=VECTOR('',#13400,0.266826164);
#13402=LINE('',#13399,#13401);
#13403=EDGE_CURVE('',#2712,#11205,#13402,.T.);
#13404=ORIENTED_EDGE('',*,*,#13403,.F.);
#13405=ORIENTED_EDGE('',*,*,#2718,.F.);
#13406=EDGE_LOOP('',(#13397,#13398,#13404,#13405));
#13407=FACE_BOUND('',#13406,.T.);
#13408=ADVANCED_FACE('',(#13407),#13396,.T.);
#13409=CARTESIAN_POINT('',(-148.23022606,55.761848833,3.2000254));
#13410=DIRECTION('',(-0.707106781,0.,-0.707106781));
#13411=DIRECTION('',(0.,1.,0.));
#13412=AXIS2_PLACEMENT_3D('',#13409,#13410,#13411);
#13413=PLANE('',#13412);
#13414=ORIENTED_EDGE('',*,*,#7667,.F.);
#13415=ORIENTED_EDGE('',*,*,#7918,.F.);
#13416=CARTESIAN_POINT('',(-148.03022606,84.669227838,3.0000254));
#13417=DIRECTION('',(-0.707106781,0.,0.707106781));
#13418=VECTOR('',#13417,0.282842712);
#13419=LINE('',#13416,#13418);
#13420=EDGE_CURVE('',#2721,#7907,#13419,.T.);
#13421=ORIENTED_EDGE('',*,*,#13420,.F.);
#13422=ORIENTED_EDGE('',*,*,#2726,.F.);
#13423=ORIENTED_EDGE('',*,*,#13403,.T.);
#13424=ORIENTED_EDGE('',*,*,#11211,.T.);
#13425=ORIENTED_EDGE('',*,*,#7950,.F.);
#13426=ORIENTED_EDGE('',*,*,#7890,.F.);
#13427=ORIENTED_EDGE('',*,*,#11696,.F.);
#13428=ORIENTED_EDGE('',*,*,#7803,.F.);
#13429=ORIENTED_EDGE('',*,*,#7933,.F.);
#13430=ORIENTED_EDGE('',*,*,#7754,.F.);
#13431=ORIENTED_EDGE('',*,*,#11774,.F.);
#13432=EDGE_LOOP('',(#13414,#13415,#13421,#13422,#13423,#13424,#13425,#13426,#13427,#13428,#13429,#13430,#13431));
#13433=FACE_BOUND('',#13432,.T.);
#13434=ADVANCED_FACE('',(#13433),#13413,.T.);
#13435=CARTESIAN_POINT('',(-147.38022606,84.669227838,3.0000254));
#13436=DIRECTION('',(0.,0.,1.));
#13437=DIRECTION('',(1.,0.,-0.));
#13438=AXIS2_PLACEMENT_3D('',#13435,#13436,#13437);
#13439=CONICAL_SURFACE('',#13438,0.65,45.);
#13440=ORIENTED_EDGE('',*,*,#13420,.T.);
#13441=ORIENTED_EDGE('',*,*,#11366,.F.);
#13442=CARTESIAN_POINT('',(-147.38022606,85.319227838,3.0000254));
#13443=DIRECTION('',(0.,0.707106781,0.707106781));
#13444=VECTOR('',#13443,0.282842712);
#13445=LINE('',#13442,#13444);
#13446=EDGE_CURVE('',#2729,#11059,#13445,.T.);
#13447=ORIENTED_EDGE('',*,*,#13446,.F.);
#13448=ORIENTED_EDGE('',*,*,#2735,.F.);
#13449=EDGE_LOOP('',(#13440,#13441,#13447,#13448));
#13450=FACE_BOUND('',#13449,.T.);
#13451=ADVANCED_FACE('',(#13450),#13439,.T.);
#13452=CARTESIAN_POINT('',(-77.50849115,85.519227838,3.2000254));
#13453=DIRECTION('',(0.,0.707106781,-0.707106781));
#13454=DIRECTION('',(1.,0.,0.));
#13455=AXIS2_PLACEMENT_3D('',#13452,#13453,#13454);
#13456=PLANE('',#13455);
#13457=ORIENTED_EDGE('',*,*,#13446,.T.);
#13458=ORIENTED_EDGE('',*,*,#11064,.F.);
#13459=CARTESIAN_POINT('',(-140.032207264,85.319227838,3.0000254));
#13460=DIRECTION('',(0.,0.707106781,0.707106781));
#13461=VECTOR('',#13460,0.282842712);
#13462=LINE('',#13459,#13461);
#13463=EDGE_CURVE('',#2738,#11051,#13462,.T.);
#13464=ORIENTED_EDGE('',*,*,#13463,.F.);
#13465=ORIENTED_EDGE('',*,*,#2743,.F.);
#13466=EDGE_LOOP('',(#13457,#13458,#13464,#13465));
#13467=FACE_BOUND('',#13466,.T.);
#13468=ADVANCED_FACE('',(#13467),#13456,.T.);
#13469=CARTESIAN_POINT('',(-140.032207264,86.669227838,3.2000254));
#13470=DIRECTION('',(0.,0.,-1.));
#13471=DIRECTION('',(-1.,0.,0.));
#13472=AXIS2_PLACEMENT_3D('',#13469,#13470,#13471);
#13473=CONICAL_SURFACE('',#13472,1.15,45.);
#13474=ORIENTED_EDGE('',*,*,#13463,.T.);
#13475=ORIENTED_EDGE('',*,*,#11420,.F.);
#13476=CARTESIAN_POINT('',(-138.682207264,86.669227838,3.0000254));
#13477=DIRECTION('',(-0.707106781,0.,0.707106781));
#13478=VECTOR('',#13477,0.282842712);
#13479=LINE('',#13476,#13478);
#13480=EDGE_CURVE('',#2746,#11028,#13479,.T.);
#13481=ORIENTED_EDGE('',*,*,#13480,.F.);
#13482=ORIENTED_EDGE('',*,*,#2752,.F.);
#13483=EDGE_LOOP('',(#13474,#13475,#13481,#13482));
#13484=FACE_BOUND('',#13483,.T.);
#13485=ADVANCED_FACE('',(#13484),#13473,.F.);
#13486=CARTESIAN_POINT('',(-138.882207264,55.761848833,3.2000254));
#13487=DIRECTION('',(-0.707106781,0.,-0.707106781));
#13488=DIRECTION('',(0.,1.,0.));
#13489=AXIS2_PLACEMENT_3D('',#13486,#13487,#13488);
#13490=PLANE('',#13489);
#13491=ORIENTED_EDGE('',*,*,#13480,.T.);
#13492=ORIENTED_EDGE('',*,*,#11033,.F.);
#13493=CARTESIAN_POINT('',(-138.682207264,103.369265939,3.0000254));
#13494=DIRECTION('',(-0.707106781,0.,0.707106781));
#13495=VECTOR('',#13494,0.282842712);
#13496=LINE('',#13493,#13495);
#13497=EDGE_CURVE('',#2755,#11020,#13496,.T.);
#13498=ORIENTED_EDGE('',*,*,#13497,.F.);
#13499=ORIENTED_EDGE('',*,*,#2760,.F.);
#13500=EDGE_LOOP('',(#13491,#13492,#13498,#13499));
#13501=FACE_BOUND('',#13500,.T.);
#13502=ADVANCED_FACE('',(#13501),#13490,.T.);
#13503=CARTESIAN_POINT('',(-138.032207264,103.369265939,3.0000254));
#13504=DIRECTION('',(0.,0.,1.));
#13505=DIRECTION('',(1.,0.,-0.));
#13506=AXIS2_PLACEMENT_3D('',#13503,#13504,#13505);
#13507=CONICAL_SURFACE('',#13506,0.65,45.);
#13508=ORIENTED_EDGE('',*,*,#13497,.T.);
#13509=ORIENTED_EDGE('',*,*,#11330,.F.);
#13510=CARTESIAN_POINT('',(-138.032207264,104.019265939,3.0000254));
#13511=DIRECTION('',(0.,0.707106781,0.707106781));
#13512=VECTOR('',#13511,0.282842712);
#13513=LINE('',#13510,#13512);
#13514=EDGE_CURVE('',#2763,#10997,#13513,.T.);
#13515=ORIENTED_EDGE('',*,*,#13514,.F.);
#13516=ORIENTED_EDGE('',*,*,#2769,.F.);
#13517=EDGE_LOOP('',(#13508,#13509,#13515,#13516));
#13518=FACE_BOUND('',#13517,.T.);
#13519=ADVANCED_FACE('',(#13518),#13507,.T.);
#13520=CARTESIAN_POINT('',(-77.50849115,101.552260605,3.2000254));
#13521=DIRECTION('',(0.,0.707106781,-0.707106781));
#13522=DIRECTION('',(1.,0.,0.));
#13523=AXIS2_PLACEMENT_3D('',#13520,#13521,#13522);
#13524=PLANE('',#13523);
#13525=ORIENTED_EDGE('',*,*,#7193,.F.);
#13526=ORIENTED_EDGE('',*,*,#2911,.F.);
#13527=CARTESIAN_POINT('',(-62.627230822,101.552260605,3.2000254));
#13528=DIRECTION('',(0.,-0.707106781,-0.707106781));
#13529=VECTOR('',#13528,0.282842712);
#13530=LINE('',#13527,#13529);
#13531=EDGE_CURVE('',#11246,#2897,#13530,.T.);
#13532=ORIENTED_EDGE('',*,*,#13531,.F.);
#13533=ORIENTED_EDGE('',*,*,#11584,.F.);
#13534=EDGE_LOOP('',(#13525,#13526,#13532,#13533));
#13535=FACE_BOUND('',#13534,.T.);
#13536=ADVANCED_FACE('',(#13535),#13524,.T.);
#13537=CARTESIAN_POINT('',(-77.50849115,104.219265939,3.2000254));
#13538=DIRECTION('',(0.,0.707106781,-0.707106781));
#13539=DIRECTION('',(1.,0.,0.));
#13540=AXIS2_PLACEMENT_3D('',#13537,#13538,#13539);
#13541=PLANE('',#13540);
#13542=ORIENTED_EDGE('',*,*,#13514,.T.);
#13543=ORIENTED_EDGE('',*,*,#11002,.F.);
#13544=CARTESIAN_POINT('',(-120.701069342,104.019265939,3.0000254));
#13545=DIRECTION('',(0.,0.707106781,0.707106781));
#13546=VECTOR('',#13545,0.282842712);
#13547=LINE('',#13544,#13546);
#13548=EDGE_CURVE('',#2772,#10989,#13547,.T.);
#13549=ORIENTED_EDGE('',*,*,#13548,.F.);
#13550=ORIENTED_EDGE('',*,*,#2777,.F.);
#13551=EDGE_LOOP('',(#13542,#13543,#13549,#13550));
#13552=FACE_BOUND('',#13551,.T.);
#13553=ADVANCED_FACE('',(#13552),#13541,.T.);
#13554=CARTESIAN_POINT('',(-62.627230822,102.702260605,3.2000254));
#13555=DIRECTION('',(0.,0.,-1.));
#13556=DIRECTION('',(-1.,0.,0.));
#13557=AXIS2_PLACEMENT_3D('',#13554,#13555,#13556);
#13558=CONICAL_SURFACE('',#13557,1.15,45.);
#13559=ORIENTED_EDGE('',*,*,#13531,.T.);
#13560=ORIENTED_EDGE('',*,*,#2903,.F.);
#13561=CARTESIAN_POINT('',(-63.777230822,102.702272675,3.2000254));
#13562=DIRECTION('',(-0.707106781,0.000007422,-0.707106781));
#13563=VECTOR('',#13562,0.282842712);
#13564=LINE('',#13561,#13563);
#13565=EDGE_CURVE('',#10865,#2889,#13564,.T.);
#13566=ORIENTED_EDGE('',*,*,#13565,.F.);
#13567=ORIENTED_EDGE('',*,*,#11258,.F.);
#13568=EDGE_LOOP('',(#13559,#13560,#13566,#13567));
#13569=FACE_BOUND('',#13568,.T.);
#13570=ADVANCED_FACE('',(#13569),#13558,.F.);
#13571=CARTESIAN_POINT('',(-120.701069342,105.369265939,3.2000254));
#13572=DIRECTION('',(0.,0.,-1.));
#13573=DIRECTION('',(-1.,0.,0.));
#13574=AXIS2_PLACEMENT_3D('',#13571,#13572,#13573);
#13575=CONICAL_SURFACE('',#13574,1.15,45.);
#13576=ORIENTED_EDGE('',*,*,#13548,.T.);
#13577=ORIENTED_EDGE('',*,*,#11312,.F.);
#13578=CARTESIAN_POINT('',(-119.351069342,105.369265939,3.0000254));
#13579=DIRECTION('',(-0.707106781,0.,0.707106781));
#13580=VECTOR('',#13579,0.282842712);
#13581=LINE('',#13578,#13580);
#13582=EDGE_CURVE('',#2780,#10966,#13581,.T.);
#13583=ORIENTED_EDGE('',*,*,#13582,.F.);
#13584=ORIENTED_EDGE('',*,*,#2786,.F.);
#13585=EDGE_LOOP('',(#13576,#13577,#13583,#13584));
#13586=FACE_BOUND('',#13585,.T.);
#13587=ADVANCED_FACE('',(#13586),#13575,.F.);
#13588=CARTESIAN_POINT('',(-63.777723533,55.761704708,3.2000254));
#13589=DIRECTION('',(0.707106781,-0.000007422,-0.707106781));
#13590=DIRECTION('',(-0.000010496,-1.,0.));
#13591=AXIS2_PLACEMENT_3D('',#13588,#13589,#13590);
#13592=PLANE('',#13591);
#13593=ORIENTED_EDGE('',*,*,#13565,.T.);
#13594=ORIENTED_EDGE('',*,*,#2894,.F.);
#13595=CARTESIAN_POINT('',(-63.777223821,103.369257017,3.2000254));
#13596=DIRECTION('',(-0.707106781,0.000007422,-0.707106781));
#13597=VECTOR('',#13596,0.282842712);
#13598=LINE('',#13595,#13597);
#13599=EDGE_CURVE('',#10873,#2880,#13598,.T.);
#13600=ORIENTED_EDGE('',*,*,#13599,.F.);
#13601=ORIENTED_EDGE('',*,*,#10878,.F.);
#13602=EDGE_LOOP('',(#13593,#13594,#13600,#13601));
#13603=FACE_BOUND('',#13602,.T.);
#13604=ADVANCED_FACE('',(#13603),#13592,.T.);
#13605=CARTESIAN_POINT('',(-119.551069342,55.761848833,3.2000254));
#13606=DIRECTION('',(-0.707106781,0.,-0.707106781));
#13607=DIRECTION('',(0.,1.,-0.));
#13608=AXIS2_PLACEMENT_3D('',#13605,#13606,#13607);
#13609=PLANE('',#13608);
#13610=ORIENTED_EDGE('',*,*,#13582,.T.);
#13611=ORIENTED_EDGE('',*,*,#10971,.F.);
#13612=CARTESIAN_POINT('',(-119.351069342,105.936271273,3.0000254));
#13613=DIRECTION('',(-0.707106781,0.,0.707106781));
#13614=VECTOR('',#13613,0.282842712);
#13615=LINE('',#13612,#13614);
#13616=EDGE_CURVE('',#2789,#10958,#13615,.T.);
#13617=ORIENTED_EDGE('',*,*,#13616,.F.);
#13618=ORIENTED_EDGE('',*,*,#2794,.F.);
#13619=EDGE_LOOP('',(#13610,#13611,#13617,#13618));
#13620=FACE_BOUND('',#13619,.T.);
#13621=ADVANCED_FACE('',(#13620),#13609,.T.);
#13622=CARTESIAN_POINT('',(-64.627223821,103.369265939,3.0000254));
#13623=DIRECTION('',(0.,0.,1.));
#13624=DIRECTION('',(1.,0.,-0.));
#13625=AXIS2_PLACEMENT_3D('',#13622,#13623,#13624);
#13626=CONICAL_SURFACE('',#13625,0.65,45.);
#13627=ORIENTED_EDGE('',*,*,#13599,.T.);
#13628=ORIENTED_EDGE('',*,*,#2886,.F.);
#13629=CARTESIAN_POINT('',(-64.627223821,104.219265939,3.2000254));
#13630=DIRECTION('',(0.,-0.707106781,-0.707106781));
#13631=VECTOR('',#13630,0.282842712);
#13632=LINE('',#13629,#13631);
#13633=EDGE_CURVE('',#7000,#2872,#13632,.T.);
#13634=ORIENTED_EDGE('',*,*,#13633,.F.);
#13635=ORIENTED_EDGE('',*,*,#11348,.F.);
#13636=EDGE_LOOP('',(#13627,#13628,#13634,#13635));
#13637=FACE_BOUND('',#13636,.T.);
#13638=ADVANCED_FACE('',(#13637),#13626,.T.);
#13639=CARTESIAN_POINT('',(-118.701069342,105.936271273,3.0000254));
#13640=DIRECTION('',(0.,0.,1.));
#13641=DIRECTION('',(1.,0.,-0.));
#13642=AXIS2_PLACEMENT_3D('',#13639,#13640,#13641);
#13643=CONICAL_SURFACE('',#13642,0.65,45.);
#13644=ORIENTED_EDGE('',*,*,#13616,.T.);
#13645=ORIENTED_EDGE('',*,*,#11294,.F.);
#13646=CARTESIAN_POINT('',(-118.701069342,106.586271273,3.0000254));
#13647=DIRECTION('',(0.,0.707106781,0.707106781));
#13648=VECTOR('',#13647,0.282842712);
#13649=LINE('',#13646,#13648);
#13650=EDGE_CURVE('',#2797,#10935,#13649,.T.);
#13651=ORIENTED_EDGE('',*,*,#13650,.F.);
#13652=ORIENTED_EDGE('',*,*,#2803,.F.);
#13653=EDGE_LOOP('',(#13644,#13645,#13651,#13652));
#13654=FACE_BOUND('',#13653,.T.);
#13655=ADVANCED_FACE('',(#13654),#13643,.T.);
#13656=CARTESIAN_POINT('',(-77.50849115,104.219265939,3.2000254));
#13657=DIRECTION('',(0.,0.707106781,-0.707106781));
#13658=DIRECTION('',(1.,0.,0.));
#13659=AXIS2_PLACEMENT_3D('',#13656,#13657,#13658);
#13660=PLANE('',#13659);
#13661=ORIENTED_EDGE('',*,*,#13633,.T.);
#13662=ORIENTED_EDGE('',*,*,#2877,.F.);
#13663=ORIENTED_EDGE('',*,*,#12854,.F.);
#13664=ORIENTED_EDGE('',*,*,#7013,.F.);
#13665=EDGE_LOOP('',(#13661,#13662,#13663,#13664));
#13666=FACE_BOUND('',#13665,.T.);
#13667=ADVANCED_FACE('',(#13666),#13660,.T.);
#13668=CARTESIAN_POINT('',(-77.50849115,106.786271273,3.2000254));
#13669=DIRECTION('',(0.,0.707106781,-0.707106781));
#13670=DIRECTION('',(1.,0.,0.));
#13671=AXIS2_PLACEMENT_3D('',#13668,#13669,#13670);
#13672=PLANE('',#13671);
#13673=ORIENTED_EDGE('',*,*,#13650,.T.);
#13674=ORIENTED_EDGE('',*,*,#10940,.F.);
#13675=CARTESIAN_POINT('',(-83.310390054,106.586271273,3.0000254));
#13676=DIRECTION('',(0.,0.707106781,0.707106781));
#13677=VECTOR('',#13676,0.282842712);
#13678=LINE('',#13675,#13677);
#13679=EDGE_CURVE('',#2806,#10927,#13678,.T.);
#13680=ORIENTED_EDGE('',*,*,#13679,.F.);
#13681=ORIENTED_EDGE('',*,*,#2811,.F.);
#13682=EDGE_LOOP('',(#13673,#13674,#13680,#13681));
#13683=FACE_BOUND('',#13682,.T.);
#13684=ADVANCED_FACE('',(#13683),#13672,.T.);
#13685=CARTESIAN_POINT('',(-81.310051619,105.369265939,3.2000254));
#13686=DIRECTION('',(0.,0.,-1.));
#13687=DIRECTION('',(-1.,0.,0.));
#13688=AXIS2_PLACEMENT_3D('',#13685,#13686,#13687);
#13689=CONICAL_SURFACE('',#13688,1.15,45.);
#13690=ORIENTED_EDGE('',*,*,#6951,.T.);
#13691=ORIENTED_EDGE('',*,*,#2837,.F.);
#13692=CARTESIAN_POINT('',(-82.460051414,105.368580245,3.2000254));
#13693=DIRECTION('',(-0.707106655,-0.000421616,-0.707106781));
#13694=VECTOR('',#13693,0.282842712);
#13695=LINE('',#13692,#13694);
#13696=EDGE_CURVE('',#10896,#2823,#13695,.T.);
#13697=ORIENTED_EDGE('',*,*,#13696,.F.);
#13698=ORIENTED_EDGE('',*,*,#11384,.F.);
#13699=EDGE_LOOP('',(#13690,#13691,#13697,#13698));
#13700=FACE_BOUND('',#13699,.T.);
#13701=ADVANCED_FACE('',(#13700),#13689,.F.);
#13702=CARTESIAN_POINT('',(-83.310390054,105.936271273,3.0000254));
#13703=DIRECTION('',(0.,0.,1.));
#13704=DIRECTION('',(1.,0.,-0.));
#13705=AXIS2_PLACEMENT_3D('',#13702,#13703,#13704);
#13706=CONICAL_SURFACE('',#13705,0.65,45.);
#13707=ORIENTED_EDGE('',*,*,#13679,.T.);
#13708=ORIENTED_EDGE('',*,*,#11276,.F.);
#13709=CARTESIAN_POINT('',(-82.66039017,105.936658838,3.0000254));
#13710=DIRECTION('',(0.707106655,0.000421616,0.707106781));
#13711=VECTOR('',#13710,0.282842712);
#13712=LINE('',#13709,#13711);
#13713=EDGE_CURVE('',#2814,#10904,#13712,.T.);
#13714=ORIENTED_EDGE('',*,*,#13713,.F.);
#13715=ORIENTED_EDGE('',*,*,#2820,.F.);
#13716=EDGE_LOOP('',(#13707,#13708,#13714,#13715));
#13717=FACE_BOUND('',#13716,.T.);
#13718=ADVANCED_FACE('',(#13717),#13706,.T.);
#13719=CARTESIAN_POINT('',(-82.430471405,55.758914077,3.2000254));
#13720=DIRECTION('',(0.707106655,0.000421616,-0.707106781));
#13721=DIRECTION('',(0.000596255,-0.999999822,0.));
#13722=AXIS2_PLACEMENT_3D('',#13719,#13720,#13721);
#13723=PLANE('',#13722);
#13724=ORIENTED_EDGE('',*,*,#13696,.T.);
#13725=ORIENTED_EDGE('',*,*,#2828,.F.);
#13726=ORIENTED_EDGE('',*,*,#13713,.T.);
#13727=ORIENTED_EDGE('',*,*,#10909,.F.);
#13728=EDGE_LOOP('',(#13724,#13725,#13726,#13727));
#13729=FACE_BOUND('',#13728,.T.);
#13730=ADVANCED_FACE('',(#13729),#13723,.T.);
#13731=CARTESIAN_POINT('',(-2.39141063,99.130715491,3.0000254));
#13732=DIRECTION('',(0.612372436,0.353553391,-0.707106781));
#13733=DIRECTION('',(-0.5,0.866025404,0.));
#13734=AXIS2_PLACEMENT_3D('',#13731,#13732,#13733);
#13735=PLANE('',#13734);
#13736=ORIENTED_EDGE('',*,*,#7492,.F.);
#13737=ORIENTED_EDGE('',*,*,#7289,.F.);
#13738=CARTESIAN_POINT('',(-2.158871192,99.125412622,3.198759026));
#13739=DIRECTION('',(-0.612372436,-0.353553391,-0.707106781));
#13740=VECTOR('',#13739,0.281051789);
#13741=LINE('',#13738,#13740);
#13742=EDGE_CURVE('',#11600,#7275,#13741,.T.);
#13743=ORIENTED_EDGE('',*,*,#13742,.F.);
#13744=ORIENTED_EDGE('',*,*,#11606,.T.);
#13745=ORIENTED_EDGE('',*,*,#7454,.F.);
#13746=EDGE_LOOP('',(#13736,#13737,#13743,#13744,#13745));
#13747=FACE_BOUND('',#13746,.T.);
#13748=ADVANCED_FACE('',(#13747),#13735,.T.);
#13749=CARTESIAN_POINT('',(-6.360101777,96.699831013,3.0000254));
#13750=DIRECTION('',(0.,0.,1.));
#13751=DIRECTION('',(1.,0.,-0.));
#13752=AXIS2_PLACEMENT_3D('',#13749,#13750,#13751);
#13753=CONICAL_SURFACE('',#13752,4.652429592,45.);
#13754=ORIENTED_EDGE('',*,*,#13742,.T.);
#13755=ORIENTED_EDGE('',*,*,#7281,.F.);
#13756=CARTESIAN_POINT('',(-6.360101777,101.550994231,3.198759026));
#13757=DIRECTION('',(0.,-0.707106781,-0.707106781));
#13758=VECTOR('',#13757,0.281051789);
#13759=LINE('',#13756,#13758);
#13760=EDGE_CURVE('',#11609,#7267,#13759,.T.);
#13761=ORIENTED_EDGE('',*,*,#13760,.F.);
#13762=ORIENTED_EDGE('',*,*,#11630,.F.);
#13763=EDGE_LOOP('',(#13754,#13755,#13761,#13762));
#13764=FACE_BOUND('',#13763,.T.);
#13765=ADVANCED_FACE('',(#13764),#13753,.T.);
#13766=CARTESIAN_POINT('',(-77.50849115,101.552260605,3.2000254));
#13767=DIRECTION('',(0.,0.707106781,-0.707106781));
#13768=DIRECTION('',(1.,0.,0.));
#13769=AXIS2_PLACEMENT_3D('',#13766,#13767,#13768);
#13770=PLANE('',#13769);
#13771=ORIENTED_EDGE('',*,*,#13760,.T.);
#13772=ORIENTED_EDGE('',*,*,#7272,.F.);
#13773=ORIENTED_EDGE('',*,*,#7154,.F.);
#13774=ORIENTED_EDGE('',*,*,#11561,.F.);
#13775=ORIENTED_EDGE('',*,*,#11637,.F.);
#13776=EDGE_LOOP('',(#13771,#13772,#13773,#13774,#13775));
#13777=FACE_BOUND('',#13776,.T.);
#13778=ADVANCED_FACE('',(#13777),#13770,.T.);
#13779=CARTESIAN_POINT('',(-126.698873931,86.522231144,2.73429051));
#13780=DIRECTION('',(0.,1.,0.));
#13781=DIRECTION('',(0.,0.,1.));
#13782=AXIS2_PLACEMENT_3D('',#13779,#13780,#13781);
#13783=PLANE('',#13782);
#13784=CARTESIAN_POINT('',(-131.365540598,86.522231144,4.5000254));
#13785=VERTEX_POINT('',#13784);
#13786=CARTESIAN_POINT('',(-131.365540598,86.522231144,3.0000254));
#13787=DIRECTION('',(0.,0.,1.));
#13788=VECTOR('',#13787,1.5);
#13789=LINE('',#13786,#13788);
#13790=EDGE_CURVE('',#319,#13785,#13789,.T.);
#13791=ORIENTED_EDGE('',*,*,#13790,.T.);
#13792=CARTESIAN_POINT('',(-126.698873931,86.522231144,4.5000254));
#13793=VERTEX_POINT('',#13792);
#13794=CARTESIAN_POINT('',(-126.698873931,86.522231144,4.5000254));
#13795=DIRECTION('',(-1.,0.,0.));
#13796=VECTOR('',#13795,4.666666667);
#13797=LINE('',#13794,#13796);
#13798=EDGE_CURVE('',#13793,#13785,#13797,.T.);
#13799=ORIENTED_EDGE('',*,*,#13798,.F.);
#13800=CARTESIAN_POINT('',(-126.698873931,86.522231144,3.0000254));
#13801=DIRECTION('',(0.,0.,1.));
#13802=VECTOR('',#13801,1.5);
#13803=LINE('',#13800,#13802);
#13804=EDGE_CURVE('',#329,#13793,#13803,.T.);
#13805=ORIENTED_EDGE('',*,*,#13804,.F.);
#13806=ORIENTED_EDGE('',*,*,#334,.F.);
#13807=EDGE_LOOP('',(#13791,#13799,#13805,#13806));
#13808=FACE_BOUND('',#13807,.T.);
#13809=ADVANCED_FACE('',(#13808),#13783,.T.);
#13810=CARTESIAN_POINT('',(-131.365540598,86.522231144,2.73429051));
#13811=DIRECTION('',(-1.,0.,0.));
#13812=DIRECTION('',(0.,0.,1.));
#13813=AXIS2_PLACEMENT_3D('',#13810,#13811,#13812);
#13814=PLANE('',#13813);
#13815=ORIENTED_EDGE('',*,*,#326,.T.);
#13816=ORIENTED_EDGE('',*,*,#8750,.T.);
#13817=CARTESIAN_POINT('',(-131.365540598,87.269237998,4.5000254));
#13818=DIRECTION('',(0.,-1.,0.));
#13819=VECTOR('',#13818,0.747006855);
#13820=LINE('',#13817,#13819);
#13821=EDGE_CURVE('',#8745,#13785,#13820,.T.);
#13822=ORIENTED_EDGE('',*,*,#13821,.T.);
#13823=ORIENTED_EDGE('',*,*,#13790,.F.);
#13824=EDGE_LOOP('',(#13815,#13816,#13822,#13823));
#13825=FACE_BOUND('',#13824,.T.);
#13826=ADVANCED_FACE('',(#13825),#13814,.F.);
#13827=CARTESIAN_POINT('',(-126.698873931,86.522231144,2.73429051));
#13828=DIRECTION('',(-1.,0.,0.));
#13829=DIRECTION('',(0.,0.,1.));
#13830=AXIS2_PLACEMENT_3D('',#13827,#13828,#13829);
#13831=PLANE('',#13830);
#13832=ORIENTED_EDGE('',*,*,#13804,.T.);
#13833=CARTESIAN_POINT('',(-126.698873931,87.269237998,4.5000254));
#13834=DIRECTION('',(-0.,-1.,-0.));
#13835=VECTOR('',#13834,0.747006855);
#13836=LINE('',#13833,#13835);
#13837=EDGE_CURVE('',#8763,#13793,#13836,.T.);
#13838=ORIENTED_EDGE('',*,*,#13837,.F.);
#13839=ORIENTED_EDGE('',*,*,#8768,.F.);
#13840=ORIENTED_EDGE('',*,*,#342,.F.);
#13841=EDGE_LOOP('',(#13832,#13838,#13839,#13840));
#13842=FACE_BOUND('',#13841,.T.);
#13843=ADVANCED_FACE('',(#13842),#13831,.T.);
#13844=CARTESIAN_POINT('',(-126.698873931,86.522231144,4.5000254));
#13845=DIRECTION('',(0.,0.,1.));
#13846=DIRECTION('',(-1.,0.,0.));
#13847=AXIS2_PLACEMENT_3D('',#13844,#13845,#13846);
#13848=PLANE('',#13847);
#13849=ORIENTED_EDGE('',*,*,#13837,.T.);
#13850=ORIENTED_EDGE('',*,*,#13798,.T.);
#13851=ORIENTED_EDGE('',*,*,#13821,.F.);
#13852=ORIENTED_EDGE('',*,*,#8774,.F.);
#13853=EDGE_LOOP('',(#13849,#13850,#13851,#13852));
#13854=FACE_BOUND('',#13853,.T.);
#13855=ADVANCED_FACE('',(#13854),#13848,.F.);
#13856=CARTESIAN_POINT('',(-117.346854627,11.711080521,4.5000254));
#13857=DIRECTION('',(0.,0.,1.));
#13858=DIRECTION('',(-1.,0.,0.));
#13859=AXIS2_PLACEMENT_3D('',#13856,#13857,#13858);
#13860=PLANE('',#13859);
#13861=CARTESIAN_POINT('',(-117.346854627,11.711080521,4.5000254));
#13862=VERTEX_POINT('',#13861);
#13863=CARTESIAN_POINT('',(-117.346854627,12.458087376,4.5000254));
#13864=DIRECTION('',(-0.,-1.,-0.));
#13865=VECTOR('',#13864,0.747006855);
#13866=LINE('',#13863,#13865);
#13867=EDGE_CURVE('',#10624,#13862,#13866,.T.);
#13868=ORIENTED_EDGE('',*,*,#13867,.T.);
#13869=CARTESIAN_POINT('',(-122.013521294,11.711080521,4.5000254));
#13870=VERTEX_POINT('',#13869);
#13871=CARTESIAN_POINT('',(-117.346854627,11.711080521,4.5000254));
#13872=DIRECTION('',(-1.,0.,0.));
#13873=VECTOR('',#13872,4.666666667);
#13874=LINE('',#13871,#13873);
#13875=EDGE_CURVE('',#13862,#13870,#13874,.T.);
#13876=ORIENTED_EDGE('',*,*,#13875,.T.);
#13877=CARTESIAN_POINT('',(-122.013521294,12.458087376,4.5000254));
#13878=DIRECTION('',(0.,-1.,0.));
#13879=VECTOR('',#13878,0.747006855);
#13880=LINE('',#13877,#13879);
#13881=EDGE_CURVE('',#10606,#13870,#13880,.T.);
#13882=ORIENTED_EDGE('',*,*,#13881,.F.);
#13883=ORIENTED_EDGE('',*,*,#10635,.F.);
#13884=EDGE_LOOP('',(#13868,#13876,#13882,#13883));
#13885=FACE_BOUND('',#13884,.T.);
#13886=ADVANCED_FACE('',(#13885),#13860,.F.);
#13887=CARTESIAN_POINT('',(-117.346854627,11.711080521,2.73429051));
#13888=DIRECTION('',(0.,1.,0.));
#13889=DIRECTION('',(0.,0.,1.));
#13890=AXIS2_PLACEMENT_3D('',#13887,#13888,#13889);
#13891=PLANE('',#13890);
#13892=CARTESIAN_POINT('',(-122.013521294,11.711080521,3.0000254));
#13893=DIRECTION('',(0.,-0.,1.));
#13894=VECTOR('',#13893,1.5);
#13895=LINE('',#13892,#13894);
#13896=EDGE_CURVE('',#515,#13870,#13895,.T.);
#13897=ORIENTED_EDGE('',*,*,#13896,.T.);
#13898=ORIENTED_EDGE('',*,*,#13875,.F.);
#13899=CARTESIAN_POINT('',(-117.346854627,11.711080521,3.0000254));
#13900=DIRECTION('',(0.,-0.,1.));
#13901=VECTOR('',#13900,1.5);
#13902=LINE('',#13899,#13901);
#13903=EDGE_CURVE('',#517,#13862,#13902,.T.);
#13904=ORIENTED_EDGE('',*,*,#13903,.F.);
#13905=ORIENTED_EDGE('',*,*,#522,.F.);
#13906=EDGE_LOOP('',(#13897,#13898,#13904,#13905));
#13907=FACE_BOUND('',#13906,.T.);
#13908=ADVANCED_FACE('',(#13907),#13891,.T.);
#13909=CARTESIAN_POINT('',(-117.346854627,11.711080521,2.73429051));
#13910=DIRECTION('',(-1.,0.,0.));
#13911=DIRECTION('',(0.,0.,1.));
#13912=AXIS2_PLACEMENT_3D('',#13909,#13910,#13911);
#13913=PLANE('',#13912);
#13914=ORIENTED_EDGE('',*,*,#13903,.T.);
#13915=ORIENTED_EDGE('',*,*,#13867,.F.);
#13916=ORIENTED_EDGE('',*,*,#10629,.F.);
#13917=ORIENTED_EDGE('',*,*,#530,.F.);
#13918=EDGE_LOOP('',(#13914,#13915,#13916,#13917));
#13919=FACE_BOUND('',#13918,.T.);
#13920=ADVANCED_FACE('',(#13919),#13913,.T.);
#13921=CARTESIAN_POINT('',(-122.013521294,11.711080521,2.73429051));
#13922=DIRECTION('',(-1.,0.,0.));
#13923=DIRECTION('',(0.,0.,1.));
#13924=AXIS2_PLACEMENT_3D('',#13921,#13922,#13923);
#13925=PLANE('',#13924);
#13926=ORIENTED_EDGE('',*,*,#608,.T.);
#13927=ORIENTED_EDGE('',*,*,#10611,.T.);
#13928=ORIENTED_EDGE('',*,*,#13881,.T.);
#13929=ORIENTED_EDGE('',*,*,#13896,.F.);
#13930=EDGE_LOOP('',(#13926,#13927,#13928,#13929));
#13931=FACE_BOUND('',#13930,.T.);
#13932=ADVANCED_FACE('',(#13931),#13925,.F.);
#13933=CARTESIAN_POINT('',(-32.818973128,1.931848576,4.5000254));
#13934=DIRECTION('',(0.,0.,1.));
#13935=DIRECTION('',(-0.939692621,0.342020143,0.));
#13936=AXIS2_PLACEMENT_3D('',#13933,#13934,#13935);
#13937=PLANE('',#13936);
#13938=CARTESIAN_POINT('',(-32.818973129,1.931848576,4.5000254));
#13939=VERTEX_POINT('',#13938);
#13940=CARTESIAN_POINT('',(-32.563481737,2.633805405,4.5000254));
#13941=DIRECTION('',(-0.342020143,-0.939692621,-0.));
#13942=VECTOR('',#13941,0.747006855);
#13943=LINE('',#13940,#13942);
#13944=EDGE_CURVE('',#10311,#13939,#13943,.T.);
#13945=ORIENTED_EDGE('',*,*,#13944,.T.);
#13946=CARTESIAN_POINT('',(-37.204205359,3.527942578,4.5000254));
#13947=VERTEX_POINT('',#13946);
#13948=CARTESIAN_POINT('',(-32.818973128,1.931848576,4.5000254));
#13949=DIRECTION('',(-0.939692621,0.342020143,0.));
#13950=VECTOR('',#13949,4.666666667);
#13951=LINE('',#13948,#13950);
#13952=EDGE_CURVE('',#13939,#13947,#13951,.T.);
#13953=ORIENTED_EDGE('',*,*,#13952,.T.);
#13954=CARTESIAN_POINT('',(-36.948713967,4.229899407,4.5000254));
#13955=DIRECTION('',(-0.342020143,-0.939692621,0.));
#13956=VECTOR('',#13955,0.747006855);
#13957=LINE('',#13954,#13956);
#13958=EDGE_CURVE('',#10293,#13947,#13957,.T.);
#13959=ORIENTED_EDGE('',*,*,#13958,.F.);
#13960=ORIENTED_EDGE('',*,*,#10322,.F.);
#13961=EDGE_LOOP('',(#13945,#13953,#13959,#13960));
#13962=FACE_BOUND('',#13961,.T.);
#13963=ADVANCED_FACE('',(#13962),#13937,.F.);
#13964=CARTESIAN_POINT('',(-32.818973129,1.931848576,2.73429051));
#13965=DIRECTION('',(-0.939692621,0.342020143,0.));
#13966=DIRECTION('',(0.,0.,1.));
#13967=AXIS2_PLACEMENT_3D('',#13964,#13965,#13966);
#13968=PLANE('',#13967);
#13969=CARTESIAN_POINT('',(-32.818973129,1.931848576,3.0000254));
#13970=DIRECTION('',(0.,0.,1.));
#13971=VECTOR('',#13970,1.5);
#13972=LINE('',#13969,#13971);
#13973=EDGE_CURVE('',#2509,#13939,#13972,.T.);
#13974=ORIENTED_EDGE('',*,*,#13973,.T.);
#13975=ORIENTED_EDGE('',*,*,#13944,.F.);
#13976=ORIENTED_EDGE('',*,*,#10316,.F.);
#13977=ORIENTED_EDGE('',*,*,#2522,.F.);
#13978=EDGE_LOOP('',(#13974,#13975,#13976,#13977));
#13979=FACE_BOUND('',#13978,.T.);
#13980=ADVANCED_FACE('',(#13979),#13968,.T.);
#13981=CARTESIAN_POINT('',(-37.204205359,3.527942578,2.73429051));
#13982=DIRECTION('',(-0.939692621,0.342020143,0.));
#13983=DIRECTION('',(0.,0.,1.));
#13984=AXIS2_PLACEMENT_3D('',#13981,#13982,#13983);
#13985=PLANE('',#13984);
#13986=ORIENTED_EDGE('',*,*,#2602,.T.);
#13987=ORIENTED_EDGE('',*,*,#10298,.T.);
#13988=ORIENTED_EDGE('',*,*,#13958,.T.);
#13989=CARTESIAN_POINT('',(-37.204205359,3.527942578,3.0000254));
#13990=DIRECTION('',(0.,0.,1.));
#13991=VECTOR('',#13990,1.5);
#13992=LINE('',#13989,#13991);
#13993=EDGE_CURVE('',#2597,#13947,#13992,.T.);
#13994=ORIENTED_EDGE('',*,*,#13993,.F.);
#13995=EDGE_LOOP('',(#13986,#13987,#13988,#13994));
#13996=FACE_BOUND('',#13995,.T.);
#13997=ADVANCED_FACE('',(#13996),#13985,.F.);
#13998=CARTESIAN_POINT('',(-32.818973128,1.931848576,2.73429051));
#13999=DIRECTION('',(0.342020143,0.939692621,0.));
#14000=DIRECTION('',(0.,0.,1.));
#14001=AXIS2_PLACEMENT_3D('',#13998,#13999,#14000);
#14002=PLANE('',#14001);
#14003=ORIENTED_EDGE('',*,*,#13993,.T.);
#14004=ORIENTED_EDGE('',*,*,#13952,.F.);
#14005=ORIENTED_EDGE('',*,*,#13973,.F.);
#14006=ORIENTED_EDGE('',*,*,#2514,.F.);
#14007=ORIENTED_EDGE('',*,*,#2608,.F.);
#14008=EDGE_LOOP('',(#14003,#14004,#14005,#14006,#14007));
#14009=FACE_BOUND('',#14008,.T.);
#14010=ADVANCED_FACE('',(#14009),#14002,.T.);
#14011=CARTESIAN_POINT('',(-42.546514266,65.222187964,4.5000254));
#14012=DIRECTION('',(0.,0.,1.));
#14013=DIRECTION('',(-1.,0.,0.));
#14014=AXIS2_PLACEMENT_3D('',#14011,#14012,#14013);
#14015=PLANE('',#14014);
#14016=CARTESIAN_POINT('',(-42.546514266,65.222187964,4.5000254));
#14017=VERTEX_POINT('',#14016);
#14018=CARTESIAN_POINT('',(-42.546514266,65.969194818,4.5000254));
#14019=DIRECTION('',(-0.,-1.,-0.));
#14020=VECTOR('',#14019,0.747006855);
#14021=LINE('',#14018,#14020);
#14022=EDGE_CURVE('',#10215,#14017,#14021,.T.);
#14023=ORIENTED_EDGE('',*,*,#14022,.T.);
#14024=CARTESIAN_POINT('',(-47.213180933,65.222187964,4.5000254));
#14025=VERTEX_POINT('',#14024);
#14026=CARTESIAN_POINT('',(-42.546514266,65.222187964,4.5000254));
#14027=DIRECTION('',(-1.,0.,0.));
#14028=VECTOR('',#14027,4.666666667);
#14029=LINE('',#14026,#14028);
#14030=EDGE_CURVE('',#14017,#14025,#14029,.T.);
#14031=ORIENTED_EDGE('',*,*,#14030,.T.);
#14032=CARTESIAN_POINT('',(-47.213180933,65.969194818,4.5000254));
#14033=DIRECTION('',(0.,-1.,0.));
#14034=VECTOR('',#14033,0.747006855);
#14035=LINE('',#14032,#14034);
#14036=EDGE_CURVE('',#10197,#14025,#14035,.T.);
#14037=ORIENTED_EDGE('',*,*,#14036,.F.);
#14038=ORIENTED_EDGE('',*,*,#10226,.F.);
#14039=EDGE_LOOP('',(#14023,#14031,#14037,#14038));
#14040=FACE_BOUND('',#14039,.T.);
#14041=ADVANCED_FACE('',(#14040),#14015,.F.);
#14042=CARTESIAN_POINT('',(-42.546514266,65.222187964,2.73429051));
#14043=DIRECTION('',(0.,1.,0.));
#14044=DIRECTION('',(0.,0.,1.));
#14045=AXIS2_PLACEMENT_3D('',#14042,#14043,#14044);
#14046=PLANE('',#14045);
#14047=CARTESIAN_POINT('',(-47.213180933,65.222187964,3.0000254));
#14048=DIRECTION('',(0.,-0.,1.));
#14049=VECTOR('',#14048,1.5);
#14050=LINE('',#14047,#14049);
#14051=EDGE_CURVE('',#417,#14025,#14050,.T.);
#14052=ORIENTED_EDGE('',*,*,#14051,.T.);
#14053=ORIENTED_EDGE('',*,*,#14030,.F.);
#14054=CARTESIAN_POINT('',(-42.546514266,65.222187964,3.0000254));
#14055=DIRECTION('',(0.,-0.,1.));
#14056=VECTOR('',#14055,1.5);
#14057=LINE('',#14054,#14056);
#14058=EDGE_CURVE('',#419,#14017,#14057,.T.);
#14059=ORIENTED_EDGE('',*,*,#14058,.F.);
#14060=ORIENTED_EDGE('',*,*,#424,.F.);
#14061=EDGE_LOOP('',(#14052,#14053,#14059,#14060));
#14062=FACE_BOUND('',#14061,.T.);
#14063=ADVANCED_FACE('',(#14062),#14046,.T.);
#14064=CARTESIAN_POINT('',(-42.546514266,65.222187964,2.73429051));
#14065=DIRECTION('',(-1.,0.,0.));
#14066=DIRECTION('',(0.,0.,1.));
#14067=AXIS2_PLACEMENT_3D('',#14064,#14065,#14066);
#14068=PLANE('',#14067);
#14069=ORIENTED_EDGE('',*,*,#14058,.T.);
#14070=ORIENTED_EDGE('',*,*,#14022,.F.);
#14071=ORIENTED_EDGE('',*,*,#10220,.F.);
#14072=ORIENTED_EDGE('',*,*,#432,.F.);
#14073=EDGE_LOOP('',(#14069,#14070,#14071,#14072));
#14074=FACE_BOUND('',#14073,.T.);
#14075=ADVANCED_FACE('',(#14074),#14068,.T.);
#14076=CARTESIAN_POINT('',(-47.213180933,65.222187964,2.73429051));
#14077=DIRECTION('',(-1.,0.,0.));
#14078=DIRECTION('',(0.,0.,1.));
#14079=AXIS2_PLACEMENT_3D('',#14076,#14077,#14078);
#14080=PLANE('',#14079);
#14081=ORIENTED_EDGE('',*,*,#510,.T.);
#14082=ORIENTED_EDGE('',*,*,#10202,.T.);
#14083=ORIENTED_EDGE('',*,*,#14036,.T.);
#14084=ORIENTED_EDGE('',*,*,#14051,.F.);
#14085=EDGE_LOOP('',(#14081,#14082,#14083,#14084));
#14086=FACE_BOUND('',#14085,.T.);
#14087=ADVANCED_FACE('',(#14086),#14080,.F.);
#14088=CARTESIAN_POINT('',(-42.546514266,61.358183896,4.5000254));
#14089=DIRECTION('',(-1.,0.,0.));
#14090=DIRECTION('',(0.,0.,-1.));
#14091=AXIS2_PLACEMENT_3D('',#14088,#14089,#14090);
#14092=PLANE('',#14091);
#14093=CARTESIAN_POINT('',(-42.546514266,62.108183896,4.5000254));
#14094=VERTEX_POINT('',#14093);
#14095=CARTESIAN_POINT('',(-42.546514266,62.108183896,4.5000254));
#14096=DIRECTION('',(-0.,-1.,-0.));
#14097=VECTOR('',#14096,0.738999238);
#14098=LINE('',#14095,#14097);
#14099=EDGE_CURVE('',#14094,#6603,#14098,.T.);
#14100=ORIENTED_EDGE('',*,*,#14099,.F.);
#14101=CARTESIAN_POINT('',(-42.546514266,62.108183896,4.5000254));
#14102=DIRECTION('',(0.,0.,-1.));
#14103=VECTOR('',#14102,1.5);
#14104=LINE('',#14101,#14103);
#14105=EDGE_CURVE('',#14094,#2109,#14104,.T.);
#14106=ORIENTED_EDGE('',*,*,#14105,.T.);
#14107=ORIENTED_EDGE('',*,*,#2114,.T.);
#14108=ORIENTED_EDGE('',*,*,#6614,.F.);
#14109=EDGE_LOOP('',(#14100,#14106,#14107,#14108));
#14110=FACE_BOUND('',#14109,.T.);
#14111=ADVANCED_FACE('',(#14110),#14092,.T.);
#14112=CARTESIAN_POINT('',(-42.546514266,61.358183896,4.5000254));
#14113=DIRECTION('',(0.,0.,1.));
#14114=DIRECTION('',(-1.,0.,0.));
#14115=AXIS2_PLACEMENT_3D('',#14112,#14113,#14114);
#14116=PLANE('',#14115);
#14117=CARTESIAN_POINT('',(-47.213180933,62.108183896,4.5000254));
#14118=VERTEX_POINT('',#14117);
#14119=CARTESIAN_POINT('',(-47.213180933,62.108183896,4.5000254));
#14120=DIRECTION('',(0.,-1.,0.));
#14121=VECTOR('',#14120,0.738999238);
#14122=LINE('',#14119,#14121);
#14123=EDGE_CURVE('',#14118,#6595,#14122,.T.);
#14124=ORIENTED_EDGE('',*,*,#14123,.F.);
#14125=CARTESIAN_POINT('',(-42.546514266,62.108183896,4.5000254));
#14126=DIRECTION('',(-1.,-0.,0.));
#14127=VECTOR('',#14126,4.666666667);
#14128=LINE('',#14125,#14127);
#14129=EDGE_CURVE('',#14094,#14118,#14128,.T.);
#14130=ORIENTED_EDGE('',*,*,#14129,.F.);
#14131=ORIENTED_EDGE('',*,*,#14099,.T.);
#14132=ORIENTED_EDGE('',*,*,#6608,.F.);
#14133=EDGE_LOOP('',(#14124,#14130,#14131,#14132));
#14134=FACE_BOUND('',#14133,.T.);
#14135=ADVANCED_FACE('',(#14134),#14116,.F.);
#14136=CARTESIAN_POINT('',(-47.213180933,61.358183896,4.5000254));
#14137=DIRECTION('',(-1.,0.,0.));
#14138=DIRECTION('',(0.,0.,-1.));
#14139=AXIS2_PLACEMENT_3D('',#14136,#14137,#14138);
#14140=PLANE('',#14139);
#14141=ORIENTED_EDGE('',*,*,#2130,.F.);
#14142=CARTESIAN_POINT('',(-47.213180933,62.108183896,4.5000254));
#14143=DIRECTION('',(-0.,-0.,-1.));
#14144=VECTOR('',#14143,1.5);
#14145=LINE('',#14142,#14144);
#14146=EDGE_CURVE('',#14118,#2117,#14145,.T.);
#14147=ORIENTED_EDGE('',*,*,#14146,.F.);
#14148=ORIENTED_EDGE('',*,*,#14123,.T.);
#14149=ORIENTED_EDGE('',*,*,#6600,.F.);
#14150=EDGE_LOOP('',(#14141,#14147,#14148,#14149));
#14151=FACE_BOUND('',#14150,.T.);
#14152=ADVANCED_FACE('',(#14151),#14140,.F.);
#14153=CARTESIAN_POINT('',(-37.8798476,62.108183896,1.));
#14154=DIRECTION('',(0.,-1.,0.));
#14155=DIRECTION('',(-1.,0.,0.));
#14156=AXIS2_PLACEMENT_3D('',#14153,#14154,#14155);
#14157=PLANE('',#14156);
#14158=ORIENTED_EDGE('',*,*,#14105,.F.);
#14159=ORIENTED_EDGE('',*,*,#14129,.T.);
#14160=ORIENTED_EDGE('',*,*,#14146,.T.);
#14161=ORIENTED_EDGE('',*,*,#2122,.F.);
#14162=EDGE_LOOP('',(#14158,#14159,#14160,#14161));
#14163=FACE_BOUND('',#14162,.T.);
#14164=ADVANCED_FACE('',(#14163),#14157,.T.);
#14165=OVER_RIDING_STYLED_ITEM('',(#5382),#14164,#26);
#14166=CARTESIAN_POINT('',(-42.546514266,42.658145796,4.5000254));
#14167=DIRECTION('',(-1.,0.,0.));
#14168=DIRECTION('',(0.,0.,-1.));
#14169=AXIS2_PLACEMENT_3D('',#14166,#14167,#14168);
#14170=PLANE('',#14169);
#14171=CARTESIAN_POINT('',(-42.546514266,43.408145796,4.5000254));
#14172=VERTEX_POINT('',#14171);
#14173=CARTESIAN_POINT('',(-42.546514266,43.408145796,4.5000254));
#14174=DIRECTION('',(-0.,-1.,-0.));
#14175=VECTOR('',#14174,0.738999238);
#14176=LINE('',#14173,#14175);
#14177=EDGE_CURVE('',#14172,#6557,#14176,.T.);
#14178=ORIENTED_EDGE('',*,*,#14177,.F.);
#14179=CARTESIAN_POINT('',(-42.546514266,43.408145796,4.5000254));
#14180=DIRECTION('',(0.,0.,-1.));
#14181=VECTOR('',#14180,1.5);
#14182=LINE('',#14179,#14181);
#14183=EDGE_CURVE('',#14172,#2207,#14182,.T.);
#14184=ORIENTED_EDGE('',*,*,#14183,.T.);
#14185=ORIENTED_EDGE('',*,*,#2212,.T.);
#14186=ORIENTED_EDGE('',*,*,#6568,.F.);
#14187=EDGE_LOOP('',(#14178,#14184,#14185,#14186));
#14188=FACE_BOUND('',#14187,.T.);
#14189=ADVANCED_FACE('',(#14188),#14170,.T.);
#14190=CARTESIAN_POINT('',(-42.546514266,42.658145796,4.5000254));
#14191=DIRECTION('',(0.,0.,1.));
#14192=DIRECTION('',(-1.,0.,0.));
#14193=AXIS2_PLACEMENT_3D('',#14190,#14191,#14192);
#14194=PLANE('',#14193);
#14195=CARTESIAN_POINT('',(-47.213180933,43.408145796,4.5000254));
#14196=VERTEX_POINT('',#14195);
#14197=CARTESIAN_POINT('',(-47.213180933,43.408145796,4.5000254));
#14198=DIRECTION('',(0.,-1.,0.));
#14199=VECTOR('',#14198,0.738999238);
#14200=LINE('',#14197,#14199);
#14201=EDGE_CURVE('',#14196,#6549,#14200,.T.);
#14202=ORIENTED_EDGE('',*,*,#14201,.F.);
#14203=CARTESIAN_POINT('',(-42.546514266,43.408145796,4.5000254));
#14204=DIRECTION('',(-1.,-0.,0.));
#14205=VECTOR('',#14204,4.666666667);
#14206=LINE('',#14203,#14205);
#14207=EDGE_CURVE('',#14172,#14196,#14206,.T.);
#14208=ORIENTED_EDGE('',*,*,#14207,.F.);
#14209=ORIENTED_EDGE('',*,*,#14177,.T.);
#14210=ORIENTED_EDGE('',*,*,#6562,.F.);
#14211=EDGE_LOOP('',(#14202,#14208,#14209,#14210));
#14212=FACE_BOUND('',#14211,.T.);
#14213=ADVANCED_FACE('',(#14212),#14194,.F.);
#14214=CARTESIAN_POINT('',(-47.213180933,42.658145796,4.5000254));
#14215=DIRECTION('',(-1.,0.,0.));
#14216=DIRECTION('',(0.,0.,-1.));
#14217=AXIS2_PLACEMENT_3D('',#14214,#14215,#14216);
#14218=PLANE('',#14217);
#14219=ORIENTED_EDGE('',*,*,#2228,.F.);
#14220=CARTESIAN_POINT('',(-47.213180933,43.408145796,4.5000254));
#14221=DIRECTION('',(-0.,-0.,-1.));
#14222=VECTOR('',#14221,1.5);
#14223=LINE('',#14220,#14222);
#14224=EDGE_CURVE('',#14196,#2215,#14223,.T.);
#14225=ORIENTED_EDGE('',*,*,#14224,.F.);
#14226=ORIENTED_EDGE('',*,*,#14201,.T.);
#14227=ORIENTED_EDGE('',*,*,#6554,.F.);
#14228=EDGE_LOOP('',(#14219,#14225,#14226,#14227));
#14229=FACE_BOUND('',#14228,.T.);
#14230=ADVANCED_FACE('',(#14229),#14218,.F.);
#14231=CARTESIAN_POINT('',(-37.8798476,43.408145796,1.));
#14232=DIRECTION('',(0.,-1.,0.));
#14233=DIRECTION('',(-1.,0.,0.));
#14234=AXIS2_PLACEMENT_3D('',#14231,#14232,#14233);
#14235=PLANE('',#14234);
#14236=ORIENTED_EDGE('',*,*,#14183,.F.);
#14237=ORIENTED_EDGE('',*,*,#14207,.T.);
#14238=ORIENTED_EDGE('',*,*,#14224,.T.);
#14239=ORIENTED_EDGE('',*,*,#2220,.F.);
#14240=EDGE_LOOP('',(#14236,#14237,#14238,#14239));
#14241=FACE_BOUND('',#14240,.T.);
#14242=ADVANCED_FACE('',(#14241),#14235,.T.);
#14243=OVER_RIDING_STYLED_ITEM('',(#5382),#14242,#26);
#14244=CARTESIAN_POINT('',(-50.674843242,7.107030004,4.5000254));
#14245=DIRECTION('',(0.,0.,1.));
#14246=DIRECTION('',(-0.984807753,0.173648178,0.));
#14247=AXIS2_PLACEMENT_3D('',#14244,#14245,#14246);
#14248=PLANE('',#14247);
#14249=CARTESIAN_POINT('',(-50.674843242,7.107030004,4.5000254));
#14250=VERTEX_POINT('',#14249);
#14251=CARTESIAN_POINT('',(-50.545126863,7.842688146,4.5000254));
#14252=DIRECTION('',(-0.173648178,-0.984807753,-0.));
#14253=VECTOR('',#14252,0.747006855);
#14254=LINE('',#14251,#14253);
#14255=EDGE_CURVE('',#10047,#14250,#14254,.T.);
#14256=ORIENTED_EDGE('',*,*,#14255,.T.);
#14257=CARTESIAN_POINT('',(-55.270612756,7.917388167,4.5000254));
#14258=VERTEX_POINT('',#14257);
#14259=CARTESIAN_POINT('',(-50.674843242,7.107030004,4.5000254));
#14260=DIRECTION('',(-0.984807753,0.173648178,0.));
#14261=VECTOR('',#14260,4.666666667);
#14262=LINE('',#14259,#14261);
#14263=EDGE_CURVE('',#14250,#14258,#14262,.T.);
#14264=ORIENTED_EDGE('',*,*,#14263,.T.);
#14265=CARTESIAN_POINT('',(-55.140896377,8.653046309,4.5000254));
#14266=DIRECTION('',(-0.173648178,-0.984807753,0.));
#14267=VECTOR('',#14266,0.747006855);
#14268=LINE('',#14265,#14267);
#14269=EDGE_CURVE('',#10029,#14258,#14268,.T.);
#14270=ORIENTED_EDGE('',*,*,#14269,.F.);
#14271=ORIENTED_EDGE('',*,*,#10058,.F.);
#14272=EDGE_LOOP('',(#14256,#14264,#14270,#14271));
#14273=FACE_BOUND('',#14272,.T.);
#14274=ADVANCED_FACE('',(#14273),#14248,.F.);
#14275=CARTESIAN_POINT('',(-50.674843242,7.107030004,2.73429051));
#14276=DIRECTION('',(0.173648178,0.984807753,0.));
#14277=DIRECTION('',(0.,0.,1.));
#14278=AXIS2_PLACEMENT_3D('',#14275,#14276,#14277);
#14279=PLANE('',#14278);
#14280=CARTESIAN_POINT('',(-55.270612756,7.917388167,3.0000254));
#14281=DIRECTION('',(0.,0.,1.));
#14282=VECTOR('',#14281,1.5);
#14283=LINE('',#14280,#14282);
#14284=EDGE_CURVE('',#3208,#14258,#14283,.T.);
#14285=ORIENTED_EDGE('',*,*,#14284,.T.);
#14286=ORIENTED_EDGE('',*,*,#14263,.F.);
#14287=CARTESIAN_POINT('',(-50.674843242,7.107030004,3.0000254));
#14288=DIRECTION('',(0.,0.,1.));
#14289=VECTOR('',#14288,1.5);
#14290=LINE('',#14287,#14289);
#14291=EDGE_CURVE('',#3210,#14250,#14290,.T.);
#14292=ORIENTED_EDGE('',*,*,#14291,.F.);
#14293=ORIENTED_EDGE('',*,*,#3215,.F.);
#14294=EDGE_LOOP('',(#14285,#14286,#14292,#14293));
#14295=FACE_BOUND('',#14294,.T.);
#14296=ADVANCED_FACE('',(#14295),#14279,.T.);
#14297=CARTESIAN_POINT('',(-50.674843242,7.107030004,2.73429051));
#14298=DIRECTION('',(-0.984807753,0.173648178,0.));
#14299=DIRECTION('',(0.,0.,1.));
#14300=AXIS2_PLACEMENT_3D('',#14297,#14298,#14299);
#14301=PLANE('',#14300);
#14302=ORIENTED_EDGE('',*,*,#14291,.T.);
#14303=ORIENTED_EDGE('',*,*,#14255,.F.);
#14304=ORIENTED_EDGE('',*,*,#10052,.F.);
#14305=ORIENTED_EDGE('',*,*,#3223,.F.);
#14306=EDGE_LOOP('',(#14302,#14303,#14304,#14305));
#14307=FACE_BOUND('',#14306,.T.);
#14308=ADVANCED_FACE('',(#14307),#14301,.T.);
#14309=CARTESIAN_POINT('',(-55.270612756,7.917388167,2.73429051));
#14310=DIRECTION('',(-0.984807753,0.173648178,0.));
#14311=DIRECTION('',(0.,0.,1.));
#14312=AXIS2_PLACEMENT_3D('',#14309,#14310,#14311);
#14313=PLANE('',#14312);
#14314=ORIENTED_EDGE('',*,*,#3301,.T.);
#14315=ORIENTED_EDGE('',*,*,#10034,.T.);
#14316=ORIENTED_EDGE('',*,*,#14269,.T.);
#14317=ORIENTED_EDGE('',*,*,#14284,.F.);
#14318=EDGE_LOOP('',(#14314,#14315,#14316,#14317));
#14319=FACE_BOUND('',#14318,.T.);
#14320=ADVANCED_FACE('',(#14319),#14313,.F.);
#14321=CARTESIAN_POINT('',(-51.944533062,83.85522581,4.5000254));
#14322=DIRECTION('',(0.,0.,1.));
#14323=DIRECTION('',(-1.,0.,0.));
#14324=AXIS2_PLACEMENT_3D('',#14321,#14322,#14323);
#14325=PLANE('',#14324);
#14326=CARTESIAN_POINT('',(-51.944533062,83.85522581,4.5000254));
#14327=VERTEX_POINT('',#14326);
#14328=CARTESIAN_POINT('',(-51.944533062,84.602232664,4.5000254));
#14329=DIRECTION('',(-0.,-1.,-0.));
#14330=VECTOR('',#14329,0.747006855);
#14331=LINE('',#14328,#14330);
#14332=EDGE_CURVE('',#9951,#14327,#14331,.T.);
#14333=ORIENTED_EDGE('',*,*,#14332,.T.);
#14334=CARTESIAN_POINT('',(-56.611199729,83.85522581,4.5000254));
#14335=VERTEX_POINT('',#14334);
#14336=CARTESIAN_POINT('',(-51.944533062,83.85522581,4.5000254));
#14337=DIRECTION('',(-1.,0.,0.));
#14338=VECTOR('',#14337,4.666666667);
#14339=LINE('',#14336,#14338);
#14340=EDGE_CURVE('',#14327,#14335,#14339,.T.);
#14341=ORIENTED_EDGE('',*,*,#14340,.T.);
#14342=CARTESIAN_POINT('',(-56.611199729,84.602232664,4.5000254));
#14343=DIRECTION('',(0.,-1.,0.));
#14344=VECTOR('',#14343,0.747006855);
#14345=LINE('',#14342,#14344);
#14346=EDGE_CURVE('',#9933,#14335,#14345,.T.);
#14347=ORIENTED_EDGE('',*,*,#14346,.F.);
#14348=ORIENTED_EDGE('',*,*,#9962,.F.);
#14349=EDGE_LOOP('',(#14333,#14341,#14347,#14348));
#14350=FACE_BOUND('',#14349,.T.);
#14351=ADVANCED_FACE('',(#14350),#14325,.F.);
#14352=CARTESIAN_POINT('',(-51.944533062,83.85522581,2.73429051));
#14353=DIRECTION('',(0.,1.,0.));
#14354=DIRECTION('',(0.,0.,1.));
#14355=AXIS2_PLACEMENT_3D('',#14352,#14353,#14354);
#14356=PLANE('',#14355);
#14357=CARTESIAN_POINT('',(-56.611199729,83.85522581,3.0000254));
#14358=DIRECTION('',(0.,-0.,1.));
#14359=VECTOR('',#14358,1.5);
#14360=LINE('',#14357,#14359);
#14361=EDGE_CURVE('',#2279,#14335,#14360,.T.);
#14362=ORIENTED_EDGE('',*,*,#14361,.T.);
#14363=ORIENTED_EDGE('',*,*,#14340,.F.);
#14364=CARTESIAN_POINT('',(-51.944533062,83.85522581,3.0000254));
#14365=DIRECTION('',(0.,-0.,1.));
#14366=VECTOR('',#14365,1.5);
#14367=LINE('',#14364,#14366);
#14368=EDGE_CURVE('',#2281,#14327,#14367,.T.);
#14369=ORIENTED_EDGE('',*,*,#14368,.F.);
#14370=ORIENTED_EDGE('',*,*,#2286,.F.);
#14371=EDGE_LOOP('',(#14362,#14363,#14369,#14370));
#14372=FACE_BOUND('',#14371,.T.);
#14373=ADVANCED_FACE('',(#14372),#14356,.T.);
#14374=CARTESIAN_POINT('',(-51.944533062,83.85522581,2.73429051));
#14375=DIRECTION('',(-1.,0.,0.));
#14376=DIRECTION('',(0.,0.,1.));
#14377=AXIS2_PLACEMENT_3D('',#14374,#14375,#14376);
#14378=PLANE('',#14377);
#14379=ORIENTED_EDGE('',*,*,#14368,.T.);
#14380=ORIENTED_EDGE('',*,*,#14332,.F.);
#14381=ORIENTED_EDGE('',*,*,#9956,.F.);
#14382=ORIENTED_EDGE('',*,*,#2294,.F.);
#14383=EDGE_LOOP('',(#14379,#14380,#14381,#14382));
#14384=FACE_BOUND('',#14383,.T.);
#14385=ADVANCED_FACE('',(#14384),#14378,.T.);
#14386=CARTESIAN_POINT('',(-56.611199729,83.85522581,2.73429051));
#14387=DIRECTION('',(-1.,0.,0.));
#14388=DIRECTION('',(0.,0.,1.));
#14389=AXIS2_PLACEMENT_3D('',#14386,#14387,#14388);
#14390=PLANE('',#14389);
#14391=ORIENTED_EDGE('',*,*,#2372,.T.);
#14392=ORIENTED_EDGE('',*,*,#9938,.T.);
#14393=ORIENTED_EDGE('',*,*,#14346,.T.);
#14394=ORIENTED_EDGE('',*,*,#14361,.F.);
#14395=EDGE_LOOP('',(#14391,#14392,#14393,#14394));
#14396=FACE_BOUND('',#14395,.T.);
#14397=ADVANCED_FACE('',(#14396),#14390,.F.);
#14398=CARTESIAN_POINT('',(-61.246742867,65.222187964,4.5000254));
#14399=DIRECTION('',(0.,0.,1.));
#14400=DIRECTION('',(-1.,0.,0.));
#14401=AXIS2_PLACEMENT_3D('',#14398,#14399,#14400);
#14402=PLANE('',#14401);
#14403=CARTESIAN_POINT('',(-61.246742867,65.222187964,4.5000254));
#14404=VERTEX_POINT('',#14403);
#14405=CARTESIAN_POINT('',(-61.246742867,65.969194818,4.5000254));
#14406=DIRECTION('',(-0.,-1.,-0.));
#14407=VECTOR('',#14406,0.747006855);
#14408=LINE('',#14405,#14407);
#14409=EDGE_CURVE('',#9855,#14404,#14408,.T.);
#14410=ORIENTED_EDGE('',*,*,#14409,.T.);
#14411=CARTESIAN_POINT('',(-65.913409533,65.222187964,4.5000254));
#14412=VERTEX_POINT('',#14411);
#14413=CARTESIAN_POINT('',(-61.246742867,65.222187964,4.5000254));
#14414=DIRECTION('',(-1.,0.,0.));
#14415=VECTOR('',#14414,4.666666667);
#14416=LINE('',#14413,#14415);
#14417=EDGE_CURVE('',#14404,#14412,#14416,.T.);
#14418=ORIENTED_EDGE('',*,*,#14417,.T.);
#14419=CARTESIAN_POINT('',(-65.913409533,65.969194818,4.5000254));
#14420=DIRECTION('',(0.,-1.,0.));
#14421=VECTOR('',#14420,0.747006855);
#14422=LINE('',#14419,#14421);
#14423=EDGE_CURVE('',#9837,#14412,#14422,.T.);
#14424=ORIENTED_EDGE('',*,*,#14423,.F.);
#14425=ORIENTED_EDGE('',*,*,#9866,.F.);
#14426=EDGE_LOOP('',(#14410,#14418,#14424,#14425));
#14427=FACE_BOUND('',#14426,.T.);
#14428=ADVANCED_FACE('',(#14427),#14402,.F.);
#14429=CARTESIAN_POINT('',(-61.246742867,65.222187964,2.73429051));
#14430=DIRECTION('',(0.,1.,0.));
#14431=DIRECTION('',(0.,0.,1.));
#14432=AXIS2_PLACEMENT_3D('',#14429,#14430,#14431);
#14433=PLANE('',#14432);
#14434=CARTESIAN_POINT('',(-65.913409533,65.222187964,3.0000254));
#14435=DIRECTION('',(0.,-0.,1.));
#14436=VECTOR('',#14435,1.5);
#14437=LINE('',#14434,#14436);
#14438=EDGE_CURVE('',#1985,#14412,#14437,.T.);
#14439=ORIENTED_EDGE('',*,*,#14438,.T.);
#14440=ORIENTED_EDGE('',*,*,#14417,.F.);
#14441=CARTESIAN_POINT('',(-61.246742867,65.222187964,3.0000254));
#14442=DIRECTION('',(0.,-0.,1.));
#14443=VECTOR('',#14442,1.5);
#14444=LINE('',#14441,#14443);
#14445=EDGE_CURVE('',#1987,#14404,#14444,.T.);
#14446=ORIENTED_EDGE('',*,*,#14445,.F.);
#14447=ORIENTED_EDGE('',*,*,#1992,.F.);
#14448=EDGE_LOOP('',(#14439,#14440,#14446,#14447));
#14449=FACE_BOUND('',#14448,.T.);
#14450=ADVANCED_FACE('',(#14449),#14433,.T.);
#14451=CARTESIAN_POINT('',(-61.246742867,65.222187964,2.73429051));
#14452=DIRECTION('',(-1.,0.,0.));
#14453=DIRECTION('',(0.,0.,1.));
#14454=AXIS2_PLACEMENT_3D('',#14451,#14452,#14453);
#14455=PLANE('',#14454);
#14456=ORIENTED_EDGE('',*,*,#14445,.T.);
#14457=ORIENTED_EDGE('',*,*,#14409,.F.);
#14458=ORIENTED_EDGE('',*,*,#9860,.F.);
#14459=ORIENTED_EDGE('',*,*,#2000,.F.);
#14460=EDGE_LOOP('',(#14456,#14457,#14458,#14459));
#14461=FACE_BOUND('',#14460,.T.);
#14462=ADVANCED_FACE('',(#14461),#14455,.T.);
#14463=CARTESIAN_POINT('',(-65.913409533,65.222187964,2.73429051));
#14464=DIRECTION('',(-1.,0.,0.));
#14465=DIRECTION('',(0.,0.,1.));
#14466=AXIS2_PLACEMENT_3D('',#14463,#14464,#14465);
#14467=PLANE('',#14466);
#14468=ORIENTED_EDGE('',*,*,#2078,.T.);
#14469=ORIENTED_EDGE('',*,*,#9842,.T.);
#14470=ORIENTED_EDGE('',*,*,#14423,.T.);
#14471=ORIENTED_EDGE('',*,*,#14438,.F.);
#14472=EDGE_LOOP('',(#14468,#14469,#14470,#14471));
#14473=FACE_BOUND('',#14472,.T.);
#14474=ADVANCED_FACE('',(#14473),#14467,.F.);
#14475=CARTESIAN_POINT('',(-61.246742867,61.358183896,4.5000254));
#14476=DIRECTION('',(-1.,0.,0.));
#14477=DIRECTION('',(0.,0.,-1.));
#14478=AXIS2_PLACEMENT_3D('',#14475,#14476,#14477);
#14479=PLANE('',#14478);
#14480=CARTESIAN_POINT('',(-61.246742867,62.108183896,4.5000254));
#14481=VERTEX_POINT('',#14480);
#14482=CARTESIAN_POINT('',(-61.246742867,62.108183896,4.5000254));
#14483=DIRECTION('',(-0.,-1.,-0.));
#14484=VECTOR('',#14483,0.738999238);
#14485=LINE('',#14482,#14484);
#14486=EDGE_CURVE('',#14481,#6349,#14485,.T.);
#14487=ORIENTED_EDGE('',*,*,#14486,.F.);
#14488=CARTESIAN_POINT('',(-61.246742867,62.108183896,4.5000254));
#14489=DIRECTION('',(0.,0.,-1.));
#14490=VECTOR('',#14489,1.5);
#14491=LINE('',#14488,#14490);
#14492=EDGE_CURVE('',#14481,#1913,#14491,.T.);
#14493=ORIENTED_EDGE('',*,*,#14492,.T.);
#14494=ORIENTED_EDGE('',*,*,#1918,.T.);
#14495=ORIENTED_EDGE('',*,*,#6360,.F.);
#14496=EDGE_LOOP('',(#14487,#14493,#14494,#14495));
#14497=FACE_BOUND('',#14496,.T.);
#14498=ADVANCED_FACE('',(#14497),#14479,.T.);
#14499=CARTESIAN_POINT('',(-61.246742867,61.358183896,4.5000254));
#14500=DIRECTION('',(0.,0.,1.));
#14501=DIRECTION('',(-1.,0.,0.));
#14502=AXIS2_PLACEMENT_3D('',#14499,#14500,#14501);
#14503=PLANE('',#14502);
#14504=CARTESIAN_POINT('',(-65.913409533,62.108183896,4.5000254));
#14505=VERTEX_POINT('',#14504);
#14506=CARTESIAN_POINT('',(-65.913409533,62.108183896,4.5000254));
#14507=DIRECTION('',(0.,-1.,0.));
#14508=VECTOR('',#14507,0.738999238);
#14509=LINE('',#14506,#14508);
#14510=EDGE_CURVE('',#14505,#6341,#14509,.T.);
#14511=ORIENTED_EDGE('',*,*,#14510,.F.);
#14512=CARTESIAN_POINT('',(-61.246742867,62.108183896,4.5000254));
#14513=DIRECTION('',(-1.,-0.,0.));
#14514=VECTOR('',#14513,4.666666667);
#14515=LINE('',#14512,#14514);
#14516=EDGE_CURVE('',#14481,#14505,#14515,.T.);
#14517=ORIENTED_EDGE('',*,*,#14516,.F.);
#14518=ORIENTED_EDGE('',*,*,#14486,.T.);
#14519=ORIENTED_EDGE('',*,*,#6354,.F.);
#14520=EDGE_LOOP('',(#14511,#14517,#14518,#14519));
#14521=FACE_BOUND('',#14520,.T.);
#14522=ADVANCED_FACE('',(#14521),#14503,.F.);
#14523=CARTESIAN_POINT('',(-65.913409533,61.358183896,4.5000254));
#14524=DIRECTION('',(-1.,0.,0.));
#14525=DIRECTION('',(0.,0.,-1.));
#14526=AXIS2_PLACEMENT_3D('',#14523,#14524,#14525);
#14527=PLANE('',#14526);
#14528=ORIENTED_EDGE('',*,*,#1934,.F.);
#14529=CARTESIAN_POINT('',(-65.913409533,62.108183896,4.5000254));
#14530=DIRECTION('',(-0.,-0.,-1.));
#14531=VECTOR('',#14530,1.5);
#14532=LINE('',#14529,#14531);
#14533=EDGE_CURVE('',#14505,#1921,#14532,.T.);
#14534=ORIENTED_EDGE('',*,*,#14533,.F.);
#14535=ORIENTED_EDGE('',*,*,#14510,.T.);
#14536=ORIENTED_EDGE('',*,*,#6346,.F.);
#14537=EDGE_LOOP('',(#14528,#14534,#14535,#14536));
#14538=FACE_BOUND('',#14537,.T.);
#14539=ADVANCED_FACE('',(#14538),#14527,.F.);
#14540=CARTESIAN_POINT('',(-56.5800762,62.108183896,1.));
#14541=DIRECTION('',(0.,-1.,0.));
#14542=DIRECTION('',(-1.,0.,0.));
#14543=AXIS2_PLACEMENT_3D('',#14540,#14541,#14542);
#14544=PLANE('',#14543);
#14545=ORIENTED_EDGE('',*,*,#14492,.F.);
#14546=ORIENTED_EDGE('',*,*,#14516,.T.);
#14547=ORIENTED_EDGE('',*,*,#14533,.T.);
#14548=ORIENTED_EDGE('',*,*,#1926,.F.);
#14549=EDGE_LOOP('',(#14545,#14546,#14547,#14548));
#14550=FACE_BOUND('',#14549,.T.);
#14551=ADVANCED_FACE('',(#14550),#14544,.T.);
#14552=OVER_RIDING_STYLED_ITEM('',(#5382),#14551,#26);
#14553=CARTESIAN_POINT('',(-61.246742867,42.658145796,4.5000254));
#14554=DIRECTION('',(-1.,0.,0.));
#14555=DIRECTION('',(0.,0.,-1.));
#14556=AXIS2_PLACEMENT_3D('',#14553,#14554,#14555);
#14557=PLANE('',#14556);
#14558=CARTESIAN_POINT('',(-61.246742867,43.408145796,4.5000254));
#14559=VERTEX_POINT('',#14558);
#14560=CARTESIAN_POINT('',(-61.246742867,43.408145796,4.5000254));
#14561=DIRECTION('',(-0.,-1.,-0.));
#14562=VECTOR('',#14561,0.738999238);
#14563=LINE('',#14560,#14562);
#14564=EDGE_CURVE('',#14559,#6303,#14563,.T.);
#14565=ORIENTED_EDGE('',*,*,#14564,.F.);
#14566=CARTESIAN_POINT('',(-61.246742867,43.408145796,4.5000254));
#14567=DIRECTION('',(0.,0.,-1.));
#14568=VECTOR('',#14567,1.5);
#14569=LINE('',#14566,#14568);
#14570=EDGE_CURVE('',#14559,#1815,#14569,.T.);
#14571=ORIENTED_EDGE('',*,*,#14570,.T.);
#14572=ORIENTED_EDGE('',*,*,#1820,.T.);
#14573=ORIENTED_EDGE('',*,*,#6314,.F.);
#14574=EDGE_LOOP('',(#14565,#14571,#14572,#14573));
#14575=FACE_BOUND('',#14574,.T.);
#14576=ADVANCED_FACE('',(#14575),#14557,.T.);
#14577=CARTESIAN_POINT('',(-61.246742867,42.658145796,4.5000254));
#14578=DIRECTION('',(0.,0.,1.));
#14579=DIRECTION('',(-1.,0.,0.));
#14580=AXIS2_PLACEMENT_3D('',#14577,#14578,#14579);
#14581=PLANE('',#14580);
#14582=CARTESIAN_POINT('',(-65.913409533,43.408145796,4.5000254));
#14583=VERTEX_POINT('',#14582);
#14584=CARTESIAN_POINT('',(-65.913409533,43.408145796,4.5000254));
#14585=DIRECTION('',(0.,-1.,0.));
#14586=VECTOR('',#14585,0.738999238);
#14587=LINE('',#14584,#14586);
#14588=EDGE_CURVE('',#14583,#6295,#14587,.T.);
#14589=ORIENTED_EDGE('',*,*,#14588,.F.);
#14590=CARTESIAN_POINT('',(-61.246742867,43.408145796,4.5000254));
#14591=DIRECTION('',(-1.,-0.,0.));
#14592=VECTOR('',#14591,4.666666667);
#14593=LINE('',#14590,#14592);
#14594=EDGE_CURVE('',#14559,#14583,#14593,.T.);
#14595=ORIENTED_EDGE('',*,*,#14594,.F.);
#14596=ORIENTED_EDGE('',*,*,#14564,.T.);
#14597=ORIENTED_EDGE('',*,*,#6308,.F.);
#14598=EDGE_LOOP('',(#14589,#14595,#14596,#14597));
#14599=FACE_BOUND('',#14598,.T.);
#14600=ADVANCED_FACE('',(#14599),#14581,.F.);
#14601=CARTESIAN_POINT('',(-65.913409533,42.658145796,4.5000254));
#14602=DIRECTION('',(-1.,0.,0.));
#14603=DIRECTION('',(0.,0.,-1.));
#14604=AXIS2_PLACEMENT_3D('',#14601,#14602,#14603);
#14605=PLANE('',#14604);
#14606=ORIENTED_EDGE('',*,*,#1836,.F.);
#14607=CARTESIAN_POINT('',(-65.913409533,43.408145796,4.5000254));
#14608=DIRECTION('',(-0.,-0.,-1.));
#14609=VECTOR('',#14608,1.5);
#14610=LINE('',#14607,#14609);
#14611=EDGE_CURVE('',#14583,#1823,#14610,.T.);
#14612=ORIENTED_EDGE('',*,*,#14611,.F.);
#14613=ORIENTED_EDGE('',*,*,#14588,.T.);
#14614=ORIENTED_EDGE('',*,*,#6300,.F.);
#14615=EDGE_LOOP('',(#14606,#14612,#14613,#14614));
#14616=FACE_BOUND('',#14615,.T.);
#14617=ADVANCED_FACE('',(#14616),#14605,.F.);
#14618=CARTESIAN_POINT('',(-56.5800762,43.408145796,1.));
#14619=DIRECTION('',(0.,-1.,0.));
#14620=DIRECTION('',(-1.,0.,0.));
#14621=AXIS2_PLACEMENT_3D('',#14618,#14619,#14620);
#14622=PLANE('',#14621);
#14623=ORIENTED_EDGE('',*,*,#14570,.F.);
#14624=ORIENTED_EDGE('',*,*,#14594,.T.);
#14625=ORIENTED_EDGE('',*,*,#14611,.T.);
#14626=ORIENTED_EDGE('',*,*,#1828,.F.);
#14627=EDGE_LOOP('',(#14623,#14624,#14625,#14626));
#14628=FACE_BOUND('',#14627,.T.);
#14629=ADVANCED_FACE('',(#14628),#14622,.T.);
#14630=OVER_RIDING_STYLED_ITEM('',(#5382),#14629,#26);
#14631=CARTESIAN_POINT('',(-69.088759844,24.017082418,4.5000254));
#14632=DIRECTION('',(-1.,0.,0.));
#14633=DIRECTION('',(0.,0.,-1.));
#14634=AXIS2_PLACEMENT_3D('',#14631,#14632,#14633);
#14635=PLANE('',#14634);
#14636=CARTESIAN_POINT('',(-69.088759844,24.767082418,4.5000254));
#14637=VERTEX_POINT('',#14636);
#14638=CARTESIAN_POINT('',(-69.088759844,24.767082418,4.5000254));
#14639=DIRECTION('',(-0.,-1.,-0.));
#14640=VECTOR('',#14639,0.738999238);
#14641=LINE('',#14638,#14640);
#14642=EDGE_CURVE('',#14637,#6257,#14641,.T.);
#14643=ORIENTED_EDGE('',*,*,#14642,.F.);
#14644=CARTESIAN_POINT('',(-69.088759844,24.767082418,4.5000254));
#14645=DIRECTION('',(0.,0.,-1.));
#14646=VECTOR('',#14645,1.5);
#14647=LINE('',#14644,#14646);
#14648=EDGE_CURVE('',#14637,#1717,#14647,.T.);
#14649=ORIENTED_EDGE('',*,*,#14648,.T.);
#14650=ORIENTED_EDGE('',*,*,#1722,.T.);
#14651=ORIENTED_EDGE('',*,*,#6268,.F.);
#14652=EDGE_LOOP('',(#14643,#14649,#14650,#14651));
#14653=FACE_BOUND('',#14652,.T.);
#14654=ADVANCED_FACE('',(#14653),#14635,.T.);
#14655=CARTESIAN_POINT('',(-69.088759844,24.017082418,4.5000254));
#14656=DIRECTION('',(0.,0.,1.));
#14657=DIRECTION('',(-1.,0.,0.));
#14658=AXIS2_PLACEMENT_3D('',#14655,#14656,#14657);
#14659=PLANE('',#14658);
#14660=CARTESIAN_POINT('',(-73.755426511,24.767082418,4.5000254));
#14661=VERTEX_POINT('',#14660);
#14662=CARTESIAN_POINT('',(-73.755426511,24.767082418,4.5000254));
#14663=DIRECTION('',(0.,-1.,0.));
#14664=VECTOR('',#14663,0.738999238);
#14665=LINE('',#14662,#14664);
#14666=EDGE_CURVE('',#14661,#6249,#14665,.T.);
#14667=ORIENTED_EDGE('',*,*,#14666,.F.);
#14668=CARTESIAN_POINT('',(-69.088759844,24.767082418,4.5000254));
#14669=DIRECTION('',(-1.,-0.,0.));
#14670=VECTOR('',#14669,4.666666667);
#14671=LINE('',#14668,#14670);
#14672=EDGE_CURVE('',#14637,#14661,#14671,.T.);
#14673=ORIENTED_EDGE('',*,*,#14672,.F.);
#14674=ORIENTED_EDGE('',*,*,#14642,.T.);
#14675=ORIENTED_EDGE('',*,*,#6262,.F.);
#14676=EDGE_LOOP('',(#14667,#14673,#14674,#14675));
#14677=FACE_BOUND('',#14676,.T.);
#14678=ADVANCED_FACE('',(#14677),#14659,.F.);
#14679=CARTESIAN_POINT('',(-73.755426511,24.017082418,4.5000254));
#14680=DIRECTION('',(-1.,0.,0.));
#14681=DIRECTION('',(0.,0.,-1.));
#14682=AXIS2_PLACEMENT_3D('',#14679,#14680,#14681);
#14683=PLANE('',#14682);
#14684=ORIENTED_EDGE('',*,*,#1738,.F.);
#14685=CARTESIAN_POINT('',(-73.755426511,24.767082418,4.5000254));
#14686=DIRECTION('',(-0.,-0.,-1.));
#14687=VECTOR('',#14686,1.5);
#14688=LINE('',#14685,#14687);
#14689=EDGE_CURVE('',#14661,#1725,#14688,.T.);
#14690=ORIENTED_EDGE('',*,*,#14689,.F.);
#14691=ORIENTED_EDGE('',*,*,#14666,.T.);
#14692=ORIENTED_EDGE('',*,*,#6254,.F.);
#14693=EDGE_LOOP('',(#14684,#14690,#14691,#14692));
#14694=FACE_BOUND('',#14693,.T.);
#14695=ADVANCED_FACE('',(#14694),#14683,.F.);
#14696=CARTESIAN_POINT('',(-64.422093177,24.767082418,1.));
#14697=DIRECTION('',(0.,-1.,0.));
#14698=DIRECTION('',(-1.,0.,0.));
#14699=AXIS2_PLACEMENT_3D('',#14696,#14697,#14698);
#14700=PLANE('',#14699);
#14701=ORIENTED_EDGE('',*,*,#14648,.F.);
#14702=ORIENTED_EDGE('',*,*,#14672,.T.);
#14703=ORIENTED_EDGE('',*,*,#14689,.T.);
#14704=ORIENTED_EDGE('',*,*,#1730,.F.);
#14705=EDGE_LOOP('',(#14701,#14702,#14703,#14704));
#14706=FACE_BOUND('',#14705,.T.);
#14707=ADVANCED_FACE('',(#14706),#14700,.T.);
#14708=OVER_RIDING_STYLED_ITEM('',(#5382),#14707,#26);
#14709=CARTESIAN_POINT('',(-70.644761663,86.522231144,4.5000254));
#14710=DIRECTION('',(0.,0.,1.));
#14711=DIRECTION('',(-1.,0.,0.));
#14712=AXIS2_PLACEMENT_3D('',#14709,#14710,#14711);
#14713=PLANE('',#14712);
#14714=CARTESIAN_POINT('',(-70.644761663,86.522231144,4.5000254));
#14715=VERTEX_POINT('',#14714);
#14716=CARTESIAN_POINT('',(-70.644761663,87.269237998,4.5000254));
#14717=DIRECTION('',(-0.,-1.,-0.));
#14718=VECTOR('',#14717,0.747006855);
#14719=LINE('',#14716,#14718);
#14720=EDGE_CURVE('',#9651,#14715,#14719,.T.);
#14721=ORIENTED_EDGE('',*,*,#14720,.T.);
#14722=CARTESIAN_POINT('',(-75.31142833,86.522231144,4.5000254));
#14723=VERTEX_POINT('',#14722);
#14724=CARTESIAN_POINT('',(-70.644761663,86.522231144,4.5000254));
#14725=DIRECTION('',(-1.,0.,0.));
#14726=VECTOR('',#14725,4.666666667);
#14727=LINE('',#14724,#14726);
#14728=EDGE_CURVE('',#14715,#14723,#14727,.T.);
#14729=ORIENTED_EDGE('',*,*,#14728,.T.);
#14730=CARTESIAN_POINT('',(-75.31142833,87.269237998,4.5000254));
#14731=DIRECTION('',(0.,-1.,0.));
#14732=VECTOR('',#14731,0.747006855);
#14733=LINE('',#14730,#14732);
#14734=EDGE_CURVE('',#9633,#14723,#14733,.T.);
#14735=ORIENTED_EDGE('',*,*,#14734,.F.);
#14736=ORIENTED_EDGE('',*,*,#9662,.F.);
#14737=EDGE_LOOP('',(#14721,#14729,#14735,#14736));
#14738=FACE_BOUND('',#14737,.T.);
#14739=ADVANCED_FACE('',(#14738),#14713,.F.);
#14740=CARTESIAN_POINT('',(-70.644761663,86.522231144,2.73429051));
#14741=DIRECTION('',(0.,1.,0.));
#14742=DIRECTION('',(0.,0.,1.));
#14743=AXIS2_PLACEMENT_3D('',#14740,#14741,#14742);
#14744=PLANE('',#14743);
#14745=CARTESIAN_POINT('',(-75.31142833,86.522231144,3.0000254));
#14746=DIRECTION('',(0.,-0.,1.));
#14747=VECTOR('',#14746,1.5);
#14748=LINE('',#14745,#14747);
#14749=EDGE_CURVE('',#3306,#14723,#14748,.T.);
#14750=ORIENTED_EDGE('',*,*,#14749,.T.);
#14751=ORIENTED_EDGE('',*,*,#14728,.F.);
#14752=CARTESIAN_POINT('',(-70.644761663,86.522231144,3.0000254));
#14753=DIRECTION('',(0.,-0.,1.));
#14754=VECTOR('',#14753,1.5);
#14755=LINE('',#14752,#14754);
#14756=EDGE_CURVE('',#3308,#14715,#14755,.T.);
#14757=ORIENTED_EDGE('',*,*,#14756,.F.);
#14758=ORIENTED_EDGE('',*,*,#3313,.F.);
#14759=EDGE_LOOP('',(#14750,#14751,#14757,#14758));
#14760=FACE_BOUND('',#14759,.T.);
#14761=ADVANCED_FACE('',(#14760),#14744,.T.);
#14762=CARTESIAN_POINT('',(-70.644761663,86.522231144,2.73429051));
#14763=DIRECTION('',(-1.,0.,0.));
#14764=DIRECTION('',(0.,0.,1.));
#14765=AXIS2_PLACEMENT_3D('',#14762,#14763,#14764);
#14766=PLANE('',#14765);
#14767=ORIENTED_EDGE('',*,*,#14756,.T.);
#14768=ORIENTED_EDGE('',*,*,#14720,.F.);
#14769=ORIENTED_EDGE('',*,*,#9656,.F.);
#14770=ORIENTED_EDGE('',*,*,#3321,.F.);
#14771=EDGE_LOOP('',(#14767,#14768,#14769,#14770));
#14772=FACE_BOUND('',#14771,.T.);
#14773=ADVANCED_FACE('',(#14772),#14766,.T.);
#14774=CARTESIAN_POINT('',(-75.31142833,86.522231144,2.73429051));
#14775=DIRECTION('',(-1.,0.,0.));
#14776=DIRECTION('',(0.,0.,1.));
#14777=AXIS2_PLACEMENT_3D('',#14774,#14775,#14776);
#14778=PLANE('',#14777);
#14779=ORIENTED_EDGE('',*,*,#3399,.T.);
#14780=ORIENTED_EDGE('',*,*,#9638,.T.);
#14781=ORIENTED_EDGE('',*,*,#14734,.T.);
#14782=ORIENTED_EDGE('',*,*,#14749,.F.);
#14783=EDGE_LOOP('',(#14779,#14780,#14781,#14782));
#14784=FACE_BOUND('',#14783,.T.);
#14785=ADVANCED_FACE('',(#14784),#14778,.F.);
#14786=CARTESIAN_POINT('',(-79.946780967,67.822193044,4.5000254));
#14787=DIRECTION('',(0.,0.,1.));
#14788=DIRECTION('',(-1.,0.,0.));
#14789=AXIS2_PLACEMENT_3D('',#14786,#14787,#14788);
#14790=PLANE('',#14789);
#14791=CARTESIAN_POINT('',(-79.946780967,67.822193044,4.5000254));
#14792=VERTEX_POINT('',#14791);
#14793=CARTESIAN_POINT('',(-79.946780967,68.569199898,4.5000254));
#14794=DIRECTION('',(-0.,-1.,-0.));
#14795=VECTOR('',#14794,0.747006855);
#14796=LINE('',#14793,#14795);
#14797=EDGE_CURVE('',#9555,#14792,#14796,.T.);
#14798=ORIENTED_EDGE('',*,*,#14797,.T.);
#14799=CARTESIAN_POINT('',(-84.613447634,67.822193044,4.5000254));
#14800=VERTEX_POINT('',#14799);
#14801=CARTESIAN_POINT('',(-79.946780967,67.822193044,4.5000254));
#14802=DIRECTION('',(-1.,0.,0.));
#14803=VECTOR('',#14802,4.666666667);
#14804=LINE('',#14801,#14803);
#14805=EDGE_CURVE('',#14792,#14800,#14804,.T.);
#14806=ORIENTED_EDGE('',*,*,#14805,.T.);
#14807=CARTESIAN_POINT('',(-84.613447634,68.569199898,4.5000254));
#14808=DIRECTION('',(0.,-1.,0.));
#14809=VECTOR('',#14808,0.747006855);
#14810=LINE('',#14807,#14809);
#14811=EDGE_CURVE('',#9537,#14800,#14810,.T.);
#14812=ORIENTED_EDGE('',*,*,#14811,.F.);
#14813=ORIENTED_EDGE('',*,*,#9566,.F.);
#14814=EDGE_LOOP('',(#14798,#14806,#14812,#14813));
#14815=FACE_BOUND('',#14814,.T.);
#14816=ADVANCED_FACE('',(#14815),#14790,.F.);
#14817=CARTESIAN_POINT('',(-79.946780967,67.822193044,2.73429051));
#14818=DIRECTION('',(0.,1.,0.));
#14819=DIRECTION('',(0.,0.,1.));
#14820=AXIS2_PLACEMENT_3D('',#14817,#14818,#14819);
#14821=PLANE('',#14820);
#14822=CARTESIAN_POINT('',(-84.613447634,67.822193044,3.0000254));
#14823=DIRECTION('',(0.,-0.,1.));
#14824=VECTOR('',#14823,1.5);
#14825=LINE('',#14822,#14824);
#14826=EDGE_CURVE('',#3404,#14800,#14825,.T.);
#14827=ORIENTED_EDGE('',*,*,#14826,.T.);
#14828=ORIENTED_EDGE('',*,*,#14805,.F.);
#14829=CARTESIAN_POINT('',(-79.946780967,67.822193044,3.0000254));
#14830=DIRECTION('',(0.,-0.,1.));
#14831=VECTOR('',#14830,1.5);
#14832=LINE('',#14829,#14831);
#14833=EDGE_CURVE('',#3406,#14792,#14832,.T.);
#14834=ORIENTED_EDGE('',*,*,#14833,.F.);
#14835=ORIENTED_EDGE('',*,*,#3411,.F.);
#14836=EDGE_LOOP('',(#14827,#14828,#14834,#14835));
#14837=FACE_BOUND('',#14836,.T.);
#14838=ADVANCED_FACE('',(#14837),#14821,.T.);
#14839=CARTESIAN_POINT('',(-79.946780967,67.822193044,2.73429051));
#14840=DIRECTION('',(-1.,0.,0.));
#14841=DIRECTION('',(0.,0.,1.));
#14842=AXIS2_PLACEMENT_3D('',#14839,#14840,#14841);
#14843=PLANE('',#14842);
#14844=ORIENTED_EDGE('',*,*,#14833,.T.);
#14845=ORIENTED_EDGE('',*,*,#14797,.F.);
#14846=ORIENTED_EDGE('',*,*,#9560,.F.);
#14847=ORIENTED_EDGE('',*,*,#3419,.F.);
#14848=EDGE_LOOP('',(#14844,#14845,#14846,#14847));
#14849=FACE_BOUND('',#14848,.T.);
#14850=ADVANCED_FACE('',(#14849),#14843,.T.);
#14851=CARTESIAN_POINT('',(-84.613447634,67.822193044,2.73429051));
#14852=DIRECTION('',(-1.,0.,0.));
#14853=DIRECTION('',(0.,0.,1.));
#14854=AXIS2_PLACEMENT_3D('',#14851,#14852,#14853);
#14855=PLANE('',#14854);
#14856=ORIENTED_EDGE('',*,*,#3497,.T.);
#14857=ORIENTED_EDGE('',*,*,#9542,.T.);
#14858=ORIENTED_EDGE('',*,*,#14811,.T.);
#14859=ORIENTED_EDGE('',*,*,#14826,.F.);
#14860=EDGE_LOOP('',(#14856,#14857,#14858,#14859));
#14861=FACE_BOUND('',#14860,.T.);
#14862=ADVANCED_FACE('',(#14861),#14855,.F.);
#14863=CARTESIAN_POINT('',(-79.946780967,63.958188976,4.5000254));
#14864=DIRECTION('',(-1.,0.,0.));
#14865=DIRECTION('',(0.,0.,-1.));
#14866=AXIS2_PLACEMENT_3D('',#14863,#14864,#14865);
#14867=PLANE('',#14866);
#14868=CARTESIAN_POINT('',(-79.946780967,64.708188976,4.5000254));
#14869=VERTEX_POINT('',#14868);
#14870=CARTESIAN_POINT('',(-79.946780967,64.708188976,4.5000254));
#14871=DIRECTION('',(-0.,-1.,-0.));
#14872=VECTOR('',#14871,0.738999238);
#14873=LINE('',#14870,#14872);
#14874=EDGE_CURVE('',#14869,#6103,#14873,.T.);
#14875=ORIENTED_EDGE('',*,*,#14874,.F.);
#14876=CARTESIAN_POINT('',(-79.946780967,64.708188976,4.5000254));
#14877=DIRECTION('',(0.,0.,-1.));
#14878=VECTOR('',#14877,1.5);
#14879=LINE('',#14876,#14878);
#14880=EDGE_CURVE('',#14869,#3528,#14879,.T.);
#14881=ORIENTED_EDGE('',*,*,#14880,.T.);
#14882=ORIENTED_EDGE('',*,*,#3533,.T.);
#14883=ORIENTED_EDGE('',*,*,#6114,.F.);
#14884=EDGE_LOOP('',(#14875,#14881,#14882,#14883));
#14885=FACE_BOUND('',#14884,.T.);
#14886=ADVANCED_FACE('',(#14885),#14867,.T.);
#14887=CARTESIAN_POINT('',(-79.946780967,63.958188976,4.5000254));
#14888=DIRECTION('',(0.,0.,1.));
#14889=DIRECTION('',(-1.,0.,0.));
#14890=AXIS2_PLACEMENT_3D('',#14887,#14888,#14889);
#14891=PLANE('',#14890);
#14892=CARTESIAN_POINT('',(-84.613447634,64.708188976,4.5000254));
#14893=VERTEX_POINT('',#14892);
#14894=CARTESIAN_POINT('',(-84.613447634,64.708188976,4.5000254));
#14895=DIRECTION('',(0.,-1.,0.));
#14896=VECTOR('',#14895,0.738999238);
#14897=LINE('',#14894,#14896);
#14898=EDGE_CURVE('',#14893,#6095,#14897,.T.);
#14899=ORIENTED_EDGE('',*,*,#14898,.F.);
#14900=CARTESIAN_POINT('',(-79.946780967,64.708188976,4.5000254));
#14901=DIRECTION('',(-1.,-0.,0.));
#14902=VECTOR('',#14901,4.666666667);
#14903=LINE('',#14900,#14902);
#14904=EDGE_CURVE('',#14869,#14893,#14903,.T.);
#14905=ORIENTED_EDGE('',*,*,#14904,.F.);
#14906=ORIENTED_EDGE('',*,*,#14874,.T.);
#14907=ORIENTED_EDGE('',*,*,#6108,.F.);
#14908=EDGE_LOOP('',(#14899,#14905,#14906,#14907));
#14909=FACE_BOUND('',#14908,.T.);
#14910=ADVANCED_FACE('',(#14909),#14891,.F.);
#14911=CARTESIAN_POINT('',(-84.613447634,63.958188976,4.5000254));
#14912=DIRECTION('',(-1.,0.,0.));
#14913=DIRECTION('',(0.,0.,-1.));
#14914=AXIS2_PLACEMENT_3D('',#14911,#14912,#14913);
#14915=PLANE('',#14914);
#14916=ORIENTED_EDGE('',*,*,#3549,.F.);
#14917=CARTESIAN_POINT('',(-84.613447634,64.708188976,4.5000254));
#14918=DIRECTION('',(-0.,-0.,-1.));
#14919=VECTOR('',#14918,1.5);
#14920=LINE('',#14917,#14919);
#14921=EDGE_CURVE('',#14893,#3536,#14920,.T.);
#14922=ORIENTED_EDGE('',*,*,#14921,.F.);
#14923=ORIENTED_EDGE('',*,*,#14898,.T.);
#14924=ORIENTED_EDGE('',*,*,#6100,.F.);
#14925=EDGE_LOOP('',(#14916,#14922,#14923,#14924));
#14926=FACE_BOUND('',#14925,.T.);
#14927=ADVANCED_FACE('',(#14926),#14915,.F.);
#14928=CARTESIAN_POINT('',(-75.2801143,64.708188976,1.));
#14929=DIRECTION('',(0.,-1.,0.));
#14930=DIRECTION('',(-1.,0.,0.));
#14931=AXIS2_PLACEMENT_3D('',#14928,#14929,#14930);
#14932=PLANE('',#14931);
#14933=ORIENTED_EDGE('',*,*,#14880,.F.);
#14934=ORIENTED_EDGE('',*,*,#14904,.T.);
#14935=ORIENTED_EDGE('',*,*,#14921,.T.);
#14936=ORIENTED_EDGE('',*,*,#3541,.F.);
#14937=EDGE_LOOP('',(#14933,#14934,#14935,#14936));
#14938=FACE_BOUND('',#14937,.T.);
#14939=ADVANCED_FACE('',(#14938),#14932,.T.);
#14940=OVER_RIDING_STYLED_ITEM('',(#5382),#14939,#26);
#14941=CARTESIAN_POINT('',(-75.2801143,45.258150876,1.));
#14942=DIRECTION('',(0.,-1.,0.));
#14943=DIRECTION('',(-1.,0.,0.));
#14944=AXIS2_PLACEMENT_3D('',#14941,#14942,#14943);
#14945=PLANE('',#14944);
#14946=ORIENTED_EDGE('',*,*,#2392,.F.);
#14947=CARTESIAN_POINT('',(-75.2801143,45.258150876,3.0000254));
#14948=DIRECTION('',(-0.,-0.,1.));
#14949=VECTOR('',#14948,3.);
#14950=LINE('',#14947,#14949);
#14951=EDGE_CURVE('',#2379,#5263,#14950,.T.);
#14952=ORIENTED_EDGE('',*,*,#14951,.T.);
#14953=ORIENTED_EDGE('',*,*,#5268,.T.);
#14954=ORIENTED_EDGE('',*,*,#6080,.F.);
#14955=EDGE_LOOP('',(#14946,#14952,#14953,#14954));
#14956=FACE_BOUND('',#14955,.T.);
#14957=ADVANCED_FACE('',(#14956),#14945,.T.);
#14958=OVER_RIDING_STYLED_ITEM('',(#5382),#14957,#26);
#14959=CARTESIAN_POINT('',(-89.2801143,31.158122936,1.));
#14960=DIRECTION('',(0.,1.,0.));
#14961=DIRECTION('',(1.,0.,0.));
#14962=AXIS2_PLACEMENT_3D('',#14959,#14960,#14961);
#14963=PLANE('',#14962);
#14964=CARTESIAN_POINT('',(-84.613447634,31.158122936,4.5000254));
#14965=VERTEX_POINT('',#14964);
#14966=CARTESIAN_POINT('',(-84.613447634,31.158122936,3.0000254));
#14967=DIRECTION('',(0.,0.,1.));
#14968=VECTOR('',#14967,1.5);
#14969=LINE('',#14966,#14968);
#14970=EDGE_CURVE('',#2467,#14965,#14969,.T.);
#14971=ORIENTED_EDGE('',*,*,#14970,.F.);
#14972=ORIENTED_EDGE('',*,*,#2472,.F.);
#14973=CARTESIAN_POINT('',(-89.2801143,31.158122936,3.0000254));
#14974=DIRECTION('',(-0.,-0.,1.));
#14975=VECTOR('',#14974,3.);
#14976=LINE('',#14973,#14975);
#14977=EDGE_CURVE('',#2459,#5213,#14976,.T.);
#14978=ORIENTED_EDGE('',*,*,#14977,.T.);
#14979=ORIENTED_EDGE('',*,*,#5220,.T.);
#14980=CARTESIAN_POINT('',(-75.2801143,31.158122936,3.0000254));
#14981=DIRECTION('',(-0.,-0.,1.));
#14982=VECTOR('',#14981,3.);
#14983=LINE('',#14980,#14982);
#14984=EDGE_CURVE('',#2377,#5215,#14983,.T.);
#14985=ORIENTED_EDGE('',*,*,#14984,.F.);
#14986=ORIENTED_EDGE('',*,*,#2502,.F.);
#14987=CARTESIAN_POINT('',(-79.946780967,31.158122936,4.5000254));
#14988=VERTEX_POINT('',#14987);
#14989=CARTESIAN_POINT('',(-79.946780967,31.158122936,3.0000254));
#14990=DIRECTION('',(0.,0.,1.));
#14991=VECTOR('',#14990,1.5);
#14992=LINE('',#14989,#14991);
#14993=EDGE_CURVE('',#2491,#14988,#14992,.T.);
#14994=ORIENTED_EDGE('',*,*,#14993,.T.);
#14995=CARTESIAN_POINT('',(-79.946780967,31.158122936,4.5000254));
#14996=DIRECTION('',(-1.,-0.,0.));
#14997=VECTOR('',#14996,4.666666667);
#14998=LINE('',#14995,#14997);
#14999=EDGE_CURVE('',#14988,#14965,#14998,.T.);
#15000=ORIENTED_EDGE('',*,*,#14999,.T.);
#15001=EDGE_LOOP('',(#14971,#14972,#14978,#14979,#14985,#14986,#14994,#15000));
#15002=FACE_BOUND('',#15001,.T.);
#15003=ADVANCED_FACE('',(#15002),#14963,.T.);
#15004=OVER_RIDING_STYLED_ITEM('',(#5382),#15003,#26);
#15005=CARTESIAN_POINT('',(-79.946780967,30.411116081,2.73429051));
#15006=DIRECTION('',(0.,1.,0.));
#15007=DIRECTION('',(0.,0.,1.));
#15008=AXIS2_PLACEMENT_3D('',#15005,#15006,#15007);
#15009=PLANE('',#15008);
#15010=CARTESIAN_POINT('',(-84.613447634,30.411116081,4.5000254));
#15011=VERTEX_POINT('',#15010);
#15012=CARTESIAN_POINT('',(-84.613447634,30.411116081,3.0000254));
#15013=DIRECTION('',(0.,-0.,1.));
#15014=VECTOR('',#15013,1.5);
#15015=LINE('',#15012,#15014);
#15016=EDGE_CURVE('',#2475,#15011,#15015,.T.);
#15017=ORIENTED_EDGE('',*,*,#15016,.T.);
#15018=CARTESIAN_POINT('',(-79.946780967,30.411116081,4.5000254));
#15019=VERTEX_POINT('',#15018);
#15020=CARTESIAN_POINT('',(-79.946780967,30.411116081,4.5000254));
#15021=DIRECTION('',(-1.,-0.,-0.));
#15022=VECTOR('',#15021,4.666666667);
#15023=LINE('',#15020,#15022);
#15024=EDGE_CURVE('',#15019,#15011,#15023,.T.);
#15025=ORIENTED_EDGE('',*,*,#15024,.F.);
#15026=CARTESIAN_POINT('',(-79.946780967,30.411116081,3.0000254));
#15027=DIRECTION('',(0.,-0.,1.));
#15028=VECTOR('',#15027,1.5);
#15029=LINE('',#15026,#15028);
#15030=EDGE_CURVE('',#2483,#15019,#15029,.T.);
#15031=ORIENTED_EDGE('',*,*,#15030,.F.);
#15032=ORIENTED_EDGE('',*,*,#2488,.F.);
#15033=EDGE_LOOP('',(#15017,#15025,#15031,#15032));
#15034=FACE_BOUND('',#15033,.T.);
#15035=ADVANCED_FACE('',(#15034),#15009,.T.);
#15036=CARTESIAN_POINT('',(-84.613447634,30.411116081,2.73429051));
#15037=DIRECTION('',(-1.,0.,0.));
#15038=DIRECTION('',(0.,0.,1.));
#15039=AXIS2_PLACEMENT_3D('',#15036,#15037,#15038);
#15040=PLANE('',#15039);
#15041=ORIENTED_EDGE('',*,*,#2480,.T.);
#15042=ORIENTED_EDGE('',*,*,#14970,.T.);
#15043=CARTESIAN_POINT('',(-84.613447634,31.158122936,4.5000254));
#15044=DIRECTION('',(0.,-1.,0.));
#15045=VECTOR('',#15044,0.747006855);
#15046=LINE('',#15043,#15045);
#15047=EDGE_CURVE('',#14965,#15011,#15046,.T.);
#15048=ORIENTED_EDGE('',*,*,#15047,.T.);
#15049=ORIENTED_EDGE('',*,*,#15016,.F.);
#15050=EDGE_LOOP('',(#15041,#15042,#15048,#15049));
#15051=FACE_BOUND('',#15050,.T.);
#15052=ADVANCED_FACE('',(#15051),#15040,.F.);
#15053=CARTESIAN_POINT('',(-79.946780967,30.411116081,2.73429051));
#15054=DIRECTION('',(-1.,0.,0.));
#15055=DIRECTION('',(0.,0.,1.));
#15056=AXIS2_PLACEMENT_3D('',#15053,#15054,#15055);
#15057=PLANE('',#15056);
#15058=ORIENTED_EDGE('',*,*,#15030,.T.);
#15059=CARTESIAN_POINT('',(-79.946780967,31.158122936,4.5000254));
#15060=DIRECTION('',(-0.,-1.,-0.));
#15061=VECTOR('',#15060,0.747006855);
#15062=LINE('',#15059,#15061);
#15063=EDGE_CURVE('',#14988,#15019,#15062,.T.);
#15064=ORIENTED_EDGE('',*,*,#15063,.F.);
#15065=ORIENTED_EDGE('',*,*,#14993,.F.);
#15066=ORIENTED_EDGE('',*,*,#2496,.F.);
#15067=EDGE_LOOP('',(#15058,#15064,#15065,#15066));
#15068=FACE_BOUND('',#15067,.T.);
#15069=ADVANCED_FACE('',(#15068),#15057,.T.);
#15070=CARTESIAN_POINT('',(-79.946780967,30.411116081,4.5000254));
#15071=DIRECTION('',(0.,0.,1.));
#15072=DIRECTION('',(-1.,0.,0.));
#15073=AXIS2_PLACEMENT_3D('',#15070,#15071,#15072);
#15074=PLANE('',#15073);
#15075=ORIENTED_EDGE('',*,*,#15063,.T.);
#15076=ORIENTED_EDGE('',*,*,#15024,.T.);
#15077=ORIENTED_EDGE('',*,*,#15047,.F.);
#15078=ORIENTED_EDGE('',*,*,#14999,.F.);
#15079=EDGE_LOOP('',(#15075,#15076,#15077,#15078));
#15080=FACE_BOUND('',#15079,.T.);
#15081=ADVANCED_FACE('',(#15080),#15074,.F.);
#15082=CARTESIAN_POINT('',(-89.2801143,31.158122936,1.));
#15083=DIRECTION('',(-1.,0.,0.));
#15084=DIRECTION('',(0.,1.,0.));
#15085=AXIS2_PLACEMENT_3D('',#15082,#15083,#15084);
#15086=PLANE('',#15085);
#15087=ORIENTED_EDGE('',*,*,#9444,.T.);
#15088=ORIENTED_EDGE('',*,*,#5228,.F.);
#15089=ORIENTED_EDGE('',*,*,#14977,.F.);
#15090=ORIENTED_EDGE('',*,*,#2464,.T.);
#15091=EDGE_LOOP('',(#15087,#15088,#15089,#15090));
#15092=FACE_BOUND('',#15091,.T.);
#15093=ADVANCED_FACE('',(#15092),#15086,.F.);
#15094=OVER_RIDING_STYLED_ITEM('',(#5382),#15093,#26);
#15095=CARTESIAN_POINT('',(-75.2801143,31.158122936,1.));
#15096=DIRECTION('',(-1.,0.,0.));
#15097=DIRECTION('',(0.,1.,0.));
#15098=AXIS2_PLACEMENT_3D('',#15095,#15096,#15097);
#15099=PLANE('',#15098);
#15100=ORIENTED_EDGE('',*,*,#14984,.T.);
#15101=ORIENTED_EDGE('',*,*,#5274,.T.);
#15102=ORIENTED_EDGE('',*,*,#14951,.F.);
#15103=ORIENTED_EDGE('',*,*,#2384,.F.);
#15104=EDGE_LOOP('',(#15100,#15101,#15102,#15103));
#15105=FACE_BOUND('',#15104,.T.);
#15106=ADVANCED_FACE('',(#15105),#15099,.T.);
#15107=OVER_RIDING_STYLED_ITEM('',(#5382),#15106,#26);
#15108=CARTESIAN_POINT('',(-84.613447634,45.258150876,4.5000254));
#15109=DIRECTION('',(-1.,0.,0.));
#15110=DIRECTION('',(0.,0.,-1.));
#15111=AXIS2_PLACEMENT_3D('',#15108,#15109,#15110);
#15112=PLANE('',#15111);
#15113=ORIENTED_EDGE('',*,*,#2432,.F.);
#15114=CARTESIAN_POINT('',(-84.613447634,46.008150876,4.5000254));
#15115=VERTEX_POINT('',#15114);
#15116=CARTESIAN_POINT('',(-84.613447634,46.008150876,4.5000254));
#15117=DIRECTION('',(-0.,-0.,-1.));
#15118=VECTOR('',#15117,1.5);
#15119=LINE('',#15116,#15118);
#15120=EDGE_CURVE('',#15115,#2419,#15119,.T.);
#15121=ORIENTED_EDGE('',*,*,#15120,.F.);
#15122=CARTESIAN_POINT('',(-84.613447634,46.008150876,4.5000254));
#15123=DIRECTION('',(0.,-1.,0.));
#15124=VECTOR('',#15123,0.738999238);
#15125=LINE('',#15122,#15124);
#15126=EDGE_CURVE('',#15115,#6031,#15125,.T.);
#15127=ORIENTED_EDGE('',*,*,#15126,.T.);
#15128=ORIENTED_EDGE('',*,*,#6036,.F.);
#15129=EDGE_LOOP('',(#15113,#15121,#15127,#15128));
#15130=FACE_BOUND('',#15129,.T.);
#15131=ADVANCED_FACE('',(#15130),#15112,.F.);
#15132=CARTESIAN_POINT('',(-79.946780967,45.258150876,4.5000254));
#15133=DIRECTION('',(0.,0.,1.));
#15134=DIRECTION('',(-1.,0.,0.));
#15135=AXIS2_PLACEMENT_3D('',#15132,#15133,#15134);
#15136=PLANE('',#15135);
#15137=ORIENTED_EDGE('',*,*,#15126,.F.);
#15138=CARTESIAN_POINT('',(-79.946780967,46.008150876,4.5000254));
#15139=VERTEX_POINT('',#15138);
#15140=CARTESIAN_POINT('',(-79.946780967,46.008150876,4.5000254));
#15141=DIRECTION('',(-1.,-0.,0.));
#15142=VECTOR('',#15141,4.666666667);
#15143=LINE('',#15140,#15142);
#15144=EDGE_CURVE('',#15139,#15115,#15143,.T.);
#15145=ORIENTED_EDGE('',*,*,#15144,.F.);
#15146=CARTESIAN_POINT('',(-79.946780967,46.008150876,4.5000254));
#15147=DIRECTION('',(-0.,-1.,-0.));
#15148=VECTOR('',#15147,0.738999238);
#15149=LINE('',#15146,#15148);
#15150=EDGE_CURVE('',#15139,#6039,#15149,.T.);
#15151=ORIENTED_EDGE('',*,*,#15150,.T.);
#15152=ORIENTED_EDGE('',*,*,#6044,.F.);
#15153=EDGE_LOOP('',(#15137,#15145,#15151,#15152));
#15154=FACE_BOUND('',#15153,.T.);
#15155=ADVANCED_FACE('',(#15154),#15136,.F.);
#15156=CARTESIAN_POINT('',(-79.946780967,45.258150876,4.5000254));
#15157=DIRECTION('',(-1.,0.,0.));
#15158=DIRECTION('',(0.,0.,-1.));
#15159=AXIS2_PLACEMENT_3D('',#15156,#15157,#15158);
#15160=PLANE('',#15159);
#15161=ORIENTED_EDGE('',*,*,#15150,.F.);
#15162=CARTESIAN_POINT('',(-79.946780967,46.008150876,4.5000254));
#15163=DIRECTION('',(0.,0.,-1.));
#15164=VECTOR('',#15163,1.5);
#15165=LINE('',#15162,#15164);
#15166=EDGE_CURVE('',#15139,#2411,#15165,.T.);
#15167=ORIENTED_EDGE('',*,*,#15166,.T.);
#15168=ORIENTED_EDGE('',*,*,#2416,.T.);
#15169=ORIENTED_EDGE('',*,*,#6050,.F.);
#15170=EDGE_LOOP('',(#15161,#15167,#15168,#15169));
#15171=FACE_BOUND('',#15170,.T.);
#15172=ADVANCED_FACE('',(#15171),#15160,.T.);
#15173=CARTESIAN_POINT('',(-75.2801143,46.008150876,1.));
#15174=DIRECTION('',(0.,-1.,0.));
#15175=DIRECTION('',(-1.,0.,0.));
#15176=AXIS2_PLACEMENT_3D('',#15173,#15174,#15175);
#15177=PLANE('',#15176);
#15178=ORIENTED_EDGE('',*,*,#15166,.F.);
#15179=ORIENTED_EDGE('',*,*,#15144,.T.);
#15180=ORIENTED_EDGE('',*,*,#15120,.T.);
#15181=ORIENTED_EDGE('',*,*,#2424,.F.);
#15182=EDGE_LOOP('',(#15178,#15179,#15180,#15181));
#15183=FACE_BOUND('',#15182,.T.);
#15184=ADVANCED_FACE('',(#15183),#15177,.T.);
#15185=OVER_RIDING_STYLED_ITEM('',(#5382),#15184,#26);
#15186=CARTESIAN_POINT('',(-89.296798747,89.089236478,4.5000254));
#15187=DIRECTION('',(0.,0.,1.));
#15188=DIRECTION('',(-1.,0.,0.));
#15189=AXIS2_PLACEMENT_3D('',#15186,#15187,#15188);
#15190=PLANE('',#15189);
#15191=CARTESIAN_POINT('',(-89.296798747,89.089236478,4.5000254));
#15192=VERTEX_POINT('',#15191);
#15193=CARTESIAN_POINT('',(-89.296798747,89.836243332,4.5000254));
#15194=DIRECTION('',(-0.,-1.,-0.));
#15195=VECTOR('',#15194,0.747006855);
#15196=LINE('',#15193,#15195);
#15197=EDGE_CURVE('',#9387,#15192,#15196,.T.);
#15198=ORIENTED_EDGE('',*,*,#15197,.T.);
#15199=CARTESIAN_POINT('',(-93.963465414,89.089236478,4.5000254));
#15200=VERTEX_POINT('',#15199);
#15201=CARTESIAN_POINT('',(-89.296798747,89.089236478,4.5000254));
#15202=DIRECTION('',(-1.,0.,0.));
#15203=VECTOR('',#15202,4.666666667);
#15204=LINE('',#15201,#15203);
#15205=EDGE_CURVE('',#15192,#15200,#15204,.T.);
#15206=ORIENTED_EDGE('',*,*,#15205,.T.);
#15207=CARTESIAN_POINT('',(-93.963465414,89.836243332,4.5000254));
#15208=DIRECTION('',(0.,-1.,0.));
#15209=VECTOR('',#15208,0.747006855);
#15210=LINE('',#15207,#15209);
#15211=EDGE_CURVE('',#9369,#15200,#15210,.T.);
#15212=ORIENTED_EDGE('',*,*,#15211,.F.);
#15213=ORIENTED_EDGE('',*,*,#9398,.F.);
#15214=EDGE_LOOP('',(#15198,#15206,#15212,#15213));
#15215=FACE_BOUND('',#15214,.T.);
#15216=ADVANCED_FACE('',(#15215),#15190,.F.);
#15217=CARTESIAN_POINT('',(-89.296798747,89.089236478,2.73429051));
#15218=DIRECTION('',(0.,1.,0.));
#15219=DIRECTION('',(0.,0.,1.));
#15220=AXIS2_PLACEMENT_3D('',#15217,#15218,#15219);
#15221=PLANE('',#15220);
#15222=CARTESIAN_POINT('',(-93.963465414,89.089236478,3.0000254));
#15223=DIRECTION('',(0.,-0.,1.));
#15224=VECTOR('',#15223,1.5);
#15225=LINE('',#15222,#15224);
#15226=EDGE_CURVE('',#3110,#15200,#15225,.T.);
#15227=ORIENTED_EDGE('',*,*,#15226,.T.);
#15228=ORIENTED_EDGE('',*,*,#15205,.F.);
#15229=CARTESIAN_POINT('',(-89.296798747,89.089236478,3.0000254));
#15230=DIRECTION('',(0.,-0.,1.));
#15231=VECTOR('',#15230,1.5);
#15232=LINE('',#15229,#15231);
#15233=EDGE_CURVE('',#3112,#15192,#15232,.T.);
#15234=ORIENTED_EDGE('',*,*,#15233,.F.);
#15235=ORIENTED_EDGE('',*,*,#3117,.F.);
#15236=EDGE_LOOP('',(#15227,#15228,#15234,#15235));
#15237=FACE_BOUND('',#15236,.T.);
#15238=ADVANCED_FACE('',(#15237),#15221,.T.);
#15239=CARTESIAN_POINT('',(-89.296798747,89.089236478,2.73429051));
#15240=DIRECTION('',(-1.,0.,0.));
#15241=DIRECTION('',(0.,0.,1.));
#15242=AXIS2_PLACEMENT_3D('',#15239,#15240,#15241);
#15243=PLANE('',#15242);
#15244=ORIENTED_EDGE('',*,*,#15233,.T.);
#15245=ORIENTED_EDGE('',*,*,#15197,.F.);
#15246=ORIENTED_EDGE('',*,*,#9392,.F.);
#15247=ORIENTED_EDGE('',*,*,#3125,.F.);
#15248=EDGE_LOOP('',(#15244,#15245,#15246,#15247));
#15249=FACE_BOUND('',#15248,.T.);
#15250=ADVANCED_FACE('',(#15249),#15243,.T.);
#15251=CARTESIAN_POINT('',(-93.963465414,89.089236478,2.73429051));
#15252=DIRECTION('',(-1.,0.,0.));
#15253=DIRECTION('',(0.,0.,1.));
#15254=AXIS2_PLACEMENT_3D('',#15251,#15252,#15253);
#15255=PLANE('',#15254);
#15256=ORIENTED_EDGE('',*,*,#3203,.T.);
#15257=ORIENTED_EDGE('',*,*,#9374,.T.);
#15258=ORIENTED_EDGE('',*,*,#15211,.T.);
#15259=ORIENTED_EDGE('',*,*,#15226,.F.);
#15260=EDGE_LOOP('',(#15256,#15257,#15258,#15259));
#15261=FACE_BOUND('',#15260,.T.);
#15262=ADVANCED_FACE('',(#15261),#15255,.F.);
#15263=CARTESIAN_POINT('',(-87.646665902,7.988861232,4.5000254));
#15264=DIRECTION('',(0.,0.,1.));
#15265=DIRECTION('',(-0.984807753,-0.173648178,0.));
#15266=AXIS2_PLACEMENT_3D('',#15263,#15264,#15265);
#15267=PLANE('',#15266);
#15268=CARTESIAN_POINT('',(-87.646665902,7.988861232,4.5000254));
#15269=VERTEX_POINT('',#15268);
#15270=CARTESIAN_POINT('',(-87.776382281,8.724519375,4.5000254));
#15271=DIRECTION('',(0.173648178,-0.984807753,-0.));
#15272=VECTOR('',#15271,0.747006855);
#15273=LINE('',#15270,#15272);
#15274=EDGE_CURVE('',#9291,#15269,#15273,.T.);
#15275=ORIENTED_EDGE('',*,*,#15274,.T.);
#15276=CARTESIAN_POINT('',(-92.242435416,7.17850307,4.5000254));
#15277=VERTEX_POINT('',#15276);
#15278=CARTESIAN_POINT('',(-87.646665902,7.988861232,4.5000254));
#15279=DIRECTION('',(-0.984807753,-0.173648178,0.));
#15280=VECTOR('',#15279,4.666666667);
#15281=LINE('',#15278,#15280);
#15282=EDGE_CURVE('',#15269,#15277,#15281,.T.);
#15283=ORIENTED_EDGE('',*,*,#15282,.T.);
#15284=CARTESIAN_POINT('',(-92.372151795,7.914161212,4.5000254));
#15285=DIRECTION('',(0.173648178,-0.984807753,0.));
#15286=VECTOR('',#15285,0.747006855);
#15287=LINE('',#15284,#15286);
#15288=EDGE_CURVE('',#9273,#15277,#15287,.T.);
#15289=ORIENTED_EDGE('',*,*,#15288,.F.);
#15290=ORIENTED_EDGE('',*,*,#9302,.F.);
#15291=EDGE_LOOP('',(#15275,#15283,#15289,#15290));
#15292=FACE_BOUND('',#15291,.T.);
#15293=ADVANCED_FACE('',(#15292),#15267,.F.);
#15294=CARTESIAN_POINT('',(-87.646665902,7.988861232,2.73429051));
#15295=DIRECTION('',(-0.173648178,0.984807753,0.));
#15296=DIRECTION('',(0.,0.,1.));
#15297=AXIS2_PLACEMENT_3D('',#15294,#15295,#15296);
#15298=PLANE('',#15297);
#15299=CARTESIAN_POINT('',(-92.242435416,7.17850307,3.0000254));
#15300=DIRECTION('',(0.,0.,1.));
#15301=VECTOR('',#15300,1.5);
#15302=LINE('',#15299,#15301);
#15303=EDGE_CURVE('',#3012,#15277,#15302,.T.);
#15304=ORIENTED_EDGE('',*,*,#15303,.T.);
#15305=ORIENTED_EDGE('',*,*,#15282,.F.);
#15306=CARTESIAN_POINT('',(-87.646665902,7.988861232,3.0000254));
#15307=DIRECTION('',(0.,0.,1.));
#15308=VECTOR('',#15307,1.5);
#15309=LINE('',#15306,#15308);
#15310=EDGE_CURVE('',#3014,#15269,#15309,.T.);
#15311=ORIENTED_EDGE('',*,*,#15310,.F.);
#15312=ORIENTED_EDGE('',*,*,#3019,.F.);
#15313=EDGE_LOOP('',(#15304,#15305,#15311,#15312));
#15314=FACE_BOUND('',#15313,.T.);
#15315=ADVANCED_FACE('',(#15314),#15298,.T.);
#15316=CARTESIAN_POINT('',(-87.646665902,7.988861232,2.73429051));
#15317=DIRECTION('',(-0.984807753,-0.173648178,0.));
#15318=DIRECTION('',(0.,0.,1.));
#15319=AXIS2_PLACEMENT_3D('',#15316,#15317,#15318);
#15320=PLANE('',#15319);
#15321=ORIENTED_EDGE('',*,*,#15310,.T.);
#15322=ORIENTED_EDGE('',*,*,#15274,.F.);
#15323=ORIENTED_EDGE('',*,*,#9296,.F.);
#15324=ORIENTED_EDGE('',*,*,#3027,.F.);
#15325=EDGE_LOOP('',(#15321,#15322,#15323,#15324));
#15326=FACE_BOUND('',#15325,.T.);
#15327=ADVANCED_FACE('',(#15326),#15320,.T.);
#15328=CARTESIAN_POINT('',(-92.242435416,7.17850307,2.73429051));
#15329=DIRECTION('',(-0.984807753,-0.173648178,0.));
#15330=DIRECTION('',(0.,0.,1.));
#15331=AXIS2_PLACEMENT_3D('',#15328,#15329,#15330);
#15332=PLANE('',#15331);
#15333=ORIENTED_EDGE('',*,*,#3105,.T.);
#15334=ORIENTED_EDGE('',*,*,#9278,.T.);
#15335=ORIENTED_EDGE('',*,*,#15288,.T.);
#15336=ORIENTED_EDGE('',*,*,#15303,.F.);
#15337=EDGE_LOOP('',(#15333,#15334,#15335,#15336));
#15338=FACE_BOUND('',#15337,.T.);
#15339=ADVANCED_FACE('',(#15338),#15332,.F.);
#15340=CARTESIAN_POINT('',(-98.646819067,47.82515621,4.5000254));
#15341=DIRECTION('',(-1.,0.,0.));
#15342=DIRECTION('',(0.,0.,-1.));
#15343=AXIS2_PLACEMENT_3D('',#15340,#15341,#15342);
#15344=PLANE('',#15343);
#15345=CARTESIAN_POINT('',(-98.646819067,48.57515621,4.5000254));
#15346=VERTEX_POINT('',#15345);
#15347=CARTESIAN_POINT('',(-98.646819067,48.57515621,4.5000254));
#15348=DIRECTION('',(-0.,-1.,-0.));
#15349=VECTOR('',#15348,0.738999238);
#15350=LINE('',#15347,#15349);
#15351=EDGE_CURVE('',#15346,#5885,#15350,.T.);
#15352=ORIENTED_EDGE('',*,*,#15351,.F.);
#15353=CARTESIAN_POINT('',(-98.646819067,48.57515621,4.5000254));
#15354=DIRECTION('',(0.,0.,-1.));
#15355=VECTOR('',#15354,1.5);
#15356=LINE('',#15353,#15355);
#15357=EDGE_CURVE('',#15346,#1129,#15356,.T.);
#15358=ORIENTED_EDGE('',*,*,#15357,.T.);
#15359=ORIENTED_EDGE('',*,*,#1134,.T.);
#15360=ORIENTED_EDGE('',*,*,#5896,.F.);
#15361=EDGE_LOOP('',(#15352,#15358,#15359,#15360));
#15362=FACE_BOUND('',#15361,.T.);
#15363=ADVANCED_FACE('',(#15362),#15344,.T.);
#15364=CARTESIAN_POINT('',(-98.646819067,47.82515621,4.5000254));
#15365=DIRECTION('',(0.,0.,1.));
#15366=DIRECTION('',(-1.,0.,0.));
#15367=AXIS2_PLACEMENT_3D('',#15364,#15365,#15366);
#15368=PLANE('',#15367);
#15369=CARTESIAN_POINT('',(-103.313485734,48.57515621,4.5000254));
#15370=VERTEX_POINT('',#15369);
#15371=CARTESIAN_POINT('',(-103.313485734,48.57515621,4.5000254));
#15372=DIRECTION('',(0.,-1.,0.));
#15373=VECTOR('',#15372,0.738999238);
#15374=LINE('',#15371,#15373);
#15375=EDGE_CURVE('',#15370,#5877,#15374,.T.);
#15376=ORIENTED_EDGE('',*,*,#15375,.F.);
#15377=CARTESIAN_POINT('',(-98.646819067,48.57515621,4.5000254));
#15378=DIRECTION('',(-1.,-0.,0.));
#15379=VECTOR('',#15378,4.666666667);
#15380=LINE('',#15377,#15379);
#15381=EDGE_CURVE('',#15346,#15370,#15380,.T.);
#15382=ORIENTED_EDGE('',*,*,#15381,.F.);
#15383=ORIENTED_EDGE('',*,*,#15351,.T.);
#15384=ORIENTED_EDGE('',*,*,#5890,.F.);
#15385=EDGE_LOOP('',(#15376,#15382,#15383,#15384));
#15386=FACE_BOUND('',#15385,.T.);
#15387=ADVANCED_FACE('',(#15386),#15368,.F.);
#15388=CARTESIAN_POINT('',(-103.313485734,47.82515621,4.5000254));
#15389=DIRECTION('',(-1.,0.,0.));
#15390=DIRECTION('',(0.,0.,-1.));
#15391=AXIS2_PLACEMENT_3D('',#15388,#15389,#15390);
#15392=PLANE('',#15391);
#15393=ORIENTED_EDGE('',*,*,#1150,.F.);
#15394=CARTESIAN_POINT('',(-103.313485734,48.57515621,4.5000254));
#15395=DIRECTION('',(-0.,-0.,-1.));
#15396=VECTOR('',#15395,1.5);
#15397=LINE('',#15394,#15396);
#15398=EDGE_CURVE('',#15370,#1137,#15397,.T.);
#15399=ORIENTED_EDGE('',*,*,#15398,.F.);
#15400=ORIENTED_EDGE('',*,*,#15375,.T.);
#15401=ORIENTED_EDGE('',*,*,#5882,.F.);
#15402=EDGE_LOOP('',(#15393,#15399,#15400,#15401));
#15403=FACE_BOUND('',#15402,.T.);
#15404=ADVANCED_FACE('',(#15403),#15392,.F.);
#15405=CARTESIAN_POINT('',(-93.9801524,48.57515621,1.));
#15406=DIRECTION('',(0.,-1.,0.));
#15407=DIRECTION('',(-1.,0.,0.));
#15408=AXIS2_PLACEMENT_3D('',#15405,#15406,#15407);
#15409=PLANE('',#15408);
#15410=ORIENTED_EDGE('',*,*,#15357,.F.);
#15411=ORIENTED_EDGE('',*,*,#15381,.T.);
#15412=ORIENTED_EDGE('',*,*,#15398,.T.);
#15413=ORIENTED_EDGE('',*,*,#1142,.F.);
#15414=EDGE_LOOP('',(#15410,#15411,#15412,#15413));
#15415=FACE_BOUND('',#15414,.T.);
#15416=ADVANCED_FACE('',(#15415),#15409,.T.);
#15417=OVER_RIDING_STYLED_ITEM('',(#5382),#15416,#26);
#15418=CARTESIAN_POINT('',(-98.646819067,70.389198378,4.5000254));
#15419=DIRECTION('',(0.,0.,1.));
#15420=DIRECTION('',(-1.,0.,0.));
#15421=AXIS2_PLACEMENT_3D('',#15418,#15419,#15420);
#15422=PLANE('',#15421);
#15423=CARTESIAN_POINT('',(-98.646819067,70.389198378,4.5000254));
#15424=VERTEX_POINT('',#15423);
#15425=CARTESIAN_POINT('',(-98.646819067,71.136205232,4.5000254));
#15426=DIRECTION('',(-0.,-1.,-0.));
#15427=VECTOR('',#15426,0.747006855);
#15428=LINE('',#15425,#15427);
#15429=EDGE_CURVE('',#9159,#15424,#15428,.T.);
#15430=ORIENTED_EDGE('',*,*,#15429,.T.);
#15431=CARTESIAN_POINT('',(-103.313485734,70.389198378,4.5000254));
#15432=VERTEX_POINT('',#15431);
#15433=CARTESIAN_POINT('',(-98.646819067,70.389198378,4.5000254));
#15434=DIRECTION('',(-1.,0.,0.));
#15435=VECTOR('',#15434,4.666666667);
#15436=LINE('',#15433,#15435);
#15437=EDGE_CURVE('',#15424,#15432,#15436,.T.);
#15438=ORIENTED_EDGE('',*,*,#15437,.T.);
#15439=CARTESIAN_POINT('',(-103.313485734,71.136205232,4.5000254));
#15440=DIRECTION('',(0.,-1.,0.));
#15441=VECTOR('',#15440,0.747006855);
#15442=LINE('',#15439,#15441);
#15443=EDGE_CURVE('',#9141,#15432,#15442,.T.);
#15444=ORIENTED_EDGE('',*,*,#15443,.F.);
#15445=ORIENTED_EDGE('',*,*,#9170,.F.);
#15446=EDGE_LOOP('',(#15430,#15438,#15444,#15445));
#15447=FACE_BOUND('',#15446,.T.);
#15448=ADVANCED_FACE('',(#15447),#15422,.F.);
#15449=CARTESIAN_POINT('',(-98.646819067,70.389198378,2.73429051));
#15450=DIRECTION('',(0.,1.,0.));
#15451=DIRECTION('',(0.,0.,1.));
#15452=AXIS2_PLACEMENT_3D('',#15449,#15450,#15451);
#15453=PLANE('',#15452);
#15454=CARTESIAN_POINT('',(-103.313485734,70.389198378,3.0000254));
#15455=DIRECTION('',(0.,-0.,1.));
#15456=VECTOR('',#15455,1.5);
#15457=LINE('',#15454,#15456);
#15458=EDGE_CURVE('',#907,#15432,#15457,.T.);
#15459=ORIENTED_EDGE('',*,*,#15458,.T.);
#15460=ORIENTED_EDGE('',*,*,#15437,.F.);
#15461=CARTESIAN_POINT('',(-98.646819067,70.389198378,3.0000254));
#15462=DIRECTION('',(0.,-0.,1.));
#15463=VECTOR('',#15462,1.5);
#15464=LINE('',#15461,#15463);
#15465=EDGE_CURVE('',#909,#15424,#15464,.T.);
#15466=ORIENTED_EDGE('',*,*,#15465,.F.);
#15467=ORIENTED_EDGE('',*,*,#914,.F.);
#15468=EDGE_LOOP('',(#15459,#15460,#15466,#15467));
#15469=FACE_BOUND('',#15468,.T.);
#15470=ADVANCED_FACE('',(#15469),#15453,.T.);
#15471=CARTESIAN_POINT('',(-98.646819067,70.389198378,2.73429051));
#15472=DIRECTION('',(-1.,0.,0.));
#15473=DIRECTION('',(0.,0.,1.));
#15474=AXIS2_PLACEMENT_3D('',#15471,#15472,#15473);
#15475=PLANE('',#15474);
#15476=ORIENTED_EDGE('',*,*,#15465,.T.);
#15477=ORIENTED_EDGE('',*,*,#15429,.F.);
#15478=ORIENTED_EDGE('',*,*,#9164,.F.);
#15479=ORIENTED_EDGE('',*,*,#922,.F.);
#15480=EDGE_LOOP('',(#15476,#15477,#15478,#15479));
#15481=FACE_BOUND('',#15480,.T.);
#15482=ADVANCED_FACE('',(#15481),#15475,.T.);
#15483=CARTESIAN_POINT('',(-103.313485734,70.389198378,2.73429051));
#15484=DIRECTION('',(-1.,0.,0.));
#15485=DIRECTION('',(0.,0.,1.));
#15486=AXIS2_PLACEMENT_3D('',#15483,#15484,#15485);
#15487=PLANE('',#15486);
#15488=ORIENTED_EDGE('',*,*,#1000,.T.);
#15489=ORIENTED_EDGE('',*,*,#9146,.T.);
#15490=ORIENTED_EDGE('',*,*,#15443,.T.);
#15491=ORIENTED_EDGE('',*,*,#15458,.F.);
#15492=EDGE_LOOP('',(#15488,#15489,#15490,#15491));
#15493=FACE_BOUND('',#15492,.T.);
#15494=ADVANCED_FACE('',(#15493),#15487,.F.);
#15495=CARTESIAN_POINT('',(-98.646819067,66.52519431,4.5000254));
#15496=DIRECTION('',(-1.,0.,0.));
#15497=DIRECTION('',(0.,0.,-1.));
#15498=AXIS2_PLACEMENT_3D('',#15495,#15496,#15497);
#15499=PLANE('',#15498);
#15500=CARTESIAN_POINT('',(-98.646819067,67.27519431,4.5000254));
#15501=VERTEX_POINT('',#15500);
#15502=CARTESIAN_POINT('',(-98.646819067,67.27519431,4.5000254));
#15503=DIRECTION('',(-0.,-1.,-0.));
#15504=VECTOR('',#15503,0.738999238);
#15505=LINE('',#15502,#15504);
#15506=EDGE_CURVE('',#15501,#5785,#15505,.T.);
#15507=ORIENTED_EDGE('',*,*,#15506,.F.);
#15508=CARTESIAN_POINT('',(-98.646819067,67.27519431,4.5000254));
#15509=DIRECTION('',(0.,0.,-1.));
#15510=VECTOR('',#15509,1.5);
#15511=LINE('',#15508,#15510);
#15512=EDGE_CURVE('',#15501,#1031,#15511,.T.);
#15513=ORIENTED_EDGE('',*,*,#15512,.T.);
#15514=ORIENTED_EDGE('',*,*,#1036,.T.);
#15515=ORIENTED_EDGE('',*,*,#5796,.F.);
#15516=EDGE_LOOP('',(#15507,#15513,#15514,#15515));
#15517=FACE_BOUND('',#15516,.T.);
#15518=ADVANCED_FACE('',(#15517),#15499,.T.);
#15519=CARTESIAN_POINT('',(-98.646819067,66.52519431,4.5000254));
#15520=DIRECTION('',(0.,0.,1.));
#15521=DIRECTION('',(-1.,0.,0.));
#15522=AXIS2_PLACEMENT_3D('',#15519,#15520,#15521);
#15523=PLANE('',#15522);
#15524=CARTESIAN_POINT('',(-103.313485734,67.27519431,4.5000254));
#15525=VERTEX_POINT('',#15524);
#15526=CARTESIAN_POINT('',(-103.313485734,67.27519431,4.5000254));
#15527=DIRECTION('',(0.,-1.,0.));
#15528=VECTOR('',#15527,0.738999238);
#15529=LINE('',#15526,#15528);
#15530=EDGE_CURVE('',#15525,#5777,#15529,.T.);
#15531=ORIENTED_EDGE('',*,*,#15530,.F.);
#15532=CARTESIAN_POINT('',(-98.646819067,67.27519431,4.5000254));
#15533=DIRECTION('',(-1.,-0.,0.));
#15534=VECTOR('',#15533,4.666666667);
#15535=LINE('',#15532,#15534);
#15536=EDGE_CURVE('',#15501,#15525,#15535,.T.);
#15537=ORIENTED_EDGE('',*,*,#15536,.F.);
#15538=ORIENTED_EDGE('',*,*,#15506,.T.);
#15539=ORIENTED_EDGE('',*,*,#5790,.F.);
#15540=EDGE_LOOP('',(#15531,#15537,#15538,#15539));
#15541=FACE_BOUND('',#15540,.T.);
#15542=ADVANCED_FACE('',(#15541),#15523,.F.);
#15543=CARTESIAN_POINT('',(-103.313485734,66.52519431,4.5000254));
#15544=DIRECTION('',(-1.,0.,0.));
#15545=DIRECTION('',(0.,0.,-1.));
#15546=AXIS2_PLACEMENT_3D('',#15543,#15544,#15545);
#15547=PLANE('',#15546);
#15548=ORIENTED_EDGE('',*,*,#1052,.F.);
#15549=CARTESIAN_POINT('',(-103.313485734,67.27519431,4.5000254));
#15550=DIRECTION('',(-0.,-0.,-1.));
#15551=VECTOR('',#15550,1.5);
#15552=LINE('',#15549,#15551);
#15553=EDGE_CURVE('',#15525,#1039,#15552,.T.);
#15554=ORIENTED_EDGE('',*,*,#15553,.F.);
#15555=ORIENTED_EDGE('',*,*,#15530,.T.);
#15556=ORIENTED_EDGE('',*,*,#5782,.F.);
#15557=EDGE_LOOP('',(#15548,#15554,#15555,#15556));
#15558=FACE_BOUND('',#15557,.T.);
#15559=ADVANCED_FACE('',(#15558),#15547,.F.);
#15560=CARTESIAN_POINT('',(-93.9801524,67.27519431,1.));
#15561=DIRECTION('',(0.,-1.,0.));
#15562=DIRECTION('',(-1.,0.,0.));
#15563=AXIS2_PLACEMENT_3D('',#15560,#15561,#15562);
#15564=PLANE('',#15563);
#15565=ORIENTED_EDGE('',*,*,#15512,.F.);
#15566=ORIENTED_EDGE('',*,*,#15536,.T.);
#15567=ORIENTED_EDGE('',*,*,#15553,.T.);
#15568=ORIENTED_EDGE('',*,*,#1044,.F.);
#15569=EDGE_LOOP('',(#15565,#15566,#15567,#15568));
#15570=FACE_BOUND('',#15569,.T.);
#15571=ADVANCED_FACE('',(#15570),#15564,.T.);
#15572=OVER_RIDING_STYLED_ITEM('',(#5382),#15571,#26);
#15573=CARTESIAN_POINT('',(-107.996836847,89.089236478,4.5000254));
#15574=DIRECTION('',(0.,0.,1.));
#15575=DIRECTION('',(-1.,0.,0.));
#15576=AXIS2_PLACEMENT_3D('',#15573,#15574,#15575);
#15577=PLANE('',#15576);
#15578=CARTESIAN_POINT('',(-107.996836847,89.089236478,4.5000254));
#15579=VERTEX_POINT('',#15578);
#15580=CARTESIAN_POINT('',(-107.996836847,89.836243332,4.5000254));
#15581=DIRECTION('',(-0.,-1.,-0.));
#15582=VECTOR('',#15581,0.747006855);
#15583=LINE('',#15580,#15582);
#15584=EDGE_CURVE('',#9027,#15579,#15583,.T.);
#15585=ORIENTED_EDGE('',*,*,#15584,.T.);
#15586=CARTESIAN_POINT('',(-112.663503514,89.089236478,4.5000254));
#15587=VERTEX_POINT('',#15586);
#15588=CARTESIAN_POINT('',(-107.996836847,89.089236478,4.5000254));
#15589=DIRECTION('',(-1.,0.,0.));
#15590=VECTOR('',#15589,4.666666667);
#15591=LINE('',#15588,#15590);
#15592=EDGE_CURVE('',#15579,#15587,#15591,.T.);
#15593=ORIENTED_EDGE('',*,*,#15592,.T.);
#15594=CARTESIAN_POINT('',(-112.663503514,89.836243332,4.5000254));
#15595=DIRECTION('',(0.,-1.,0.));
#15596=VECTOR('',#15595,0.747006855);
#15597=LINE('',#15594,#15596);
#15598=EDGE_CURVE('',#9009,#15587,#15597,.T.);
#15599=ORIENTED_EDGE('',*,*,#15598,.F.);
#15600=ORIENTED_EDGE('',*,*,#9038,.F.);
#15601=EDGE_LOOP('',(#15585,#15593,#15599,#15600));
#15602=FACE_BOUND('',#15601,.T.);
#15603=ADVANCED_FACE('',(#15602),#15577,.F.);
#15604=CARTESIAN_POINT('',(-107.996836847,89.089236478,2.73429051));
#15605=DIRECTION('',(0.,1.,0.));
#15606=DIRECTION('',(0.,0.,1.));
#15607=AXIS2_PLACEMENT_3D('',#15604,#15605,#15606);
#15608=PLANE('',#15607);
#15609=CARTESIAN_POINT('',(-112.663503514,89.089236478,3.0000254));
#15610=DIRECTION('',(0.,-0.,1.));
#15611=VECTOR('',#15610,1.5);
#15612=LINE('',#15609,#15611);
#15613=EDGE_CURVE('',#1201,#15587,#15612,.T.);
#15614=ORIENTED_EDGE('',*,*,#15613,.T.);
#15615=ORIENTED_EDGE('',*,*,#15592,.F.);
#15616=CARTESIAN_POINT('',(-107.996836847,89.089236478,3.0000254));
#15617=DIRECTION('',(0.,-0.,1.));
#15618=VECTOR('',#15617,1.5);
#15619=LINE('',#15616,#15618);
#15620=EDGE_CURVE('',#1203,#15579,#15619,.T.);
#15621=ORIENTED_EDGE('',*,*,#15620,.F.);
#15622=ORIENTED_EDGE('',*,*,#1208,.F.);
#15623=EDGE_LOOP('',(#15614,#15615,#15621,#15622));
#15624=FACE_BOUND('',#15623,.T.);
#15625=ADVANCED_FACE('',(#15624),#15608,.T.);
#15626=CARTESIAN_POINT('',(-107.996836847,89.089236478,2.73429051));
#15627=DIRECTION('',(-1.,0.,0.));
#15628=DIRECTION('',(0.,0.,1.));
#15629=AXIS2_PLACEMENT_3D('',#15626,#15627,#15628);
#15630=PLANE('',#15629);
#15631=ORIENTED_EDGE('',*,*,#15620,.T.);
#15632=ORIENTED_EDGE('',*,*,#15584,.F.);
#15633=ORIENTED_EDGE('',*,*,#9032,.F.);
#15634=ORIENTED_EDGE('',*,*,#1216,.F.);
#15635=EDGE_LOOP('',(#15631,#15632,#15633,#15634));
#15636=FACE_BOUND('',#15635,.T.);
#15637=ADVANCED_FACE('',(#15636),#15630,.T.);
#15638=CARTESIAN_POINT('',(-112.663503514,89.089236478,2.73429051));
#15639=DIRECTION('',(-1.,0.,0.));
#15640=DIRECTION('',(0.,0.,1.));
#15641=AXIS2_PLACEMENT_3D('',#15638,#15639,#15640);
#15642=PLANE('',#15641);
#15643=ORIENTED_EDGE('',*,*,#1294,.T.);
#15644=ORIENTED_EDGE('',*,*,#9014,.T.);
#15645=ORIENTED_EDGE('',*,*,#15598,.T.);
#15646=ORIENTED_EDGE('',*,*,#15613,.F.);
#15647=EDGE_LOOP('',(#15643,#15644,#15645,#15646));
#15648=FACE_BOUND('',#15647,.T.);
#15649=ADVANCED_FACE('',(#15648),#15642,.F.);
#15650=CARTESIAN_POINT('',(-117.346854627,67.822193044,4.5000254));
#15651=DIRECTION('',(0.,0.,1.));
#15652=DIRECTION('',(-1.,0.,0.));
#15653=AXIS2_PLACEMENT_3D('',#15650,#15651,#15652);
#15654=PLANE('',#15653);
#15655=CARTESIAN_POINT('',(-117.346854627,67.822193044,4.5000254));
#15656=VERTEX_POINT('',#15655);
#15657=CARTESIAN_POINT('',(-117.346854627,68.569199898,4.5000254));
#15658=DIRECTION('',(-0.,-1.,-0.));
#15659=VECTOR('',#15658,0.747006855);
#15660=LINE('',#15657,#15659);
#15661=EDGE_CURVE('',#8931,#15656,#15660,.T.);
#15662=ORIENTED_EDGE('',*,*,#15661,.T.);
#15663=CARTESIAN_POINT('',(-122.013521294,67.822193044,4.5000254));
#15664=VERTEX_POINT('',#15663);
#15665=CARTESIAN_POINT('',(-117.346854627,67.822193044,4.5000254));
#15666=DIRECTION('',(-1.,0.,0.));
#15667=VECTOR('',#15666,4.666666667);
#15668=LINE('',#15665,#15667);
#15669=EDGE_CURVE('',#15656,#15664,#15668,.T.);
#15670=ORIENTED_EDGE('',*,*,#15669,.T.);
#15671=CARTESIAN_POINT('',(-122.013521294,68.569199898,4.5000254));
#15672=DIRECTION('',(0.,-1.,0.));
#15673=VECTOR('',#15672,0.747006855);
#15674=LINE('',#15671,#15673);
#15675=EDGE_CURVE('',#8913,#15664,#15674,.T.);
#15676=ORIENTED_EDGE('',*,*,#15675,.F.);
#15677=ORIENTED_EDGE('',*,*,#8942,.F.);
#15678=EDGE_LOOP('',(#15662,#15670,#15676,#15677));
#15679=FACE_BOUND('',#15678,.T.);
#15680=ADVANCED_FACE('',(#15679),#15654,.F.);
#15681=CARTESIAN_POINT('',(-117.346854627,67.822193044,2.73429051));
#15682=DIRECTION('',(0.,1.,0.));
#15683=DIRECTION('',(0.,0.,1.));
#15684=AXIS2_PLACEMENT_3D('',#15681,#15682,#15683);
#15685=PLANE('',#15684);
#15686=CARTESIAN_POINT('',(-122.013521294,67.822193044,3.0000254));
#15687=DIRECTION('',(0.,-0.,1.));
#15688=VECTOR('',#15687,1.5);
#15689=LINE('',#15686,#15688);
#15690=EDGE_CURVE('',#809,#15664,#15689,.T.);
#15691=ORIENTED_EDGE('',*,*,#15690,.T.);
#15692=ORIENTED_EDGE('',*,*,#15669,.F.);
#15693=CARTESIAN_POINT('',(-117.346854627,67.822193044,3.0000254));
#15694=DIRECTION('',(0.,-0.,1.));
#15695=VECTOR('',#15694,1.5);
#15696=LINE('',#15693,#15695);
#15697=EDGE_CURVE('',#811,#15656,#15696,.T.);
#15698=ORIENTED_EDGE('',*,*,#15697,.F.);
#15699=ORIENTED_EDGE('',*,*,#816,.F.);
#15700=EDGE_LOOP('',(#15691,#15692,#15698,#15699));
#15701=FACE_BOUND('',#15700,.T.);
#15702=ADVANCED_FACE('',(#15701),#15685,.T.);
#15703=CARTESIAN_POINT('',(-117.346854627,67.822193044,2.73429051));
#15704=DIRECTION('',(-1.,0.,0.));
#15705=DIRECTION('',(0.,0.,1.));
#15706=AXIS2_PLACEMENT_3D('',#15703,#15704,#15705);
#15707=PLANE('',#15706);
#15708=ORIENTED_EDGE('',*,*,#15697,.T.);
#15709=ORIENTED_EDGE('',*,*,#15661,.F.);
#15710=ORIENTED_EDGE('',*,*,#8936,.F.);
#15711=ORIENTED_EDGE('',*,*,#824,.F.);
#15712=EDGE_LOOP('',(#15708,#15709,#15710,#15711));
#15713=FACE_BOUND('',#15712,.T.);
#15714=ADVANCED_FACE('',(#15713),#15707,.T.);
#15715=CARTESIAN_POINT('',(-122.013521294,67.822193044,2.73429051));
#15716=DIRECTION('',(-1.,0.,0.));
#15717=DIRECTION('',(0.,0.,1.));
#15718=AXIS2_PLACEMENT_3D('',#15715,#15716,#15717);
#15719=PLANE('',#15718);
#15720=ORIENTED_EDGE('',*,*,#902,.T.);
#15721=ORIENTED_EDGE('',*,*,#8918,.T.);
#15722=ORIENTED_EDGE('',*,*,#15675,.T.);
#15723=ORIENTED_EDGE('',*,*,#15690,.F.);
#15724=EDGE_LOOP('',(#15720,#15721,#15722,#15723));
#15725=FACE_BOUND('',#15724,.T.);
#15726=ADVANCED_FACE('',(#15725),#15719,.F.);
#15727=CARTESIAN_POINT('',(-117.346854627,63.958188976,4.5000254));
#15728=DIRECTION('',(-1.,0.,0.));
#15729=DIRECTION('',(0.,0.,-1.));
#15730=AXIS2_PLACEMENT_3D('',#15727,#15728,#15729);
#15731=PLANE('',#15730);
#15732=CARTESIAN_POINT('',(-117.346854627,64.708188976,4.5000254));
#15733=VERTEX_POINT('',#15732);
#15734=CARTESIAN_POINT('',(-117.346854627,64.708188976,4.5000254));
#15735=DIRECTION('',(-0.,-1.,-0.));
#15736=VECTOR('',#15735,0.738999238);
#15737=LINE('',#15734,#15736);
#15738=EDGE_CURVE('',#15733,#5631,#15737,.T.);
#15739=ORIENTED_EDGE('',*,*,#15738,.F.);
#15740=CARTESIAN_POINT('',(-117.346854627,64.708188976,4.5000254));
#15741=DIRECTION('',(0.,0.,-1.));
#15742=VECTOR('',#15741,1.5);
#15743=LINE('',#15740,#15742);
#15744=EDGE_CURVE('',#15733,#737,#15743,.T.);
#15745=ORIENTED_EDGE('',*,*,#15744,.T.);
#15746=ORIENTED_EDGE('',*,*,#742,.T.);
#15747=ORIENTED_EDGE('',*,*,#5642,.F.);
#15748=EDGE_LOOP('',(#15739,#15745,#15746,#15747));
#15749=FACE_BOUND('',#15748,.T.);
#15750=ADVANCED_FACE('',(#15749),#15731,.T.);
#15751=CARTESIAN_POINT('',(-117.346854627,63.958188976,4.5000254));
#15752=DIRECTION('',(0.,0.,1.));
#15753=DIRECTION('',(-1.,0.,0.));
#15754=AXIS2_PLACEMENT_3D('',#15751,#15752,#15753);
#15755=PLANE('',#15754);
#15756=CARTESIAN_POINT('',(-122.013521294,64.708188976,4.5000254));
#15757=VERTEX_POINT('',#15756);
#15758=CARTESIAN_POINT('',(-122.013521294,64.708188976,4.5000254));
#15759=DIRECTION('',(0.,-1.,0.));
#15760=VECTOR('',#15759,0.738999238);
#15761=LINE('',#15758,#15760);
#15762=EDGE_CURVE('',#15757,#5623,#15761,.T.);
#15763=ORIENTED_EDGE('',*,*,#15762,.F.);
#15764=CARTESIAN_POINT('',(-117.346854627,64.708188976,4.5000254));
#15765=DIRECTION('',(-1.,-0.,0.));
#15766=VECTOR('',#15765,4.666666667);
#15767=LINE('',#15764,#15766);
#15768=EDGE_CURVE('',#15733,#15757,#15767,.T.);
#15769=ORIENTED_EDGE('',*,*,#15768,.F.);
#15770=ORIENTED_EDGE('',*,*,#15738,.T.);
#15771=ORIENTED_EDGE('',*,*,#5636,.F.);
#15772=EDGE_LOOP('',(#15763,#15769,#15770,#15771));
#15773=FACE_BOUND('',#15772,.T.);
#15774=ADVANCED_FACE('',(#15773),#15755,.F.);
#15775=CARTESIAN_POINT('',(-122.013521294,63.958188976,4.5000254));
#15776=DIRECTION('',(-1.,0.,0.));
#15777=DIRECTION('',(0.,0.,-1.));
#15778=AXIS2_PLACEMENT_3D('',#15775,#15776,#15777);
#15779=PLANE('',#15778);
#15780=ORIENTED_EDGE('',*,*,#758,.F.);
#15781=CARTESIAN_POINT('',(-122.013521294,64.708188976,4.5000254));
#15782=DIRECTION('',(-0.,-0.,-1.));
#15783=VECTOR('',#15782,1.5);
#15784=LINE('',#15781,#15783);
#15785=EDGE_CURVE('',#15757,#745,#15784,.T.);
#15786=ORIENTED_EDGE('',*,*,#15785,.F.);
#15787=ORIENTED_EDGE('',*,*,#15762,.T.);
#15788=ORIENTED_EDGE('',*,*,#5628,.F.);
#15789=EDGE_LOOP('',(#15780,#15786,#15787,#15788));
#15790=FACE_BOUND('',#15789,.T.);
#15791=ADVANCED_FACE('',(#15790),#15779,.F.);
#15792=CARTESIAN_POINT('',(-112.68018796,64.708188976,1.));
#15793=DIRECTION('',(0.,-1.,0.));
#15794=DIRECTION('',(-1.,0.,0.));
#15795=AXIS2_PLACEMENT_3D('',#15792,#15793,#15794);
#15796=PLANE('',#15795);
#15797=ORIENTED_EDGE('',*,*,#15744,.F.);
#15798=ORIENTED_EDGE('',*,*,#15768,.T.);
#15799=ORIENTED_EDGE('',*,*,#15785,.T.);
#15800=ORIENTED_EDGE('',*,*,#750,.F.);
#15801=EDGE_LOOP('',(#15797,#15798,#15799,#15800));
#15802=FACE_BOUND('',#15801,.T.);
#15803=ADVANCED_FACE('',(#15802),#15796,.T.);
#15804=OVER_RIDING_STYLED_ITEM('',(#5382),#15803,#26);
#15805=CARTESIAN_POINT('',(-117.346854627,45.258150876,4.5000254));
#15806=DIRECTION('',(-1.,0.,0.));
#15807=DIRECTION('',(0.,0.,-1.));
#15808=AXIS2_PLACEMENT_3D('',#15805,#15806,#15807);
#15809=PLANE('',#15808);
#15810=CARTESIAN_POINT('',(-117.346854627,46.008150876,4.5000254));
#15811=VERTEX_POINT('',#15810);
#15812=CARTESIAN_POINT('',(-117.346854627,46.008150876,4.5000254));
#15813=DIRECTION('',(-0.,-1.,-0.));
#15814=VECTOR('',#15813,0.738999238);
#15815=LINE('',#15812,#15814);
#15816=EDGE_CURVE('',#15811,#5585,#15815,.T.);
#15817=ORIENTED_EDGE('',*,*,#15816,.F.);
#15818=CARTESIAN_POINT('',(-117.346854627,46.008150876,4.5000254));
#15819=DIRECTION('',(0.,0.,-1.));
#15820=VECTOR('',#15819,1.5);
#15821=LINE('',#15818,#15820);
#15822=EDGE_CURVE('',#15811,#639,#15821,.T.);
#15823=ORIENTED_EDGE('',*,*,#15822,.T.);
#15824=ORIENTED_EDGE('',*,*,#644,.T.);
#15825=ORIENTED_EDGE('',*,*,#5596,.F.);
#15826=EDGE_LOOP('',(#15817,#15823,#15824,#15825));
#15827=FACE_BOUND('',#15826,.T.);
#15828=ADVANCED_FACE('',(#15827),#15809,.T.);
#15829=CARTESIAN_POINT('',(-117.346854627,45.258150876,4.5000254));
#15830=DIRECTION('',(0.,0.,1.));
#15831=DIRECTION('',(-1.,0.,0.));
#15832=AXIS2_PLACEMENT_3D('',#15829,#15830,#15831);
#15833=PLANE('',#15832);
#15834=CARTESIAN_POINT('',(-122.013521294,46.008150876,4.5000254));
#15835=VERTEX_POINT('',#15834);
#15836=CARTESIAN_POINT('',(-122.013521294,46.008150876,4.5000254));
#15837=DIRECTION('',(0.,-1.,0.));
#15838=VECTOR('',#15837,0.738999238);
#15839=LINE('',#15836,#15838);
#15840=EDGE_CURVE('',#15835,#5577,#15839,.T.);
#15841=ORIENTED_EDGE('',*,*,#15840,.F.);
#15842=CARTESIAN_POINT('',(-117.346854627,46.008150876,4.5000254));
#15843=DIRECTION('',(-1.,-0.,0.));
#15844=VECTOR('',#15843,4.666666667);
#15845=LINE('',#15842,#15844);
#15846=EDGE_CURVE('',#15811,#15835,#15845,.T.);
#15847=ORIENTED_EDGE('',*,*,#15846,.F.);
#15848=ORIENTED_EDGE('',*,*,#15816,.T.);
#15849=ORIENTED_EDGE('',*,*,#5590,.F.);
#15850=EDGE_LOOP('',(#15841,#15847,#15848,#15849));
#15851=FACE_BOUND('',#15850,.T.);
#15852=ADVANCED_FACE('',(#15851),#15833,.F.);
#15853=CARTESIAN_POINT('',(-122.013521294,45.258150876,4.5000254));
#15854=DIRECTION('',(-1.,0.,0.));
#15855=DIRECTION('',(0.,0.,-1.));
#15856=AXIS2_PLACEMENT_3D('',#15853,#15854,#15855);
#15857=PLANE('',#15856);
#15858=ORIENTED_EDGE('',*,*,#660,.F.);
#15859=CARTESIAN_POINT('',(-122.013521294,46.008150876,4.5000254));
#15860=DIRECTION('',(-0.,-0.,-1.));
#15861=VECTOR('',#15860,1.5);
#15862=LINE('',#15859,#15861);
#15863=EDGE_CURVE('',#15835,#647,#15862,.T.);
#15864=ORIENTED_EDGE('',*,*,#15863,.F.);
#15865=ORIENTED_EDGE('',*,*,#15840,.T.);
#15866=ORIENTED_EDGE('',*,*,#5582,.F.);
#15867=EDGE_LOOP('',(#15858,#15864,#15865,#15866));
#15868=FACE_BOUND('',#15867,.T.);
#15869=ADVANCED_FACE('',(#15868),#15857,.F.);
#15870=CARTESIAN_POINT('',(-112.68018796,46.008150876,1.));
#15871=DIRECTION('',(0.,-1.,0.));
#15872=DIRECTION('',(-1.,0.,0.));
#15873=AXIS2_PLACEMENT_3D('',#15870,#15871,#15872);
#15874=PLANE('',#15873);
#15875=ORIENTED_EDGE('',*,*,#15822,.F.);
#15876=ORIENTED_EDGE('',*,*,#15846,.T.);
#15877=ORIENTED_EDGE('',*,*,#15863,.T.);
#15878=ORIENTED_EDGE('',*,*,#652,.F.);
#15879=EDGE_LOOP('',(#15875,#15876,#15877,#15878));
#15880=FACE_BOUND('',#15879,.T.);
#15881=ADVANCED_FACE('',(#15880),#15874,.T.);
#15882=OVER_RIDING_STYLED_ITEM('',(#5382),#15881,#26);
#15883=CARTESIAN_POINT('',(-136.046892727,67.822193044,4.5000254));
#15884=DIRECTION('',(0.,0.,1.));
#15885=DIRECTION('',(-1.,0.,0.));
#15886=AXIS2_PLACEMENT_3D('',#15883,#15884,#15885);
#15887=PLANE('',#15886);
#15888=CARTESIAN_POINT('',(-136.046892727,67.822193044,4.5000254));
#15889=VERTEX_POINT('',#15888);
#15890=CARTESIAN_POINT('',(-136.046892727,68.569199898,4.5000254));
#15891=DIRECTION('',(-0.,-1.,-0.));
#15892=VECTOR('',#15891,0.747006855);
#15893=LINE('',#15890,#15892);
#15894=EDGE_CURVE('',#8672,#15889,#15893,.T.);
#15895=ORIENTED_EDGE('',*,*,#15894,.T.);
#15896=CARTESIAN_POINT('',(-140.713559394,67.822193044,4.5000254));
#15897=VERTEX_POINT('',#15896);
#15898=CARTESIAN_POINT('',(-136.046892727,67.822193044,4.5000254));
#15899=DIRECTION('',(-1.,0.,0.));
#15900=VECTOR('',#15899,4.666666667);
#15901=LINE('',#15898,#15900);
#15902=EDGE_CURVE('',#15889,#15897,#15901,.T.);
#15903=ORIENTED_EDGE('',*,*,#15902,.T.);
#15904=CARTESIAN_POINT('',(-140.713559394,68.569199898,4.5000254));
#15905=DIRECTION('',(0.,-1.,0.));
#15906=VECTOR('',#15905,0.747006855);
#15907=LINE('',#15904,#15906);
#15908=EDGE_CURVE('',#8654,#15897,#15907,.T.);
#15909=ORIENTED_EDGE('',*,*,#15908,.F.);
#15910=ORIENTED_EDGE('',*,*,#8683,.F.);
#15911=EDGE_LOOP('',(#15895,#15903,#15909,#15910));
#15912=FACE_BOUND('',#15911,.T.);
#15913=ADVANCED_FACE('',(#15912),#15887,.F.);
#15914=CARTESIAN_POINT('',(-136.046892727,67.822193044,2.73429051));
#15915=DIRECTION('',(0.,1.,0.));
#15916=DIRECTION('',(0.,0.,1.));
#15917=AXIS2_PLACEMENT_3D('',#15914,#15915,#15916);
#15918=PLANE('',#15917);
#15919=CARTESIAN_POINT('',(-140.713559394,67.822193044,3.0000254));
#15920=DIRECTION('',(0.,-0.,1.));
#15921=VECTOR('',#15920,1.5);
#15922=LINE('',#15919,#15921);
#15923=EDGE_CURVE('',#1299,#15897,#15922,.T.);
#15924=ORIENTED_EDGE('',*,*,#15923,.T.);
#15925=ORIENTED_EDGE('',*,*,#15902,.F.);
#15926=CARTESIAN_POINT('',(-136.046892727,67.822193044,3.0000254));
#15927=DIRECTION('',(0.,-0.,1.));
#15928=VECTOR('',#15927,1.5);
#15929=LINE('',#15926,#15928);
#15930=EDGE_CURVE('',#1301,#15889,#15929,.T.);
#15931=ORIENTED_EDGE('',*,*,#15930,.F.);
#15932=ORIENTED_EDGE('',*,*,#1306,.F.);
#15933=EDGE_LOOP('',(#15924,#15925,#15931,#15932));
#15934=FACE_BOUND('',#15933,.T.);
#15935=ADVANCED_FACE('',(#15934),#15918,.T.);
#15936=CARTESIAN_POINT('',(-136.046892727,67.822193044,2.73429051));
#15937=DIRECTION('',(-1.,0.,0.));
#15938=DIRECTION('',(0.,0.,1.));
#15939=AXIS2_PLACEMENT_3D('',#15936,#15937,#15938);
#15940=PLANE('',#15939);
#15941=ORIENTED_EDGE('',*,*,#15930,.T.);
#15942=ORIENTED_EDGE('',*,*,#15894,.F.);
#15943=ORIENTED_EDGE('',*,*,#8677,.F.);
#15944=ORIENTED_EDGE('',*,*,#1314,.F.);
#15945=EDGE_LOOP('',(#15941,#15942,#15943,#15944));
#15946=FACE_BOUND('',#15945,.T.);
#15947=ADVANCED_FACE('',(#15946),#15940,.T.);
#15948=CARTESIAN_POINT('',(-140.713559394,67.822193044,2.73429051));
#15949=DIRECTION('',(-1.,0.,0.));
#15950=DIRECTION('',(0.,0.,1.));
#15951=AXIS2_PLACEMENT_3D('',#15948,#15949,#15950);
#15952=PLANE('',#15951);
#15953=ORIENTED_EDGE('',*,*,#1392,.T.);
#15954=ORIENTED_EDGE('',*,*,#8659,.T.);
#15955=ORIENTED_EDGE('',*,*,#15908,.T.);
#15956=ORIENTED_EDGE('',*,*,#15923,.F.);
#15957=EDGE_LOOP('',(#15953,#15954,#15955,#15956));
#15958=FACE_BOUND('',#15957,.T.);
#15959=ADVANCED_FACE('',(#15958),#15952,.F.);
#15960=CARTESIAN_POINT('',(-136.046892727,49.111154182,4.5000254));
#15961=DIRECTION('',(0.,0.,1.));
#15962=DIRECTION('',(-1.,0.,0.));
#15963=AXIS2_PLACEMENT_3D('',#15960,#15961,#15962);
#15964=PLANE('',#15963);
#15965=CARTESIAN_POINT('',(-136.046892727,49.111154182,4.5000254));
#15966=VERTEX_POINT('',#15965);
#15967=CARTESIAN_POINT('',(-136.046892727,49.858161036,4.5000254));
#15968=DIRECTION('',(-0.,-1.,-0.));
#15969=VECTOR('',#15968,0.747006855);
#15970=LINE('',#15967,#15969);
#15971=EDGE_CURVE('',#8576,#15966,#15970,.T.);
#15972=ORIENTED_EDGE('',*,*,#15971,.T.);
#15973=CARTESIAN_POINT('',(-140.713559394,49.111154182,4.5000254));
#15974=VERTEX_POINT('',#15973);
#15975=CARTESIAN_POINT('',(-136.046892727,49.111154182,4.5000254));
#15976=DIRECTION('',(-1.,0.,0.));
#15977=VECTOR('',#15976,4.666666667);
#15978=LINE('',#15975,#15977);
#15979=EDGE_CURVE('',#15966,#15974,#15978,.T.);
#15980=ORIENTED_EDGE('',*,*,#15979,.T.);
#15981=CARTESIAN_POINT('',(-140.713559394,49.858161036,4.5000254));
#15982=DIRECTION('',(0.,-1.,0.));
#15983=VECTOR('',#15982,0.747006855);
#15984=LINE('',#15981,#15983);
#15985=EDGE_CURVE('',#8558,#15974,#15984,.T.);
#15986=ORIENTED_EDGE('',*,*,#15985,.F.);
#15987=ORIENTED_EDGE('',*,*,#8587,.F.);
#15988=EDGE_LOOP('',(#15972,#15980,#15986,#15987));
#15989=FACE_BOUND('',#15988,.T.);
#15990=ADVANCED_FACE('',(#15989),#15964,.F.);
#15991=CARTESIAN_POINT('',(-136.046892727,49.111154182,2.73429051));
#15992=DIRECTION('',(0.,1.,0.));
#15993=DIRECTION('',(0.,0.,1.));
#15994=AXIS2_PLACEMENT_3D('',#15991,#15992,#15993);
#15995=PLANE('',#15994);
#15996=CARTESIAN_POINT('',(-140.713559394,49.111154182,3.0000254));
#15997=DIRECTION('',(0.,-0.,1.));
#15998=VECTOR('',#15997,1.5);
#15999=LINE('',#15996,#15998);
#16000=EDGE_CURVE('',#1397,#15974,#15999,.T.);
#16001=ORIENTED_EDGE('',*,*,#16000,.T.);
#16002=ORIENTED_EDGE('',*,*,#15979,.F.);
#16003=CARTESIAN_POINT('',(-136.046892727,49.111154182,3.0000254));
#16004=DIRECTION('',(0.,-0.,1.));
#16005=VECTOR('',#16004,1.5);
#16006=LINE('',#16003,#16005);
#16007=EDGE_CURVE('',#1399,#15966,#16006,.T.);
#16008=ORIENTED_EDGE('',*,*,#16007,.F.);
#16009=ORIENTED_EDGE('',*,*,#1404,.F.);
#16010=EDGE_LOOP('',(#16001,#16002,#16008,#16009));
#16011=FACE_BOUND('',#16010,.T.);
#16012=ADVANCED_FACE('',(#16011),#15995,.T.);
#16013=CARTESIAN_POINT('',(-136.046892727,49.111154182,2.73429051));
#16014=DIRECTION('',(-1.,0.,0.));
#16015=DIRECTION('',(0.,0.,1.));
#16016=AXIS2_PLACEMENT_3D('',#16013,#16014,#16015);
#16017=PLANE('',#16016);
#16018=ORIENTED_EDGE('',*,*,#16007,.T.);
#16019=ORIENTED_EDGE('',*,*,#15971,.F.);
#16020=ORIENTED_EDGE('',*,*,#8581,.F.);
#16021=ORIENTED_EDGE('',*,*,#1412,.F.);
#16022=EDGE_LOOP('',(#16018,#16019,#16020,#16021));
#16023=FACE_BOUND('',#16022,.T.);
#16024=ADVANCED_FACE('',(#16023),#16017,.T.);
#16025=CARTESIAN_POINT('',(-140.713559394,49.111154182,2.73429051));
#16026=DIRECTION('',(-1.,0.,0.));
#16027=DIRECTION('',(0.,0.,1.));
#16028=AXIS2_PLACEMENT_3D('',#16025,#16026,#16027);
#16029=PLANE('',#16028);
#16030=ORIENTED_EDGE('',*,*,#1490,.T.);
#16031=ORIENTED_EDGE('',*,*,#8563,.T.);
#16032=ORIENTED_EDGE('',*,*,#15985,.T.);
#16033=ORIENTED_EDGE('',*,*,#16000,.F.);
#16034=EDGE_LOOP('',(#16030,#16031,#16032,#16033));
#16035=FACE_BOUND('',#16034,.T.);
#16036=ADVANCED_FACE('',(#16035),#16029,.F.);
#16037=CARTESIAN_POINT('',(-136.046892727,11.711080521,4.5000254));
#16038=DIRECTION('',(0.,0.,1.));
#16039=DIRECTION('',(-1.,0.,0.));
#16040=AXIS2_PLACEMENT_3D('',#16037,#16038,#16039);
#16041=PLANE('',#16040);
#16042=CARTESIAN_POINT('',(-136.046892727,11.711080521,4.5000254));
#16043=VERTEX_POINT('',#16042);
#16044=CARTESIAN_POINT('',(-136.046892727,12.458087376,4.5000254));
#16045=DIRECTION('',(-0.,-1.,-0.));
#16046=VECTOR('',#16045,0.747006855);
#16047=LINE('',#16044,#16046);
#16048=EDGE_CURVE('',#8480,#16043,#16047,.T.);
#16049=ORIENTED_EDGE('',*,*,#16048,.T.);
#16050=CARTESIAN_POINT('',(-140.713559394,11.711080521,4.5000254));
#16051=VERTEX_POINT('',#16050);
#16052=CARTESIAN_POINT('',(-136.046892727,11.711080521,4.5000254));
#16053=DIRECTION('',(-1.,0.,0.));
#16054=VECTOR('',#16053,4.666666667);
#16055=LINE('',#16052,#16054);
#16056=EDGE_CURVE('',#16043,#16051,#16055,.T.);
#16057=ORIENTED_EDGE('',*,*,#16056,.T.);
#16058=CARTESIAN_POINT('',(-140.713559394,12.458087376,4.5000254));
#16059=DIRECTION('',(0.,-1.,0.));
#16060=VECTOR('',#16059,0.747006855);
#16061=LINE('',#16058,#16060);
#16062=EDGE_CURVE('',#8462,#16051,#16061,.T.);
#16063=ORIENTED_EDGE('',*,*,#16062,.F.);
#16064=ORIENTED_EDGE('',*,*,#8491,.F.);
#16065=EDGE_LOOP('',(#16049,#16057,#16063,#16064));
#16066=FACE_BOUND('',#16065,.T.);
#16067=ADVANCED_FACE('',(#16066),#16041,.F.);
#16068=CARTESIAN_POINT('',(-136.046892727,11.711080521,2.73429051));
#16069=DIRECTION('',(0.,1.,0.));
#16070=DIRECTION('',(0.,0.,1.));
#16071=AXIS2_PLACEMENT_3D('',#16068,#16069,#16070);
#16072=PLANE('',#16071);
#16073=CARTESIAN_POINT('',(-140.713559394,11.711080521,3.0000254));
#16074=DIRECTION('',(0.,-0.,1.));
#16075=VECTOR('',#16074,1.5);
#16076=LINE('',#16073,#16075);
#16077=EDGE_CURVE('',#1593,#16051,#16076,.T.);
#16078=ORIENTED_EDGE('',*,*,#16077,.T.);
#16079=ORIENTED_EDGE('',*,*,#16056,.F.);
#16080=CARTESIAN_POINT('',(-136.046892727,11.711080521,3.0000254));
#16081=DIRECTION('',(0.,-0.,1.));
#16082=VECTOR('',#16081,1.5);
#16083=LINE('',#16080,#16082);
#16084=EDGE_CURVE('',#1595,#16043,#16083,.T.);
#16085=ORIENTED_EDGE('',*,*,#16084,.F.);
#16086=ORIENTED_EDGE('',*,*,#1600,.F.);
#16087=EDGE_LOOP('',(#16078,#16079,#16085,#16086));
#16088=FACE_BOUND('',#16087,.T.);
#16089=ADVANCED_FACE('',(#16088),#16072,.T.);
#16090=CARTESIAN_POINT('',(-136.046892727,11.711080521,2.73429051));
#16091=DIRECTION('',(-1.,0.,0.));
#16092=DIRECTION('',(0.,0.,1.));
#16093=AXIS2_PLACEMENT_3D('',#16090,#16091,#16092);
#16094=PLANE('',#16093);
#16095=ORIENTED_EDGE('',*,*,#16084,.T.);
#16096=ORIENTED_EDGE('',*,*,#16048,.F.);
#16097=ORIENTED_EDGE('',*,*,#8485,.F.);
#16098=ORIENTED_EDGE('',*,*,#1608,.F.);
#16099=EDGE_LOOP('',(#16095,#16096,#16097,#16098));
#16100=FACE_BOUND('',#16099,.T.);
#16101=ADVANCED_FACE('',(#16100),#16094,.T.);
#16102=CARTESIAN_POINT('',(-140.713559394,11.711080521,2.73429051));
#16103=DIRECTION('',(-1.,0.,0.));
#16104=DIRECTION('',(0.,0.,1.));
#16105=AXIS2_PLACEMENT_3D('',#16102,#16103,#16104);
#16106=PLANE('',#16105);
#16107=ORIENTED_EDGE('',*,*,#1686,.T.);
#16108=ORIENTED_EDGE('',*,*,#8467,.T.);
#16109=ORIENTED_EDGE('',*,*,#16062,.T.);
#16110=ORIENTED_EDGE('',*,*,#16077,.F.);
#16111=EDGE_LOOP('',(#16107,#16108,#16109,#16110));
#16112=FACE_BOUND('',#16111,.T.);
#16113=ADVANCED_FACE('',(#16112),#16106,.F.);
#16114=CARTESIAN_POINT('',(-136.046892727,30.411116081,4.5000254));
#16115=DIRECTION('',(0.,0.,1.));
#16116=DIRECTION('',(-1.,0.,0.));
#16117=AXIS2_PLACEMENT_3D('',#16114,#16115,#16116);
#16118=PLANE('',#16117);
#16119=CARTESIAN_POINT('',(-136.046892727,30.411116081,4.5000254));
#16120=VERTEX_POINT('',#16119);
#16121=CARTESIAN_POINT('',(-136.046892727,31.158122936,4.5000254));
#16122=DIRECTION('',(-0.,-1.,-0.));
#16123=VECTOR('',#16122,0.747006855);
#16124=LINE('',#16121,#16123);
#16125=EDGE_CURVE('',#8384,#16120,#16124,.T.);
#16126=ORIENTED_EDGE('',*,*,#16125,.T.);
#16127=CARTESIAN_POINT('',(-140.713559394,30.411116081,4.5000254));
#16128=VERTEX_POINT('',#16127);
#16129=CARTESIAN_POINT('',(-136.046892727,30.411116081,4.5000254));
#16130=DIRECTION('',(-1.,0.,0.));
#16131=VECTOR('',#16130,4.666666667);
#16132=LINE('',#16129,#16131);
#16133=EDGE_CURVE('',#16120,#16128,#16132,.T.);
#16134=ORIENTED_EDGE('',*,*,#16133,.T.);
#16135=CARTESIAN_POINT('',(-140.713559394,31.158122936,4.5000254));
#16136=DIRECTION('',(0.,-1.,0.));
#16137=VECTOR('',#16136,0.747006855);
#16138=LINE('',#16135,#16137);
#16139=EDGE_CURVE('',#8366,#16128,#16138,.T.);
#16140=ORIENTED_EDGE('',*,*,#16139,.F.);
#16141=ORIENTED_EDGE('',*,*,#8395,.F.);
#16142=EDGE_LOOP('',(#16126,#16134,#16140,#16141));
#16143=FACE_BOUND('',#16142,.T.);
#16144=ADVANCED_FACE('',(#16143),#16118,.F.);
#16145=CARTESIAN_POINT('',(-136.046892727,30.411116081,2.73429051));
#16146=DIRECTION('',(0.,1.,0.));
#16147=DIRECTION('',(0.,0.,1.));
#16148=AXIS2_PLACEMENT_3D('',#16145,#16146,#16147);
#16149=PLANE('',#16148);
#16150=CARTESIAN_POINT('',(-140.713559394,30.411116081,3.0000254));
#16151=DIRECTION('',(0.,-0.,1.));
#16152=VECTOR('',#16151,1.5);
#16153=LINE('',#16150,#16152);
#16154=EDGE_CURVE('',#1495,#16128,#16153,.T.);
#16155=ORIENTED_EDGE('',*,*,#16154,.T.);
#16156=ORIENTED_EDGE('',*,*,#16133,.F.);
#16157=CARTESIAN_POINT('',(-136.046892727,30.411116081,3.0000254));
#16158=DIRECTION('',(0.,-0.,1.));
#16159=VECTOR('',#16158,1.5);
#16160=LINE('',#16157,#16159);
#16161=EDGE_CURVE('',#1497,#16120,#16160,.T.);
#16162=ORIENTED_EDGE('',*,*,#16161,.F.);
#16163=ORIENTED_EDGE('',*,*,#1502,.F.);
#16164=EDGE_LOOP('',(#16155,#16156,#16162,#16163));
#16165=FACE_BOUND('',#16164,.T.);
#16166=ADVANCED_FACE('',(#16165),#16149,.T.);
#16167=CARTESIAN_POINT('',(-136.046892727,30.411116081,2.73429051));
#16168=DIRECTION('',(-1.,0.,0.));
#16169=DIRECTION('',(0.,0.,1.));
#16170=AXIS2_PLACEMENT_3D('',#16167,#16168,#16169);
#16171=PLANE('',#16170);
#16172=ORIENTED_EDGE('',*,*,#16161,.T.);
#16173=ORIENTED_EDGE('',*,*,#16125,.F.);
#16174=ORIENTED_EDGE('',*,*,#8389,.F.);
#16175=ORIENTED_EDGE('',*,*,#1510,.F.);
#16176=EDGE_LOOP('',(#16172,#16173,#16174,#16175));
#16177=FACE_BOUND('',#16176,.T.);
#16178=ADVANCED_FACE('',(#16177),#16171,.T.);
#16179=CARTESIAN_POINT('',(-140.713559394,30.411116081,2.73429051));
#16180=DIRECTION('',(-1.,0.,0.));
#16181=DIRECTION('',(0.,0.,1.));
#16182=AXIS2_PLACEMENT_3D('',#16179,#16180,#16181);
#16183=PLANE('',#16182);
#16184=ORIENTED_EDGE('',*,*,#1588,.T.);
#16185=ORIENTED_EDGE('',*,*,#8371,.T.);
#16186=ORIENTED_EDGE('',*,*,#16139,.T.);
#16187=ORIENTED_EDGE('',*,*,#16154,.F.);
#16188=EDGE_LOOP('',(#16184,#16185,#16186,#16187));
#16189=FACE_BOUND('',#16188,.T.);
#16190=ADVANCED_FACE('',(#16189),#16183,.F.);
#16191=CARTESIAN_POINT('',(-117.346854627,30.411116081,4.5000254));
#16192=DIRECTION('',(0.,0.,1.));
#16193=DIRECTION('',(-1.,0.,0.));
#16194=AXIS2_PLACEMENT_3D('',#16191,#16192,#16193);
#16195=PLANE('',#16194);
#16196=CARTESIAN_POINT('',(-117.346854627,31.158122936,4.5000254));
#16197=VERTEX_POINT('',#16196);
#16198=CARTESIAN_POINT('',(-117.346854627,30.411116081,4.5000254));
#16199=VERTEX_POINT('',#16198);
#16200=CARTESIAN_POINT('',(-117.346854627,31.158122936,4.5000254));
#16201=DIRECTION('',(-0.,-1.,-0.));
#16202=VECTOR('',#16201,0.747006855);
#16203=LINE('',#16200,#16202);
#16204=EDGE_CURVE('',#16197,#16199,#16203,.T.);
#16205=ORIENTED_EDGE('',*,*,#16204,.T.);
#16206=CARTESIAN_POINT('',(-122.013521294,30.411116081,4.5000254));
#16207=VERTEX_POINT('',#16206);
#16208=CARTESIAN_POINT('',(-117.346854627,30.411116081,4.5000254));
#16209=DIRECTION('',(-1.,0.,0.));
#16210=VECTOR('',#16209,4.666666667);
#16211=LINE('',#16208,#16210);
#16212=EDGE_CURVE('',#16199,#16207,#16211,.T.);
#16213=ORIENTED_EDGE('',*,*,#16212,.T.);
#16214=CARTESIAN_POINT('',(-122.013521294,31.158122936,4.5000254));
#16215=VERTEX_POINT('',#16214);
#16216=CARTESIAN_POINT('',(-122.013521294,31.158122936,4.5000254));
#16217=DIRECTION('',(0.,-1.,0.));
#16218=VECTOR('',#16217,0.747006855);
#16219=LINE('',#16216,#16218);
#16220=EDGE_CURVE('',#16215,#16207,#16219,.T.);
#16221=ORIENTED_EDGE('',*,*,#16220,.F.);
#16222=CARTESIAN_POINT('',(-117.346854627,31.158122936,4.5000254));
#16223=DIRECTION('',(-1.,-0.,0.));
#16224=VECTOR('',#16223,4.666666667);
#16225=LINE('',#16222,#16224);
#16226=EDGE_CURVE('',#16197,#16215,#16225,.T.);
#16227=ORIENTED_EDGE('',*,*,#16226,.F.);
#16228=EDGE_LOOP('',(#16205,#16213,#16221,#16227));
#16229=FACE_BOUND('',#16228,.T.);
#16230=ADVANCED_FACE('',(#16229),#16195,.F.);
#16231=CARTESIAN_POINT('',(-117.346854627,30.411116081,2.73429051));
#16232=DIRECTION('',(-1.,0.,0.));
#16233=DIRECTION('',(0.,0.,1.));
#16234=AXIS2_PLACEMENT_3D('',#16231,#16232,#16233);
#16235=PLANE('',#16234);
#16236=CARTESIAN_POINT('',(-117.346854627,30.411116081,3.0000254));
#16237=DIRECTION('',(0.,0.,1.));
#16238=VECTOR('',#16237,1.5);
#16239=LINE('',#16236,#16238);
#16240=EDGE_CURVE('',#695,#16199,#16239,.T.);
#16241=ORIENTED_EDGE('',*,*,#16240,.T.);
#16242=ORIENTED_EDGE('',*,*,#16204,.F.);
#16243=CARTESIAN_POINT('',(-117.346854627,31.158122936,3.0000254));
#16244=DIRECTION('',(0.,0.,1.));
#16245=VECTOR('',#16244,1.5);
#16246=LINE('',#16243,#16245);
#16247=EDGE_CURVE('',#613,#16197,#16246,.T.);
#16248=ORIENTED_EDGE('',*,*,#16247,.F.);
#16249=ORIENTED_EDGE('',*,*,#706,.F.);
#16250=EDGE_LOOP('',(#16241,#16242,#16248,#16249));
#16251=FACE_BOUND('',#16250,.T.);
#16252=ADVANCED_FACE('',(#16251),#16235,.T.);
#16253=CARTESIAN_POINT('',(-122.013521294,30.411116081,2.73429051));
#16254=DIRECTION('',(-1.,0.,0.));
#16255=DIRECTION('',(0.,0.,1.));
#16256=AXIS2_PLACEMENT_3D('',#16253,#16254,#16255);
#16257=PLANE('',#16256);
#16258=ORIENTED_EDGE('',*,*,#692,.T.);
#16259=CARTESIAN_POINT('',(-122.013521294,31.158122936,3.0000254));
#16260=DIRECTION('',(0.,0.,1.));
#16261=VECTOR('',#16260,1.5);
#16262=LINE('',#16259,#16261);
#16263=EDGE_CURVE('',#679,#16215,#16262,.T.);
#16264=ORIENTED_EDGE('',*,*,#16263,.T.);
#16265=ORIENTED_EDGE('',*,*,#16220,.T.);
#16266=CARTESIAN_POINT('',(-122.013521294,30.411116081,3.0000254));
#16267=DIRECTION('',(0.,0.,1.));
#16268=VECTOR('',#16267,1.5);
#16269=LINE('',#16266,#16268);
#16270=EDGE_CURVE('',#687,#16207,#16269,.T.);
#16271=ORIENTED_EDGE('',*,*,#16270,.F.);
#16272=EDGE_LOOP('',(#16258,#16264,#16265,#16271));
#16273=FACE_BOUND('',#16272,.T.);
#16274=ADVANCED_FACE('',(#16273),#16257,.F.);
#16275=CARTESIAN_POINT('',(-117.346854627,30.411116081,2.73429051));
#16276=DIRECTION('',(0.,1.,0.));
#16277=DIRECTION('',(0.,0.,1.));
#16278=AXIS2_PLACEMENT_3D('',#16275,#16276,#16277);
#16279=PLANE('',#16278);
#16280=ORIENTED_EDGE('',*,*,#16270,.T.);
#16281=ORIENTED_EDGE('',*,*,#16212,.F.);
#16282=ORIENTED_EDGE('',*,*,#16240,.F.);
#16283=ORIENTED_EDGE('',*,*,#700,.F.);
#16284=EDGE_LOOP('',(#16280,#16281,#16282,#16283));
#16285=FACE_BOUND('',#16284,.T.);
#16286=ADVANCED_FACE('',(#16285),#16279,.T.);
#16287=CARTESIAN_POINT('',(-126.68018796,31.158122936,1.));
#16288=DIRECTION('',(0.,1.,0.));
#16289=DIRECTION('',(1.,0.,0.));
#16290=AXIS2_PLACEMENT_3D('',#16287,#16288,#16289);
#16291=PLANE('',#16290);
#16292=ORIENTED_EDGE('',*,*,#16263,.F.);
#16293=ORIENTED_EDGE('',*,*,#684,.F.);
#16294=ORIENTED_EDGE('',*,*,#8803,.T.);
#16295=ORIENTED_EDGE('',*,*,#4914,.T.);
#16296=ORIENTED_EDGE('',*,*,#8823,.F.);
#16297=ORIENTED_EDGE('',*,*,#620,.F.);
#16298=ORIENTED_EDGE('',*,*,#16247,.T.);
#16299=ORIENTED_EDGE('',*,*,#16226,.T.);
#16300=EDGE_LOOP('',(#16292,#16293,#16294,#16295,#16296,#16297,#16298,#16299));
#16301=FACE_BOUND('',#16300,.T.);
#16302=ADVANCED_FACE('',(#16301),#16291,.T.);
#16303=OVER_RIDING_STYLED_ITEM('',(#5382),#16302,#26);
#16304=CARTESIAN_POINT('',(-117.346854627,49.111154182,4.5000254));
#16305=DIRECTION('',(0.,0.,1.));
#16306=DIRECTION('',(-1.,0.,0.));
#16307=AXIS2_PLACEMENT_3D('',#16304,#16305,#16306);
#16308=PLANE('',#16307);
#16309=CARTESIAN_POINT('',(-117.346854627,49.858161036,4.5000254));
#16310=VERTEX_POINT('',#16309);
#16311=CARTESIAN_POINT('',(-117.346854627,49.111154182,4.5000254));
#16312=VERTEX_POINT('',#16311);
#16313=CARTESIAN_POINT('',(-117.346854627,49.858161036,4.5000254));
#16314=DIRECTION('',(-0.,-1.,-0.));
#16315=VECTOR('',#16314,0.747006855);
#16316=LINE('',#16313,#16315);
#16317=EDGE_CURVE('',#16310,#16312,#16316,.T.);
#16318=ORIENTED_EDGE('',*,*,#16317,.T.);
#16319=CARTESIAN_POINT('',(-122.013521294,49.111154182,4.5000254));
#16320=VERTEX_POINT('',#16319);
#16321=CARTESIAN_POINT('',(-117.346854627,49.111154182,4.5000254));
#16322=DIRECTION('',(-1.,0.,0.));
#16323=VECTOR('',#16322,4.666666667);
#16324=LINE('',#16321,#16323);
#16325=EDGE_CURVE('',#16312,#16320,#16324,.T.);
#16326=ORIENTED_EDGE('',*,*,#16325,.T.);
#16327=CARTESIAN_POINT('',(-122.013521294,49.858161036,4.5000254));
#16328=VERTEX_POINT('',#16327);
#16329=CARTESIAN_POINT('',(-122.013521294,49.858161036,4.5000254));
#16330=DIRECTION('',(0.,-1.,0.));
#16331=VECTOR('',#16330,0.747006855);
#16332=LINE('',#16329,#16331);
#16333=EDGE_CURVE('',#16328,#16320,#16332,.T.);
#16334=ORIENTED_EDGE('',*,*,#16333,.F.);
#16335=CARTESIAN_POINT('',(-117.346854627,49.858161036,4.5000254));
#16336=DIRECTION('',(-1.,-0.,0.));
#16337=VECTOR('',#16336,4.666666667);
#16338=LINE('',#16335,#16337);
#16339=EDGE_CURVE('',#16310,#16328,#16338,.T.);
#16340=ORIENTED_EDGE('',*,*,#16339,.F.);
#16341=EDGE_LOOP('',(#16318,#16326,#16334,#16340));
#16342=FACE_BOUND('',#16341,.T.);
#16343=ADVANCED_FACE('',(#16342),#16308,.F.);
#16344=CARTESIAN_POINT('',(-117.346854627,49.111154182,2.73429051));
#16345=DIRECTION('',(-1.,0.,0.));
#16346=DIRECTION('',(0.,0.,1.));
#16347=AXIS2_PLACEMENT_3D('',#16344,#16345,#16346);
#16348=PLANE('',#16347);
#16349=CARTESIAN_POINT('',(-117.346854627,49.111154182,3.0000254));
#16350=DIRECTION('',(0.,0.,1.));
#16351=VECTOR('',#16350,1.5);
#16352=LINE('',#16349,#16351);
#16353=EDGE_CURVE('',#793,#16312,#16352,.T.);
#16354=ORIENTED_EDGE('',*,*,#16353,.T.);
#16355=ORIENTED_EDGE('',*,*,#16317,.F.);
#16356=CARTESIAN_POINT('',(-117.346854627,49.858161036,3.0000254));
#16357=DIRECTION('',(0.,0.,1.));
#16358=VECTOR('',#16357,1.5);
#16359=LINE('',#16356,#16358);
#16360=EDGE_CURVE('',#711,#16310,#16359,.T.);
#16361=ORIENTED_EDGE('',*,*,#16360,.F.);
#16362=ORIENTED_EDGE('',*,*,#804,.F.);
#16363=EDGE_LOOP('',(#16354,#16355,#16361,#16362));
#16364=FACE_BOUND('',#16363,.T.);
#16365=ADVANCED_FACE('',(#16364),#16348,.T.);
#16366=CARTESIAN_POINT('',(-122.013521294,49.111154182,2.73429051));
#16367=DIRECTION('',(-1.,0.,0.));
#16368=DIRECTION('',(0.,0.,1.));
#16369=AXIS2_PLACEMENT_3D('',#16366,#16367,#16368);
#16370=PLANE('',#16369);
#16371=ORIENTED_EDGE('',*,*,#790,.T.);
#16372=CARTESIAN_POINT('',(-122.013521294,49.858161036,3.0000254));
#16373=DIRECTION('',(0.,0.,1.));
#16374=VECTOR('',#16373,1.5);
#16375=LINE('',#16372,#16374);
#16376=EDGE_CURVE('',#777,#16328,#16375,.T.);
#16377=ORIENTED_EDGE('',*,*,#16376,.T.);
#16378=ORIENTED_EDGE('',*,*,#16333,.T.);
#16379=CARTESIAN_POINT('',(-122.013521294,49.111154182,3.0000254));
#16380=DIRECTION('',(0.,0.,1.));
#16381=VECTOR('',#16380,1.5);
#16382=LINE('',#16379,#16381);
#16383=EDGE_CURVE('',#785,#16320,#16382,.T.);
#16384=ORIENTED_EDGE('',*,*,#16383,.F.);
#16385=EDGE_LOOP('',(#16371,#16377,#16378,#16384));
#16386=FACE_BOUND('',#16385,.T.);
#16387=ADVANCED_FACE('',(#16386),#16370,.F.);
#16388=CARTESIAN_POINT('',(-117.346854627,49.111154182,2.73429051));
#16389=DIRECTION('',(0.,1.,0.));
#16390=DIRECTION('',(0.,0.,1.));
#16391=AXIS2_PLACEMENT_3D('',#16388,#16389,#16390);
#16392=PLANE('',#16391);
#16393=ORIENTED_EDGE('',*,*,#16383,.T.);
#16394=ORIENTED_EDGE('',*,*,#16325,.F.);
#16395=ORIENTED_EDGE('',*,*,#16353,.F.);
#16396=ORIENTED_EDGE('',*,*,#798,.F.);
#16397=EDGE_LOOP('',(#16393,#16394,#16395,#16396));
#16398=FACE_BOUND('',#16397,.T.);
#16399=ADVANCED_FACE('',(#16398),#16392,.T.);
#16400=CARTESIAN_POINT('',(-126.68018796,49.858161036,1.));
#16401=DIRECTION('',(0.,1.,0.));
#16402=DIRECTION('',(1.,0.,0.));
#16403=AXIS2_PLACEMENT_3D('',#16400,#16401,#16402);
#16404=PLANE('',#16403);
#16405=ORIENTED_EDGE('',*,*,#16376,.F.);
#16406=ORIENTED_EDGE('',*,*,#782,.F.);
#16407=ORIENTED_EDGE('',*,*,#8839,.T.);
#16408=ORIENTED_EDGE('',*,*,#4948,.T.);
#16409=ORIENTED_EDGE('',*,*,#8859,.F.);
#16410=ORIENTED_EDGE('',*,*,#718,.F.);
#16411=ORIENTED_EDGE('',*,*,#16360,.T.);
#16412=ORIENTED_EDGE('',*,*,#16339,.T.);
#16413=EDGE_LOOP('',(#16405,#16406,#16407,#16408,#16409,#16410,#16411,#16412));
#16414=FACE_BOUND('',#16413,.T.);
#16415=ADVANCED_FACE('',(#16414),#16404,.T.);
#16416=OVER_RIDING_STYLED_ITEM('',(#5382),#16415,#26);
#16417=CARTESIAN_POINT('',(-98.646819067,51.678159516,4.5000254));
#16418=DIRECTION('',(0.,0.,1.));
#16419=DIRECTION('',(-1.,0.,0.));
#16420=AXIS2_PLACEMENT_3D('',#16417,#16418,#16419);
#16421=PLANE('',#16420);
#16422=CARTESIAN_POINT('',(-98.646819067,52.42516637,4.5000254));
#16423=VERTEX_POINT('',#16422);
#16424=CARTESIAN_POINT('',(-98.646819067,51.678159516,4.5000254));
#16425=VERTEX_POINT('',#16424);
#16426=CARTESIAN_POINT('',(-98.646819067,52.42516637,4.5000254));
#16427=DIRECTION('',(-0.,-1.,-0.));
#16428=VECTOR('',#16427,0.747006855);
#16429=LINE('',#16426,#16428);
#16430=EDGE_CURVE('',#16423,#16425,#16429,.T.);
#16431=ORIENTED_EDGE('',*,*,#16430,.T.);
#16432=CARTESIAN_POINT('',(-103.313485734,51.678159516,4.5000254));
#16433=VERTEX_POINT('',#16432);
#16434=CARTESIAN_POINT('',(-98.646819067,51.678159516,4.5000254));
#16435=DIRECTION('',(-1.,0.,0.));
#16436=VECTOR('',#16435,4.666666667);
#16437=LINE('',#16434,#16436);
#16438=EDGE_CURVE('',#16425,#16433,#16437,.T.);
#16439=ORIENTED_EDGE('',*,*,#16438,.T.);
#16440=CARTESIAN_POINT('',(-103.313485734,52.42516637,4.5000254));
#16441=VERTEX_POINT('',#16440);
#16442=CARTESIAN_POINT('',(-103.313485734,52.42516637,4.5000254));
#16443=DIRECTION('',(0.,-1.,0.));
#16444=VECTOR('',#16443,0.747006855);
#16445=LINE('',#16442,#16444);
#16446=EDGE_CURVE('',#16441,#16433,#16445,.T.);
#16447=ORIENTED_EDGE('',*,*,#16446,.F.);
#16448=CARTESIAN_POINT('',(-98.646819067,52.42516637,4.5000254));
#16449=DIRECTION('',(-1.,-0.,0.));
#16450=VECTOR('',#16449,4.666666667);
#16451=LINE('',#16448,#16450);
#16452=EDGE_CURVE('',#16423,#16441,#16451,.T.);
#16453=ORIENTED_EDGE('',*,*,#16452,.F.);
#16454=EDGE_LOOP('',(#16431,#16439,#16447,#16453));
#16455=FACE_BOUND('',#16454,.T.);
#16456=ADVANCED_FACE('',(#16455),#16421,.F.);
#16457=CARTESIAN_POINT('',(-98.646819067,51.678159516,2.73429051));
#16458=DIRECTION('',(-1.,0.,0.));
#16459=DIRECTION('',(0.,0.,1.));
#16460=AXIS2_PLACEMENT_3D('',#16457,#16458,#16459);
#16461=PLANE('',#16460);
#16462=CARTESIAN_POINT('',(-98.646819067,51.678159516,3.0000254));
#16463=DIRECTION('',(0.,0.,1.));
#16464=VECTOR('',#16463,1.5);
#16465=LINE('',#16462,#16464);
#16466=EDGE_CURVE('',#1087,#16425,#16465,.T.);
#16467=ORIENTED_EDGE('',*,*,#16466,.T.);
#16468=ORIENTED_EDGE('',*,*,#16430,.F.);
#16469=CARTESIAN_POINT('',(-98.646819067,52.42516637,3.0000254));
#16470=DIRECTION('',(0.,0.,1.));
#16471=VECTOR('',#16470,1.5);
#16472=LINE('',#16469,#16471);
#16473=EDGE_CURVE('',#1005,#16423,#16472,.T.);
#16474=ORIENTED_EDGE('',*,*,#16473,.F.);
#16475=ORIENTED_EDGE('',*,*,#1098,.F.);
#16476=EDGE_LOOP('',(#16467,#16468,#16474,#16475));
#16477=FACE_BOUND('',#16476,.T.);
#16478=ADVANCED_FACE('',(#16477),#16461,.T.);
#16479=CARTESIAN_POINT('',(-103.313485734,51.678159516,2.73429051));
#16480=DIRECTION('',(-1.,0.,0.));
#16481=DIRECTION('',(0.,0.,1.));
#16482=AXIS2_PLACEMENT_3D('',#16479,#16480,#16481);
#16483=PLANE('',#16482);
#16484=ORIENTED_EDGE('',*,*,#1084,.T.);
#16485=CARTESIAN_POINT('',(-103.313485734,52.42516637,3.0000254));
#16486=DIRECTION('',(0.,0.,1.));
#16487=VECTOR('',#16486,1.5);
#16488=LINE('',#16485,#16487);
#16489=EDGE_CURVE('',#1071,#16441,#16488,.T.);
#16490=ORIENTED_EDGE('',*,*,#16489,.T.);
#16491=ORIENTED_EDGE('',*,*,#16446,.T.);
#16492=CARTESIAN_POINT('',(-103.313485734,51.678159516,3.0000254));
#16493=DIRECTION('',(0.,0.,1.));
#16494=VECTOR('',#16493,1.5);
#16495=LINE('',#16492,#16494);
#16496=EDGE_CURVE('',#1079,#16433,#16495,.T.);
#16497=ORIENTED_EDGE('',*,*,#16496,.F.);
#16498=EDGE_LOOP('',(#16484,#16490,#16491,#16497));
#16499=FACE_BOUND('',#16498,.T.);
#16500=ADVANCED_FACE('',(#16499),#16483,.F.);
#16501=CARTESIAN_POINT('',(-98.646819067,51.678159516,2.73429051));
#16502=DIRECTION('',(0.,1.,0.));
#16503=DIRECTION('',(0.,0.,1.));
#16504=AXIS2_PLACEMENT_3D('',#16501,#16502,#16503);
#16505=PLANE('',#16504);
#16506=ORIENTED_EDGE('',*,*,#16496,.T.);
#16507=ORIENTED_EDGE('',*,*,#16438,.F.);
#16508=ORIENTED_EDGE('',*,*,#16466,.F.);
#16509=ORIENTED_EDGE('',*,*,#1092,.F.);
#16510=EDGE_LOOP('',(#16506,#16507,#16508,#16509));
#16511=FACE_BOUND('',#16510,.T.);
#16512=ADVANCED_FACE('',(#16511),#16505,.T.);
#16513=CARTESIAN_POINT('',(-107.9801524,52.42516637,1.));
#16514=DIRECTION('',(0.,1.,0.));
#16515=DIRECTION('',(1.,0.,0.));
#16516=AXIS2_PLACEMENT_3D('',#16513,#16514,#16515);
#16517=PLANE('',#16516);
#16518=ORIENTED_EDGE('',*,*,#16489,.F.);
#16519=ORIENTED_EDGE('',*,*,#1076,.F.);
#16520=ORIENTED_EDGE('',*,*,#9067,.T.);
#16521=ORIENTED_EDGE('',*,*,#4982,.T.);
#16522=ORIENTED_EDGE('',*,*,#9087,.F.);
#16523=ORIENTED_EDGE('',*,*,#1012,.F.);
#16524=ORIENTED_EDGE('',*,*,#16473,.T.);
#16525=ORIENTED_EDGE('',*,*,#16452,.T.);
#16526=EDGE_LOOP('',(#16518,#16519,#16520,#16521,#16522,#16523,#16524,#16525));
#16527=FACE_BOUND('',#16526,.T.);
#16528=ADVANCED_FACE('',(#16527),#16517,.T.);
#16529=OVER_RIDING_STYLED_ITEM('',(#5382),#16528,#26);
#16530=CARTESIAN_POINT('',(-98.646819067,32.978121415,4.5000254));
#16531=DIRECTION('',(0.,0.,1.));
#16532=DIRECTION('',(-1.,0.,0.));
#16533=AXIS2_PLACEMENT_3D('',#16530,#16531,#16532);
#16534=PLANE('',#16533);
#16535=CARTESIAN_POINT('',(-98.646819067,33.72512827,4.5000254));
#16536=VERTEX_POINT('',#16535);
#16537=CARTESIAN_POINT('',(-98.646819067,32.978121415,4.5000254));
#16538=VERTEX_POINT('',#16537);
#16539=CARTESIAN_POINT('',(-98.646819067,33.72512827,4.5000254));
#16540=DIRECTION('',(-0.,-1.,-0.));
#16541=VECTOR('',#16540,0.747006855);
#16542=LINE('',#16539,#16541);
#16543=EDGE_CURVE('',#16536,#16538,#16542,.T.);
#16544=ORIENTED_EDGE('',*,*,#16543,.T.);
#16545=CARTESIAN_POINT('',(-103.313485734,32.978121415,4.5000254));
#16546=VERTEX_POINT('',#16545);
#16547=CARTESIAN_POINT('',(-98.646819067,32.978121415,4.5000254));
#16548=DIRECTION('',(-1.,0.,0.));
#16549=VECTOR('',#16548,4.666666667);
#16550=LINE('',#16547,#16549);
#16551=EDGE_CURVE('',#16538,#16546,#16550,.T.);
#16552=ORIENTED_EDGE('',*,*,#16551,.T.);
#16553=CARTESIAN_POINT('',(-103.313485734,33.72512827,4.5000254));
#16554=VERTEX_POINT('',#16553);
#16555=CARTESIAN_POINT('',(-103.313485734,33.72512827,4.5000254));
#16556=DIRECTION('',(0.,-1.,0.));
#16557=VECTOR('',#16556,0.747006855);
#16558=LINE('',#16555,#16557);
#16559=EDGE_CURVE('',#16554,#16546,#16558,.T.);
#16560=ORIENTED_EDGE('',*,*,#16559,.F.);
#16561=CARTESIAN_POINT('',(-98.646819067,33.72512827,4.5000254));
#16562=DIRECTION('',(-1.,-0.,0.));
#16563=VECTOR('',#16562,4.666666667);
#16564=LINE('',#16561,#16563);
#16565=EDGE_CURVE('',#16536,#16554,#16564,.T.);
#16566=ORIENTED_EDGE('',*,*,#16565,.F.);
#16567=EDGE_LOOP('',(#16544,#16552,#16560,#16566));
#16568=FACE_BOUND('',#16567,.T.);
#16569=ADVANCED_FACE('',(#16568),#16534,.F.);
#16570=CARTESIAN_POINT('',(-98.646819067,32.978121415,2.73429051));
#16571=DIRECTION('',(-1.,0.,0.));
#16572=DIRECTION('',(0.,0.,1.));
#16573=AXIS2_PLACEMENT_3D('',#16570,#16571,#16572);
#16574=PLANE('',#16573);
#16575=CARTESIAN_POINT('',(-98.646819067,32.978121415,3.0000254));
#16576=DIRECTION('',(0.,0.,1.));
#16577=VECTOR('',#16576,1.5);
#16578=LINE('',#16575,#16577);
#16579=EDGE_CURVE('',#1185,#16538,#16578,.T.);
#16580=ORIENTED_EDGE('',*,*,#16579,.T.);
#16581=ORIENTED_EDGE('',*,*,#16543,.F.);
#16582=CARTESIAN_POINT('',(-98.646819067,33.72512827,3.0000254));
#16583=DIRECTION('',(0.,0.,1.));
#16584=VECTOR('',#16583,1.5);
#16585=LINE('',#16582,#16584);
#16586=EDGE_CURVE('',#1103,#16536,#16585,.T.);
#16587=ORIENTED_EDGE('',*,*,#16586,.F.);
#16588=ORIENTED_EDGE('',*,*,#1196,.F.);
#16589=EDGE_LOOP('',(#16580,#16581,#16587,#16588));
#16590=FACE_BOUND('',#16589,.T.);
#16591=ADVANCED_FACE('',(#16590),#16574,.T.);
#16592=CARTESIAN_POINT('',(-103.313485734,32.978121415,2.73429051));
#16593=DIRECTION('',(-1.,0.,0.));
#16594=DIRECTION('',(0.,0.,1.));
#16595=AXIS2_PLACEMENT_3D('',#16592,#16593,#16594);
#16596=PLANE('',#16595);
#16597=ORIENTED_EDGE('',*,*,#1182,.T.);
#16598=CARTESIAN_POINT('',(-103.313485734,33.72512827,3.0000254));
#16599=DIRECTION('',(0.,0.,1.));
#16600=VECTOR('',#16599,1.5);
#16601=LINE('',#16598,#16600);
#16602=EDGE_CURVE('',#1169,#16554,#16601,.T.);
#16603=ORIENTED_EDGE('',*,*,#16602,.T.);
#16604=ORIENTED_EDGE('',*,*,#16559,.T.);
#16605=CARTESIAN_POINT('',(-103.313485734,32.978121415,3.0000254));
#16606=DIRECTION('',(0.,0.,1.));
#16607=VECTOR('',#16606,1.5);
#16608=LINE('',#16605,#16607);
#16609=EDGE_CURVE('',#1177,#16546,#16608,.T.);
#16610=ORIENTED_EDGE('',*,*,#16609,.F.);
#16611=EDGE_LOOP('',(#16597,#16603,#16604,#16610));
#16612=FACE_BOUND('',#16611,.T.);
#16613=ADVANCED_FACE('',(#16612),#16596,.F.);
#16614=CARTESIAN_POINT('',(-98.646819067,32.978121415,2.73429051));
#16615=DIRECTION('',(0.,1.,0.));
#16616=DIRECTION('',(0.,0.,1.));
#16617=AXIS2_PLACEMENT_3D('',#16614,#16615,#16616);
#16618=PLANE('',#16617);
#16619=ORIENTED_EDGE('',*,*,#16609,.T.);
#16620=ORIENTED_EDGE('',*,*,#16551,.F.);
#16621=ORIENTED_EDGE('',*,*,#16579,.F.);
#16622=ORIENTED_EDGE('',*,*,#1190,.F.);
#16623=EDGE_LOOP('',(#16619,#16620,#16621,#16622));
#16624=FACE_BOUND('',#16623,.T.);
#16625=ADVANCED_FACE('',(#16624),#16618,.T.);
#16626=CARTESIAN_POINT('',(-107.9801524,33.72512827,1.));
#16627=DIRECTION('',(0.,1.,0.));
#16628=DIRECTION('',(1.,0.,0.));
#16629=AXIS2_PLACEMENT_3D('',#16626,#16627,#16628);
#16630=PLANE('',#16629);
#16631=ORIENTED_EDGE('',*,*,#16602,.F.);
#16632=ORIENTED_EDGE('',*,*,#1174,.F.);
#16633=ORIENTED_EDGE('',*,*,#9199,.T.);
#16634=ORIENTED_EDGE('',*,*,#5016,.T.);
#16635=ORIENTED_EDGE('',*,*,#9219,.F.);
#16636=ORIENTED_EDGE('',*,*,#1110,.F.);
#16637=ORIENTED_EDGE('',*,*,#16586,.T.);
#16638=ORIENTED_EDGE('',*,*,#16565,.T.);
#16639=EDGE_LOOP('',(#16631,#16632,#16633,#16634,#16635,#16636,#16637,#16638));
#16640=FACE_BOUND('',#16639,.T.);
#16641=ADVANCED_FACE('',(#16640),#16630,.T.);
#16642=OVER_RIDING_STYLED_ITEM('',(#5382),#16641,#26);
#16643=CARTESIAN_POINT('',(-69.088759844,9.170047623,4.5000254));
#16644=DIRECTION('',(0.,0.,1.));
#16645=DIRECTION('',(-1.,0.,0.));
#16646=AXIS2_PLACEMENT_3D('',#16643,#16644,#16645);
#16647=PLANE('',#16646);
#16648=CARTESIAN_POINT('',(-69.088759844,9.917054478,4.5000254));
#16649=VERTEX_POINT('',#16648);
#16650=CARTESIAN_POINT('',(-69.088759844,9.170047623,4.5000254));
#16651=VERTEX_POINT('',#16650);
#16652=CARTESIAN_POINT('',(-69.088759844,9.917054478,4.5000254));
#16653=DIRECTION('',(-0.,-1.,-0.));
#16654=VECTOR('',#16653,0.747006855);
#16655=LINE('',#16652,#16654);
#16656=EDGE_CURVE('',#16649,#16651,#16655,.T.);
#16657=ORIENTED_EDGE('',*,*,#16656,.T.);
#16658=CARTESIAN_POINT('',(-73.755426511,9.170047623,4.5000254));
#16659=VERTEX_POINT('',#16658);
#16660=CARTESIAN_POINT('',(-69.088759844,9.170047623,4.5000254));
#16661=DIRECTION('',(-1.,0.,0.));
#16662=VECTOR('',#16661,4.666666667);
#16663=LINE('',#16660,#16662);
#16664=EDGE_CURVE('',#16651,#16659,#16663,.T.);
#16665=ORIENTED_EDGE('',*,*,#16664,.T.);
#16666=CARTESIAN_POINT('',(-73.755426511,9.917054478,4.5000254));
#16667=VERTEX_POINT('',#16666);
#16668=CARTESIAN_POINT('',(-73.755426511,9.917054478,4.5000254));
#16669=DIRECTION('',(0.,-1.,0.));
#16670=VECTOR('',#16669,0.747006855);
#16671=LINE('',#16668,#16670);
#16672=EDGE_CURVE('',#16667,#16659,#16671,.T.);
#16673=ORIENTED_EDGE('',*,*,#16672,.F.);
#16674=CARTESIAN_POINT('',(-69.088759844,9.917054478,4.5000254));
#16675=DIRECTION('',(-1.,-0.,0.));
#16676=VECTOR('',#16675,4.666666667);
#16677=LINE('',#16674,#16676);
#16678=EDGE_CURVE('',#16649,#16667,#16677,.T.);
#16679=ORIENTED_EDGE('',*,*,#16678,.F.);
#16680=EDGE_LOOP('',(#16657,#16665,#16673,#16679));
#16681=FACE_BOUND('',#16680,.T.);
#16682=ADVANCED_FACE('',(#16681),#16647,.F.);
#16683=CARTESIAN_POINT('',(-69.088759844,9.170047623,2.73429051));
#16684=DIRECTION('',(-1.,0.,0.));
#16685=DIRECTION('',(0.,0.,1.));
#16686=AXIS2_PLACEMENT_3D('',#16683,#16684,#16685);
#16687=PLANE('',#16686);
#16688=CARTESIAN_POINT('',(-69.088759844,9.170047623,3.0000254));
#16689=DIRECTION('',(0.,0.,1.));
#16690=VECTOR('',#16689,1.5);
#16691=LINE('',#16688,#16690);
#16692=EDGE_CURVE('',#1773,#16651,#16691,.T.);
#16693=ORIENTED_EDGE('',*,*,#16692,.T.);
#16694=ORIENTED_EDGE('',*,*,#16656,.F.);
#16695=CARTESIAN_POINT('',(-69.088759844,9.917054478,3.0000254));
#16696=DIRECTION('',(0.,0.,1.));
#16697=VECTOR('',#16696,1.5);
#16698=LINE('',#16695,#16697);
#16699=EDGE_CURVE('',#1691,#16649,#16698,.T.);
#16700=ORIENTED_EDGE('',*,*,#16699,.F.);
#16701=ORIENTED_EDGE('',*,*,#1784,.F.);
#16702=EDGE_LOOP('',(#16693,#16694,#16700,#16701));
#16703=FACE_BOUND('',#16702,.T.);
#16704=ADVANCED_FACE('',(#16703),#16687,.T.);
#16705=CARTESIAN_POINT('',(-73.755426511,9.170047623,2.73429051));
#16706=DIRECTION('',(-1.,0.,0.));
#16707=DIRECTION('',(0.,0.,1.));
#16708=AXIS2_PLACEMENT_3D('',#16705,#16706,#16707);
#16709=PLANE('',#16708);
#16710=ORIENTED_EDGE('',*,*,#1770,.T.);
#16711=CARTESIAN_POINT('',(-73.755426511,9.917054478,3.0000254));
#16712=DIRECTION('',(0.,0.,1.));
#16713=VECTOR('',#16712,1.5);
#16714=LINE('',#16711,#16713);
#16715=EDGE_CURVE('',#1757,#16667,#16714,.T.);
#16716=ORIENTED_EDGE('',*,*,#16715,.T.);
#16717=ORIENTED_EDGE('',*,*,#16672,.T.);
#16718=CARTESIAN_POINT('',(-73.755426511,9.170047623,3.0000254));
#16719=DIRECTION('',(0.,0.,1.));
#16720=VECTOR('',#16719,1.5);
#16721=LINE('',#16718,#16720);
#16722=EDGE_CURVE('',#1765,#16659,#16721,.T.);
#16723=ORIENTED_EDGE('',*,*,#16722,.F.);
#16724=EDGE_LOOP('',(#16710,#16716,#16717,#16723));
#16725=FACE_BOUND('',#16724,.T.);
#16726=ADVANCED_FACE('',(#16725),#16709,.F.);
#16727=CARTESIAN_POINT('',(-69.088759844,9.170047623,2.73429051));
#16728=DIRECTION('',(0.,1.,0.));
#16729=DIRECTION('',(0.,0.,1.));
#16730=AXIS2_PLACEMENT_3D('',#16727,#16728,#16729);
#16731=PLANE('',#16730);
#16732=ORIENTED_EDGE('',*,*,#16722,.T.);
#16733=ORIENTED_EDGE('',*,*,#16664,.F.);
#16734=ORIENTED_EDGE('',*,*,#16692,.F.);
#16735=ORIENTED_EDGE('',*,*,#1778,.F.);
#16736=EDGE_LOOP('',(#16732,#16733,#16734,#16735));
#16737=FACE_BOUND('',#16736,.T.);
#16738=ADVANCED_FACE('',(#16737),#16731,.T.);
#16739=CARTESIAN_POINT('',(-78.422093177,9.917054478,1.));
#16740=DIRECTION('',(0.,1.,0.));
#16741=DIRECTION('',(1.,0.,0.));
#16742=AXIS2_PLACEMENT_3D('',#16739,#16740,#16741);
#16743=PLANE('',#16742);
#16744=ORIENTED_EDGE('',*,*,#16715,.F.);
#16745=ORIENTED_EDGE('',*,*,#1762,.F.);
#16746=ORIENTED_EDGE('',*,*,#9691,.T.);
#16747=ORIENTED_EDGE('',*,*,#5050,.T.);
#16748=ORIENTED_EDGE('',*,*,#9711,.F.);
#16749=ORIENTED_EDGE('',*,*,#1698,.F.);
#16750=ORIENTED_EDGE('',*,*,#16699,.T.);
#16751=ORIENTED_EDGE('',*,*,#16678,.T.);
#16752=EDGE_LOOP('',(#16744,#16745,#16746,#16747,#16748,#16749,#16750,#16751));
#16753=FACE_BOUND('',#16752,.T.);
#16754=ADVANCED_FACE('',(#16753),#16743,.T.);
#16755=OVER_RIDING_STYLED_ITEM('',(#5382),#16754,#26);
#16756=CARTESIAN_POINT('',(-61.246742867,27.811111001,4.5000254));
#16757=DIRECTION('',(0.,0.,1.));
#16758=DIRECTION('',(-1.,0.,0.));
#16759=AXIS2_PLACEMENT_3D('',#16756,#16757,#16758);
#16760=PLANE('',#16759);
#16761=CARTESIAN_POINT('',(-61.246742867,28.558117856,4.5000254));
#16762=VERTEX_POINT('',#16761);
#16763=CARTESIAN_POINT('',(-61.246742867,27.811111001,4.5000254));
#16764=VERTEX_POINT('',#16763);
#16765=CARTESIAN_POINT('',(-61.246742867,28.558117856,4.5000254));
#16766=DIRECTION('',(-0.,-1.,-0.));
#16767=VECTOR('',#16766,0.747006855);
#16768=LINE('',#16765,#16767);
#16769=EDGE_CURVE('',#16762,#16764,#16768,.T.);
#16770=ORIENTED_EDGE('',*,*,#16769,.T.);
#16771=CARTESIAN_POINT('',(-65.913409533,27.811111001,4.5000254));
#16772=VERTEX_POINT('',#16771);
#16773=CARTESIAN_POINT('',(-61.246742867,27.811111001,4.5000254));
#16774=DIRECTION('',(-1.,0.,0.));
#16775=VECTOR('',#16774,4.666666667);
#16776=LINE('',#16773,#16775);
#16777=EDGE_CURVE('',#16764,#16772,#16776,.T.);
#16778=ORIENTED_EDGE('',*,*,#16777,.T.);
#16779=CARTESIAN_POINT('',(-65.913409533,28.558117856,4.5000254));
#16780=VERTEX_POINT('',#16779);
#16781=CARTESIAN_POINT('',(-65.913409533,28.558117856,4.5000254));
#16782=DIRECTION('',(0.,-1.,0.));
#16783=VECTOR('',#16782,0.747006855);
#16784=LINE('',#16781,#16783);
#16785=EDGE_CURVE('',#16780,#16772,#16784,.T.);
#16786=ORIENTED_EDGE('',*,*,#16785,.F.);
#16787=CARTESIAN_POINT('',(-61.246742867,28.558117856,4.5000254));
#16788=DIRECTION('',(-1.,-0.,0.));
#16789=VECTOR('',#16788,4.666666667);
#16790=LINE('',#16787,#16789);
#16791=EDGE_CURVE('',#16762,#16780,#16790,.T.);
#16792=ORIENTED_EDGE('',*,*,#16791,.F.);
#16793=EDGE_LOOP('',(#16770,#16778,#16786,#16792));
#16794=FACE_BOUND('',#16793,.T.);
#16795=ADVANCED_FACE('',(#16794),#16760,.F.);
#16796=CARTESIAN_POINT('',(-61.246742867,27.811111001,2.73429051));
#16797=DIRECTION('',(-1.,0.,0.));
#16798=DIRECTION('',(0.,0.,1.));
#16799=AXIS2_PLACEMENT_3D('',#16796,#16797,#16798);
#16800=PLANE('',#16799);
#16801=CARTESIAN_POINT('',(-61.246742867,27.811111001,3.0000254));
#16802=DIRECTION('',(0.,0.,1.));
#16803=VECTOR('',#16802,1.5);
#16804=LINE('',#16801,#16803);
#16805=EDGE_CURVE('',#1871,#16764,#16804,.T.);
#16806=ORIENTED_EDGE('',*,*,#16805,.T.);
#16807=ORIENTED_EDGE('',*,*,#16769,.F.);
#16808=CARTESIAN_POINT('',(-61.246742867,28.558117856,3.0000254));
#16809=DIRECTION('',(0.,0.,1.));
#16810=VECTOR('',#16809,1.5);
#16811=LINE('',#16808,#16810);
#16812=EDGE_CURVE('',#1789,#16762,#16811,.T.);
#16813=ORIENTED_EDGE('',*,*,#16812,.F.);
#16814=ORIENTED_EDGE('',*,*,#1882,.F.);
#16815=EDGE_LOOP('',(#16806,#16807,#16813,#16814));
#16816=FACE_BOUND('',#16815,.T.);
#16817=ADVANCED_FACE('',(#16816),#16800,.T.);
#16818=CARTESIAN_POINT('',(-65.913409533,27.811111001,2.73429051));
#16819=DIRECTION('',(-1.,0.,0.));
#16820=DIRECTION('',(0.,0.,1.));
#16821=AXIS2_PLACEMENT_3D('',#16818,#16819,#16820);
#16822=PLANE('',#16821);
#16823=ORIENTED_EDGE('',*,*,#1868,.T.);
#16824=CARTESIAN_POINT('',(-65.913409533,28.558117856,3.0000254));
#16825=DIRECTION('',(0.,0.,1.));
#16826=VECTOR('',#16825,1.5);
#16827=LINE('',#16824,#16826);
#16828=EDGE_CURVE('',#1855,#16780,#16827,.T.);
#16829=ORIENTED_EDGE('',*,*,#16828,.T.);
#16830=ORIENTED_EDGE('',*,*,#16785,.T.);
#16831=CARTESIAN_POINT('',(-65.913409533,27.811111001,3.0000254));
#16832=DIRECTION('',(0.,0.,1.));
#16833=VECTOR('',#16832,1.5);
#16834=LINE('',#16831,#16833);
#16835=EDGE_CURVE('',#1863,#16772,#16834,.T.);
#16836=ORIENTED_EDGE('',*,*,#16835,.F.);
#16837=EDGE_LOOP('',(#16823,#16829,#16830,#16836));
#16838=FACE_BOUND('',#16837,.T.);
#16839=ADVANCED_FACE('',(#16838),#16822,.F.);
#16840=CARTESIAN_POINT('',(-61.246742867,27.811111001,2.73429051));
#16841=DIRECTION('',(0.,1.,0.));
#16842=DIRECTION('',(0.,0.,1.));
#16843=AXIS2_PLACEMENT_3D('',#16840,#16841,#16842);
#16844=PLANE('',#16843);
#16845=ORIENTED_EDGE('',*,*,#16835,.T.);
#16846=ORIENTED_EDGE('',*,*,#16777,.F.);
#16847=ORIENTED_EDGE('',*,*,#16805,.F.);
#16848=ORIENTED_EDGE('',*,*,#1876,.F.);
#16849=EDGE_LOOP('',(#16845,#16846,#16847,#16848));
#16850=FACE_BOUND('',#16849,.T.);
#16851=ADVANCED_FACE('',(#16850),#16844,.T.);
#16852=CARTESIAN_POINT('',(-70.5800762,28.558117856,1.));
#16853=DIRECTION('',(0.,1.,0.));
#16854=DIRECTION('',(1.,0.,0.));
#16855=AXIS2_PLACEMENT_3D('',#16852,#16853,#16854);
#16856=PLANE('',#16855);
#16857=ORIENTED_EDGE('',*,*,#16828,.F.);
#16858=ORIENTED_EDGE('',*,*,#1860,.F.);
#16859=ORIENTED_EDGE('',*,*,#9727,.T.);
#16860=ORIENTED_EDGE('',*,*,#5084,.T.);
#16861=ORIENTED_EDGE('',*,*,#9747,.F.);
#16862=ORIENTED_EDGE('',*,*,#1796,.F.);
#16863=ORIENTED_EDGE('',*,*,#16812,.T.);
#16864=ORIENTED_EDGE('',*,*,#16791,.T.);
#16865=EDGE_LOOP('',(#16857,#16858,#16859,#16860,#16861,#16862,#16863,#16864));
#16866=FACE_BOUND('',#16865,.T.);
#16867=ADVANCED_FACE('',(#16866),#16856,.T.);
#16868=OVER_RIDING_STYLED_ITEM('',(#5382),#16867,#26);
#16869=CARTESIAN_POINT('',(-61.246742867,46.511149102,4.5000254));
#16870=DIRECTION('',(0.,0.,1.));
#16871=DIRECTION('',(-1.,0.,0.));
#16872=AXIS2_PLACEMENT_3D('',#16869,#16870,#16871);
#16873=PLANE('',#16872);
#16874=CARTESIAN_POINT('',(-61.246742867,47.258155956,4.5000254));
#16875=VERTEX_POINT('',#16874);
#16876=CARTESIAN_POINT('',(-61.246742867,46.511149102,4.5000254));
#16877=VERTEX_POINT('',#16876);
#16878=CARTESIAN_POINT('',(-61.246742867,47.258155956,4.5000254));
#16879=DIRECTION('',(-0.,-1.,-0.));
#16880=VECTOR('',#16879,0.747006855);
#16881=LINE('',#16878,#16880);
#16882=EDGE_CURVE('',#16875,#16877,#16881,.T.);
#16883=ORIENTED_EDGE('',*,*,#16882,.T.);
#16884=CARTESIAN_POINT('',(-65.913409533,46.511149102,4.5000254));
#16885=VERTEX_POINT('',#16884);
#16886=CARTESIAN_POINT('',(-61.246742867,46.511149102,4.5000254));
#16887=DIRECTION('',(-1.,0.,0.));
#16888=VECTOR('',#16887,4.666666667);
#16889=LINE('',#16886,#16888);
#16890=EDGE_CURVE('',#16877,#16885,#16889,.T.);
#16891=ORIENTED_EDGE('',*,*,#16890,.T.);
#16892=CARTESIAN_POINT('',(-65.913409533,47.258155956,4.5000254));
#16893=VERTEX_POINT('',#16892);
#16894=CARTESIAN_POINT('',(-65.913409533,47.258155956,4.5000254));
#16895=DIRECTION('',(0.,-1.,0.));
#16896=VECTOR('',#16895,0.747006855);
#16897=LINE('',#16894,#16896);
#16898=EDGE_CURVE('',#16893,#16885,#16897,.T.);
#16899=ORIENTED_EDGE('',*,*,#16898,.F.);
#16900=CARTESIAN_POINT('',(-61.246742867,47.258155956,4.5000254));
#16901=DIRECTION('',(-1.,-0.,0.));
#16902=VECTOR('',#16901,4.666666667);
#16903=LINE('',#16900,#16902);
#16904=EDGE_CURVE('',#16875,#16893,#16903,.T.);
#16905=ORIENTED_EDGE('',*,*,#16904,.F.);
#16906=EDGE_LOOP('',(#16883,#16891,#16899,#16905));
#16907=FACE_BOUND('',#16906,.T.);
#16908=ADVANCED_FACE('',(#16907),#16873,.F.);
#16909=CARTESIAN_POINT('',(-61.246742867,46.511149102,2.73429051));
#16910=DIRECTION('',(-1.,0.,0.));
#16911=DIRECTION('',(0.,0.,1.));
#16912=AXIS2_PLACEMENT_3D('',#16909,#16910,#16911);
#16913=PLANE('',#16912);
#16914=CARTESIAN_POINT('',(-61.246742867,46.511149102,3.0000254));
#16915=DIRECTION('',(0.,0.,1.));
#16916=VECTOR('',#16915,1.5);
#16917=LINE('',#16914,#16916);
#16918=EDGE_CURVE('',#1969,#16877,#16917,.T.);
#16919=ORIENTED_EDGE('',*,*,#16918,.T.);
#16920=ORIENTED_EDGE('',*,*,#16882,.F.);
#16921=CARTESIAN_POINT('',(-61.246742867,47.258155956,3.0000254));
#16922=DIRECTION('',(0.,0.,1.));
#16923=VECTOR('',#16922,1.5);
#16924=LINE('',#16921,#16923);
#16925=EDGE_CURVE('',#1887,#16875,#16924,.T.);
#16926=ORIENTED_EDGE('',*,*,#16925,.F.);
#16927=ORIENTED_EDGE('',*,*,#1980,.F.);
#16928=EDGE_LOOP('',(#16919,#16920,#16926,#16927));
#16929=FACE_BOUND('',#16928,.T.);
#16930=ADVANCED_FACE('',(#16929),#16913,.T.);
#16931=CARTESIAN_POINT('',(-65.913409533,46.511149102,2.73429051));
#16932=DIRECTION('',(-1.,0.,0.));
#16933=DIRECTION('',(0.,0.,1.));
#16934=AXIS2_PLACEMENT_3D('',#16931,#16932,#16933);
#16935=PLANE('',#16934);
#16936=ORIENTED_EDGE('',*,*,#1966,.T.);
#16937=CARTESIAN_POINT('',(-65.913409533,47.258155956,3.0000254));
#16938=DIRECTION('',(0.,0.,1.));
#16939=VECTOR('',#16938,1.5);
#16940=LINE('',#16937,#16939);
#16941=EDGE_CURVE('',#1953,#16893,#16940,.T.);
#16942=ORIENTED_EDGE('',*,*,#16941,.T.);
#16943=ORIENTED_EDGE('',*,*,#16898,.T.);
#16944=CARTESIAN_POINT('',(-65.913409533,46.511149102,3.0000254));
#16945=DIRECTION('',(0.,0.,1.));
#16946=VECTOR('',#16945,1.5);
#16947=LINE('',#16944,#16946);
#16948=EDGE_CURVE('',#1961,#16885,#16947,.T.);
#16949=ORIENTED_EDGE('',*,*,#16948,.F.);
#16950=EDGE_LOOP('',(#16936,#16942,#16943,#16949));
#16951=FACE_BOUND('',#16950,.T.);
#16952=ADVANCED_FACE('',(#16951),#16935,.F.);
#16953=CARTESIAN_POINT('',(-61.246742867,46.511149102,2.73429051));
#16954=DIRECTION('',(0.,1.,0.));
#16955=DIRECTION('',(0.,0.,1.));
#16956=AXIS2_PLACEMENT_3D('',#16953,#16954,#16955);
#16957=PLANE('',#16956);
#16958=ORIENTED_EDGE('',*,*,#16948,.T.);
#16959=ORIENTED_EDGE('',*,*,#16890,.F.);
#16960=ORIENTED_EDGE('',*,*,#16918,.F.);
#16961=ORIENTED_EDGE('',*,*,#1974,.F.);
#16962=EDGE_LOOP('',(#16958,#16959,#16960,#16961));
#16963=FACE_BOUND('',#16962,.T.);
#16964=ADVANCED_FACE('',(#16963),#16957,.T.);
#16965=CARTESIAN_POINT('',(-70.5800762,47.258155956,1.));
#16966=DIRECTION('',(0.,1.,0.));
#16967=DIRECTION('',(1.,0.,0.));
#16968=AXIS2_PLACEMENT_3D('',#16965,#16966,#16967);
#16969=PLANE('',#16968);
#16970=ORIENTED_EDGE('',*,*,#16941,.F.);
#16971=ORIENTED_EDGE('',*,*,#1958,.F.);
#16972=ORIENTED_EDGE('',*,*,#9763,.T.);
#16973=ORIENTED_EDGE('',*,*,#5118,.T.);
#16974=ORIENTED_EDGE('',*,*,#9783,.F.);
#16975=ORIENTED_EDGE('',*,*,#1894,.F.);
#16976=ORIENTED_EDGE('',*,*,#16925,.T.);
#16977=ORIENTED_EDGE('',*,*,#16904,.T.);
#16978=EDGE_LOOP('',(#16970,#16971,#16972,#16973,#16974,#16975,#16976,#16977));
#16979=FACE_BOUND('',#16978,.T.);
#16980=ADVANCED_FACE('',(#16979),#16969,.T.);
#16981=OVER_RIDING_STYLED_ITEM('',(#5382),#16980,#26);
#16982=CARTESIAN_POINT('',(-42.546514266,46.511149102,4.5000254));
#16983=DIRECTION('',(0.,0.,1.));
#16984=DIRECTION('',(-1.,0.,0.));
#16985=AXIS2_PLACEMENT_3D('',#16982,#16983,#16984);
#16986=PLANE('',#16985);
#16987=CARTESIAN_POINT('',(-42.546514266,47.258155956,4.5000254));
#16988=VERTEX_POINT('',#16987);
#16989=CARTESIAN_POINT('',(-42.546514266,46.511149102,4.5000254));
#16990=VERTEX_POINT('',#16989);
#16991=CARTESIAN_POINT('',(-42.546514266,47.258155956,4.5000254));
#16992=DIRECTION('',(-0.,-1.,-0.));
#16993=VECTOR('',#16992,0.747006855);
#16994=LINE('',#16991,#16993);
#16995=EDGE_CURVE('',#16988,#16990,#16994,.T.);
#16996=ORIENTED_EDGE('',*,*,#16995,.T.);
#16997=CARTESIAN_POINT('',(-47.213180933,46.511149102,4.5000254));
#16998=VERTEX_POINT('',#16997);
#16999=CARTESIAN_POINT('',(-42.546514266,46.511149102,4.5000254));
#17000=DIRECTION('',(-1.,0.,0.));
#17001=VECTOR('',#17000,4.666666667);
#17002=LINE('',#16999,#17001);
#17003=EDGE_CURVE('',#16990,#16998,#17002,.T.);
#17004=ORIENTED_EDGE('',*,*,#17003,.T.);
#17005=CARTESIAN_POINT('',(-47.213180933,47.258155956,4.5000254));
#17006=VERTEX_POINT('',#17005);
#17007=CARTESIAN_POINT('',(-47.213180933,47.258155956,4.5000254));
#17008=DIRECTION('',(0.,-1.,0.));
#17009=VECTOR('',#17008,0.747006855);
#17010=LINE('',#17007,#17009);
#17011=EDGE_CURVE('',#17006,#16998,#17010,.T.);
#17012=ORIENTED_EDGE('',*,*,#17011,.F.);
#17013=CARTESIAN_POINT('',(-42.546514266,47.258155956,4.5000254));
#17014=DIRECTION('',(-1.,-0.,0.));
#17015=VECTOR('',#17014,4.666666667);
#17016=LINE('',#17013,#17015);
#17017=EDGE_CURVE('',#16988,#17006,#17016,.T.);
#17018=ORIENTED_EDGE('',*,*,#17017,.F.);
#17019=EDGE_LOOP('',(#16996,#17004,#17012,#17018));
#17020=FACE_BOUND('',#17019,.T.);
#17021=ADVANCED_FACE('',(#17020),#16986,.F.);
#17022=CARTESIAN_POINT('',(-42.546514266,46.511149102,2.73429051));
#17023=DIRECTION('',(-1.,0.,0.));
#17024=DIRECTION('',(0.,0.,1.));
#17025=AXIS2_PLACEMENT_3D('',#17022,#17023,#17024);
#17026=PLANE('',#17025);
#17027=CARTESIAN_POINT('',(-42.546514266,46.511149102,3.0000254));
#17028=DIRECTION('',(0.,0.,1.));
#17029=VECTOR('',#17028,1.5);
#17030=LINE('',#17027,#17029);
#17031=EDGE_CURVE('',#2165,#16990,#17030,.T.);
#17032=ORIENTED_EDGE('',*,*,#17031,.T.);
#17033=ORIENTED_EDGE('',*,*,#16995,.F.);
#17034=CARTESIAN_POINT('',(-42.546514266,47.258155956,3.0000254));
#17035=DIRECTION('',(0.,0.,1.));
#17036=VECTOR('',#17035,1.5);
#17037=LINE('',#17034,#17036);
#17038=EDGE_CURVE('',#2083,#16988,#17037,.T.);
#17039=ORIENTED_EDGE('',*,*,#17038,.F.);
#17040=ORIENTED_EDGE('',*,*,#2176,.F.);
#17041=EDGE_LOOP('',(#17032,#17033,#17039,#17040));
#17042=FACE_BOUND('',#17041,.T.);
#17043=ADVANCED_FACE('',(#17042),#17026,.T.);
#17044=CARTESIAN_POINT('',(-47.213180933,46.511149102,2.73429051));
#17045=DIRECTION('',(-1.,0.,0.));
#17046=DIRECTION('',(0.,0.,1.));
#17047=AXIS2_PLACEMENT_3D('',#17044,#17045,#17046);
#17048=PLANE('',#17047);
#17049=ORIENTED_EDGE('',*,*,#2162,.T.);
#17050=CARTESIAN_POINT('',(-47.213180933,47.258155956,3.0000254));
#17051=DIRECTION('',(0.,0.,1.));
#17052=VECTOR('',#17051,1.5);
#17053=LINE('',#17050,#17052);
#17054=EDGE_CURVE('',#2149,#17006,#17053,.T.);
#17055=ORIENTED_EDGE('',*,*,#17054,.T.);
#17056=ORIENTED_EDGE('',*,*,#17011,.T.);
#17057=CARTESIAN_POINT('',(-47.213180933,46.511149102,3.0000254));
#17058=DIRECTION('',(0.,0.,1.));
#17059=VECTOR('',#17058,1.5);
#17060=LINE('',#17057,#17059);
#17061=EDGE_CURVE('',#2157,#16998,#17060,.T.);
#17062=ORIENTED_EDGE('',*,*,#17061,.F.);
#17063=EDGE_LOOP('',(#17049,#17055,#17056,#17062));
#17064=FACE_BOUND('',#17063,.T.);
#17065=ADVANCED_FACE('',(#17064),#17048,.F.);
#17066=CARTESIAN_POINT('',(-42.546514266,46.511149102,2.73429051));
#17067=DIRECTION('',(0.,1.,0.));
#17068=DIRECTION('',(0.,0.,1.));
#17069=AXIS2_PLACEMENT_3D('',#17066,#17067,#17068);
#17070=PLANE('',#17069);
#17071=ORIENTED_EDGE('',*,*,#17061,.T.);
#17072=ORIENTED_EDGE('',*,*,#17003,.F.);
#17073=ORIENTED_EDGE('',*,*,#17031,.F.);
#17074=ORIENTED_EDGE('',*,*,#2170,.F.);
#17075=EDGE_LOOP('',(#17071,#17072,#17073,#17074));
#17076=FACE_BOUND('',#17075,.T.);
#17077=ADVANCED_FACE('',(#17076),#17070,.T.);
#17078=CARTESIAN_POINT('',(-51.8798476,47.258155956,1.));
#17079=DIRECTION('',(0.,1.,0.));
#17080=DIRECTION('',(1.,0.,0.));
#17081=AXIS2_PLACEMENT_3D('',#17078,#17079,#17080);
#17082=PLANE('',#17081);
#17083=ORIENTED_EDGE('',*,*,#17054,.F.);
#17084=ORIENTED_EDGE('',*,*,#2154,.F.);
#17085=ORIENTED_EDGE('',*,*,#10123,.T.);
#17086=ORIENTED_EDGE('',*,*,#5152,.T.);
#17087=ORIENTED_EDGE('',*,*,#10143,.F.);
#17088=ORIENTED_EDGE('',*,*,#2090,.F.);
#17089=ORIENTED_EDGE('',*,*,#17038,.T.);
#17090=ORIENTED_EDGE('',*,*,#17017,.T.);
#17091=EDGE_LOOP('',(#17083,#17084,#17085,#17086,#17087,#17088,#17089,#17090));
#17092=FACE_BOUND('',#17091,.T.);
#17093=ADVANCED_FACE('',(#17092),#17082,.T.);
#17094=OVER_RIDING_STYLED_ITEM('',(#5382),#17093,#26);
#17095=CARTESIAN_POINT('',(-42.546514266,27.811111001,4.5000254));
#17096=DIRECTION('',(0.,0.,1.));
#17097=DIRECTION('',(-1.,0.,0.));
#17098=AXIS2_PLACEMENT_3D('',#17095,#17096,#17097);
#17099=PLANE('',#17098);
#17100=CARTESIAN_POINT('',(-42.546514266,28.558117856,4.5000254));
#17101=VERTEX_POINT('',#17100);
#17102=CARTESIAN_POINT('',(-42.546514266,27.811111001,4.5000254));
#17103=VERTEX_POINT('',#17102);
#17104=CARTESIAN_POINT('',(-42.546514266,28.558117856,4.5000254));
#17105=DIRECTION('',(-0.,-1.,-0.));
#17106=VECTOR('',#17105,0.747006855);
#17107=LINE('',#17104,#17106);
#17108=EDGE_CURVE('',#17101,#17103,#17107,.T.);
#17109=ORIENTED_EDGE('',*,*,#17108,.T.);
#17110=CARTESIAN_POINT('',(-47.213180933,27.811111001,4.5000254));
#17111=VERTEX_POINT('',#17110);
#17112=CARTESIAN_POINT('',(-42.546514266,27.811111001,4.5000254));
#17113=DIRECTION('',(-1.,0.,0.));
#17114=VECTOR('',#17113,4.666666667);
#17115=LINE('',#17112,#17114);
#17116=EDGE_CURVE('',#17103,#17111,#17115,.T.);
#17117=ORIENTED_EDGE('',*,*,#17116,.T.);
#17118=CARTESIAN_POINT('',(-47.213180933,28.558117856,4.5000254));
#17119=VERTEX_POINT('',#17118);
#17120=CARTESIAN_POINT('',(-47.213180933,28.558117856,4.5000254));
#17121=DIRECTION('',(0.,-1.,0.));
#17122=VECTOR('',#17121,0.747006855);
#17123=LINE('',#17120,#17122);
#17124=EDGE_CURVE('',#17119,#17111,#17123,.T.);
#17125=ORIENTED_EDGE('',*,*,#17124,.F.);
#17126=CARTESIAN_POINT('',(-42.546514266,28.558117856,4.5000254));
#17127=DIRECTION('',(-1.,-0.,0.));
#17128=VECTOR('',#17127,4.666666667);
#17129=LINE('',#17126,#17128);
#17130=EDGE_CURVE('',#17101,#17119,#17129,.T.);
#17131=ORIENTED_EDGE('',*,*,#17130,.F.);
#17132=EDGE_LOOP('',(#17109,#17117,#17125,#17131));
#17133=FACE_BOUND('',#17132,.T.);
#17134=ADVANCED_FACE('',(#17133),#17099,.F.);
#17135=CARTESIAN_POINT('',(-42.546514266,27.811111001,2.73429051));
#17136=DIRECTION('',(-1.,0.,0.));
#17137=DIRECTION('',(0.,0.,1.));
#17138=AXIS2_PLACEMENT_3D('',#17135,#17136,#17137);
#17139=PLANE('',#17138);
#17140=CARTESIAN_POINT('',(-42.546514266,27.811111001,3.0000254));
#17141=DIRECTION('',(0.,0.,1.));
#17142=VECTOR('',#17141,1.5);
#17143=LINE('',#17140,#17142);
#17144=EDGE_CURVE('',#2263,#17103,#17143,.T.);
#17145=ORIENTED_EDGE('',*,*,#17144,.T.);
#17146=ORIENTED_EDGE('',*,*,#17108,.F.);
#17147=CARTESIAN_POINT('',(-42.546514266,28.558117856,3.0000254));
#17148=DIRECTION('',(0.,0.,1.));
#17149=VECTOR('',#17148,1.5);
#17150=LINE('',#17147,#17149);
#17151=EDGE_CURVE('',#2181,#17101,#17150,.T.);
#17152=ORIENTED_EDGE('',*,*,#17151,.F.);
#17153=ORIENTED_EDGE('',*,*,#2274,.F.);
#17154=EDGE_LOOP('',(#17145,#17146,#17152,#17153));
#17155=FACE_BOUND('',#17154,.T.);
#17156=ADVANCED_FACE('',(#17155),#17139,.T.);
#17157=CARTESIAN_POINT('',(-47.213180933,27.811111001,2.73429051));
#17158=DIRECTION('',(-1.,0.,0.));
#17159=DIRECTION('',(0.,0.,1.));
#17160=AXIS2_PLACEMENT_3D('',#17157,#17158,#17159);
#17161=PLANE('',#17160);
#17162=ORIENTED_EDGE('',*,*,#2260,.T.);
#17163=CARTESIAN_POINT('',(-47.213180933,28.558117856,3.0000254));
#17164=DIRECTION('',(0.,0.,1.));
#17165=VECTOR('',#17164,1.5);
#17166=LINE('',#17163,#17165);
#17167=EDGE_CURVE('',#2247,#17119,#17166,.T.);
#17168=ORIENTED_EDGE('',*,*,#17167,.T.);
#17169=ORIENTED_EDGE('',*,*,#17124,.T.);
#17170=CARTESIAN_POINT('',(-47.213180933,27.811111001,3.0000254));
#17171=DIRECTION('',(0.,0.,1.));
#17172=VECTOR('',#17171,1.5);
#17173=LINE('',#17170,#17172);
#17174=EDGE_CURVE('',#2255,#17111,#17173,.T.);
#17175=ORIENTED_EDGE('',*,*,#17174,.F.);
#17176=EDGE_LOOP('',(#17162,#17168,#17169,#17175));
#17177=FACE_BOUND('',#17176,.T.);
#17178=ADVANCED_FACE('',(#17177),#17161,.F.);
#17179=CARTESIAN_POINT('',(-42.546514266,27.811111001,2.73429051));
#17180=DIRECTION('',(0.,1.,0.));
#17181=DIRECTION('',(0.,0.,1.));
#17182=AXIS2_PLACEMENT_3D('',#17179,#17180,#17181);
#17183=PLANE('',#17182);
#17184=ORIENTED_EDGE('',*,*,#17174,.T.);
#17185=ORIENTED_EDGE('',*,*,#17116,.F.);
#17186=ORIENTED_EDGE('',*,*,#17144,.F.);
#17187=ORIENTED_EDGE('',*,*,#2268,.F.);
#17188=EDGE_LOOP('',(#17184,#17185,#17186,#17187));
#17189=FACE_BOUND('',#17188,.T.);
#17190=ADVANCED_FACE('',(#17189),#17183,.T.);
#17191=CARTESIAN_POINT('',(-51.8798476,28.558117856,1.));
#17192=DIRECTION('',(0.,1.,0.));
#17193=DIRECTION('',(1.,0.,0.));
#17194=AXIS2_PLACEMENT_3D('',#17191,#17192,#17193);
#17195=PLANE('',#17194);
#17196=ORIENTED_EDGE('',*,*,#17167,.F.);
#17197=ORIENTED_EDGE('',*,*,#2252,.F.);
#17198=ORIENTED_EDGE('',*,*,#10087,.T.);
#17199=ORIENTED_EDGE('',*,*,#5186,.T.);
#17200=ORIENTED_EDGE('',*,*,#10107,.F.);
#17201=ORIENTED_EDGE('',*,*,#2188,.F.);
#17202=ORIENTED_EDGE('',*,*,#17151,.T.);
#17203=ORIENTED_EDGE('',*,*,#17130,.T.);
#17204=EDGE_LOOP('',(#17196,#17197,#17198,#17199,#17200,#17201,#17202,#17203));
#17205=FACE_BOUND('',#17204,.T.);
#17206=ADVANCED_FACE('',(#17205),#17195,.T.);
#17207=OVER_RIDING_STYLED_ITEM('',(#5382),#17206,#26);
#17208=CARTESIAN_POINT('',(-14.156657317,40.51112643,4.5000254));
#17209=DIRECTION('',(0.,0.,1.));
#17210=DIRECTION('',(-1.,0.,0.));
#17211=AXIS2_PLACEMENT_3D('',#17208,#17209,#17210);
#17212=PLANE('',#17211);
#17213=CARTESIAN_POINT('',(-14.156657317,40.49112643,4.5000254));
#17214=VERTEX_POINT('',#17213);
#17215=CARTESIAN_POINT('',(-18.823323983,40.49112643,4.5000254));
#17216=VERTEX_POINT('',#17215);
#17217=CARTESIAN_POINT('',(-14.156657317,40.49112643,4.5000254));
#17218=DIRECTION('',(-1.,-0.,0.));
#17219=VECTOR('',#17218,4.666666667);
#17220=LINE('',#17217,#17219);
#17221=EDGE_CURVE('',#17214,#17216,#17220,.T.);
#17222=ORIENTED_EDGE('',*,*,#17221,.T.);
#17223=CARTESIAN_POINT('',(-18.823323983,41.24112643,4.5000254));
#17224=VERTEX_POINT('',#17223);
#17225=CARTESIAN_POINT('',(-18.823323983,41.24112643,4.5000254));
#17226=DIRECTION('',(0.,-1.,0.));
#17227=VECTOR('',#17226,0.75);
#17228=LINE('',#17225,#17227);
#17229=EDGE_CURVE('',#17224,#17216,#17228,.T.);
#17230=ORIENTED_EDGE('',*,*,#17229,.F.);
#17231=CARTESIAN_POINT('',(-14.156657317,41.24112643,4.5000254));
#17232=VERTEX_POINT('',#17231);
#17233=CARTESIAN_POINT('',(-14.156657317,41.24112643,4.5000254));
#17234=DIRECTION('',(-1.,-0.,0.));
#17235=VECTOR('',#17234,4.666666667);
#17236=LINE('',#17233,#17235);
#17237=EDGE_CURVE('',#17232,#17224,#17236,.T.);
#17238=ORIENTED_EDGE('',*,*,#17237,.F.);
#17239=CARTESIAN_POINT('',(-14.156657317,41.24112643,4.5000254));
#17240=DIRECTION('',(-0.,-1.,-0.));
#17241=VECTOR('',#17240,0.75);
#17242=LINE('',#17239,#17241);
#17243=EDGE_CURVE('',#17232,#17214,#17242,.T.);
#17244=ORIENTED_EDGE('',*,*,#17243,.T.);
#17245=EDGE_LOOP('',(#17222,#17230,#17238,#17244));
#17246=FACE_BOUND('',#17245,.T.);
#17247=ADVANCED_FACE('',(#17246),#17212,.F.);
#17248=CARTESIAN_POINT('',(-9.48999065,41.24112643,1.));
#17249=DIRECTION('',(0.,-1.,0.));
#17250=DIRECTION('',(-1.,0.,0.));
#17251=AXIS2_PLACEMENT_3D('',#17248,#17249,#17250);
#17252=PLANE('',#17251);
#17253=CARTESIAN_POINT('',(-14.156657317,41.24112643,4.5000254));
#17254=DIRECTION('',(0.,0.,-1.));
#17255=VECTOR('',#17254,1.5);
#17256=LINE('',#17253,#17255);
#17257=EDGE_CURVE('',#17232,#90,#17256,.T.);
#17258=ORIENTED_EDGE('',*,*,#17257,.F.);
#17259=ORIENTED_EDGE('',*,*,#17237,.T.);
#17260=CARTESIAN_POINT('',(-18.823323983,41.24112643,4.5000254));
#17261=DIRECTION('',(-0.,-0.,-1.));
#17262=VECTOR('',#17261,1.5);
#17263=LINE('',#17260,#17262);
#17264=EDGE_CURVE('',#17224,#98,#17263,.T.);
#17265=ORIENTED_EDGE('',*,*,#17264,.T.);
#17266=ORIENTED_EDGE('',*,*,#103,.F.);
#17267=EDGE_LOOP('',(#17258,#17259,#17265,#17266));
#17268=FACE_BOUND('',#17267,.T.);
#17269=ADVANCED_FACE('',(#17268),#17252,.T.);
#17270=OVER_RIDING_STYLED_ITEM('',(#5382),#17269,#26);
#17271=CARTESIAN_POINT('',(-9.48999065,40.49112643,1.));
#17272=DIRECTION('',(0.,-1.,0.));
#17273=DIRECTION('',(-1.,0.,0.));
#17274=AXIS2_PLACEMENT_3D('',#17271,#17272,#17273);
#17275=PLANE('',#17274);
#17276=ORIENTED_EDGE('',*,*,#5336,.T.);
#17277=ORIENTED_EDGE('',*,*,#10714,.F.);
#17278=ORIENTED_EDGE('',*,*,#2950,.F.);
#17279=ORIENTED_EDGE('',*,*,#119,.F.);
#17280=CARTESIAN_POINT('',(-18.823323983,40.49112643,4.5000254));
#17281=DIRECTION('',(-0.,-0.,-1.));
#17282=VECTOR('',#17281,1.5);
#17283=LINE('',#17280,#17282);
#17284=EDGE_CURVE('',#17216,#106,#17283,.T.);
#17285=ORIENTED_EDGE('',*,*,#17284,.F.);
#17286=ORIENTED_EDGE('',*,*,#17221,.F.);
#17287=CARTESIAN_POINT('',(-14.156657317,40.49112643,4.5000254));
#17288=DIRECTION('',(0.,0.,-1.));
#17289=VECTOR('',#17288,1.5);
#17290=LINE('',#17287,#17289);
#17291=EDGE_CURVE('',#17214,#82,#17290,.T.);
#17292=ORIENTED_EDGE('',*,*,#17291,.T.);
#17293=ORIENTED_EDGE('',*,*,#87,.F.);
#17294=ORIENTED_EDGE('',*,*,#235,.F.);
#17295=ORIENTED_EDGE('',*,*,#10692,.T.);
#17296=EDGE_LOOP('',(#17276,#17277,#17278,#17279,#17285,#17286,#17292,#17293,#17294,#17295));
#17297=FACE_BOUND('',#17296,.T.);
#17298=ADVANCED_FACE('',(#17297),#17275,.T.);
#17299=OVER_RIDING_STYLED_ITEM('',(#5382),#17298,#26);
#17300=CARTESIAN_POINT('',(-14.156657317,40.51112643,4.5000254));
#17301=DIRECTION('',(-1.,0.,0.));
#17302=DIRECTION('',(0.,0.,-1.));
#17303=AXIS2_PLACEMENT_3D('',#17300,#17301,#17302);
#17304=PLANE('',#17303);
#17305=ORIENTED_EDGE('',*,*,#17291,.F.);
#17306=ORIENTED_EDGE('',*,*,#17243,.F.);
#17307=ORIENTED_EDGE('',*,*,#17257,.T.);
#17308=ORIENTED_EDGE('',*,*,#95,.T.);
#17309=EDGE_LOOP('',(#17305,#17306,#17307,#17308));
#17310=FACE_BOUND('',#17309,.T.);
#17311=ADVANCED_FACE('',(#17310),#17304,.T.);
#17312=CARTESIAN_POINT('',(-18.823323983,40.51112643,4.5000254));
#17313=DIRECTION('',(-1.,0.,0.));
#17314=DIRECTION('',(0.,0.,-1.));
#17315=AXIS2_PLACEMENT_3D('',#17312,#17313,#17314);
#17316=PLANE('',#17315);
#17317=ORIENTED_EDGE('',*,*,#17284,.T.);
#17318=ORIENTED_EDGE('',*,*,#111,.F.);
#17319=ORIENTED_EDGE('',*,*,#17264,.F.);
#17320=ORIENTED_EDGE('',*,*,#17229,.T.);
#17321=EDGE_LOOP('',(#17317,#17318,#17319,#17320));
#17322=FACE_BOUND('',#17321,.T.);
#17323=ADVANCED_FACE('',(#17322),#17316,.F.);
#17324=CARTESIAN_POINT('',(-14.156657317,25.664091635,4.5000254));
#17325=DIRECTION('',(0.,0.,1.));
#17326=DIRECTION('',(-1.,0.,0.));
#17327=AXIS2_PLACEMENT_3D('',#17324,#17325,#17326);
#17328=PLANE('',#17327);
#17329=CARTESIAN_POINT('',(-14.156657317,26.39109849,4.5000254));
#17330=VERTEX_POINT('',#17329);
#17331=CARTESIAN_POINT('',(-14.156657317,25.644091635,4.5000254));
#17332=VERTEX_POINT('',#17331);
#17333=CARTESIAN_POINT('',(-14.156657317,26.39109849,4.5000254));
#17334=DIRECTION('',(-0.,-1.,-0.));
#17335=VECTOR('',#17334,0.747006855);
#17336=LINE('',#17333,#17335);
#17337=EDGE_CURVE('',#17330,#17332,#17336,.T.);
#17338=ORIENTED_EDGE('',*,*,#17337,.T.);
#17339=CARTESIAN_POINT('',(-18.823323983,25.644091635,4.5000254));
#17340=VERTEX_POINT('',#17339);
#17341=CARTESIAN_POINT('',(-14.156657317,25.644091635,4.5000254));
#17342=DIRECTION('',(-1.,-0.,0.));
#17343=VECTOR('',#17342,4.666666667);
#17344=LINE('',#17341,#17343);
#17345=EDGE_CURVE('',#17332,#17340,#17344,.T.);
#17346=ORIENTED_EDGE('',*,*,#17345,.T.);
#17347=CARTESIAN_POINT('',(-18.823323983,26.39109849,4.5000254));
#17348=VERTEX_POINT('',#17347);
#17349=CARTESIAN_POINT('',(-18.823323983,26.39109849,4.5000254));
#17350=DIRECTION('',(0.,-1.,0.));
#17351=VECTOR('',#17350,0.747006855);
#17352=LINE('',#17349,#17351);
#17353=EDGE_CURVE('',#17348,#17340,#17352,.T.);
#17354=ORIENTED_EDGE('',*,*,#17353,.F.);
#17355=CARTESIAN_POINT('',(-14.156657317,26.39109849,4.5000254));
#17356=DIRECTION('',(-1.,-0.,0.));
#17357=VECTOR('',#17356,4.666666667);
#17358=LINE('',#17355,#17357);
#17359=EDGE_CURVE('',#17330,#17348,#17358,.T.);
#17360=ORIENTED_EDGE('',*,*,#17359,.F.);
#17361=EDGE_LOOP('',(#17338,#17346,#17354,#17360));
#17362=FACE_BOUND('',#17361,.T.);
#17363=ADVANCED_FACE('',(#17362),#17328,.F.);
#17364=CARTESIAN_POINT('',(-14.156657317,25.664091635,2.73429051));
#17365=DIRECTION('',(-1.,0.,0.));
#17366=DIRECTION('',(0.,0.,1.));
#17367=AXIS2_PLACEMENT_3D('',#17364,#17365,#17366);
#17368=PLANE('',#17367);
#17369=CARTESIAN_POINT('',(-14.156657317,25.644091635,3.0000254));
#17370=DIRECTION('',(0.,0.,1.));
#17371=VECTOR('',#17370,1.5);
#17372=LINE('',#17369,#17371);
#17373=EDGE_CURVE('',#143,#17332,#17372,.T.);
#17374=ORIENTED_EDGE('',*,*,#17373,.T.);
#17375=ORIENTED_EDGE('',*,*,#17337,.F.);
#17376=CARTESIAN_POINT('',(-14.156657317,26.39109849,3.0000254));
#17377=DIRECTION('',(0.,0.,1.));
#17378=VECTOR('',#17377,1.5);
#17379=LINE('',#17376,#17378);
#17380=EDGE_CURVE('',#145,#17330,#17379,.T.);
#17381=ORIENTED_EDGE('',*,*,#17380,.F.);
#17382=ORIENTED_EDGE('',*,*,#150,.F.);
#17383=EDGE_LOOP('',(#17374,#17375,#17381,#17382));
#17384=FACE_BOUND('',#17383,.T.);
#17385=ADVANCED_FACE('',(#17384),#17368,.T.);
#17386=CARTESIAN_POINT('',(-18.823323983,25.664091635,2.73429051));
#17387=DIRECTION('',(-1.,0.,0.));
#17388=DIRECTION('',(0.,0.,1.));
#17389=AXIS2_PLACEMENT_3D('',#17386,#17387,#17388);
#17390=PLANE('',#17389);
#17391=ORIENTED_EDGE('',*,*,#205,.T.);
#17392=CARTESIAN_POINT('',(-18.823323983,26.39109849,3.0000254));
#17393=DIRECTION('',(0.,0.,1.));
#17394=VECTOR('',#17393,1.5);
#17395=LINE('',#17392,#17394);
#17396=EDGE_CURVE('',#192,#17348,#17395,.T.);
#17397=ORIENTED_EDGE('',*,*,#17396,.T.);
#17398=ORIENTED_EDGE('',*,*,#17353,.T.);
#17399=CARTESIAN_POINT('',(-18.823323983,25.644091635,3.0000254));
#17400=DIRECTION('',(0.,0.,1.));
#17401=VECTOR('',#17400,1.5);
#17402=LINE('',#17399,#17401);
#17403=EDGE_CURVE('',#200,#17340,#17402,.T.);
#17404=ORIENTED_EDGE('',*,*,#17403,.F.);
#17405=EDGE_LOOP('',(#17391,#17397,#17398,#17404));
#17406=FACE_BOUND('',#17405,.T.);
#17407=ADVANCED_FACE('',(#17406),#17390,.F.);
#17408=CARTESIAN_POINT('',(-14.156657317,25.644091635,2.73429051));
#17409=DIRECTION('',(0.,1.,0.));
#17410=DIRECTION('',(0.,0.,1.));
#17411=AXIS2_PLACEMENT_3D('',#17408,#17409,#17410);
#17412=PLANE('',#17411);
#17413=ORIENTED_EDGE('',*,*,#17403,.T.);
#17414=ORIENTED_EDGE('',*,*,#17345,.F.);
#17415=ORIENTED_EDGE('',*,*,#17373,.F.);
#17416=ORIENTED_EDGE('',*,*,#211,.F.);
#17417=EDGE_LOOP('',(#17413,#17414,#17415,#17416));
#17418=FACE_BOUND('',#17417,.T.);
#17419=ADVANCED_FACE('',(#17418),#17412,.T.);
#17420=CARTESIAN_POINT('',(-23.48999065,26.39109849,1.));
#17421=DIRECTION('',(0.,1.,0.));
#17422=DIRECTION('',(1.,0.,0.));
#17423=AXIS2_PLACEMENT_3D('',#17420,#17421,#17422);
#17424=PLANE('',#17423);
#17425=ORIENTED_EDGE('',*,*,#17396,.F.);
#17426=ORIENTED_EDGE('',*,*,#197,.F.);
#17427=ORIENTED_EDGE('',*,*,#2964,.F.);
#17428=ORIENTED_EDGE('',*,*,#10721,.T.);
#17429=ORIENTED_EDGE('',*,*,#5320,.T.);
#17430=ORIENTED_EDGE('',*,*,#10699,.F.);
#17431=ORIENTED_EDGE('',*,*,#308,.F.);
#17432=ORIENTED_EDGE('',*,*,#158,.F.);
#17433=ORIENTED_EDGE('',*,*,#17380,.T.);
#17434=ORIENTED_EDGE('',*,*,#17359,.T.);
#17435=EDGE_LOOP('',(#17425,#17426,#17427,#17428,#17429,#17430,#17431,#17432,#17433,#17434));
#17436=FACE_BOUND('',#17435,.T.);
#17437=ADVANCED_FACE('',(#17436),#17424,.T.);
#17438=OVER_RIDING_STYLED_ITEM('',(#5382),#17437,#26);
#17439=CARTESIAN_POINT('',(-79.946780967,49.111154182,4.5000254));
#17440=DIRECTION('',(0.,0.,1.));
#17441=DIRECTION('',(-1.,0.,0.));
#17442=AXIS2_PLACEMENT_3D('',#17439,#17440,#17441);
#17443=PLANE('',#17442);
#17444=CARTESIAN_POINT('',(-79.946780967,49.858161036,4.5000254));
#17445=VERTEX_POINT('',#17444);
#17446=CARTESIAN_POINT('',(-79.946780967,49.111154182,4.5000254));
#17447=VERTEX_POINT('',#17446);
#17448=CARTESIAN_POINT('',(-79.946780967,49.858161036,4.5000254));
#17449=DIRECTION('',(-0.,-1.,-0.));
#17450=VECTOR('',#17449,0.747006855);
#17451=LINE('',#17448,#17450);
#17452=EDGE_CURVE('',#17445,#17447,#17451,.T.);
#17453=ORIENTED_EDGE('',*,*,#17452,.T.);
#17454=CARTESIAN_POINT('',(-84.613447634,49.111154182,4.5000254));
#17455=VERTEX_POINT('',#17454);
#17456=CARTESIAN_POINT('',(-79.946780967,49.111154182,4.5000254));
#17457=DIRECTION('',(-1.,0.,0.));
#17458=VECTOR('',#17457,4.666666667);
#17459=LINE('',#17456,#17458);
#17460=EDGE_CURVE('',#17447,#17455,#17459,.T.);
#17461=ORIENTED_EDGE('',*,*,#17460,.T.);
#17462=CARTESIAN_POINT('',(-84.613447634,49.858161036,4.5000254));
#17463=VERTEX_POINT('',#17462);
#17464=CARTESIAN_POINT('',(-84.613447634,49.858161036,4.5000254));
#17465=DIRECTION('',(0.,-1.,0.));
#17466=VECTOR('',#17465,0.747006855);
#17467=LINE('',#17464,#17466);
#17468=EDGE_CURVE('',#17463,#17455,#17467,.T.);
#17469=ORIENTED_EDGE('',*,*,#17468,.F.);
#17470=CARTESIAN_POINT('',(-79.946780967,49.858161036,4.5000254));
#17471=DIRECTION('',(-1.,-0.,0.));
#17472=VECTOR('',#17471,4.666666667);
#17473=LINE('',#17470,#17472);
#17474=EDGE_CURVE('',#17445,#17463,#17473,.T.);
#17475=ORIENTED_EDGE('',*,*,#17474,.F.);
#17476=EDGE_LOOP('',(#17453,#17461,#17469,#17475));
#17477=FACE_BOUND('',#17476,.T.);
#17478=ADVANCED_FACE('',(#17477),#17443,.F.);
#17479=CARTESIAN_POINT('',(-79.946780967,49.111154182,2.73429051));
#17480=DIRECTION('',(-1.,0.,0.));
#17481=DIRECTION('',(0.,0.,1.));
#17482=AXIS2_PLACEMENT_3D('',#17479,#17480,#17481);
#17483=PLANE('',#17482);
#17484=CARTESIAN_POINT('',(-79.946780967,49.111154182,3.0000254));
#17485=DIRECTION('',(0.,0.,1.));
#17486=VECTOR('',#17485,1.5);
#17487=LINE('',#17484,#17486);
#17488=EDGE_CURVE('',#3584,#17447,#17487,.T.);
#17489=ORIENTED_EDGE('',*,*,#17488,.T.);
#17490=ORIENTED_EDGE('',*,*,#17452,.F.);
#17491=CARTESIAN_POINT('',(-79.946780967,49.858161036,3.0000254));
#17492=DIRECTION('',(0.,0.,1.));
#17493=VECTOR('',#17492,1.5);
#17494=LINE('',#17491,#17493);
#17495=EDGE_CURVE('',#3502,#17445,#17494,.T.);
#17496=ORIENTED_EDGE('',*,*,#17495,.F.);
#17497=ORIENTED_EDGE('',*,*,#3595,.F.);
#17498=EDGE_LOOP('',(#17489,#17490,#17496,#17497));
#17499=FACE_BOUND('',#17498,.T.);
#17500=ADVANCED_FACE('',(#17499),#17483,.T.);
#17501=CARTESIAN_POINT('',(-84.613447634,49.111154182,2.73429051));
#17502=DIRECTION('',(-1.,0.,0.));
#17503=DIRECTION('',(0.,0.,1.));
#17504=AXIS2_PLACEMENT_3D('',#17501,#17502,#17503);
#17505=PLANE('',#17504);
#17506=ORIENTED_EDGE('',*,*,#3581,.T.);
#17507=CARTESIAN_POINT('',(-84.613447634,49.858161036,3.0000254));
#17508=DIRECTION('',(0.,0.,1.));
#17509=VECTOR('',#17508,1.5);
#17510=LINE('',#17507,#17509);
#17511=EDGE_CURVE('',#3568,#17463,#17510,.T.);
#17512=ORIENTED_EDGE('',*,*,#17511,.T.);
#17513=ORIENTED_EDGE('',*,*,#17468,.T.);
#17514=CARTESIAN_POINT('',(-84.613447634,49.111154182,3.0000254));
#17515=DIRECTION('',(0.,0.,1.));
#17516=VECTOR('',#17515,1.5);
#17517=LINE('',#17514,#17516);
#17518=EDGE_CURVE('',#3576,#17455,#17517,.T.);
#17519=ORIENTED_EDGE('',*,*,#17518,.F.);
#17520=EDGE_LOOP('',(#17506,#17512,#17513,#17519));
#17521=FACE_BOUND('',#17520,.T.);
#17522=ADVANCED_FACE('',(#17521),#17505,.F.);
#17523=CARTESIAN_POINT('',(-79.946780967,49.111154182,2.73429051));
#17524=DIRECTION('',(0.,1.,0.));
#17525=DIRECTION('',(0.,0.,1.));
#17526=AXIS2_PLACEMENT_3D('',#17523,#17524,#17525);
#17527=PLANE('',#17526);
#17528=ORIENTED_EDGE('',*,*,#17518,.T.);
#17529=ORIENTED_EDGE('',*,*,#17460,.F.);
#17530=ORIENTED_EDGE('',*,*,#17488,.F.);
#17531=ORIENTED_EDGE('',*,*,#3589,.F.);
#17532=EDGE_LOOP('',(#17528,#17529,#17530,#17531));
#17533=FACE_BOUND('',#17532,.T.);
#17534=ADVANCED_FACE('',(#17533),#17527,.T.);
#17535=CARTESIAN_POINT('',(-89.2801143,49.858161036,1.));
#17536=DIRECTION('',(0.,1.,0.));
#17537=DIRECTION('',(1.,0.,0.));
#17538=AXIS2_PLACEMENT_3D('',#17535,#17536,#17537);
#17539=PLANE('',#17538);
#17540=ORIENTED_EDGE('',*,*,#17511,.F.);
#17541=ORIENTED_EDGE('',*,*,#3573,.F.);
#17542=ORIENTED_EDGE('',*,*,#9463,.T.);
#17543=ORIENTED_EDGE('',*,*,#5286,.T.);
#17544=ORIENTED_EDGE('',*,*,#9483,.F.);
#17545=ORIENTED_EDGE('',*,*,#3509,.F.);
#17546=ORIENTED_EDGE('',*,*,#17495,.T.);
#17547=ORIENTED_EDGE('',*,*,#17474,.T.);
#17548=EDGE_LOOP('',(#17540,#17541,#17542,#17543,#17544,#17545,#17546,#17547));
#17549=FACE_BOUND('',#17548,.T.);
#17550=ADVANCED_FACE('',(#17549),#17539,.T.);
#17551=OVER_RIDING_STYLED_ITEM('',(#5382),#17550,#26);
#17552=CARTESIAN_POINT('',(-47.213180933,80.069222758,4.5000254));
#17553=DIRECTION('',(-1.,0.,0.));
#17554=DIRECTION('',(0.,0.,-1.));
#17555=AXIS2_PLACEMENT_3D('',#17552,#17553,#17554);
#17556=PLANE('',#17555);
#17557=ORIENTED_EDGE('',*,*,#10167,.T.);
#17558=ORIENTED_EDGE('',*,*,#480,.F.);
#17559=CARTESIAN_POINT('',(-47.213180933,80.819222758,4.5000254));
#17560=VERTEX_POINT('',#17559);
#17561=CARTESIAN_POINT('',(-47.213180933,80.819222758,4.5000254));
#17562=DIRECTION('',(-0.,-0.,-1.));
#17563=VECTOR('',#17562,1.5);
#17564=LINE('',#17561,#17563);
#17565=EDGE_CURVE('',#17560,#467,#17564,.T.);
#17566=ORIENTED_EDGE('',*,*,#17565,.F.);
#17567=CARTESIAN_POINT('',(-47.213180933,80.819222758,4.5000254));
#17568=DIRECTION('',(0.,-1.,0.));
#17569=VECTOR('',#17568,0.75);
#17570=LINE('',#17567,#17569);
#17571=EDGE_CURVE('',#17560,#6672,#17570,.T.);
#17572=ORIENTED_EDGE('',*,*,#17571,.T.);
#17573=EDGE_LOOP('',(#17557,#17558,#17566,#17572));
#17574=FACE_BOUND('',#17573,.T.);
#17575=ADVANCED_FACE('',(#17574),#17556,.F.);
#17576=CARTESIAN_POINT('',(-42.546514266,80.069222758,4.5000254));
#17577=DIRECTION('',(0.,0.,1.));
#17578=DIRECTION('',(-1.,0.,0.));
#17579=AXIS2_PLACEMENT_3D('',#17576,#17577,#17578);
#17580=PLANE('',#17579);
#17581=ORIENTED_EDGE('',*,*,#6682,.T.);
#17582=ORIENTED_EDGE('',*,*,#17571,.F.);
#17583=CARTESIAN_POINT('',(-42.546514266,80.819222758,4.5000254));
#17584=VERTEX_POINT('',#17583);
#17585=CARTESIAN_POINT('',(-42.546514266,80.819222758,4.5000254));
#17586=DIRECTION('',(-1.,-0.,0.));
#17587=VECTOR('',#17586,4.666666667);
#17588=LINE('',#17585,#17587);
#17589=EDGE_CURVE('',#17584,#17560,#17588,.T.);
#17590=ORIENTED_EDGE('',*,*,#17589,.F.);
#17591=CARTESIAN_POINT('',(-42.546514266,80.819222758,4.5000254));
#17592=DIRECTION('',(-0.,-1.,-0.));
#17593=VECTOR('',#17592,0.75);
#17594=LINE('',#17591,#17593);
#17595=EDGE_CURVE('',#17584,#6640,#17594,.T.);
#17596=ORIENTED_EDGE('',*,*,#17595,.T.);
#17597=EDGE_LOOP('',(#17581,#17582,#17590,#17596));
#17598=FACE_BOUND('',#17597,.T.);
#17599=ADVANCED_FACE('',(#17598),#17580,.F.);
#17600=CARTESIAN_POINT('',(-42.546514266,80.069222758,4.5000254));
#17601=DIRECTION('',(-1.,0.,0.));
#17602=DIRECTION('',(0.,0.,-1.));
#17603=AXIS2_PLACEMENT_3D('',#17600,#17601,#17602);
#17604=PLANE('',#17603);
#17605=ORIENTED_EDGE('',*,*,#6645,.F.);
#17606=ORIENTED_EDGE('',*,*,#17595,.F.);
#17607=CARTESIAN_POINT('',(-42.546514266,80.819222758,4.5000254));
#17608=DIRECTION('',(0.,0.,-1.));
#17609=VECTOR('',#17608,1.5);
#17610=LINE('',#17607,#17609);
#17611=EDGE_CURVE('',#17584,#459,#17610,.T.);
#17612=ORIENTED_EDGE('',*,*,#17611,.T.);
#17613=ORIENTED_EDGE('',*,*,#464,.T.);
#17614=EDGE_LOOP('',(#17605,#17606,#17612,#17613));
#17615=FACE_BOUND('',#17614,.T.);
#17616=ADVANCED_FACE('',(#17615),#17604,.T.);
#17617=CARTESIAN_POINT('',(-37.8798476,80.819222758,1.));
#17618=DIRECTION('',(0.,-1.,0.));
#17619=DIRECTION('',(-1.,0.,0.));
#17620=AXIS2_PLACEMENT_3D('',#17617,#17618,#17619);
#17621=PLANE('',#17620);
#17622=ORIENTED_EDGE('',*,*,#17611,.F.);
#17623=ORIENTED_EDGE('',*,*,#17589,.T.);
#17624=ORIENTED_EDGE('',*,*,#17565,.T.);
#17625=ORIENTED_EDGE('',*,*,#472,.F.);
#17626=EDGE_LOOP('',(#17622,#17623,#17624,#17625));
#17627=FACE_BOUND('',#17626,.T.);
#17628=ADVANCED_FACE('',(#17627),#17621,.T.);
#17629=OVER_RIDING_STYLED_ITEM('',(#5382),#17628,#26);
#17630=CARTESIAN_POINT('',(-122.013521294,26.558115316,4.5000254));
#17631=DIRECTION('',(-1.,0.,0.));
#17632=DIRECTION('',(0.,0.,-1.));
#17633=AXIS2_PLACEMENT_3D('',#17630,#17631,#17632);
#17634=PLANE('',#17633);
#17635=ORIENTED_EDGE('',*,*,#10665,.T.);
#17636=ORIENTED_EDGE('',*,*,#578,.F.);
#17637=CARTESIAN_POINT('',(-122.013521294,27.308115316,4.5000254));
#17638=VERTEX_POINT('',#17637);
#17639=CARTESIAN_POINT('',(-122.013521294,27.308115316,4.5000254));
#17640=DIRECTION('',(-0.,-0.,-1.));
#17641=VECTOR('',#17640,1.5);
#17642=LINE('',#17639,#17641);
#17643=EDGE_CURVE('',#17638,#565,#17642,.T.);
#17644=ORIENTED_EDGE('',*,*,#17643,.F.);
#17645=CARTESIAN_POINT('',(-122.013521294,27.308115316,4.5000254));
#17646=DIRECTION('',(0.,-1.,0.));
#17647=VECTOR('',#17646,0.75);
#17648=LINE('',#17645,#17647);
#17649=EDGE_CURVE('',#17638,#6779,#17648,.T.);
#17650=ORIENTED_EDGE('',*,*,#17649,.T.);
#17651=EDGE_LOOP('',(#17635,#17636,#17644,#17650));
#17652=FACE_BOUND('',#17651,.T.);
#17653=ADVANCED_FACE('',(#17652),#17634,.F.);
#17654=CARTESIAN_POINT('',(-117.346854627,26.558115316,4.5000254));
#17655=DIRECTION('',(0.,0.,1.));
#17656=DIRECTION('',(-1.,0.,0.));
#17657=AXIS2_PLACEMENT_3D('',#17654,#17655,#17656);
#17658=PLANE('',#17657);
#17659=ORIENTED_EDGE('',*,*,#6789,.T.);
#17660=ORIENTED_EDGE('',*,*,#17649,.F.);
#17661=CARTESIAN_POINT('',(-117.346854627,27.308115316,4.5000254));
#17662=VERTEX_POINT('',#17661);
#17663=CARTESIAN_POINT('',(-117.346854627,27.308115316,4.5000254));
#17664=DIRECTION('',(-1.,-0.,0.));
#17665=VECTOR('',#17664,4.666666667);
#17666=LINE('',#17663,#17665);
#17667=EDGE_CURVE('',#17662,#17638,#17666,.T.);
#17668=ORIENTED_EDGE('',*,*,#17667,.F.);
#17669=CARTESIAN_POINT('',(-117.346854627,27.308115316,4.5000254));
#17670=DIRECTION('',(-0.,-1.,-0.));
#17671=VECTOR('',#17670,0.75);
#17672=LINE('',#17669,#17671);
#17673=EDGE_CURVE('',#17662,#6748,#17672,.T.);
#17674=ORIENTED_EDGE('',*,*,#17673,.T.);
#17675=EDGE_LOOP('',(#17659,#17660,#17668,#17674));
#17676=FACE_BOUND('',#17675,.T.);
#17677=ADVANCED_FACE('',(#17676),#17658,.F.);
#17678=CARTESIAN_POINT('',(-117.346854627,26.558115316,4.5000254));
#17679=DIRECTION('',(-1.,0.,0.));
#17680=DIRECTION('',(0.,0.,-1.));
#17681=AXIS2_PLACEMENT_3D('',#17678,#17679,#17680);
#17682=PLANE('',#17681);
#17683=ORIENTED_EDGE('',*,*,#6753,.F.);
#17684=ORIENTED_EDGE('',*,*,#17673,.F.);
#17685=CARTESIAN_POINT('',(-117.346854627,27.308115316,4.5000254));
#17686=DIRECTION('',(0.,0.,-1.));
#17687=VECTOR('',#17686,1.5);
#17688=LINE('',#17685,#17687);
#17689=EDGE_CURVE('',#17662,#557,#17688,.T.);
#17690=ORIENTED_EDGE('',*,*,#17689,.T.);
#17691=ORIENTED_EDGE('',*,*,#562,.T.);
#17692=EDGE_LOOP('',(#17683,#17684,#17690,#17691));
#17693=FACE_BOUND('',#17692,.T.);
#17694=ADVANCED_FACE('',(#17693),#17682,.T.);
#17695=CARTESIAN_POINT('',(-112.68018796,27.308115316,1.));
#17696=DIRECTION('',(0.,-1.,0.));
#17697=DIRECTION('',(-1.,0.,0.));
#17698=AXIS2_PLACEMENT_3D('',#17695,#17696,#17697);
#17699=PLANE('',#17698);
#17700=ORIENTED_EDGE('',*,*,#17689,.F.);
#17701=ORIENTED_EDGE('',*,*,#17667,.T.);
#17702=ORIENTED_EDGE('',*,*,#17643,.T.);
#17703=ORIENTED_EDGE('',*,*,#570,.F.);
#17704=EDGE_LOOP('',(#17700,#17701,#17702,#17703));
#17705=FACE_BOUND('',#17704,.T.);
#17706=ADVANCED_FACE('',(#17705),#17699,.T.);
#17707=OVER_RIDING_STYLED_ITEM('',(#5382),#17706,#26);
#17708=CARTESIAN_POINT('',(-122.013521294,82.669227838,4.5000254));
#17709=DIRECTION('',(-1.,0.,0.));
#17710=DIRECTION('',(0.,0.,-1.));
#17711=AXIS2_PLACEMENT_3D('',#17708,#17709,#17710);
#17712=PLANE('',#17711);
#17713=ORIENTED_EDGE('',*,*,#8883,.T.);
#17714=ORIENTED_EDGE('',*,*,#872,.F.);
#17715=CARTESIAN_POINT('',(-122.013521294,83.419227838,4.5000254));
#17716=VERTEX_POINT('',#17715);
#17717=CARTESIAN_POINT('',(-122.013521294,83.419227838,4.5000254));
#17718=DIRECTION('',(-0.,-0.,-1.));
#17719=VECTOR('',#17718,1.5);
#17720=LINE('',#17717,#17719);
#17721=EDGE_CURVE('',#17716,#859,#17720,.T.);
#17722=ORIENTED_EDGE('',*,*,#17721,.F.);
#17723=CARTESIAN_POINT('',(-122.013521294,83.419227838,4.5000254));
#17724=DIRECTION('',(0.,-1.,0.));
#17725=VECTOR('',#17724,0.75);
#17726=LINE('',#17723,#17725);
#17727=EDGE_CURVE('',#17716,#5700,#17726,.T.);
#17728=ORIENTED_EDGE('',*,*,#17727,.T.);
#17729=EDGE_LOOP('',(#17713,#17714,#17722,#17728));
#17730=FACE_BOUND('',#17729,.T.);
#17731=ADVANCED_FACE('',(#17730),#17712,.F.);
#17732=CARTESIAN_POINT('',(-117.346854627,82.669227838,4.5000254));
#17733=DIRECTION('',(0.,0.,1.));
#17734=DIRECTION('',(-1.,0.,0.));
#17735=AXIS2_PLACEMENT_3D('',#17732,#17733,#17734);
#17736=PLANE('',#17735);
#17737=ORIENTED_EDGE('',*,*,#5710,.T.);
#17738=ORIENTED_EDGE('',*,*,#17727,.F.);
#17739=CARTESIAN_POINT('',(-117.346854627,83.419227838,4.5000254));
#17740=VERTEX_POINT('',#17739);
#17741=CARTESIAN_POINT('',(-117.346854627,83.419227838,4.5000254));
#17742=DIRECTION('',(-1.,-0.,0.));
#17743=VECTOR('',#17742,4.666666667);
#17744=LINE('',#17741,#17743);
#17745=EDGE_CURVE('',#17740,#17716,#17744,.T.);
#17746=ORIENTED_EDGE('',*,*,#17745,.F.);
#17747=CARTESIAN_POINT('',(-117.346854627,83.419227838,4.5000254));
#17748=DIRECTION('',(-0.,-1.,-0.));
#17749=VECTOR('',#17748,0.75);
#17750=LINE('',#17747,#17749);
#17751=EDGE_CURVE('',#17740,#5668,#17750,.T.);
#17752=ORIENTED_EDGE('',*,*,#17751,.T.);
#17753=EDGE_LOOP('',(#17737,#17738,#17746,#17752));
#17754=FACE_BOUND('',#17753,.T.);
#17755=ADVANCED_FACE('',(#17754),#17736,.F.);
#17756=CARTESIAN_POINT('',(-117.346854627,82.669227838,4.5000254));
#17757=DIRECTION('',(-1.,0.,0.));
#17758=DIRECTION('',(0.,0.,-1.));
#17759=AXIS2_PLACEMENT_3D('',#17756,#17757,#17758);
#17760=PLANE('',#17759);
#17761=ORIENTED_EDGE('',*,*,#5673,.F.);
#17762=ORIENTED_EDGE('',*,*,#17751,.F.);
#17763=CARTESIAN_POINT('',(-117.346854627,83.419227838,4.5000254));
#17764=DIRECTION('',(0.,0.,-1.));
#17765=VECTOR('',#17764,1.5);
#17766=LINE('',#17763,#17765);
#17767=EDGE_CURVE('',#17740,#851,#17766,.T.);
#17768=ORIENTED_EDGE('',*,*,#17767,.T.);
#17769=ORIENTED_EDGE('',*,*,#856,.T.);
#17770=EDGE_LOOP('',(#17761,#17762,#17768,#17769));
#17771=FACE_BOUND('',#17770,.T.);
#17772=ADVANCED_FACE('',(#17771),#17760,.T.);
#17773=CARTESIAN_POINT('',(-112.68018796,83.419227838,1.));
#17774=DIRECTION('',(0.,-1.,0.));
#17775=DIRECTION('',(-1.,0.,0.));
#17776=AXIS2_PLACEMENT_3D('',#17773,#17774,#17775);
#17777=PLANE('',#17776);
#17778=ORIENTED_EDGE('',*,*,#17767,.F.);
#17779=ORIENTED_EDGE('',*,*,#17745,.T.);
#17780=ORIENTED_EDGE('',*,*,#17721,.T.);
#17781=ORIENTED_EDGE('',*,*,#864,.F.);
#17782=EDGE_LOOP('',(#17778,#17779,#17780,#17781));
#17783=FACE_BOUND('',#17782,.T.);
#17784=ADVANCED_FACE('',(#17783),#17777,.T.);
#17785=OVER_RIDING_STYLED_ITEM('',(#5382),#17784,#26);
#17786=CARTESIAN_POINT('',(-103.313485734,85.236233172,4.5000254));
#17787=DIRECTION('',(-1.,0.,0.));
#17788=DIRECTION('',(0.,0.,-1.));
#17789=AXIS2_PLACEMENT_3D('',#17786,#17787,#17788);
#17790=PLANE('',#17789);
#17791=ORIENTED_EDGE('',*,*,#9111,.T.);
#17792=ORIENTED_EDGE('',*,*,#970,.F.);
#17793=CARTESIAN_POINT('',(-103.313485734,85.986233172,4.5000254));
#17794=VERTEX_POINT('',#17793);
#17795=CARTESIAN_POINT('',(-103.313485734,85.986233172,4.5000254));
#17796=DIRECTION('',(-0.,-0.,-1.));
#17797=VECTOR('',#17796,1.5);
#17798=LINE('',#17795,#17797);
#17799=EDGE_CURVE('',#17794,#957,#17798,.T.);
#17800=ORIENTED_EDGE('',*,*,#17799,.F.);
#17801=CARTESIAN_POINT('',(-103.313485734,85.986233172,4.5000254));
#17802=DIRECTION('',(0.,-1.,0.));
#17803=VECTOR('',#17802,0.75);
#17804=LINE('',#17801,#17803);
#17805=EDGE_CURVE('',#17794,#5854,#17804,.T.);
#17806=ORIENTED_EDGE('',*,*,#17805,.T.);
#17807=EDGE_LOOP('',(#17791,#17792,#17800,#17806));
#17808=FACE_BOUND('',#17807,.T.);
#17809=ADVANCED_FACE('',(#17808),#17790,.F.);
#17810=CARTESIAN_POINT('',(-98.646819067,85.236233172,4.5000254));
#17811=DIRECTION('',(0.,0.,1.));
#17812=DIRECTION('',(-1.,0.,0.));
#17813=AXIS2_PLACEMENT_3D('',#17810,#17811,#17812);
#17814=PLANE('',#17813);
#17815=ORIENTED_EDGE('',*,*,#5864,.T.);
#17816=ORIENTED_EDGE('',*,*,#17805,.F.);
#17817=CARTESIAN_POINT('',(-98.646819067,85.986233172,4.5000254));
#17818=VERTEX_POINT('',#17817);
#17819=CARTESIAN_POINT('',(-98.646819067,85.986233172,4.5000254));
#17820=DIRECTION('',(-1.,-0.,0.));
#17821=VECTOR('',#17820,4.666666667);
#17822=LINE('',#17819,#17821);
#17823=EDGE_CURVE('',#17818,#17794,#17822,.T.);
#17824=ORIENTED_EDGE('',*,*,#17823,.F.);
#17825=CARTESIAN_POINT('',(-98.646819067,85.986233172,4.5000254));
#17826=DIRECTION('',(-0.,-1.,-0.));
#17827=VECTOR('',#17826,0.75);
#17828=LINE('',#17825,#17827);
#17829=EDGE_CURVE('',#17818,#5822,#17828,.T.);
#17830=ORIENTED_EDGE('',*,*,#17829,.T.);
#17831=EDGE_LOOP('',(#17815,#17816,#17824,#17830));
#17832=FACE_BOUND('',#17831,.T.);
#17833=ADVANCED_FACE('',(#17832),#17814,.F.);
#17834=CARTESIAN_POINT('',(-98.646819067,85.236233172,4.5000254));
#17835=DIRECTION('',(-1.,0.,0.));
#17836=DIRECTION('',(0.,0.,-1.));
#17837=AXIS2_PLACEMENT_3D('',#17834,#17835,#17836);
#17838=PLANE('',#17837);
#17839=ORIENTED_EDGE('',*,*,#5827,.F.);
#17840=ORIENTED_EDGE('',*,*,#17829,.F.);
#17841=CARTESIAN_POINT('',(-98.646819067,85.986233172,4.5000254));
#17842=DIRECTION('',(0.,0.,-1.));
#17843=VECTOR('',#17842,1.5);
#17844=LINE('',#17841,#17843);
#17845=EDGE_CURVE('',#17818,#949,#17844,.T.);
#17846=ORIENTED_EDGE('',*,*,#17845,.T.);
#17847=ORIENTED_EDGE('',*,*,#954,.T.);
#17848=EDGE_LOOP('',(#17839,#17840,#17846,#17847));
#17849=FACE_BOUND('',#17848,.T.);
#17850=ADVANCED_FACE('',(#17849),#17838,.T.);
#17851=CARTESIAN_POINT('',(-93.9801524,85.986233172,1.));
#17852=DIRECTION('',(0.,-1.,0.));
#17853=DIRECTION('',(-1.,0.,0.));
#17854=AXIS2_PLACEMENT_3D('',#17851,#17852,#17853);
#17855=PLANE('',#17854);
#17856=ORIENTED_EDGE('',*,*,#17845,.F.);
#17857=ORIENTED_EDGE('',*,*,#17823,.T.);
#17858=ORIENTED_EDGE('',*,*,#17799,.T.);
#17859=ORIENTED_EDGE('',*,*,#962,.F.);
#17860=EDGE_LOOP('',(#17856,#17857,#17858,#17859));
#17861=FACE_BOUND('',#17860,.T.);
#17862=ADVANCED_FACE('',(#17861),#17855,.T.);
#17863=OVER_RIDING_STYLED_ITEM('',(#5382),#17862,#26);
#17864=CARTESIAN_POINT('',(-112.663503514,103.936271273,4.5000254));
#17865=DIRECTION('',(-1.,0.,0.));
#17866=DIRECTION('',(0.,0.,-1.));
#17867=AXIS2_PLACEMENT_3D('',#17864,#17865,#17866);
#17868=PLANE('',#17867);
#17869=ORIENTED_EDGE('',*,*,#8979,.T.);
#17870=ORIENTED_EDGE('',*,*,#1264,.F.);
#17871=CARTESIAN_POINT('',(-112.663503514,104.686271273,4.5000254));
#17872=VERTEX_POINT('',#17871);
#17873=CARTESIAN_POINT('',(-112.663503514,104.686271273,4.5000254));
#17874=DIRECTION('',(-0.,-0.,-1.));
#17875=VECTOR('',#17874,1.5);
#17876=LINE('',#17873,#17875);
#17877=EDGE_CURVE('',#17872,#1251,#17876,.T.);
#17878=ORIENTED_EDGE('',*,*,#17877,.F.);
#17879=CARTESIAN_POINT('',(-112.663503514,104.686271273,4.5000254));
#17880=DIRECTION('',(0.,-1.,0.));
#17881=VECTOR('',#17880,0.75);
#17882=LINE('',#17879,#17881);
#17883=EDGE_CURVE('',#17872,#5754,#17882,.T.);
#17884=ORIENTED_EDGE('',*,*,#17883,.T.);
#17885=EDGE_LOOP('',(#17869,#17870,#17878,#17884));
#17886=FACE_BOUND('',#17885,.T.);
#17887=ADVANCED_FACE('',(#17886),#17868,.F.);
#17888=CARTESIAN_POINT('',(-107.996836847,103.936271273,4.5000254));
#17889=DIRECTION('',(0.,0.,1.));
#17890=DIRECTION('',(-1.,0.,0.));
#17891=AXIS2_PLACEMENT_3D('',#17888,#17889,#17890);
#17892=PLANE('',#17891);
#17893=ORIENTED_EDGE('',*,*,#5764,.T.);
#17894=ORIENTED_EDGE('',*,*,#17883,.F.);
#17895=CARTESIAN_POINT('',(-107.996836847,104.686271273,4.5000254));
#17896=VERTEX_POINT('',#17895);
#17897=CARTESIAN_POINT('',(-107.996836847,104.686271273,4.5000254));
#17898=DIRECTION('',(-1.,-0.,0.));
#17899=VECTOR('',#17898,4.666666667);
#17900=LINE('',#17897,#17899);
#17901=EDGE_CURVE('',#17896,#17872,#17900,.T.);
#17902=ORIENTED_EDGE('',*,*,#17901,.F.);
#17903=CARTESIAN_POINT('',(-107.996836847,104.686271273,4.5000254));
#17904=DIRECTION('',(-0.,-1.,-0.));
#17905=VECTOR('',#17904,0.75);
#17906=LINE('',#17903,#17905);
#17907=EDGE_CURVE('',#17896,#5722,#17906,.T.);
#17908=ORIENTED_EDGE('',*,*,#17907,.T.);
#17909=EDGE_LOOP('',(#17893,#17894,#17902,#17908));
#17910=FACE_BOUND('',#17909,.T.);
#17911=ADVANCED_FACE('',(#17910),#17892,.F.);
#17912=CARTESIAN_POINT('',(-107.996836847,103.936271273,4.5000254));
#17913=DIRECTION('',(-1.,0.,0.));
#17914=DIRECTION('',(0.,0.,-1.));
#17915=AXIS2_PLACEMENT_3D('',#17912,#17913,#17914);
#17916=PLANE('',#17915);
#17917=ORIENTED_EDGE('',*,*,#5727,.F.);
#17918=ORIENTED_EDGE('',*,*,#17907,.F.);
#17919=CARTESIAN_POINT('',(-107.996836847,104.686271273,4.5000254));
#17920=DIRECTION('',(0.,0.,-1.));
#17921=VECTOR('',#17920,1.5);
#17922=LINE('',#17919,#17921);
#17923=EDGE_CURVE('',#17896,#1243,#17922,.T.);
#17924=ORIENTED_EDGE('',*,*,#17923,.T.);
#17925=ORIENTED_EDGE('',*,*,#1248,.T.);
#17926=EDGE_LOOP('',(#17917,#17918,#17924,#17925));
#17927=FACE_BOUND('',#17926,.T.);
#17928=ADVANCED_FACE('',(#17927),#17916,.T.);
#17929=CARTESIAN_POINT('',(-103.33017018,104.686271273,1.));
#17930=DIRECTION('',(0.,-1.,0.));
#17931=DIRECTION('',(-1.,0.,0.));
#17932=AXIS2_PLACEMENT_3D('',#17929,#17930,#17931);
#17933=PLANE('',#17932);
#17934=ORIENTED_EDGE('',*,*,#17923,.F.);
#17935=ORIENTED_EDGE('',*,*,#17901,.T.);
#17936=ORIENTED_EDGE('',*,*,#17877,.T.);
#17937=ORIENTED_EDGE('',*,*,#1256,.F.);
#17938=EDGE_LOOP('',(#17934,#17935,#17936,#17937));
#17939=FACE_BOUND('',#17938,.T.);
#17940=ADVANCED_FACE('',(#17939),#17933,.T.);
#17941=OVER_RIDING_STYLED_ITEM('',(#5382),#17940,#26);
#17942=CARTESIAN_POINT('',(-140.713559394,82.669227838,4.5000254));
#17943=DIRECTION('',(-1.,0.,0.));
#17944=DIRECTION('',(0.,0.,-1.));
#17945=AXIS2_PLACEMENT_3D('',#17942,#17943,#17944);
#17946=PLANE('',#17945);
#17947=ORIENTED_EDGE('',*,*,#8624,.T.);
#17948=ORIENTED_EDGE('',*,*,#1362,.F.);
#17949=CARTESIAN_POINT('',(-140.713559394,83.419227838,4.5000254));
#17950=VERTEX_POINT('',#17949);
#17951=CARTESIAN_POINT('',(-140.713559394,83.419227838,4.5000254));
#17952=DIRECTION('',(-0.,-0.,-1.));
#17953=VECTOR('',#17952,1.5);
#17954=LINE('',#17951,#17953);
#17955=EDGE_CURVE('',#17950,#1349,#17954,.T.);
#17956=ORIENTED_EDGE('',*,*,#17955,.F.);
#17957=CARTESIAN_POINT('',(-140.713559394,83.419227838,4.5000254));
#17958=DIRECTION('',(0.,-1.,0.));
#17959=VECTOR('',#17958,0.75);
#17960=LINE('',#17957,#17959);
#17961=EDGE_CURVE('',#17950,#5554,#17960,.T.);
#17962=ORIENTED_EDGE('',*,*,#17961,.T.);
#17963=EDGE_LOOP('',(#17947,#17948,#17956,#17962));
#17964=FACE_BOUND('',#17963,.T.);
#17965=ADVANCED_FACE('',(#17964),#17946,.F.);
#17966=CARTESIAN_POINT('',(-136.046892727,82.669227838,4.5000254));
#17967=DIRECTION('',(0.,0.,1.));
#17968=DIRECTION('',(-1.,0.,0.));
#17969=AXIS2_PLACEMENT_3D('',#17966,#17967,#17968);
#17970=PLANE('',#17969);
#17971=ORIENTED_EDGE('',*,*,#5564,.T.);
#17972=ORIENTED_EDGE('',*,*,#17961,.F.);
#17973=CARTESIAN_POINT('',(-136.046892727,83.419227838,4.5000254));
#17974=VERTEX_POINT('',#17973);
#17975=CARTESIAN_POINT('',(-136.046892727,83.419227838,4.5000254));
#17976=DIRECTION('',(-1.,-0.,0.));
#17977=VECTOR('',#17976,4.666666667);
#17978=LINE('',#17975,#17977);
#17979=EDGE_CURVE('',#17974,#17950,#17978,.T.);
#17980=ORIENTED_EDGE('',*,*,#17979,.F.);
#17981=CARTESIAN_POINT('',(-136.046892727,83.419227838,4.5000254));
#17982=DIRECTION('',(-0.,-1.,-0.));
#17983=VECTOR('',#17982,0.75);
#17984=LINE('',#17981,#17983);
#17985=EDGE_CURVE('',#17974,#5522,#17984,.T.);
#17986=ORIENTED_EDGE('',*,*,#17985,.T.);
#17987=EDGE_LOOP('',(#17971,#17972,#17980,#17986));
#17988=FACE_BOUND('',#17987,.T.);
#17989=ADVANCED_FACE('',(#17988),#17970,.F.);
#17990=CARTESIAN_POINT('',(-136.046892727,82.669227838,4.5000254));
#17991=DIRECTION('',(-1.,0.,0.));
#17992=DIRECTION('',(0.,0.,-1.));
#17993=AXIS2_PLACEMENT_3D('',#17990,#17991,#17992);
#17994=PLANE('',#17993);
#17995=ORIENTED_EDGE('',*,*,#5527,.F.);
#17996=ORIENTED_EDGE('',*,*,#17985,.F.);
#17997=CARTESIAN_POINT('',(-136.046892727,83.419227838,4.5000254));
#17998=DIRECTION('',(0.,0.,-1.));
#17999=VECTOR('',#17998,1.5);
#18000=LINE('',#17997,#17999);
#18001=EDGE_CURVE('',#17974,#1341,#18000,.T.);
#18002=ORIENTED_EDGE('',*,*,#18001,.T.);
#18003=ORIENTED_EDGE('',*,*,#1346,.T.);
#18004=EDGE_LOOP('',(#17995,#17996,#18002,#18003));
#18005=FACE_BOUND('',#18004,.T.);
#18006=ADVANCED_FACE('',(#18005),#17994,.T.);
#18007=CARTESIAN_POINT('',(-131.38022606,83.419227838,1.));
#18008=DIRECTION('',(0.,-1.,0.));
#18009=DIRECTION('',(-1.,0.,0.));
#18010=AXIS2_PLACEMENT_3D('',#18007,#18008,#18009);
#18011=PLANE('',#18010);
#18012=ORIENTED_EDGE('',*,*,#18001,.F.);
#18013=ORIENTED_EDGE('',*,*,#17979,.T.);
#18014=ORIENTED_EDGE('',*,*,#17955,.T.);
#18015=ORIENTED_EDGE('',*,*,#1354,.F.);
#18016=EDGE_LOOP('',(#18012,#18013,#18014,#18015));
#18017=FACE_BOUND('',#18016,.T.);
#18018=ADVANCED_FACE('',(#18017),#18011,.T.);
#18019=OVER_RIDING_STYLED_ITEM('',(#5382),#18018,#26);
#18020=CARTESIAN_POINT('',(-140.713559394,63.958188976,4.5000254));
#18021=DIRECTION('',(-1.,0.,0.));
#18022=DIRECTION('',(0.,0.,-1.));
#18023=AXIS2_PLACEMENT_3D('',#18020,#18021,#18022);
#18024=PLANE('',#18023);
#18025=ORIENTED_EDGE('',*,*,#8528,.T.);
#18026=ORIENTED_EDGE('',*,*,#1460,.F.);
#18027=CARTESIAN_POINT('',(-140.713559394,64.708188976,4.5000254));
#18028=VERTEX_POINT('',#18027);
#18029=CARTESIAN_POINT('',(-140.713559394,64.708188976,4.5000254));
#18030=DIRECTION('',(-0.,-0.,-1.));
#18031=VECTOR('',#18030,1.5);
#18032=LINE('',#18029,#18031);
#18033=EDGE_CURVE('',#18028,#1447,#18032,.T.);
#18034=ORIENTED_EDGE('',*,*,#18033,.F.);
#18035=CARTESIAN_POINT('',(-140.713559394,64.708188976,4.5000254));
#18036=DIRECTION('',(0.,-1.,0.));
#18037=VECTOR('',#18036,0.75);
#18038=LINE('',#18035,#18037);
#18039=EDGE_CURVE('',#18028,#5500,#18038,.T.);
#18040=ORIENTED_EDGE('',*,*,#18039,.T.);
#18041=EDGE_LOOP('',(#18025,#18026,#18034,#18040));
#18042=FACE_BOUND('',#18041,.T.);
#18043=ADVANCED_FACE('',(#18042),#18024,.F.);
#18044=CARTESIAN_POINT('',(-136.046892727,63.958188976,4.5000254));
#18045=DIRECTION('',(0.,0.,1.));
#18046=DIRECTION('',(-1.,0.,0.));
#18047=AXIS2_PLACEMENT_3D('',#18044,#18045,#18046);
#18048=PLANE('',#18047);
#18049=ORIENTED_EDGE('',*,*,#5510,.T.);
#18050=ORIENTED_EDGE('',*,*,#18039,.F.);
#18051=CARTESIAN_POINT('',(-136.046892727,64.708188976,4.5000254));
#18052=VERTEX_POINT('',#18051);
#18053=CARTESIAN_POINT('',(-136.046892727,64.708188976,4.5000254));
#18054=DIRECTION('',(-1.,-0.,0.));
#18055=VECTOR('',#18054,4.666666667);
#18056=LINE('',#18053,#18055);
#18057=EDGE_CURVE('',#18052,#18028,#18056,.T.);
#18058=ORIENTED_EDGE('',*,*,#18057,.F.);
#18059=CARTESIAN_POINT('',(-136.046892727,64.708188976,4.5000254));
#18060=DIRECTION('',(-0.,-1.,-0.));
#18061=VECTOR('',#18060,0.75);
#18062=LINE('',#18059,#18061);
#18063=EDGE_CURVE('',#18052,#5468,#18062,.T.);
#18064=ORIENTED_EDGE('',*,*,#18063,.T.);
#18065=EDGE_LOOP('',(#18049,#18050,#18058,#18064));
#18066=FACE_BOUND('',#18065,.T.);
#18067=ADVANCED_FACE('',(#18066),#18048,.F.);
#18068=CARTESIAN_POINT('',(-136.046892727,63.958188976,4.5000254));
#18069=DIRECTION('',(-1.,0.,0.));
#18070=DIRECTION('',(0.,0.,-1.));
#18071=AXIS2_PLACEMENT_3D('',#18068,#18069,#18070);
#18072=PLANE('',#18071);
#18073=ORIENTED_EDGE('',*,*,#5473,.F.);
#18074=ORIENTED_EDGE('',*,*,#18063,.F.);
#18075=CARTESIAN_POINT('',(-136.046892727,64.708188976,4.5000254));
#18076=DIRECTION('',(0.,0.,-1.));
#18077=VECTOR('',#18076,1.5);
#18078=LINE('',#18075,#18077);
#18079=EDGE_CURVE('',#18052,#1439,#18078,.T.);
#18080=ORIENTED_EDGE('',*,*,#18079,.T.);
#18081=ORIENTED_EDGE('',*,*,#1444,.T.);
#18082=EDGE_LOOP('',(#18073,#18074,#18080,#18081));
#18083=FACE_BOUND('',#18082,.T.);
#18084=ADVANCED_FACE('',(#18083),#18072,.T.);
#18085=CARTESIAN_POINT('',(-131.38022606,64.708188976,1.));
#18086=DIRECTION('',(0.,-1.,0.));
#18087=DIRECTION('',(-1.,0.,0.));
#18088=AXIS2_PLACEMENT_3D('',#18085,#18086,#18087);
#18089=PLANE('',#18088);
#18090=ORIENTED_EDGE('',*,*,#18079,.F.);
#18091=ORIENTED_EDGE('',*,*,#18057,.T.);
#18092=ORIENTED_EDGE('',*,*,#18033,.T.);
#18093=ORIENTED_EDGE('',*,*,#1452,.F.);
#18094=EDGE_LOOP('',(#18090,#18091,#18092,#18093));
#18095=FACE_BOUND('',#18094,.T.);
#18096=ADVANCED_FACE('',(#18095),#18089,.T.);
#18097=OVER_RIDING_STYLED_ITEM('',(#5382),#18096,#26);
#18098=CARTESIAN_POINT('',(-140.713559394,45.258150876,4.5000254));
#18099=DIRECTION('',(-1.,0.,0.));
#18100=DIRECTION('',(0.,0.,-1.));
#18101=AXIS2_PLACEMENT_3D('',#18098,#18099,#18100);
#18102=PLANE('',#18101);
#18103=ORIENTED_EDGE('',*,*,#8336,.T.);
#18104=ORIENTED_EDGE('',*,*,#1558,.F.);
#18105=CARTESIAN_POINT('',(-140.713559394,46.008150876,4.5000254));
#18106=VERTEX_POINT('',#18105);
#18107=CARTESIAN_POINT('',(-140.713559394,46.008150876,4.5000254));
#18108=DIRECTION('',(-0.,-0.,-1.));
#18109=VECTOR('',#18108,1.5);
#18110=LINE('',#18107,#18109);
#18111=EDGE_CURVE('',#18106,#1545,#18110,.T.);
#18112=ORIENTED_EDGE('',*,*,#18111,.F.);
#18113=CARTESIAN_POINT('',(-140.713559394,46.008150876,4.5000254));
#18114=DIRECTION('',(0.,-1.,0.));
#18115=VECTOR('',#18114,0.75);
#18116=LINE('',#18113,#18115);
#18117=EDGE_CURVE('',#18106,#5392,#18116,.T.);
#18118=ORIENTED_EDGE('',*,*,#18117,.T.);
#18119=EDGE_LOOP('',(#18103,#18104,#18112,#18118));
#18120=FACE_BOUND('',#18119,.T.);
#18121=ADVANCED_FACE('',(#18120),#18102,.F.);
#18122=CARTESIAN_POINT('',(-136.046892727,45.258150876,4.5000254));
#18123=DIRECTION('',(0.,0.,1.));
#18124=DIRECTION('',(-1.,0.,0.));
#18125=AXIS2_PLACEMENT_3D('',#18122,#18123,#18124);
#18126=PLANE('',#18125);
#18127=ORIENTED_EDGE('',*,*,#5402,.T.);
#18128=ORIENTED_EDGE('',*,*,#18117,.F.);
#18129=CARTESIAN_POINT('',(-136.046892727,46.008150876,4.5000254));
#18130=VERTEX_POINT('',#18129);
#18131=CARTESIAN_POINT('',(-136.046892727,46.008150876,4.5000254));
#18132=DIRECTION('',(-1.,-0.,0.));
#18133=VECTOR('',#18132,4.666666667);
#18134=LINE('',#18131,#18133);
#18135=EDGE_CURVE('',#18130,#18106,#18134,.T.);
#18136=ORIENTED_EDGE('',*,*,#18135,.F.);
#18137=CARTESIAN_POINT('',(-136.046892727,46.008150876,4.5000254));
#18138=DIRECTION('',(-0.,-1.,-0.));
#18139=VECTOR('',#18138,0.75);
#18140=LINE('',#18137,#18139);
#18141=EDGE_CURVE('',#18130,#5353,#18140,.T.);
#18142=ORIENTED_EDGE('',*,*,#18141,.T.);
#18143=EDGE_LOOP('',(#18127,#18128,#18136,#18142));
#18144=FACE_BOUND('',#18143,.T.);
#18145=ADVANCED_FACE('',(#18144),#18126,.F.);
#18146=CARTESIAN_POINT('',(-136.046892727,45.258150876,4.5000254));
#18147=DIRECTION('',(-1.,0.,0.));
#18148=DIRECTION('',(0.,0.,-1.));
#18149=AXIS2_PLACEMENT_3D('',#18146,#18147,#18148);
#18150=PLANE('',#18149);
#18151=ORIENTED_EDGE('',*,*,#5358,.F.);
#18152=ORIENTED_EDGE('',*,*,#18141,.F.);
#18153=CARTESIAN_POINT('',(-136.046892727,46.008150876,4.5000254));
#18154=DIRECTION('',(0.,0.,-1.));
#18155=VECTOR('',#18154,1.5);
#18156=LINE('',#18153,#18155);
#18157=EDGE_CURVE('',#18130,#1537,#18156,.T.);
#18158=ORIENTED_EDGE('',*,*,#18157,.T.);
#18159=ORIENTED_EDGE('',*,*,#1542,.T.);
#18160=EDGE_LOOP('',(#18151,#18152,#18158,#18159));
#18161=FACE_BOUND('',#18160,.T.);
#18162=ADVANCED_FACE('',(#18161),#18150,.T.);
#18163=CARTESIAN_POINT('',(-131.38022606,46.008150876,1.));
#18164=DIRECTION('',(0.,-1.,0.));
#18165=DIRECTION('',(-1.,0.,0.));
#18166=AXIS2_PLACEMENT_3D('',#18163,#18164,#18165);
#18167=PLANE('',#18166);
#18168=ORIENTED_EDGE('',*,*,#18157,.F.);
#18169=ORIENTED_EDGE('',*,*,#18135,.T.);
#18170=ORIENTED_EDGE('',*,*,#18111,.T.);
#18171=ORIENTED_EDGE('',*,*,#1550,.F.);
#18172=EDGE_LOOP('',(#18168,#18169,#18170,#18171));
#18173=FACE_BOUND('',#18172,.T.);
#18174=ADVANCED_FACE('',(#18173),#18167,.T.);
#18175=OVER_RIDING_STYLED_ITEM('',(#5382),#18174,#26);
#18176=CARTESIAN_POINT('',(-140.713559394,26.558115316,4.5000254));
#18177=DIRECTION('',(-1.,0.,0.));
#18178=DIRECTION('',(0.,0.,-1.));
#18179=AXIS2_PLACEMENT_3D('',#18176,#18177,#18178);
#18180=PLANE('',#18179);
#18181=ORIENTED_EDGE('',*,*,#8432,.T.);
#18182=ORIENTED_EDGE('',*,*,#1656,.F.);
#18183=CARTESIAN_POINT('',(-140.713559394,27.308115316,4.5000254));
#18184=VERTEX_POINT('',#18183);
#18185=CARTESIAN_POINT('',(-140.713559394,27.308115316,4.5000254));
#18186=DIRECTION('',(-0.,-0.,-1.));
#18187=VECTOR('',#18186,1.5);
#18188=LINE('',#18185,#18187);
#18189=EDGE_CURVE('',#18184,#1643,#18188,.T.);
#18190=ORIENTED_EDGE('',*,*,#18189,.F.);
#18191=CARTESIAN_POINT('',(-140.713559394,27.308115316,4.5000254));
#18192=DIRECTION('',(0.,-1.,0.));
#18193=VECTOR('',#18192,0.75);
#18194=LINE('',#18191,#18193);
#18195=EDGE_CURVE('',#18184,#5446,#18194,.T.);
#18196=ORIENTED_EDGE('',*,*,#18195,.T.);
#18197=EDGE_LOOP('',(#18181,#18182,#18190,#18196));
#18198=FACE_BOUND('',#18197,.T.);
#18199=ADVANCED_FACE('',(#18198),#18180,.F.);
#18200=CARTESIAN_POINT('',(-136.046892727,26.558115316,4.5000254));
#18201=DIRECTION('',(0.,0.,1.));
#18202=DIRECTION('',(-1.,0.,0.));
#18203=AXIS2_PLACEMENT_3D('',#18200,#18201,#18202);
#18204=PLANE('',#18203);
#18205=ORIENTED_EDGE('',*,*,#5456,.T.);
#18206=ORIENTED_EDGE('',*,*,#18195,.F.);
#18207=CARTESIAN_POINT('',(-136.046892727,27.308115316,4.5000254));
#18208=VERTEX_POINT('',#18207);
#18209=CARTESIAN_POINT('',(-136.046892727,27.308115316,4.5000254));
#18210=DIRECTION('',(-1.,-0.,0.));
#18211=VECTOR('',#18210,4.666666667);
#18212=LINE('',#18209,#18211);
#18213=EDGE_CURVE('',#18208,#18184,#18212,.T.);
#18214=ORIENTED_EDGE('',*,*,#18213,.F.);
#18215=CARTESIAN_POINT('',(-136.046892727,27.308115316,4.5000254));
#18216=DIRECTION('',(-0.,-1.,-0.));
#18217=VECTOR('',#18216,0.75);
#18218=LINE('',#18215,#18217);
#18219=EDGE_CURVE('',#18208,#5414,#18218,.T.);
#18220=ORIENTED_EDGE('',*,*,#18219,.T.);
#18221=EDGE_LOOP('',(#18205,#18206,#18214,#18220));
#18222=FACE_BOUND('',#18221,.T.);
#18223=ADVANCED_FACE('',(#18222),#18204,.F.);
#18224=CARTESIAN_POINT('',(-136.046892727,26.558115316,4.5000254));
#18225=DIRECTION('',(-1.,0.,0.));
#18226=DIRECTION('',(0.,0.,-1.));
#18227=AXIS2_PLACEMENT_3D('',#18224,#18225,#18226);
#18228=PLANE('',#18227);
#18229=ORIENTED_EDGE('',*,*,#5419,.F.);
#18230=ORIENTED_EDGE('',*,*,#18219,.F.);
#18231=CARTESIAN_POINT('',(-136.046892727,27.308115316,4.5000254));
#18232=DIRECTION('',(0.,0.,-1.));
#18233=VECTOR('',#18232,1.5);
#18234=LINE('',#18231,#18233);
#18235=EDGE_CURVE('',#18208,#1635,#18234,.T.);
#18236=ORIENTED_EDGE('',*,*,#18235,.T.);
#18237=ORIENTED_EDGE('',*,*,#1640,.T.);
#18238=EDGE_LOOP('',(#18229,#18230,#18236,#18237));
#18239=FACE_BOUND('',#18238,.T.);
#18240=ADVANCED_FACE('',(#18239),#18228,.T.);
#18241=CARTESIAN_POINT('',(-131.38022606,27.308115316,1.));
#18242=DIRECTION('',(0.,-1.,0.));
#18243=DIRECTION('',(-1.,0.,0.));
#18244=AXIS2_PLACEMENT_3D('',#18241,#18242,#18243);
#18245=PLANE('',#18244);
#18246=ORIENTED_EDGE('',*,*,#18235,.F.);
#18247=ORIENTED_EDGE('',*,*,#18213,.T.);
#18248=ORIENTED_EDGE('',*,*,#18189,.T.);
#18249=ORIENTED_EDGE('',*,*,#1648,.F.);
#18250=EDGE_LOOP('',(#18246,#18247,#18248,#18249));
#18251=FACE_BOUND('',#18250,.T.);
#18252=ADVANCED_FACE('',(#18251),#18245,.T.);
#18253=OVER_RIDING_STYLED_ITEM('',(#5382),#18252,#26);
#18254=CARTESIAN_POINT('',(-65.913409533,80.069222758,4.5000254));
#18255=DIRECTION('',(-1.,0.,0.));
#18256=DIRECTION('',(0.,0.,-1.));
#18257=AXIS2_PLACEMENT_3D('',#18254,#18255,#18256);
#18258=PLANE('',#18257);
#18259=ORIENTED_EDGE('',*,*,#9807,.T.);
#18260=ORIENTED_EDGE('',*,*,#2048,.F.);
#18261=CARTESIAN_POINT('',(-65.913409533,80.819222758,4.5000254));
#18262=VERTEX_POINT('',#18261);
#18263=CARTESIAN_POINT('',(-65.913409533,80.819222758,4.5000254));
#18264=DIRECTION('',(-0.,-0.,-1.));
#18265=VECTOR('',#18264,1.5);
#18266=LINE('',#18263,#18265);
#18267=EDGE_CURVE('',#18262,#2035,#18266,.T.);
#18268=ORIENTED_EDGE('',*,*,#18267,.F.);
#18269=CARTESIAN_POINT('',(-65.913409533,80.819222758,4.5000254));
#18270=DIRECTION('',(0.,-1.,0.));
#18271=VECTOR('',#18270,0.75);
#18272=LINE('',#18269,#18271);
#18273=EDGE_CURVE('',#18262,#6418,#18272,.T.);
#18274=ORIENTED_EDGE('',*,*,#18273,.T.);
#18275=EDGE_LOOP('',(#18259,#18260,#18268,#18274));
#18276=FACE_BOUND('',#18275,.T.);
#18277=ADVANCED_FACE('',(#18276),#18258,.F.);
#18278=CARTESIAN_POINT('',(-61.246742867,80.069222758,4.5000254));
#18279=DIRECTION('',(0.,0.,1.));
#18280=DIRECTION('',(-1.,0.,0.));
#18281=AXIS2_PLACEMENT_3D('',#18278,#18279,#18280);
#18282=PLANE('',#18281);
#18283=ORIENTED_EDGE('',*,*,#6428,.T.);
#18284=ORIENTED_EDGE('',*,*,#18273,.F.);
#18285=CARTESIAN_POINT('',(-61.246742867,80.819222758,4.5000254));
#18286=VERTEX_POINT('',#18285);
#18287=CARTESIAN_POINT('',(-61.246742867,80.819222758,4.5000254));
#18288=DIRECTION('',(-1.,-0.,0.));
#18289=VECTOR('',#18288,4.666666667);
#18290=LINE('',#18287,#18289);
#18291=EDGE_CURVE('',#18286,#18262,#18290,.T.);
#18292=ORIENTED_EDGE('',*,*,#18291,.F.);
#18293=CARTESIAN_POINT('',(-61.246742867,80.819222758,4.5000254));
#18294=DIRECTION('',(-0.,-1.,-0.));
#18295=VECTOR('',#18294,0.75);
#18296=LINE('',#18293,#18295);
#18297=EDGE_CURVE('',#18286,#6386,#18296,.T.);
#18298=ORIENTED_EDGE('',*,*,#18297,.T.);
#18299=EDGE_LOOP('',(#18283,#18284,#18292,#18298));
#18300=FACE_BOUND('',#18299,.T.);
#18301=ADVANCED_FACE('',(#18300),#18282,.F.);
#18302=CARTESIAN_POINT('',(-61.246742867,80.069222758,4.5000254));
#18303=DIRECTION('',(-1.,0.,0.));
#18304=DIRECTION('',(0.,0.,-1.));
#18305=AXIS2_PLACEMENT_3D('',#18302,#18303,#18304);
#18306=PLANE('',#18305);
#18307=ORIENTED_EDGE('',*,*,#6391,.F.);
#18308=ORIENTED_EDGE('',*,*,#18297,.F.);
#18309=CARTESIAN_POINT('',(-61.246742867,80.819222758,4.5000254));
#18310=DIRECTION('',(0.,0.,-1.));
#18311=VECTOR('',#18310,1.5);
#18312=LINE('',#18309,#18311);
#18313=EDGE_CURVE('',#18286,#2027,#18312,.T.);
#18314=ORIENTED_EDGE('',*,*,#18313,.T.);
#18315=ORIENTED_EDGE('',*,*,#2032,.T.);
#18316=EDGE_LOOP('',(#18307,#18308,#18314,#18315));
#18317=FACE_BOUND('',#18316,.T.);
#18318=ADVANCED_FACE('',(#18317),#18306,.T.);
#18319=CARTESIAN_POINT('',(-56.5800762,80.819222758,1.));
#18320=DIRECTION('',(0.,-1.,0.));
#18321=DIRECTION('',(-1.,0.,0.));
#18322=AXIS2_PLACEMENT_3D('',#18319,#18320,#18321);
#18323=PLANE('',#18322);
#18324=ORIENTED_EDGE('',*,*,#18313,.F.);
#18325=ORIENTED_EDGE('',*,*,#18291,.T.);
#18326=ORIENTED_EDGE('',*,*,#18267,.T.);
#18327=ORIENTED_EDGE('',*,*,#2040,.F.);
#18328=EDGE_LOOP('',(#18324,#18325,#18326,#18327));
#18329=FACE_BOUND('',#18328,.T.);
#18330=ADVANCED_FACE('',(#18329),#18323,.T.);
#18331=OVER_RIDING_STYLED_ITEM('',(#5382),#18330,#26);
#18332=CARTESIAN_POINT('',(-56.611199729,98.702260605,4.5000254));
#18333=DIRECTION('',(-1.,0.,0.));
#18334=DIRECTION('',(0.,0.,-1.));
#18335=AXIS2_PLACEMENT_3D('',#18332,#18333,#18334);
#18336=PLANE('',#18335);
#18337=ORIENTED_EDGE('',*,*,#9903,.T.);
#18338=ORIENTED_EDGE('',*,*,#2342,.F.);
#18339=CARTESIAN_POINT('',(-56.611199729,99.452260605,4.5000254));
#18340=VERTEX_POINT('',#18339);
#18341=CARTESIAN_POINT('',(-56.611199729,99.452260605,4.5000254));
#18342=DIRECTION('',(-0.,-0.,-1.));
#18343=VECTOR('',#18342,1.5);
#18344=LINE('',#18341,#18343);
#18345=EDGE_CURVE('',#18340,#2329,#18344,.T.);
#18346=ORIENTED_EDGE('',*,*,#18345,.F.);
#18347=CARTESIAN_POINT('',(-56.611199729,99.452260605,4.5000254));
#18348=DIRECTION('',(0.,-1.,0.));
#18349=VECTOR('',#18348,0.75);
#18350=LINE('',#18347,#18349);
#18351=EDGE_CURVE('',#18340,#6472,#18350,.T.);
#18352=ORIENTED_EDGE('',*,*,#18351,.T.);
#18353=EDGE_LOOP('',(#18337,#18338,#18346,#18352));
#18354=FACE_BOUND('',#18353,.T.);
#18355=ADVANCED_FACE('',(#18354),#18336,.F.);
#18356=CARTESIAN_POINT('',(-51.944533062,98.702260605,4.5000254));
#18357=DIRECTION('',(0.,0.,1.));
#18358=DIRECTION('',(-1.,0.,0.));
#18359=AXIS2_PLACEMENT_3D('',#18356,#18357,#18358);
#18360=PLANE('',#18359);
#18361=ORIENTED_EDGE('',*,*,#6482,.T.);
#18362=ORIENTED_EDGE('',*,*,#18351,.F.);
#18363=CARTESIAN_POINT('',(-51.944533062,99.452260605,4.5000254));
#18364=VERTEX_POINT('',#18363);
#18365=CARTESIAN_POINT('',(-51.944533062,99.452260605,4.5000254));
#18366=DIRECTION('',(-1.,-0.,0.));
#18367=VECTOR('',#18366,4.666666667);
#18368=LINE('',#18365,#18367);
#18369=EDGE_CURVE('',#18364,#18340,#18368,.T.);
#18370=ORIENTED_EDGE('',*,*,#18369,.F.);
#18371=CARTESIAN_POINT('',(-51.944533062,99.452260605,4.5000254));
#18372=DIRECTION('',(-0.,-1.,-0.));
#18373=VECTOR('',#18372,0.75);
#18374=LINE('',#18371,#18373);
#18375=EDGE_CURVE('',#18364,#6440,#18374,.T.);
#18376=ORIENTED_EDGE('',*,*,#18375,.T.);
#18377=EDGE_LOOP('',(#18361,#18362,#18370,#18376));
#18378=FACE_BOUND('',#18377,.T.);
#18379=ADVANCED_FACE('',(#18378),#18360,.F.);
#18380=CARTESIAN_POINT('',(-51.944533062,98.702260605,4.5000254));
#18381=DIRECTION('',(-1.,0.,0.));
#18382=DIRECTION('',(0.,0.,-1.));
#18383=AXIS2_PLACEMENT_3D('',#18380,#18381,#18382);
#18384=PLANE('',#18383);
#18385=ORIENTED_EDGE('',*,*,#6445,.F.);
#18386=ORIENTED_EDGE('',*,*,#18375,.F.);
#18387=CARTESIAN_POINT('',(-51.944533062,99.452260605,4.5000254));
#18388=DIRECTION('',(0.,0.,-1.));
#18389=VECTOR('',#18388,1.5);
#18390=LINE('',#18387,#18389);
#18391=EDGE_CURVE('',#18364,#2321,#18390,.T.);
#18392=ORIENTED_EDGE('',*,*,#18391,.T.);
#18393=ORIENTED_EDGE('',*,*,#2326,.T.);
#18394=EDGE_LOOP('',(#18385,#18386,#18392,#18393));
#18395=FACE_BOUND('',#18394,.T.);
#18396=ADVANCED_FACE('',(#18395),#18384,.T.);
#18397=CARTESIAN_POINT('',(-47.277866396,99.452260605,1.));
#18398=DIRECTION('',(0.,-1.,0.));
#18399=DIRECTION('',(-1.,0.,0.));
#18400=AXIS2_PLACEMENT_3D('',#18397,#18398,#18399);
#18401=PLANE('',#18400);
#18402=ORIENTED_EDGE('',*,*,#18391,.F.);
#18403=ORIENTED_EDGE('',*,*,#18369,.T.);
#18404=ORIENTED_EDGE('',*,*,#18345,.T.);
#18405=ORIENTED_EDGE('',*,*,#2334,.F.);
#18406=EDGE_LOOP('',(#18402,#18403,#18404,#18405));
#18407=FACE_BOUND('',#18406,.T.);
#18408=ADVANCED_FACE('',(#18407),#18401,.T.);
#18409=OVER_RIDING_STYLED_ITEM('',(#5382),#18408,#26);
#18410=CARTESIAN_POINT('',(-32.12622039,17.479591615,4.5000254));
#18411=DIRECTION('',(-0.939692621,0.342020143,0.));
#18412=DIRECTION('',(0.,0.,-1.));
#18413=AXIS2_PLACEMENT_3D('',#18410,#18411,#18412);
#18414=PLANE('',#18413);
#18415=ORIENTED_EDGE('',*,*,#10263,.T.);
#18416=ORIENTED_EDGE('',*,*,#2570,.F.);
#18417=CARTESIAN_POINT('',(-31.869705283,18.184361081,4.5000254));
#18418=VERTEX_POINT('',#18417);
#18419=CARTESIAN_POINT('',(-31.869705283,18.184361081,4.5000254));
#18420=DIRECTION('',(-0.,-0.,-1.));
#18421=VECTOR('',#18420,1.5);
#18422=LINE('',#18419,#18421);
#18423=EDGE_CURVE('',#18418,#2557,#18422,.T.);
#18424=ORIENTED_EDGE('',*,*,#18423,.F.);
#18425=CARTESIAN_POINT('',(-31.869705283,18.184361081,4.5000254));
#18426=DIRECTION('',(-0.342020143,-0.939692621,0.));
#18427=VECTOR('',#18426,0.75);
#18428=LINE('',#18425,#18427);
#18429=EDGE_CURVE('',#18418,#6726,#18428,.T.);
#18430=ORIENTED_EDGE('',*,*,#18429,.T.);
#18431=EDGE_LOOP('',(#18415,#18416,#18424,#18430));
#18432=FACE_BOUND('',#18431,.T.);
#18433=ADVANCED_FACE('',(#18432),#18414,.F.);
#18434=CARTESIAN_POINT('',(-27.74098816,15.883497613,4.5000254));
#18435=DIRECTION('',(0.,0.,1.));
#18436=DIRECTION('',(-0.939692621,0.342020143,0.));
#18437=AXIS2_PLACEMENT_3D('',#18434,#18435,#18436);
#18438=PLANE('',#18437);
#18439=ORIENTED_EDGE('',*,*,#6736,.T.);
#18440=ORIENTED_EDGE('',*,*,#18429,.F.);
#18441=CARTESIAN_POINT('',(-27.484473053,16.588267079,4.5000254));
#18442=VERTEX_POINT('',#18441);
#18443=CARTESIAN_POINT('',(-27.484473053,16.588267079,4.5000254));
#18444=DIRECTION('',(-0.939692621,0.342020143,-0.));
#18445=VECTOR('',#18444,4.666666667);
#18446=LINE('',#18443,#18445);
#18447=EDGE_CURVE('',#18442,#18418,#18446,.T.);
#18448=ORIENTED_EDGE('',*,*,#18447,.F.);
#18449=CARTESIAN_POINT('',(-27.484473053,16.588267079,4.5000254));
#18450=DIRECTION('',(-0.342020143,-0.939692621,-0.));
#18451=VECTOR('',#18450,0.75);
#18452=LINE('',#18449,#18451);
#18453=EDGE_CURVE('',#18442,#6694,#18452,.T.);
#18454=ORIENTED_EDGE('',*,*,#18453,.T.);
#18455=EDGE_LOOP('',(#18439,#18440,#18448,#18454));
#18456=FACE_BOUND('',#18455,.T.);
#18457=ADVANCED_FACE('',(#18456),#18438,.F.);
#18458=CARTESIAN_POINT('',(-27.74098816,15.883497613,4.5000254));
#18459=DIRECTION('',(-0.939692621,0.342020143,0.));
#18460=DIRECTION('',(0.,0.,-1.));
#18461=AXIS2_PLACEMENT_3D('',#18458,#18459,#18460);
#18462=PLANE('',#18461);
#18463=ORIENTED_EDGE('',*,*,#6699,.F.);
#18464=ORIENTED_EDGE('',*,*,#18453,.F.);
#18465=CARTESIAN_POINT('',(-27.484473053,16.588267079,4.5000254));
#18466=DIRECTION('',(0.,0.,-1.));
#18467=VECTOR('',#18466,1.5);
#18468=LINE('',#18465,#18467);
#18469=EDGE_CURVE('',#18442,#2549,#18468,.T.);
#18470=ORIENTED_EDGE('',*,*,#18469,.T.);
#18471=ORIENTED_EDGE('',*,*,#2554,.T.);
#18472=EDGE_LOOP('',(#18463,#18464,#18470,#18471));
#18473=FACE_BOUND('',#18472,.T.);
#18474=ADVANCED_FACE('',(#18473),#18462,.T.);
#18475=CARTESIAN_POINT('',(-23.099240822,14.992173076,1.));
#18476=DIRECTION('',(-0.342020143,-0.939692621,0.));
#18477=DIRECTION('',(-0.939692621,0.342020143,0.));
#18478=AXIS2_PLACEMENT_3D('',#18475,#18476,#18477);
#18479=PLANE('',#18478);
#18480=ORIENTED_EDGE('',*,*,#18469,.F.);
#18481=ORIENTED_EDGE('',*,*,#18447,.T.);
#18482=ORIENTED_EDGE('',*,*,#18423,.T.);
#18483=ORIENTED_EDGE('',*,*,#2562,.F.);
#18484=EDGE_LOOP('',(#18480,#18481,#18482,#18483));
#18485=FACE_BOUND('',#18484,.T.);
#18486=ADVANCED_FACE('',(#18485),#18479,.T.);
#18487=OVER_RIDING_STYLED_ITEM('',(#5382),#18486,#26);
#18488=CARTESIAN_POINT('',(-94.820595952,21.799978045,4.5000254));
#18489=DIRECTION('',(-0.984807753,-0.173648178,0.));
#18490=DIRECTION('',(0.,0.,-1.));
#18491=AXIS2_PLACEMENT_3D('',#18488,#18489,#18490);
#18492=PLANE('',#18491);
#18493=ORIENTED_EDGE('',*,*,#9243,.T.);
#18494=ORIENTED_EDGE('',*,*,#3075,.F.);
#18495=CARTESIAN_POINT('',(-94.950832085,22.53858386,4.5000254));
#18496=VERTEX_POINT('',#18495);
#18497=CARTESIAN_POINT('',(-94.950832085,22.53858386,4.5000254));
#18498=DIRECTION('',(-0.,-0.,-1.));
#18499=VECTOR('',#18498,1.5);
#18500=LINE('',#18497,#18499);
#18501=EDGE_CURVE('',#18496,#3062,#18500,.T.);
#18502=ORIENTED_EDGE('',*,*,#18501,.F.);
#18503=CARTESIAN_POINT('',(-94.950832085,22.53858386,4.5000254));
#18504=DIRECTION('',(0.173648178,-0.984807753,0.));
#18505=VECTOR('',#18504,0.75);
#18506=LINE('',#18503,#18505);
#18507=EDGE_CURVE('',#18496,#5954,#18506,.T.);
#18508=ORIENTED_EDGE('',*,*,#18507,.T.);
#18509=EDGE_LOOP('',(#18493,#18494,#18502,#18508));
#18510=FACE_BOUND('',#18509,.T.);
#18511=ADVANCED_FACE('',(#18510),#18492,.F.);
#18512=CARTESIAN_POINT('',(-90.224826438,22.610336208,4.5000254));
#18513=DIRECTION('',(0.,0.,1.));
#18514=DIRECTION('',(-0.984807753,-0.173648178,0.));
#18515=AXIS2_PLACEMENT_3D('',#18512,#18513,#18514);
#18516=PLANE('',#18515);
#18517=ORIENTED_EDGE('',*,*,#5964,.T.);
#18518=ORIENTED_EDGE('',*,*,#18507,.F.);
#18519=CARTESIAN_POINT('',(-90.355062571,23.348942022,4.5000254));
#18520=VERTEX_POINT('',#18519);
#18521=CARTESIAN_POINT('',(-90.355062571,23.348942022,4.5000254));
#18522=DIRECTION('',(-0.984807753,-0.173648178,-0.));
#18523=VECTOR('',#18522,4.666666667);
#18524=LINE('',#18521,#18523);
#18525=EDGE_CURVE('',#18520,#18496,#18524,.T.);
#18526=ORIENTED_EDGE('',*,*,#18525,.F.);
#18527=CARTESIAN_POINT('',(-90.355062571,23.348942022,4.5000254));
#18528=DIRECTION('',(0.173648178,-0.984807753,-0.));
#18529=VECTOR('',#18528,0.75);
#18530=LINE('',#18527,#18529);
#18531=EDGE_CURVE('',#18520,#5922,#18530,.T.);
#18532=ORIENTED_EDGE('',*,*,#18531,.T.);
#18533=EDGE_LOOP('',(#18517,#18518,#18526,#18532));
#18534=FACE_BOUND('',#18533,.T.);
#18535=ADVANCED_FACE('',(#18534),#18516,.F.);
#18536=CARTESIAN_POINT('',(-90.224826438,22.610336208,4.5000254));
#18537=DIRECTION('',(-0.984807753,-0.173648178,0.));
#18538=DIRECTION('',(0.,0.,-1.));
#18539=AXIS2_PLACEMENT_3D('',#18536,#18537,#18538);
#18540=PLANE('',#18539);
#18541=ORIENTED_EDGE('',*,*,#5927,.F.);
#18542=ORIENTED_EDGE('',*,*,#18531,.F.);
#18543=CARTESIAN_POINT('',(-90.355062571,23.348942022,4.5000254));
#18544=DIRECTION('',(0.,0.,-1.));
#18545=VECTOR('',#18544,1.5);
#18546=LINE('',#18543,#18545);
#18547=EDGE_CURVE('',#18520,#3054,#18546,.T.);
#18548=ORIENTED_EDGE('',*,*,#18547,.T.);
#18549=ORIENTED_EDGE('',*,*,#3059,.T.);
#18550=EDGE_LOOP('',(#18541,#18542,#18548,#18549));
#18551=FACE_BOUND('',#18550,.T.);
#18552=ADVANCED_FACE('',(#18551),#18540,.T.);
#18553=CARTESIAN_POINT('',(-85.759293057,24.159300185,1.));
#18554=DIRECTION('',(0.173648178,-0.984807753,0.));
#18555=DIRECTION('',(-0.984807753,-0.173648178,0.));
#18556=AXIS2_PLACEMENT_3D('',#18553,#18554,#18555);
#18557=PLANE('',#18556);
#18558=ORIENTED_EDGE('',*,*,#18547,.F.);
#18559=ORIENTED_EDGE('',*,*,#18525,.T.);
#18560=ORIENTED_EDGE('',*,*,#18501,.T.);
#18561=ORIENTED_EDGE('',*,*,#3067,.F.);
#18562=EDGE_LOOP('',(#18558,#18559,#18560,#18561));
#18563=FACE_BOUND('',#18562,.T.);
#18564=ADVANCED_FACE('',(#18563),#18557,.T.);
#18565=OVER_RIDING_STYLED_ITEM('',(#5382),#18564,#26);
#18566=CARTESIAN_POINT('',(-93.963465414,103.936271273,4.5000254));
#18567=DIRECTION('',(-1.,0.,0.));
#18568=DIRECTION('',(0.,0.,-1.));
#18569=AXIS2_PLACEMENT_3D('',#18566,#18567,#18568);
#18570=PLANE('',#18569);
#18571=ORIENTED_EDGE('',*,*,#9339,.T.);
#18572=ORIENTED_EDGE('',*,*,#3173,.F.);
#18573=CARTESIAN_POINT('',(-93.963465414,104.686271273,4.5000254));
#18574=VERTEX_POINT('',#18573);
#18575=CARTESIAN_POINT('',(-93.963465414,104.686271273,4.5000254));
#18576=DIRECTION('',(-0.,-0.,-1.));
#18577=VECTOR('',#18576,1.5);
#18578=LINE('',#18575,#18577);
#18579=EDGE_CURVE('',#18574,#3160,#18578,.T.);
#18580=ORIENTED_EDGE('',*,*,#18579,.F.);
#18581=CARTESIAN_POINT('',(-93.963465414,104.686271273,4.5000254));
#18582=DIRECTION('',(0.,-1.,0.));
#18583=VECTOR('',#18582,0.75);
#18584=LINE('',#18581,#18583);
#18585=EDGE_CURVE('',#18574,#6008,#18584,.T.);
#18586=ORIENTED_EDGE('',*,*,#18585,.T.);
#18587=EDGE_LOOP('',(#18571,#18572,#18580,#18586));
#18588=FACE_BOUND('',#18587,.T.);
#18589=ADVANCED_FACE('',(#18588),#18570,.F.);
#18590=CARTESIAN_POINT('',(-89.296798747,103.936271273,4.5000254));
#18591=DIRECTION('',(0.,0.,1.));
#18592=DIRECTION('',(-1.,0.,0.));
#18593=AXIS2_PLACEMENT_3D('',#18590,#18591,#18592);
#18594=PLANE('',#18593);
#18595=ORIENTED_EDGE('',*,*,#6018,.T.);
#18596=ORIENTED_EDGE('',*,*,#18585,.F.);
#18597=CARTESIAN_POINT('',(-89.296798747,104.686271273,4.5000254));
#18598=VERTEX_POINT('',#18597);
#18599=CARTESIAN_POINT('',(-89.296798747,104.686271273,4.5000254));
#18600=DIRECTION('',(-1.,-0.,0.));
#18601=VECTOR('',#18600,4.666666667);
#18602=LINE('',#18599,#18601);
#18603=EDGE_CURVE('',#18598,#18574,#18602,.T.);
#18604=ORIENTED_EDGE('',*,*,#18603,.F.);
#18605=CARTESIAN_POINT('',(-89.296798747,104.686271273,4.5000254));
#18606=DIRECTION('',(-0.,-1.,-0.));
#18607=VECTOR('',#18606,0.75);
#18608=LINE('',#18605,#18607);
#18609=EDGE_CURVE('',#18598,#5976,#18608,.T.);
#18610=ORIENTED_EDGE('',*,*,#18609,.T.);
#18611=EDGE_LOOP('',(#18595,#18596,#18604,#18610));
#18612=FACE_BOUND('',#18611,.T.);
#18613=ADVANCED_FACE('',(#18612),#18594,.F.);
#18614=CARTESIAN_POINT('',(-89.296798747,103.936271273,4.5000254));
#18615=DIRECTION('',(-1.,0.,0.));
#18616=DIRECTION('',(0.,0.,-1.));
#18617=AXIS2_PLACEMENT_3D('',#18614,#18615,#18616);
#18618=PLANE('',#18617);
#18619=ORIENTED_EDGE('',*,*,#5981,.F.);
#18620=ORIENTED_EDGE('',*,*,#18609,.F.);
#18621=CARTESIAN_POINT('',(-89.296798747,104.686271273,4.5000254));
#18622=DIRECTION('',(0.,0.,-1.));
#18623=VECTOR('',#18622,1.5);
#18624=LINE('',#18621,#18623);
#18625=EDGE_CURVE('',#18598,#3152,#18624,.T.);
#18626=ORIENTED_EDGE('',*,*,#18625,.T.);
#18627=ORIENTED_EDGE('',*,*,#3157,.T.);
#18628=EDGE_LOOP('',(#18619,#18620,#18626,#18627));
#18629=FACE_BOUND('',#18628,.T.);
#18630=ADVANCED_FACE('',(#18629),#18618,.T.);
#18631=CARTESIAN_POINT('',(-84.63013208,104.686271273,1.));
#18632=DIRECTION('',(0.,-1.,0.));
#18633=DIRECTION('',(-1.,0.,0.));
#18634=AXIS2_PLACEMENT_3D('',#18631,#18632,#18633);
#18635=PLANE('',#18634);
#18636=ORIENTED_EDGE('',*,*,#18625,.F.);
#18637=ORIENTED_EDGE('',*,*,#18603,.T.);
#18638=ORIENTED_EDGE('',*,*,#18579,.T.);
#18639=ORIENTED_EDGE('',*,*,#3165,.F.);
#18640=EDGE_LOOP('',(#18636,#18637,#18638,#18639));
#18641=FACE_BOUND('',#18640,.T.);
#18642=ADVANCED_FACE('',(#18641),#18635,.T.);
#18643=OVER_RIDING_STYLED_ITEM('',(#5382),#18642,#26);
#18644=CARTESIAN_POINT('',(-52.69245222,22.538863142,4.5000254));
#18645=DIRECTION('',(-0.984807753,0.173648178,0.));
#18646=DIRECTION('',(0.,0.,-1.));
#18647=AXIS2_PLACEMENT_3D('',#18644,#18645,#18646);
#18648=PLANE('',#18647);
#18649=ORIENTED_EDGE('',*,*,#9999,.T.);
#18650=ORIENTED_EDGE('',*,*,#3271,.F.);
#18651=CARTESIAN_POINT('',(-52.562216087,23.277468957,4.5000254));
#18652=VERTEX_POINT('',#18651);
#18653=CARTESIAN_POINT('',(-52.562216087,23.277468957,4.5000254));
#18654=DIRECTION('',(-0.,-0.,-1.));
#18655=VECTOR('',#18654,1.5);
#18656=LINE('',#18653,#18655);
#18657=EDGE_CURVE('',#18652,#3258,#18656,.T.);
#18658=ORIENTED_EDGE('',*,*,#18657,.F.);
#18659=CARTESIAN_POINT('',(-52.562216087,23.277468957,4.5000254));
#18660=DIRECTION('',(-0.173648178,-0.984807753,0.));
#18661=VECTOR('',#18660,0.75);
#18662=LINE('',#18659,#18661);
#18663=EDGE_CURVE('',#18652,#6526,#18662,.T.);
#18664=ORIENTED_EDGE('',*,*,#18663,.T.);
#18665=EDGE_LOOP('',(#18649,#18650,#18658,#18664));
#18666=FACE_BOUND('',#18665,.T.);
#18667=ADVANCED_FACE('',(#18666),#18648,.F.);
#18668=CARTESIAN_POINT('',(-48.096682706,21.72850498,4.5000254));
#18669=DIRECTION('',(0.,0.,1.));
#18670=DIRECTION('',(-0.984807753,0.173648178,0.));
#18671=AXIS2_PLACEMENT_3D('',#18668,#18669,#18670);
#18672=PLANE('',#18671);
#18673=ORIENTED_EDGE('',*,*,#6536,.T.);
#18674=ORIENTED_EDGE('',*,*,#18663,.F.);
#18675=CARTESIAN_POINT('',(-47.966446573,22.467110794,4.5000254));
#18676=VERTEX_POINT('',#18675);
#18677=CARTESIAN_POINT('',(-47.966446573,22.467110794,4.5000254));
#18678=DIRECTION('',(-0.984807753,0.173648178,-0.));
#18679=VECTOR('',#18678,4.666666667);
#18680=LINE('',#18677,#18679);
#18681=EDGE_CURVE('',#18676,#18652,#18680,.T.);
#18682=ORIENTED_EDGE('',*,*,#18681,.F.);
#18683=CARTESIAN_POINT('',(-47.966446573,22.467110794,4.5000254));
#18684=DIRECTION('',(-0.173648178,-0.984807753,-0.));
#18685=VECTOR('',#18684,0.75);
#18686=LINE('',#18683,#18685);
#18687=EDGE_CURVE('',#18676,#6494,#18686,.T.);
#18688=ORIENTED_EDGE('',*,*,#18687,.T.);
#18689=EDGE_LOOP('',(#18673,#18674,#18682,#18688));
#18690=FACE_BOUND('',#18689,.T.);
#18691=ADVANCED_FACE('',(#18690),#18672,.F.);
#18692=CARTESIAN_POINT('',(-48.096682706,21.72850498,4.5000254));
#18693=DIRECTION('',(-0.984807753,0.173648178,0.));
#18694=DIRECTION('',(0.,0.,-1.));
#18695=AXIS2_PLACEMENT_3D('',#18692,#18693,#18694);
#18696=PLANE('',#18695);
#18697=ORIENTED_EDGE('',*,*,#6499,.F.);
#18698=ORIENTED_EDGE('',*,*,#18687,.F.);
#18699=CARTESIAN_POINT('',(-47.966446573,22.467110794,4.5000254));
#18700=DIRECTION('',(0.,0.,-1.));
#18701=VECTOR('',#18700,1.5);
#18702=LINE('',#18699,#18701);
#18703=EDGE_CURVE('',#18676,#3250,#18702,.T.);
#18704=ORIENTED_EDGE('',*,*,#18703,.T.);
#18705=ORIENTED_EDGE('',*,*,#3255,.T.);
#18706=EDGE_LOOP('',(#18697,#18698,#18704,#18705));
#18707=FACE_BOUND('',#18706,.T.);
#18708=ADVANCED_FACE('',(#18707),#18696,.T.);
#18709=CARTESIAN_POINT('',(-43.370677059,21.656752632,1.));
#18710=DIRECTION('',(-0.173648178,-0.984807753,0.));
#18711=DIRECTION('',(-0.984807753,0.173648178,0.));
#18712=AXIS2_PLACEMENT_3D('',#18709,#18710,#18711);
#18713=PLANE('',#18712);
#18714=ORIENTED_EDGE('',*,*,#18703,.F.);
#18715=ORIENTED_EDGE('',*,*,#18681,.T.);
#18716=ORIENTED_EDGE('',*,*,#18657,.T.);
#18717=ORIENTED_EDGE('',*,*,#3263,.F.);
#18718=EDGE_LOOP('',(#18714,#18715,#18716,#18717));
#18719=FACE_BOUND('',#18718,.T.);
#18720=ADVANCED_FACE('',(#18719),#18713,.T.);
#18721=OVER_RIDING_STYLED_ITEM('',(#5382),#18720,#26);
#18722=CARTESIAN_POINT('',(-75.31142833,101.369265939,4.5000254));
#18723=DIRECTION('',(-1.,0.,0.));
#18724=DIRECTION('',(0.,0.,-1.));
#18725=AXIS2_PLACEMENT_3D('',#18722,#18723,#18724);
#18726=PLANE('',#18725);
#18727=ORIENTED_EDGE('',*,*,#9603,.T.);
#18728=ORIENTED_EDGE('',*,*,#3369,.F.);
#18729=CARTESIAN_POINT('',(-75.31142833,102.119265939,4.5000254));
#18730=VERTEX_POINT('',#18729);
#18731=CARTESIAN_POINT('',(-75.31142833,102.119265939,4.5000254));
#18732=DIRECTION('',(-0.,-0.,-1.));
#18733=VECTOR('',#18732,1.5);
#18734=LINE('',#18731,#18733);
#18735=EDGE_CURVE('',#18730,#3356,#18734,.T.);
#18736=ORIENTED_EDGE('',*,*,#18735,.F.);
#18737=CARTESIAN_POINT('',(-75.31142833,102.119265939,4.5000254));
#18738=DIRECTION('',(0.,-1.,0.));
#18739=VECTOR('',#18738,0.75);
#18740=LINE('',#18737,#18739);
#18741=EDGE_CURVE('',#18730,#6226,#18740,.T.);
#18742=ORIENTED_EDGE('',*,*,#18741,.T.);
#18743=EDGE_LOOP('',(#18727,#18728,#18736,#18742));
#18744=FACE_BOUND('',#18743,.T.);
#18745=ADVANCED_FACE('',(#18744),#18726,.F.);
#18746=CARTESIAN_POINT('',(-70.644761663,101.369265939,4.5000254));
#18747=DIRECTION('',(0.,0.,1.));
#18748=DIRECTION('',(-1.,0.,0.));
#18749=AXIS2_PLACEMENT_3D('',#18746,#18747,#18748);
#18750=PLANE('',#18749);
#18751=ORIENTED_EDGE('',*,*,#6236,.T.);
#18752=ORIENTED_EDGE('',*,*,#18741,.F.);
#18753=CARTESIAN_POINT('',(-70.644761663,102.119265939,4.5000254));
#18754=VERTEX_POINT('',#18753);
#18755=CARTESIAN_POINT('',(-70.644761663,102.119265939,4.5000254));
#18756=DIRECTION('',(-1.,-0.,0.));
#18757=VECTOR('',#18756,4.666666667);
#18758=LINE('',#18755,#18757);
#18759=EDGE_CURVE('',#18754,#18730,#18758,.T.);
#18760=ORIENTED_EDGE('',*,*,#18759,.F.);
#18761=CARTESIAN_POINT('',(-70.644761663,102.119265939,4.5000254));
#18762=DIRECTION('',(-0.,-1.,-0.));
#18763=VECTOR('',#18762,0.75);
#18764=LINE('',#18761,#18763);
#18765=EDGE_CURVE('',#18754,#6194,#18764,.T.);
#18766=ORIENTED_EDGE('',*,*,#18765,.T.);
#18767=EDGE_LOOP('',(#18751,#18752,#18760,#18766));
#18768=FACE_BOUND('',#18767,.T.);
#18769=ADVANCED_FACE('',(#18768),#18750,.F.);
#18770=CARTESIAN_POINT('',(-70.644761663,101.369265939,4.5000254));
#18771=DIRECTION('',(-1.,0.,0.));
#18772=DIRECTION('',(0.,0.,-1.));
#18773=AXIS2_PLACEMENT_3D('',#18770,#18771,#18772);
#18774=PLANE('',#18773);
#18775=ORIENTED_EDGE('',*,*,#6199,.F.);
#18776=ORIENTED_EDGE('',*,*,#18765,.F.);
#18777=CARTESIAN_POINT('',(-70.644761663,102.119265939,4.5000254));
#18778=DIRECTION('',(0.,0.,-1.));
#18779=VECTOR('',#18778,1.5);
#18780=LINE('',#18777,#18779);
#18781=EDGE_CURVE('',#18754,#3348,#18780,.T.);
#18782=ORIENTED_EDGE('',*,*,#18781,.T.);
#18783=ORIENTED_EDGE('',*,*,#3353,.T.);
#18784=EDGE_LOOP('',(#18775,#18776,#18782,#18783));
#18785=FACE_BOUND('',#18784,.T.);
#18786=ADVANCED_FACE('',(#18785),#18774,.T.);
#18787=CARTESIAN_POINT('',(-65.978094996,102.119265939,1.));
#18788=DIRECTION('',(0.,-1.,0.));
#18789=DIRECTION('',(-1.,0.,0.));
#18790=AXIS2_PLACEMENT_3D('',#18787,#18788,#18789);
#18791=PLANE('',#18790);
#18792=ORIENTED_EDGE('',*,*,#18781,.F.);
#18793=ORIENTED_EDGE('',*,*,#18759,.T.);
#18794=ORIENTED_EDGE('',*,*,#18735,.T.);
#18795=ORIENTED_EDGE('',*,*,#3361,.F.);
#18796=EDGE_LOOP('',(#18792,#18793,#18794,#18795));
#18797=FACE_BOUND('',#18796,.T.);
#18798=ADVANCED_FACE('',(#18797),#18791,.T.);
#18799=OVER_RIDING_STYLED_ITEM('',(#5382),#18798,#26);
#18800=CARTESIAN_POINT('',(-84.613447634,82.669227838,4.5000254));
#18801=DIRECTION('',(-1.,0.,0.));
#18802=DIRECTION('',(0.,0.,-1.));
#18803=AXIS2_PLACEMENT_3D('',#18800,#18801,#18802);
#18804=PLANE('',#18803);
#18805=ORIENTED_EDGE('',*,*,#9507,.T.);
#18806=ORIENTED_EDGE('',*,*,#3467,.F.);
#18807=CARTESIAN_POINT('',(-84.613447634,83.419227838,4.5000254));
#18808=VERTEX_POINT('',#18807);
#18809=CARTESIAN_POINT('',(-84.613447634,83.419227838,4.5000254));
#18810=DIRECTION('',(-0.,-0.,-1.));
#18811=VECTOR('',#18810,1.5);
#18812=LINE('',#18809,#18811);
#18813=EDGE_CURVE('',#18808,#3454,#18812,.T.);
#18814=ORIENTED_EDGE('',*,*,#18813,.F.);
#18815=CARTESIAN_POINT('',(-84.613447634,83.419227838,4.5000254));
#18816=DIRECTION('',(0.,-1.,0.));
#18817=VECTOR('',#18816,0.75);
#18818=LINE('',#18815,#18817);
#18819=EDGE_CURVE('',#18808,#6172,#18818,.T.);
#18820=ORIENTED_EDGE('',*,*,#18819,.T.);
#18821=EDGE_LOOP('',(#18805,#18806,#18814,#18820));
#18822=FACE_BOUND('',#18821,.T.);
#18823=ADVANCED_FACE('',(#18822),#18804,.F.);
#18824=CARTESIAN_POINT('',(-79.946780967,82.669227838,4.5000254));
#18825=DIRECTION('',(0.,0.,1.));
#18826=DIRECTION('',(-1.,0.,0.));
#18827=AXIS2_PLACEMENT_3D('',#18824,#18825,#18826);
#18828=PLANE('',#18827);
#18829=ORIENTED_EDGE('',*,*,#6182,.T.);
#18830=ORIENTED_EDGE('',*,*,#18819,.F.);
#18831=CARTESIAN_POINT('',(-79.946780967,83.419227838,4.5000254));
#18832=VERTEX_POINT('',#18831);
#18833=CARTESIAN_POINT('',(-79.946780967,83.419227838,4.5000254));
#18834=DIRECTION('',(-1.,-0.,0.));
#18835=VECTOR('',#18834,4.666666667);
#18836=LINE('',#18833,#18835);
#18837=EDGE_CURVE('',#18832,#18808,#18836,.T.);
#18838=ORIENTED_EDGE('',*,*,#18837,.F.);
#18839=CARTESIAN_POINT('',(-79.946780967,83.419227838,4.5000254));
#18840=DIRECTION('',(-0.,-1.,-0.));
#18841=VECTOR('',#18840,0.75);
#18842=LINE('',#18839,#18841);
#18843=EDGE_CURVE('',#18832,#6140,#18842,.T.);
#18844=ORIENTED_EDGE('',*,*,#18843,.T.);
#18845=EDGE_LOOP('',(#18829,#18830,#18838,#18844));
#18846=FACE_BOUND('',#18845,.T.);
#18847=ADVANCED_FACE('',(#18846),#18828,.F.);
#18848=CARTESIAN_POINT('',(-79.946780967,82.669227838,4.5000254));
#18849=DIRECTION('',(-1.,0.,0.));
#18850=DIRECTION('',(0.,0.,-1.));
#18851=AXIS2_PLACEMENT_3D('',#18848,#18849,#18850);
#18852=PLANE('',#18851);
#18853=ORIENTED_EDGE('',*,*,#6145,.F.);
#18854=ORIENTED_EDGE('',*,*,#18843,.F.);
#18855=CARTESIAN_POINT('',(-79.946780967,83.419227838,4.5000254));
#18856=DIRECTION('',(0.,0.,-1.));
#18857=VECTOR('',#18856,1.5);
#18858=LINE('',#18855,#18857);
#18859=EDGE_CURVE('',#18832,#3446,#18858,.T.);
#18860=ORIENTED_EDGE('',*,*,#18859,.T.);
#18861=ORIENTED_EDGE('',*,*,#3451,.T.);
#18862=EDGE_LOOP('',(#18853,#18854,#18860,#18861));
#18863=FACE_BOUND('',#18862,.T.);
#18864=ADVANCED_FACE('',(#18863),#18852,.T.);
#18865=CARTESIAN_POINT('',(-75.2801143,83.419227838,1.));
#18866=DIRECTION('',(0.,-1.,0.));
#18867=DIRECTION('',(-1.,0.,0.));
#18868=AXIS2_PLACEMENT_3D('',#18865,#18866,#18867);
#18869=PLANE('',#18868);
#18870=ORIENTED_EDGE('',*,*,#18859,.F.);
#18871=ORIENTED_EDGE('',*,*,#18837,.T.);
#18872=ORIENTED_EDGE('',*,*,#18813,.T.);
#18873=ORIENTED_EDGE('',*,*,#3459,.F.);
#18874=EDGE_LOOP('',(#18870,#18871,#18872,#18873));
#18875=FACE_BOUND('',#18874,.T.);
#18876=ADVANCED_FACE('',(#18875),#18869,.T.);
#18877=OVER_RIDING_STYLED_ITEM('',(#5382),#18876,#26);
#18878=CARTESIAN_POINT('',(-75.812378673,46.111852986,11.674679014));
#18879=DIRECTION('',(0.,-0.92889216,0.370350315));
#18880=DIRECTION('',(0.,-0.370350315,-0.92889216));
#18881=AXIS2_PLACEMENT_3D('',#18878,#18879,#18880);
#18882=PLANE('',#18881);
#18883=ORIENTED_EDGE('',*,*,#8167,.F.);
#18884=ORIENTED_EDGE('',*,*,#7313,.T.);
#18885=ORIENTED_EDGE('',*,*,#8127,.T.);
#18886=ORIENTED_EDGE('',*,*,#12282,.F.);
#18887=EDGE_LOOP('',(#18883,#18884,#18885,#18886));
#18888=FACE_BOUND('',#18887,.T.);
#18889=ADVANCED_FACE('',(#18888),#18882,.F.);
#18890=CARTESIAN_POINT('',(-26.98606235,-1.524564781,0.642373652));
#18891=DIRECTION('',(0.,0.,1.));
#18892=DIRECTION('',(0.,-1.,0.));
#18893=AXIS2_PLACEMENT_3D('',#18890,#18891,#18892);
#18894=CYLINDRICAL_SURFACE('',#18893,0.85);
#18895=ORIENTED_EDGE('',*,*,#11469,.F.);
#18896=ORIENTED_EDGE('',*,*,#4785,.T.);
#18897=ORIENTED_EDGE('',*,*,#10829,.T.);
#18898=CARTESIAN_POINT('',(-26.98606235,-1.524564781,3.2000254));
#18899=DIRECTION('',(-0.,0.,1.));
#18900=DIRECTION('',(0.,1.,-0.));
#18901=AXIS2_PLACEMENT_3D('',#18898,#18899,#18900);
#18902=CIRCLE('',#18901,0.85);
#18903=EDGE_CURVE('',#10818,#11464,#18902,.T.);
#18904=ORIENTED_EDGE('',*,*,#18903,.T.);
#18905=EDGE_LOOP('',(#18895,#18896,#18897,#18904));
#18906=FACE_BOUND('',#18905,.T.);
#18907=ADVANCED_FACE('',(#18906),#18894,.T.);
#18908=CARTESIAN_POINT('',(-19.258123101,13.860165003,1.));
#18909=DIRECTION('',(-0.,-0.,-1.));
#18910=DIRECTION('',(0.,1.,-0.));
#18911=AXIS2_PLACEMENT_3D('',#18908,#18909,#18910);
#18912=CYLINDRICAL_SURFACE('',#18911,1.15);
#18913=ORIENTED_EDGE('',*,*,#11494,.T.);
#18914=ORIENTED_EDGE('',*,*,#4811,.F.);
#18915=ORIENTED_EDGE('',*,*,#11452,.T.);
#18916=ORIENTED_EDGE('',*,*,#13132,.T.);
#18917=ORIENTED_EDGE('',*,*,#13109,.T.);
#18918=EDGE_LOOP('',(#18913,#18914,#18915,#18916,#18917));
#18919=FACE_BOUND('',#18918,.T.);
#18920=ADVANCED_FACE('',(#18919),#18912,.F.);
#18921=CARTESIAN_POINT('',(-26.98606235,-1.524564781,3.0000254));
#18922=DIRECTION('',(0.,0.,1.));
#18923=DIRECTION('',(0.,-1.,0.));
#18924=AXIS2_PLACEMENT_3D('',#18921,#18922,#18923);
#18925=CONICAL_SURFACE('',#18924,0.65,45.);
#18926=ORIENTED_EDGE('',*,*,#13170,.F.);
#18927=ORIENTED_EDGE('',*,*,#18903,.F.);
#18928=ORIENTED_EDGE('',*,*,#13187,.F.);
#18929=ORIENTED_EDGE('',*,*,#3000,.F.);
#18930=EDGE_LOOP('',(#18926,#18927,#18928,#18929));
#18931=FACE_BOUND('',#18930,.T.);
#18932=ADVANCED_FACE('',(#18931),#18925,.T.);
#18933=CLOSED_SHELL('',(#66,#136,#215,#312,#3599,#5346,#5375,#5406,#5436,#5460,#5490,#5514,#5544,#5568,#5614,#5660,#5690,#5714,#5744,#5768,#5814,#5844,#5868,#5914,#5944,#5968,
#5998,#6022,#6068,#6086,#6132,#6162,#6186,#6216,#6240,#6286,#6332,#6378,#6408,#6432,#6462,#6486,#6516,#6540,#6586,#6632,#6662,#6686,#6716,#6740,#6770,
#6793,#6824,#6855,#6877,#6889,#6912,#6929,#6961,#6993,#7048,#7090,#7132,#7180,#7219,#7259,#7299,#7434,#7481,#7522,#7628,#7696,#7764,#7832,#7900,#7961,
#8115,#8154,#8180,#8211,#8242,#8273,#8295,#8317,#8340,#8358,#8399,#8412,#8436,#8454,#8495,#8508,#8532,#8550,#8591,#8604,#8628,#8646,#8687,#8700,#8719,
#8737,#8778,#8791,#8809,#8827,#8845,#8863,#8887,#8905,#8946,#8959,#8983,#9001,#9042,#9055,#9073,#9091,#9115,#9133,#9174,#9187,#9205,#9223,#9247,#9265,
#9306,#9319,#9343,#9361,#9402,#9415,#9433,#9451,#9469,#9487,#9511,#9529,#9570,#9583,#9607,#9625,#9666,#9679,#9697,#9715,#9733,#9751,#9769,#9787,#9811,
#9829,#9870,#9883,#9907,#9925,#9966,#9979,#10003,#10021,#10062,#10075,#10093,#10111,#10129,#10147,#10171,#10189,#10230,#10243,#10267,#10285,#10326,#10339,#10371,#10393,
#10433,#10473,#10513,#10553,#10565,#10577,#10599,#10639,#10651,#10669,#10681,#10703,#10725,#10764,#10795,#10834,#10858,#10889,#10920,#10951,#10982,#11013,#11044,#11075,#11106,
#11137,#11161,#11179,#11197,#11239,#11264,#11282,#11300,#11318,#11336,#11354,#11372,#11390,#11408,#11426,#11457,#11482,#11507,#11525,#11543,#11592,#11643,#11663,#11680,#11707,
#11729,#11741,#11758,#11785,#11807,#11819,#11831,#11843,#11876,#11929,#11970,#11994,#12019,#12037,#12057,#12090,#12143,#12184,#12225,#12242,#12259,#12271,#12290,#12302,#12314,
#12350,#12364,#12400,#12414,#12452,#12464,#12502,#12514,#12577,#12604,#12674,#12716,#12733,#12750,#12762,#12795,#12842,#12884,#12921,#12938,#12955,#12967,#12984,#13009,#13026,
#13043,#13060,#13077,#13094,#13120,#13143,#13160,#13177,#13199,#13216,#13233,#13250,#13269,#13286,#13305,#13322,#13339,#13356,#13373,#13391,#13408,#13434,#13451,#13468,#13485,
#13502,#13519,#13536,#13553,#13570,#13587,#13604,#13621,#13638,#13655,#13667,#13684,#13701,#13718,#13730,#13748,#13765,#13778,#13809,#13826,#13843,#13855,#13886,#13908,#13920,
#13932,#13963,#13980,#13997,#14010,#14041,#14063,#14075,#14087,#14111,#14135,#14152,#14164,#14189,#14213,#14230,#14242,#14274,#14296,#14308,#14320,#14351,#14373,#14385,#14397,
#14428,#14450,#14462,#14474,#14498,#14522,#14539,#14551,#14576,#14600,#14617,#14629,#14654,#14678,#14695,#14707,#14739,#14761,#14773,#14785,#14816,#14838,#14850,#14862,#14886,
#14910,#14927,#14939,#14957,#15003,#15035,#15052,#15069,#15081,#15093,#15106,#15131,#15155,#15172,#15184,#15216,#15238,#15250,#15262,#15293,#15315,#15327,#15339,#15363,#15387,
#15404,#15416,#15448,#15470,#15482,#15494,#15518,#15542,#15559,#15571,#15603,#15625,#15637,#15649,#15680,#15702,#15714,#15726,#15750,#15774,#15791,#15803,#15828,#15852,#15869,
#15881,#15913,#15935,#15947,#15959,#15990,#16012,#16024,#16036,#16067,#16089,#16101,#16113,#16144,#16166,#16178,#16190,#16230,#16252,#16274,#16286,#16302,#16343,#16365,#16387,
#16399,#16415,#16456,#16478,#16500,#16512,#16528,#16569,#16591,#16613,#16625,#16641,#16682,#16704,#16726,#16738,#16754,#16795,#16817,#16839,#16851,#16867,#16908,#16930,#16952,
#16964,#16980,#17021,#17043,#17065,#17077,#17093,#17134,#17156,#17178,#17190,#17206,#17247,#17269,#17298,#17311,#17323,#17363,#17385,#17407,#17419,#17437,#17478,#17500,#17522,
#17534,#17550,#17575,#17599,#17616,#17628,#17653,#17677,#17694,#17706,#17731,#17755,#17772,#17784,#17809,#17833,#17850,#17862,#17887,#17911,#17928,#17940,#17965,#17989,#18006,
#18018,#18043,#18067,#18084,#18096,#18121,#18145,#18162,#18174,#18199,#18223,#18240,#18252,#18277,#18301,#18318,#18330,#18355,#18379,#18396,#18408,#18433,#18457,#18474,#18486,
#18511,#18535,#18552,#18564,#18589,#18613,#18630,#18642,#18667,#18691,#18708,#18720,#18745,#18769,#18786,#18798,#18823,#18847,#18864,#18876,#18889,#18907,#18920,#18932));
#18934=MANIFOLD_SOLID_BREP('GB top.001',#18933);
#26=STYLED_ITEM('',(),#18934);
#16=SHAPE_REPRESENTATION('root',(#15),#10);
#17=ADVANCED_BREP_SHAPE_REPRESENTATION('root',(#18934),#10);
#18942=SHAPE_REPRESENTATION_RELATIONSHIP('','',#16,#17);
#18943=APPLICATION_CONTEXT('configuration controlled 3D design of mechanical parts and assemblies');
#18944=APPLICATION_PROTOCOL_DEFINITION('international standard','configuration_control_3d_design_ed2_mim',2004,#18943);
#18945=PRODUCT_CONTEXT('',#18943,'mechanical');
#18946=PRODUCT_DEFINITION_CONTEXT('part definition',#18943,'design');
#24=PRODUCT('root','root','',(#18945));
#18947=PRODUCT_RELATED_PRODUCT_CATEGORY('part','',(#24));
#18948=PRODUCT_DEFINITION_FORMATION_WITH_SPECIFIED_SOURCE('','',#24,.NOT_KNOWN.);
#25=PRODUCT_DEFINITION('design','',#18948,#18946);
#23=PRODUCT_DEFINITION_SHAPE('','',#25);
#18949=SHAPE_DEFINITION_REPRESENTATION(#23,#16);
#11=DRAUGHTING_MODEL('',(),#10);
#1=MECHANICAL_DESIGN_GEOMETRIC_PRESENTATION_REPRESENTATION('',(#5383,#5407,#5437,#5461,#5491,#5515,#5545,#5569,#5615,#5661,#5691,#5715,#5745,#5769,#5815,#5845,#5869,#5915,#5945,#5969,#5999,#6023,#6069,#6087,#6133,#6163,
#6187,#6217,#6241,#6287,#6333,#6379,#6409,#6433,#6463,#6487,#6517,#6541,#6587,#6633,#6663,#6687,#6717,#6741,#6890,#6913,#6930,#8341,#8359,#8400,#8413,
#8437,#8455,#8496,#8509,#8533,#8551,#8592,#8605,#8629,#8647,#8688,#8701,#8720,#8738,#8779,#8792,#8810,#8828,#8846,#8864,#8888,#8906,#8947,#8960,#8984,
#9002,#9043,#9056,#9074,#9092,#9116,#9134,#9175,#9188,#9206,#9224,#9248,#9266,#9307,#9320,#9344,#9362,#9403,#9416,#9434,#9452,#9470,#9488,#9512,#9530,
#9571,#9584,#9608,#9626,#9667,#9680,#9698,#9716,#9734,#9752,#9770,#9788,#9812,#9830,#9871,#9884,#9908,#9926,#9967,#9980,#10004,#10022,#10063,#10076,#10094,
#10112,#10130,#10148,#10172,#10190,#10231,#10244,#10268,#10286,#10327,#10340,#14165,#14243,#14552,#14630,#14708,#14940,#14958,#15004,#15094,#15107,#15185,#15417,#15572,#15804,
#15882,#16303,#16416,#16529,#16642,#16755,#16868,#16981,#17094,#17207,#17270,#17299,#17438,#17551,#17629,#17707,#17785,#17863,#17941,#18019,#18097,#18175,#18253,#18331,#18409,
#18487,#18565,#18643,#18721,#18799,#18877,#26),#10);
ENDSEC;
END-ISO-10303-21;
